tconst,tmdb_title,tmdb_directors,tmdb_writers,wikidata_title,wikidata_directors,wikidata_writers,cinemeta_title,cinemeta_directors,cinemeta_writers,letterboxd_title,letterboxd_directors,letterboxd_writers
tt0001993,\N,\N,\N,\N,camille de morlhon,abel gance,l'lectrocut,camille de morlhon,abel gance,\N,\N,\N
tt0002735,\N,\N,\N,the cameo,maurice tourneur,\N,le came,maurice tourneur,\N,\N,\N,\N
tt0003227,the unknown woman,mauritz stiller,hugo von hofmannsthal; mauritz stiller,"the girl from abroad; or, the great underworld",mauritz stiller,mauritz stiller,"the girl from abroad; or, the great underworld",mauritz stiller,hugo von hofmannsthal novel; mauritz stiller,the unknown woman,mauritz stiller,hugo von hofmannsthal; mauritz stiller
tt0003324,a regiment of two,george d baker; ralph ince,anthony e wills,a regiment of two,george d baker; ralph ince,\N,a regiment of two,george d baker; ralph ince,anthony e wills,a regiment of two,george d baker; ralph ince,anthony e wills
tt0003632,dear eva,robert wiene,\N,frau eva,artur berger; robert wiene,artur berger; robert wiene,arme eva,robert wiene,\N,dear eva,robert wiene,\N
tt0003887,\N,\N,\N,\N,\N,\N,entre ruinas,alberto marro; ricardo de baos,pedro giralt y alemany play,\N,\N,\N
tt0004435,the opened shutters,otis turner,\N,the opened shutters,otis turner,\N,the opened shutters,otis turner,clara louise burnham novel; lois weber adaptation,the opened shutters,otis turner,lois weber
tt0004493,the pride of jennico,j searle dawley,abby sage richardson; grace livingston furniss,the pride of jennico,j searle dawley,\N,the pride of jennico,j searle dawley,abby sage richardson novel; grace livingston furniss novel,the pride of jennico,j searle dawley,abby sage richardson; grace livingston furniss
tt0004519,\N,\N,\N,\N,\N,\N,the red flame of passion,\N,\N,\N,\N,\N
tt0004831,\N,\N,\N,\N,\N,\N,a woman who did,\N,\N,\N,\N,\N
tt0004926,\N,\N,\N,\N,\N,\N,authentic european war,\N,\N,\N,\N,\N
tt0004942,the battle cry of peace,j stuart blackton; wilfrid north,j stuart blackton,the battle cry of peace,j stuart blackton; wilfrid north,j stuart blackton,the battle cry of peace,j stuart blackton; wilfrid north,hudson maxim book; j stuart blackton,the battle cry of peace,j stuart blackton; wilfrid north,j stuart blackton
tt0004950,the beachcomber,phil rosen,\N,the beachcomber,phil rosen,\N,the beachcomber,phil rosen,hobart bosworth story,the beachcomber,phil rosen,\N
tt0005041,\N,\N,\N,the butterfly on the wheel,maurice tourneur,edward hemmerde,a butterfly on the wheel,maurice tourneur,e magnus ingleton; edward hemmerde play; francis neilson play,\N,\N,\N
tt0005172,the darkening trail,william s hart,c gardner sullivan,the darkening trail,william s hart,c gardner sullivan,the darkening trail,william s hart,c gardner sullivan story,the darkening trail,william s hart,\N
tt0005689,the majesty of the law,julia crawford ivers,julia crawford ivers,the majesty of the law,julia crawford ivers,\N,the majesty of the law,julia crawford ivers,julia crawford ivers scenario,the majesty of the law,julia crawford ivers,julia crawford ivers
tt0005928,the prince and the pauper,edwin s porter; hugh ford,hugh ford,the prince and the pauper,edwin stanton porter,mark twain,the prince and the pauper,edwin s porter; hugh ford,hugh ford; mark twain novel,the prince and the pauper,edwin s porter; hugh ford,hugh ford
tt0006043,the silent voice,william bowman,\N,the silent voice,william bowman,\N,the silent voice,william bowman,eve unsell scenario; ik freedman scenario; jules eckert goodman play,the silent voice,william bowman,eve unsell; ik freedman
tt0006773,the heart of a hero,emile chautard,frances marion,the heart of a hero,emile chautard; george archainbaud,frances marion,the heart of a hero,emile chautard,clyde fitch play; frances marion,the heart of a hero,emile chautard,frances marion
tt0007458,thrown to the lions,lucius henderson,norbert lusk; wallace irwin,thrown to the lions,lucius j henderson,\N,thrown to the lions,lucius henderson,norbert lusk scenario; wallace irwin story,thrown to the lions,lucius henderson,norbert lusk
tt0007655,\N,\N,\N,the auction block,laurence trimble,\N,the auction block,laurence trimble,adrian gilspear,\N,\N,\N
tt0007926,the fair barbarian,robert thornby,edith m kennedy,the fair barbarian,robert thornby,\N,the fair barbarian,robert thornby,edith m kennedy; frances hodgson burnett novel,the fair barbarian,robert thornby,edith m kennedy
tt0008202,\N,\N,\N,the lonesome chap,edward lesaint,harvey gates,the lonesome chap,edward lesaint,emma rochelle williams story; harvey gates,\N,\N,\N
tt0008459,\N,\N,\N,the primitive call,bertram bracken,\N,the primitive call,bertram bracken,bertram bracken,\N,\N,\N
tt0008466,\N,\N,\N,\N,\N,\N,the princess' necklace,floyd france,clare freeman alger story; e clement dart,\N,\N,\N
tt0008521,the rose of blood,j gordon edwards,bernard mcconville; ryszard ordynski,the rose of blood,j gordon edwards,bernard mcconville,the rose of blood,j gordon edwards,bernard mcconville; ryszard ordynski story,the rose of blood,j gordon edwards,bernard mcconville
tt0009110,the girl who wouldn't quit,edgar jones,james oliver curwood,the girl who wouldn't quit,edgar jones,\N,the girl who wouldn't quit,edgar jones,doris schroeder scenario; james oliver curwood story,the girl who wouldn't quit,edgar jones,doris schroeder
tt0009319,love me,roy william neill,\N,love me,roy william neill,c gardner sullivan,love me,roy william neill,c gardner sullivan scenario,love me,roy william neill,c gardner sullivan
tt0009325,the lure of the circus,jp mcgowan,hope loring; william e wing,the lure of the circus,j p mcgowan,hope loring,the lure of the circus,jp mcgowan,hope loring scenario; william e wing scenario,the lure of the circus,jp mcgowan,hope loring; william e wing
tt0009521,the prodigal wife,frank reicher,edith barnard delano,the prodigal wife,frank reicher,\N,the prodigal wife,frank reicher,edith barnard delano story; eve unsell scenario,the prodigal wife,frank reicher,eve unsell
tt0009559,a romance of happy valley,dw griffith,dw griffith; mary castelman,a romance of happy valley,d w griffith,\N,a romance of happy valley,dw griffith,dw griffith story,a romance of happy valley,dw griffith,\N
tt0009595,\N,\N,\N,the secret woman,ae coleby,eden phillpotts,the secret woman,ae coleby,eden phillpotts; rowland talbot,\N,\N,\N
tt0009650,the squaw man,cecil b demille,beulah marie dix,the squaw man,anne bauchens; cecil b demille; sam wood,beulah marie dix,the squaw man,cecil b demille,beulah marie dix,the squaw man,cecil b demille,beulah marie dix
tt0009965,\N,\N,\N,breezy jim,lorimer johnston,\N,breezy jim,lorimer johnston,j francis dunbar,\N,\N,\N
tt0010389,the lottery man,james cruze,elmer harris; frank urson,the lottery man,james cruze,frank urson,the lottery man,james cruze,elmer harris; frank urson; rida johnson young play,the lottery man,james cruze,elmer harris; frank urson
tt0010534,the other half,king vidor,king vidor,the other half,king vidor,king vidor,the other half,king vidor,king vidor story,the other half,king vidor,\N
tt0010536,the other,eduardo zamacois; juan maria codina,eduardo zamacois,\N,\N,\N,the other,eduardo zamacois; jos mara codina,eduardo zamacois,the other,eduardo zamacois; juan maria codina,eduardo zamacois
tt0010742,\N,\N,\N,\N,\N,\N,such is life in greenwich village,henry hy mayer,henry hy mayer,\N,\N,\N
tt0010934,\N,\N,\N,ray of sunshine,theo frenkel,theo frenkel,ray of sunshine,theo frenkel,theo frenkel scenario,\N,\N,\N
tt0011166,eyes of the heart,paul powell,clara genevieve kennedy; dana burnet,eyes of the heart,paul powell,clara genevieve kennedy,eyes of the heart,paul powell,clara genevieve kennedy; dana burnet story,eyes of the heart,paul powell,clara genevieve kennedy; dana burnet
tt0011167,the face at your window,richard stanton,max marcin,the face at your window,richard stanton,edward sedgwick; max marcin,the face at your window,richard stanton,edward sedgwick; max marcin story,the face at your window,richard stanton,edward sedgwick
tt0011280,helleveeg,theo frenkel sr,theo frenkel sr,helleveeg,theo frenkel,theo frenkel,helleveeg,theo frenkel,theo frenkel,helleveeg,theo frenkel sr,theo frenkel sr
tt0011483,mothers of men,edward jose,charles e whittaker; de witte kaplan,mothers of men,edward jose,\N,mothers of men,edward jos,charles e whittaker scenario; de witte kaplan scenario; edward jos titles; mary murillo titles; william henry warnert novel,mothers of men,edward jose,charles e whittaker; de witte kaplan
tt0011616,the red lane,lynn reynolds,violet clark,the red lane,lynn reynolds,\N,the red lane,lynn reynolds,violet clark,the red lane,lynn reynolds,violet clark
tt0011625,the riddle: woman,edward jose,charlotte e wells; dorothy donnelly; john b clymer,the riddle: woman,edward jose,charlotte e wells; dorothy donnelly; john b clymer,the riddle: woman,edward jos,carl jacobi play; charlotte e wells; dorothy donnelly; john b clymer,the riddle: woman,edward jose,charlotte e wells; dorothy donnelly; john b clymer
tt0011726,a splendid hazard,allan dwan,\N,a splendid hazard,arthur rosson,\N,a splendid hazard,arthur rosson,harold mcgrath novel,a splendid hazard,allan dwan,\N
tt0011784,trailed by three,perry n vekroff,charles t dazey,trailed by three,perry n vekroff,\N,trailed by three,perry n vekroff,charles t dazey,trailed by three,perry n vekroff,charles t dazey
tt0012016,buried treasure,george d baker,\N,buried treasure,george d baker,\N,buried treasure,george d baker,f britten austin short story; george d baker adaptation,buried treasure,george d baker,george d baker
tt0012065,\N,\N,\N,o condenado,\N,\N,o condenado,afonso gaio; mario huguin,afonso gaio play,\N,\N,\N
tt0012446,mann uber bord,karl grune,georg franck; karl grune,man overboard,karl grune,\N,mann ber bord,karl grune,georg franck; karl grune,mann uber bord,karl grune,georg franck; karl grune
tt0012586,the primal law,bernard j durning,\N,the primal law,bernard durning,paul schofield,the primal law,bernard j durning,e lloyd sheldon story; paul schofield,the primal law,bernard j durning,e lloyd sheldon; paul schofield
tt0013366,man with two mothers,paul bern,\N,\N,paul bern,\N,man with two mothers,paul bern,alice duer miller story; julien josephson,man with two mothers,paul bern,\N
tt0013415,\N,\N,\N,\N,\N,\N,mrs. dane's danger,wilfrid north,\N,\N,\N,\N
tt0013437,\N,\N,\N,\N,\N,\N,la ninfa del ro,salvador castell,\N,\N,\N,\N
tt0013484,\N,\N,\N,\N,\N,\N,paul fliegt,william karfiol,\N,\N,\N,\N
tt0013732,versunkene welten,siegfried philippi,\N,sunken worlds,siegfried philippi,\N,versunkene welten,siegfried philippi,\N,versunkene welten,siegfried philippi,\N
tt0013746,western speed,cr wallace; scott r dunlap; william wallace,scott r dunlap,western speed,scott r dunlap,\N,western speed,cr wallace; scott r dunlap; william wallace,scott r dunlap,western speed,cr wallace; scott r dunlap; william wallace,scott r dunlap
tt0013814,abysmal brute,hobart henley,ap younger,the abysmal brute,hobart henley,\N,abysmal brute,hobart henley,ap younger; jack london novel,abysmal brute,hobart henley,ap younger
tt0014206,\N,\N,\N,the little red schoolhouse,john g adolfi,\N,little red school house,john g adolfi,james shelley hamilton,\N,\N,\N
tt0014341,our hospitality,buster keaton; john g blystone,clyde bruckman; jean c havez; joseph a mitchell,our hospitality,buster keaton; john g blystone,clyde bruckman; jean havez; joseph a mitchell,our hospitality,buster keaton; john g blystone,clyde bruckman; jean c havez; joseph a mitchell,our hospitality,buster keaton; john g blystone,jean c havez; joseph a mitchell
tt0014611,why worry?,fred c newmeyer; sam taylor,sam taylor; ted wilde; tim whelan,why worry?,sam taylor,sam taylor; ted wilde,why worry?,fred c newmeyer; sam taylor,hm walker titles; sam taylor story; ted wilde story; tim whelan story,why worry?,fred c newmeyer; sam taylor,sam taylor; ted wilde; tim whelan
tt0014769,cheap kisses,cullen tate; john ince,c gardner sullivan,cheap kisses,john ince,\N,cheap kisses,cullen tate; john ince,c gardner sullivan screenplay; c gardner sullivan story,cheap kisses,cullen tate; john ince,c gardner sullivan
tt0014799,the conspirators,sinclair hill,sinclair hill,the conspirators,sinclair hill,\N,the conspirators,sinclair hill,e phillips oppenheim; sinclair hill,the conspirators,sinclair hill,sinclair hill
tt0014822,the dangerous blonde,robert f hill,hulbert footner,the dangerous blonde,robert f hill,\N,the dangerous blonde,robert f hill,hugh hoffman,the dangerous blonde,robert f hill,hugh hoffman
tt0014827,daring chances,clifford smith,isadore bernstein; wyndham gittens,daring chances,clifford smith,\N,daring chances,clifford smith,isadore bernstein story; wyndham gittens,daring chances,clifford smith,wyndham gittens
tt0014980,\N,\N,\N,\N,\N,\N,her dark swan,\N,\N,\N,\N,\N
tt0015077,lolita the orphan,alejandro olavarria,\N,lolita la huerfana,aureliano gonzalez,alejandro olabarria; aureliano gonzalez,lolita la hurfana,\N,\N,lolita the orphan,alejandro olavarria,\N
tt0015248,the price she paid,henry macrae,\N,the price she paid,henry macrae,\N,the price she paid,henry macrae,\N,the price she paid,henry macrae,\N
tt0015382,\N,\N,\N,\N,\N,\N,surging seas,james chapin,jack natteford,\N,\N,\N
tt0015528,man of destiny,john lindlof,j ericius,\N,john lindlof,\N,dets man,john lindlf,\N,man of destiny,john lindlof,j ericius
tt0015734,daring days,john b obrien,george c hull,\N,\N,\N,daring days,john b obrien,\N,daring days,john b obrien,\N
tt0015764,\N,\N,\N,\N,\N,\N,la drapaire,emilio guerrero; juan andreu; pepin fernandez,luis mariano de larra; pepin fernandez,\N,\N,\N
tt0015997,the stationmaster,ivan moskvin; yuri zhelyabuzhsky,fyodor otsep; valentin turkin,the stationmaster,ivan moskvin; yuri zhelyabuzhsky,fedor ozep; nikolai kovarsky,the stationmaster,ivan moskvin; yuri zhelyabuzhsky,alexander pushkin; fyodor otsep,the stationmaster,ivan moskvin; yuri zhelyabuzhsky,fyodor otsep; valentin turkin
tt0016029,the little colonel,david butler,anne fellows johnston; william m conselman,the little colonel,david butler,william conselman,the little colonel,david butler,anne fellows johnston; david butler; william m conselman,the little colonel,david butler,william m conselman
tt0016042,the love gamble,edward lesaint,\N,the love gamble,edward lesaint,\N,the love gamble,edward lesaint,fanny hatton titles; frederic hatton titles; harry o hoyt continuity; maysie greig novel,the love gamble,edward lesaint,\N
tt0016044,the love hour,herman c raymaker,bess meredyth,the love hour,herman c raymaker,bess meredyth,the love hour,herman c raymaker,\N,the love hour,herman c raymaker,bess meredyth
tt0016255,\N,\N,\N,\N,\N,\N,queen of spades,harry l fraser,\N,\N,\N,\N
tt0016316,scandal street,whitman bennett,frank r adams; harry chandlee,scandal street,whitman bennett,\N,scandal street,whitman bennett,frank r adams story,scandal street,whitman bennett,frank r adams; harry chandlee
tt0016374,a son of his father,victor fleming,anthony coldeway,a son of his father,victor fleming,\N,a son of his father,victor fleming,anthony coldeway; harold bell wright novel,a son of his father,victor fleming,anthony coldeway
tt0016522,whistling jim,wilbur mcgaugh,peggy oday,\N,\N,\N,whistling jim,wilbur mcgaugh,\N,whistling jim,wilbur mcgaugh,peggy oday
tt0016633,beatrice cenci,baldassarre negroni; torello rolli,luciano doria,beatrice cenci,baldassarre negroni,\N,beatrice cenci,baldassarre negroni,luciano doria screenplay; torello rolli screenplay,beatrice cenci,baldassarre negroni; torello rolli,luciano doria
tt0016642,bertha the sewing machine girl,irving cummings,gertrude orr,"bertha, the sewing machine girl",irving cummings,gertrude orr,bertha the sewing machine girl,irving cummings,\N,bertha the sewing machine girl,irving cummings,gertrude orr
tt0016652,bigger than barnum's,ralph ince,arthur guy empey; j grubb alexander,bigger than barnum's,ralph ince,j grubb alexander,bigger than barnum's,ralph ince,\N,bigger than barnum's,ralph ince,j grubb alexander
tt0016682,the broadway boob,joseph henabery,ev durling; monte m katterjohn,the broadway boob,joseph henabery,monte m katterjohn,the broadway boob,joseph henabery,\N,the broadway boob,joseph henabery,ev durling; monte m katterjohn
tt0016765,\N,\N,\N,the dangerous dub,richard thorpe,\N,the dangerous dub,richard thorpe,james madison; richard thorpe,\N,\N,\N
tt0016832,exit smiling,sam taylor,marc connelly,exit smiling,sam taylor,joseph farnham; sam taylor,exit smiling,sam taylor,\N,exit smiling,sam taylor,sam taylor; tim whelan
tt0016884,flesh and the devil,clarence brown,benjamin glazer; marian ainslee,flesh and the devil,clarence brown,benjamin glazer,flesh and the devil,clarence brown,benjamin glazer; hermann sudermann; marian ainslee,flesh and the devil,clarence brown,benjamin glazer; marian ainslee
tt0016946,hands across the border,david kirkland,frances marion,hands across the border,david kirkland,\N,hands across the border,david kirkland,frances marion story; malcolm stuart boylan titles; william e wing scenario,hands across the border,david kirkland,malcolm stuart boylan; william e wing
tt0017051,laddie,james leo meehan,jeanette porter meehan,laddie,james leo meehan,\N,laddie,james leo meehan,gene strattonporter; jeanette porter meehan,laddie,james leo meehan,jeanette porter meehan
tt0017156,\N,\N,\N,the miracle of life,stanner ev taylor,\N,the miracle of life,stanner ev taylor,elizabeth musgrave; olga printzlau story,\N,\N,\N
tt0017561,wild to go,robert de lacey,fae pine,wild to go,robert de lacey,\N,wild to go,robert de lacey,fae pine adaptation; fae pine screenplay,wild to go,robert de lacey,fae pine
tt0017723,by whose hand?,walter lang,marion orth,by whose hand?,walter lang,\N,by whose hand?,walter lang,marion orth screenplay; marion orth story,by whose hand?,walter lang,marion orth
tt0017845,eins + eins = drei,felix basch,bela balazs; henry koster,one plus one equals three,felix basch,bela balazs,eins + eins = drei,felix basch,bla balzs; henry koster,eins + eins = drei,felix basch,bela balazs; henry koster
tt0017874,\N,\N,\N,\N,\N,\N,festas da curia,jos leito de barros,\N,\N,\N,\N
tt0018084,let it rain,edward f cline,earle snell; george crone; wade boteler,let it rain,edward f cline,wade boteler,let it rain,edward f cline,\N,let it rain,edward f cline,earle snell; george crone; wade boteler
tt0018164,the missing link,charles reisner,charles reisner,the missing link,charles reisner,\N,the missing link,charles reisner,\N,the missing link,charles reisner,darryl f zanuck
tt0018479,a texas steer,richard wallace,bernard mcconville; will rogers,a texas steer,richard wallace,garrett graham,a texas steer,richard wallace,bernard mcconville; garrett graham,a texas steer,richard wallace,bernard mcconville; paul schofield; will rogers
tt0018515,two arabian knights,lewis milestone,cyril gardner; donald mcgibney; wallace smith,two arabian knights,lewis milestone,cyril gardner; george marion jr; wallace smith,two arabian knights,lewis milestone,cyril gardner screen version; donald mcgibney original story; george marion jr titles; james t odonohoe continuity; wallace smith screen version,two arabian knights,lewis milestone,cyril gardner; wallace smith
tt0018606,sword of penitence,torajiro saito; yasujiro ozu,kogo noda,sword of penitence,yasujiro ozu,kogo noda; yasujiro ozu,sword of penitence,torajiro saito; yasujiro ozu,\N,sword of penitence,torajiro saito; yasujiro ozu,kogo noda
tt0018719,breed of the sunsets,wallace fox,stanner ev taylor,\N,\N,\N,breed of the sunsets,wallace fox,oliver drake; randolph bartlett,breed of the sunsets,wallace fox,stanner ev taylor
tt0018842,\N,\N,\N,domestic meddlers,james flood,\N,domestic meddlers,james flood,fanny hatton; frederic hatton; wellyn totman,\N,\N,\N
tt0018853,driftwood,christy cabanne,richard harding davis,driftwood,christy cabanne,\N,driftwood,christy cabanne,lillie hayward; mort blumenstock,driftwood,christy cabanne,lillie hayward
tt0019076,\N,\N,\N,law of the mounted,j p mcgowan,\N,the law of the mounted,jp mcgowan,philip schuyler scenario; sally winters story,\N,\N,\N
tt0019175,my son,yevgeni chervyakov,nikolay dirin; yevgeni chervyakov; yuri gromov,my son,yevgeni chervyakov,\N,moy syn,yevgeni chervyakov,a turin; nikolay dirin; yevgeni chervyakov; yuri gromov,my son,yevgeni chervyakov,nikolay dirin; yevgeni chervyakov; yuri gromov
tt0019292,prep and pep,david butler,john stone; malcolm stuart boylan,prep and pep,david butler,john stone,prep and pep,david butler,john stone scenario; john stone story; malcolm stuart boylan titles,prep and pep,david butler,john stone; malcolm stuart boylan
tt0019380,the showdown,victor schertzinger,ethel doherty; hope loring,the showdown,victor schertzinger,\N,the showdown,victor schertzinger,ethel doherty adaptation; ethel doherty screenplay; hope loring adaptation; hope loring screenplay; houston branch play; john farrow titles,the showdown,victor schertzinger,ethel doherty; hope loring
tt0019463,that's my daddy,fred c newmeyer,albert demond; earle snell; reginald denny,that's my daddy,fred c newmeyer,\N,that's my daddy,fred c newmeyer,\N,that's my daddy,fred c newmeyer,albert demond; earle snell; faith thomas; pierre couderc
tt0019663,\N,\N,\N,\N,\N,\N,aveiro desportivo,\N,\N,\N,\N,\N
tt0019877,figaro,gaston ravel; tony lekain,gaston ravel; tony lekain,figaro,tony lekain,\N,figaro,gaston ravel; tony lekain,beaumarchais plays; gaston ravel; tony lekain,figaro,gaston ravel; tony lekain,gaston ravel; tony lekain
tt0019992,the hole in the wall,robert florey,frederick j jackson; pierre collings,the hole in the wall,robert florey,pierre collings,the hole in the wall,robert florey,frederick j jackson play; pierre collings,the hole in the wall,robert florey,pierre collings
tt0020000,hot stuff,mervyn leroy,humphrey pearson; louis stevens; robert s carr,hot stuff,mervyn leroy,\N,hot stuff,mervyn leroy,humphrey pearson screenplay; humphrey pearson titles; louis stevens; robert s carr screenplay; robert s carr story,hot stuff,mervyn leroy,humphrey pearson; louis stevens; robert s carr
tt0020081,the last of mrs. cheyney,sidney franklin,hanns kraly,the last of mrs. cheyney,sidney franklin,claudine west; hanns kraly,the last of mrs. cheyney,sidney franklin,\N,the last of mrs. cheyney,sidney franklin,hanns kraly
tt0020261,\N,\N,\N,the passion song,harry o hoyt,\N,passion song,harry o hoyt,camille collins; francis fenton,\N,\N,\N
tt0020475,diary of a lost girl,gw pabst,rudolf leonhardt,diary of a lost girl,georg wilhelm pabst,margarete bohme,diary of a lost girl,georg wilhelm pabst,margarete bohme; rudolf leonhardt,diary of a lost girl,gw pabst,rudolf leonhardt
tt0020867,the eyes of the world,henry king,brewster morse; clarke silvernail; harold bell wright,the eyes of the world,henry king,\N,the eyes of the world,henry king,\N,the eyes of the world,henry king,brewster morse; clarke silvernail; harold bell wright
tt0020942,grumpy,cyril gardner; george cukor,doris anderson,grumpy,cyril gardner; george cukor,\N,grumpy,cyril gardner; george cukor,doris anderson; horace hodges; thomas wigney percyval,grumpy,cyril gardner; george cukor,doris anderson
tt0021299,ridin' law,harry s webb,\N,\N,\N,\N,ridin' law,harry s webb,carl krusada screenplay; carl krusada story,ridin' law,harry s webb,\N
tt0021412,the spoilers,edwin carewe,agnes brand leahy; bartlett cormack,the spoilers,edwin carewe,\N,the spoilers,edwin carewe,agnes brand leahy; bartlett cormack; rex beach,the spoilers,edwin carewe,agnes brand leahy; bartlett cormack
tt0021707,the skulls,james w horne,\N,los calaveras,james parrott; james w horne,h m walker,the skulls,james w horne,\N,the skulls,james w horne,\N
tt0021746,cimarron,wesley ruggles,howard estabrook,cimarron,wesley ruggles,howard estabrook,cimarron,wesley ruggles,edna ferber; howard estabrook; louis sarecky,cimarron,wesley ruggles,howard estabrook
tt0021905,a gentleman of paris,sinclair hill,sewell collins; sidney gilliat,a gentleman of paris,sinclair hill,sewell collins,a gentleman of paris,sinclair hill,niranjan pal novel; sewell collins; sidney gilliat,a gentleman of paris,sinclair hill,sewell collins; sidney gilliat
tt0022371,sheer luck,bruce mitchell,bruce mitchell,sheer luck,bruce m mitchell,\N,sheer luck,bruce m mitchell,bruce m mitchell,sheer luck,bruce mitchell,bruce mitchell
tt0022509,tukkipojan morsian,erkki karu,erkki karu,tukkipojan morsian,erkki karu,\N,tukkipojan morsian,erkki karu,erkki karu,tukkipojan morsian,erkki karu,erkki karu
tt0022582,the yellow ticket,raoul walsh,guy bolton; jules furthman,the yellow ticket,raoul walsh,jules furthman,the yellow ticket,raoul walsh,guy bolton; jules furthman; michael morton play,the yellow ticket,raoul walsh,guy bolton; jules furthman
tt0022771,ladies hairdresser,rene guissart,rene guissart,ladies hairdresser,rene guissart,\N,ladies hairdresser,rene guissart,\N,ladies hairdresser,rene guissart,\N
tt0023749,air hostess,albert s rogell,milton raison,air hostess,albert s rogell,\N,air hostess,albert s rogell,grace perkins; keene thompson; milton raison,air hostess,albert s rogell,milton raison
tt0023941,destination unknown,tay garnett,tom buckingham,destination unknown,tay garnett,tom buckingham,destination unknown,tay garnett,tom buckingham,destination unknown,tay garnett,tom buckingham
tt0023987,enemy of the police,george king,\N,enemy of the police,george king,\N,enemy of the police,george king,\N,enemy of the police,george king,\N
tt0024046,gallant lady,gregory la cava,douglas z doty; gilbert emery; sam mintz,gallant lady,gregory la cava,sam mintz,gallant lady,gregory la cava,douglas z doty story; gilbert emery story; sam mintz,gallant lady,gregory la cava,sam mintz
tt0024343,mistigri,harry lachman,\N,mistigri,harry lachman,marcel achard,mistigri,harry lachman,\N,mistigri,harry lachman,\N
tt0024370,the night of the great love,geza von bolvary,martha albrand,\N,\N,\N,the night of the great love,geza von bolvary,\N,the night of the great love,geza von bolvary,martha albrand
tt0024383,night of the garter,jack raymond,austin melford; marjorie gaffney,night of the garter,jack raymond,wilson collison,night of the garter,jack raymond,austin melford; avery hopwood play; marjorie gaffney; wilson collison play,night of the garter,jack raymond,austin melford; marjorie gaffney
tt0024653,their night out,harry hughes,harry hughes,their night out,harry hughes,\N,their night out,harry hughes,george arthurs; harry hughes,their night out,harry hughes,harry hughes
tt0024690,trailing north,john p mccarthy,harry l fraser,trailing north,john p mccarthy,\N,trailing north,john p mccarthy,harry l fraser story; john morgan adaptation,trailing north,john p mccarthy,john morgan
tt0026050,\N,\N,\N,\N,\N,\N,l'albergo della felicita,giuseppe vittorio sampieri,giuseppe vittorio sampieri; leo mezzadri,\N,\N,\N
tt0026073,annie oakley,george stevens,ewart adamson; joel sayre; john twist; joseph fields,annie oakley,george stevens,joel sayre; john twist,annie oakley,george stevens,joel sayre; john twist; joseph fields,annie oakley,george stevens,joel sayre; john twist
tt0026605,the last days of pompeii,ernest b schoedsack,ruth rose,the last days of pompeii,ernest b schoedsack; merian c cooper,james ashmore creelman; ruth rose,the last days of pompeii,ernest b schoedsack; merian c cooper,boris ingster; james ashmore creelman; ruth rose,the last days of pompeii,ernest b schoedsack,ruth rose
tt0026949,the roof,george a cooper,\N,the roof,george a cooper,\N,the roof,george a cooper,\N,the roof,george a cooper,\N
tt0027075,a tale of two cities,jack conway,s n behrman; wp lipscomb,a tale of two cities,jack conway; robert z leonard,s n behrman; w p lipscomb,a tale of two cities,jack conway; robert z leonard,charles dickens; sn behrman; wp lipscomb,a tale of two cities,jack conway,s n behrman; wp lipscomb
tt0027330,ballerine,gustav machaty,albrecht joseph; leo bomba; rudolf s joseph,ballerine,gustav machaty,albrecht joseph,ballerine,gustav machat,\N,ballerine,gustav machaty,albrecht joseph; leo bomba; rudolf s joseph
tt0027393,brand of the outlaws,robert n bradbury,forbes parkhill,brand of the outlaws,robert n bradbury,\N,brand of the outlaws,robert n bradbury,forbes parkhill screenplay; forbes parkhill story,brand of the outlaws,robert n bradbury,forbes parkhill
tt0027687,the golden arrow,alfred e green,charles kenyon; michael arlen,the golden arrow,alfred edward green,charles kenyon,the golden arrow,alfred e green,charles kenyon screenplay; michael arlen story,the golden arrow,alfred e green,charles kenyon
tt0027710,a little street in paradise,martin fric,georg wittuhn; hugo haas; otakar vavra,\N,martin fric,hugo haas; otakar vavra; tr georg wittuhn,a little street in paradise,martin fric,\N,a little street in paradise,martin fric,georg wittuhn; hugo haas; otakar vavra
tt0027918,\N,\N,\N,\N,\N,\N,luis candelas,fernando roldn,antonio asenjo; pedro de repide,\N,\N,\N
tt0028145,public nuisance no. 1,marcel varnel,val guest,public nuisance no. 1,marcel varnel,franz arnold,public nuisance no. 1,marcel varnel,franz arnold story; robert edmunds; roger burford; val guest,public nuisance no. 1,marcel varnel,val guest
tt0028158,ramona,henry king,lamar trotti,ramona,henry king,lamar trotti; sonya levien,ramona,henry king,helen hunt jackson novel; lamar trotti screenplay,ramona,henry king,lamar trotti
tt0028501,white fang,david butler,gene fowler; hal long; sg duncan,white fang,david butler,\N,white fang,david butler,gene fowler; jack london; sam duncan,white fang,david butler,gene fowler; hal long; sg duncan
tt0028534,who loves me?,jose luis saenz de heredia,eduardo ugarte; luis bunuel,\N,eduardo ugarte; jose luis saenz de heredia; luis bunuel,eduardo ugarte; enrique horta; luis bunuel,who loves me?,jose luis saenz de heredia,\N,who loves me?,jose luis saenz de heredia,eduardo ugarte; luis bunuel
tt0028873,the firefly,robert z leonard,albert hackett; frances goodrich,the firefly,joseph m newman; robert z leonard,albert hackett; frances goodrich; ogden nash,the firefly,robert z leonard,albert hackett; frances goodrich; otto a harbach,the firefly,robert z leonard,albert hackett; frances goodrich; ogden nash
tt0029157,"live, love and learn",george fitzmaurice,charles brackett; cyril hume; herman j mankiewicz; richard maibaum,"live, love and learn",george fitzmaurice,charles brackett,"live, love and learn",george fitzmaurice,charles brackett screenplay; cyril hume screenplay; helen grace carlisle suggested by a story by; marion parsonnet original story; richard maibaum screenplay,"live, love and learn",george fitzmaurice,charles brackett; cyril hume; herman j mankiewicz; richard maibaum
tt0029280,the mutiny of the elsinore,roy lockwood,beaufoy milton,the mutiny of the elsinore,roy lockwood,roy lockwood,mutiny on the elsinore,roy lockwood,beaufoy milton dialogue; jack london novel; roy lockwood adaptation; roy lockwood screenplay,the mutiny of the elsinore,roy lockwood,beaufoy milton; walter summers
tt0029380,partners in crime,ralph murphy,garnett weston; gladys unger,partners in crime,ralph murphy,gladys buchanan unger,partners in crime,ralph murphy,garnett weston; gladys unger; kurt steel novel,partners in crime,ralph murphy,garnett weston; gladys unger
tt0029482,rhythm in the clouds,john h auer,george mence; nathanael west; olive cooper; ray bond,rhythm in the clouds,john h auer,\N,rhythm in the clouds,john h auer,george mence story; nathanael west screenplay; olive cooper screenplay; ray bond story,rhythm in the clouds,john h auer,nathanael west; olive cooper
tt0029519,said o'reilly to mcnab,william beaudine,\N,said o'reilly to mcnab,william beaudine,leslie arliss,said o'reilly to mcnab,william beaudine,\N,said o'reilly to mcnab,william beaudine,\N
tt0029764,when's your birthday?,harry beaumont,harry clork,when's your birthday?,harry beaumont,harvey gates,when's your birthday?,harry beaumont,harry clork screenplay; harvey gates adaptation; john frederick ballard from a play by; malcolm stuart boylan adaptation; samuel m pyke adaptation,when's your birthday?,harry beaumont,harry clork
tt0030142,flirting with fate,frank mcdonald,a dorian otvos; charlie melson; daniel jarrett; ethel la blanche; harry clork; joseph moncure march,flirting with fate,frank mcdonald,joseph moncure march,flirting with fate,frank mcdonald,a dorian otvos original story; charlie melson screenplay; daniel jarrett original story; ethel la blanche screenplay; harry clork screenplay; joseph moncure march screenplay,flirting with fate,frank mcdonald,charlie melson; ethel la blanche; harry clork; joseph moncure march
tt0030325,die kleine und die groe liebe,josef von baky,\N,the great and the little love,josef von baky,heinrich oberlander,die kleine und die groe liebe,josef von bky,heinrich oberlnder,die kleine und die groe liebe,josef von baky,\N
tt0030384,lord jeff,sam wood,bradford ropes; endre bohem; james kevin mcguinness; val burton,lord jeff,sam wood,james kevin mcguinness,lord jeff,sam wood,bradford ropes; endre bohem; val burton,lord jeff,sam wood,james kevin mcguinness
tt0030479,my bill,john farrow,robertson white; vincent sherman,my bill,john farrow,vincent sherman,my bill,john farrow,robertson white; tom barry; vincent sherman,my bill,john farrow,robertson white; vincent sherman
tt0030516,\N,\N,\N,\N,\N,\N,obras de arte,jos cottinelli telmo,\N,\N,\N,\N
tt0030579,die pfingstorgel,franz seitz,alois johannes lippl; heinz pauck,die pfingstorgel,franz seitz sr,\N,die pfingstorgel,franz seitz,\N,die pfingstorgel,franz seitz,alois johannes lippl; heinz pauck
tt0030704,rykmentin murheenkryyni,tj sarkka; yrjo norta,tj sarkka,\N,yrjo norta,\N,rykmentin murheenkryyni,tj srkk; yrj norta,tj srkk; toivo kauppinen,rykmentin murheenkryyni,tj sarkka; yrjo norta,tj sarkka
tt0030841,tenth avenue kid,bernard vorhaus,adele buffington; gordon kahn,tenth avenue kid,bernard vorhaus,gordon kahn,10th ave kid,bernard vorhaus,adele buffington original story; gordon kahn original story; gordon kahn screenplay,tenth avenue kid,bernard vorhaus,gordon kahn
tt0030906,\N,\N,\N,\N,piero ballerini,giuseppe guarino; piero ballerini,l'ultima carta,piero ballerini,giuseppe guarino; giuseppe romualdi; piero ballerini,\N,\N,\N
tt0030913,the impossible mr. pitt,harry piel,\N,the impossible mister pitt,harry piel,georg muhlenschulte,der unmgliche herr pitt,harry piel,georg mhlenschulte; georg mhlenschulte novel; harald bratt manuscript; harry piel manuscript; reinhold meiner,the impossible mr. pitt,harry piel,\N
tt0031018,across the plains,spencer gordon bennet,robert emmett tansey,across the plains,jack randall; spencer gordon bennet,\N,across the plains,spencer gordon bennet,robert emmett tansey screenplay,across the plains,spencer gordon bennet,robert emmett tansey
tt0031277,it was a gay ballnight,carl froelich,geza von cziffra,the life and loves of tschaikovsky,carl froelich,frank thiess; geza von cziffra; tr georg wittuhn,it was a gay ballnight,carl froelich,frank thie dialogue; georg wittuhn story; gza von cziffra novel; gza von cziffra screenplay; jean victor story,it was a gay ballnight,carl froelich,geza von cziffra
tt0031337,woman at the wheel,paul martin,pal barabas; paul hellbracht; paul martin,woman at the wheel,paul martin,\N,woman at the wheel,paul martin,\N,woman at the wheel,paul martin,paul hellbracht; paul martin
tt0031440,honeymoon in bali,edward h griffith,virginia van upp,honeymoon in bali,edward h griffith,virginia van upp,honeymoon in bali,edward h griffith,grace sartwell mason; katharine brush; virginia van upp,honeymoon in bali,edward h griffith,virginia van upp
tt0031585,law of the north,jacques feyder,alexandre arnoux; charles spaak; maurice constantinweyer,law of the north,jacques feyder,jacques feyder,law of the north,jacques feyder,\N,law of the north,jacques feyder,alexandre arnoux; charles spaak
tt0031633,\N,\N,\N,\N,\N,\N,mazo,hiroshi inagaki,kaitaro hasegawa,\N,\N,\N
tt0031826,the private lives of elizabeth and essex,michael curtiz,neas mackenzie; norman reilly raine,the private lives of elizabeth and essex,michael curtiz,maxwell anderson; neas mackenzie; norman reilly raine,the private lives of elizabeth and essex,michael curtiz,maxwell anderson from the stage play by; neas mackenzie screen play; norman reilly raine screen play,the private lives of elizabeth and essex,michael curtiz,neas mackenzie; norman reilly raine
tt0031889,saga of death valley,joseph kane,karen dewolf; stuart anthony,saga of death valley,joseph kane,\N,saga of death valley,joseph kane,karen dewolf screenplay; karen dewolf story; stuart anthony screenplay,saga of death valley,joseph kane,karen dewolf; stuart anthony
tt0031914,seitseman veljesta,wilho ilmari,kalle kaarna; mika waltari,seven brothers,wilho ilmari,\N,seven brothers,wilho ilmari,aleksis kivi novel; mika waltari,seitseman veljesta,wilho ilmari,kalle kaarna; mika waltari
tt0031925,silver on the sage,lesley selander,clarence e mulford; maurice geraghty,silver on the sage,lesley selander,maurice geraghty,silver on the sage,lesley selander,\N,silver on the sage,lesley selander,maurice geraghty
tt0032456,the farmer's daughter,james p hogan,delmer daves; lewis r foster,the farmer's daughter,james p hogan,lewis r foster,the farmer's daughter,james p hogan,\N,the farmer's daughter,james p hogan,lewis r foster
tt0032699,let george do it!,marcel varnel,angus macphail; austin melford; basil dearden; john dighton,let george do it!,marcel varnel,basil dearden,let george do it!,marcel varnel,\N,let george do it!,marcel varnel,angus macphail; austin melford; basil dearden; john dighton
tt0033155,those were the days!,theodore reed,don hartman,those were the days!,theodore reed,\N,those were the days!,theodore reed,\N,those were the days!,theodore reed,don hartman
tt0033766,it started with eve,henry koster,hanns kraly; leo townsend; norman krasna,it started with eve,henry koster,norman krasna,it started with eve,henry koster,\N,it started with eve,henry koster,leo townsend; norman krasna
tt0034086,reaching for the sun,william a wellman,w l river,reaching for the sun,william a wellman,\N,reaching for the sun,william a wellman,wessel smitter novel; wl river,reaching for the sun,william a wellman,w l river
tt0034164,secret evidence,william nigh,brenda cline; edward bennett,secret evidence,william nigh,\N,secret evidence,william nigh,\N,secret evidence,william nigh,brenda cline
tt0034249,swineherd and shepherd,ivan pyryev,viktor gusev,they met in moscow,ivan pyryev,viktor gusev,they met in moscow,ivan pyryev,viktor gusev,swineherd and shepherd,ivan pyryev,viktor gusev
tt0034379,week-end in havana,walter lang,darrell ware; karl tunberg,week-end in havana,walter lang,karl tunberg,week-end in havana,walter lang,darrell ware; karl tunberg,week-end in havana,walter lang,darrell ware; karl tunberg
tt0034593,china girl,henry hathaway,ben hecht; darryl f zanuck,china girl (1942 film),henry hathaway,ben hecht,china girl,henry hathaway,ben hecht; darryl f zanuck,china girl,henry hathaway,ben hecht; darryl f zanuck
tt0034739,flight lieutenant,sidney salkow,betty hopkins; michael blankfort; richard carroll,flight lieutenant,sidney salkow,michael blankfort,flight lieutenant,sidney salkow,\N,flight lieutenant,sidney salkow,\N
tt0034853,highways by night,peter godfrey,clarence budington kelland; frank fenton; lynn root,highways by night,peter godfrey,\N,highways by night,peter godfrey,clarence budington kelland story; frank fenton screenplay; lynn root screenplay,highways by night,peter godfrey,frank fenton; lynn root
tt0034941,kid glove killer,fred zinnemann,allen rivkin; john c higgins,kid glove killer,fred zinnemann,john c higgins,kid glove killer,fred zinnemann,allen rivkin; john c higgins,kid glove killer,fred zinnemann,allen rivkin; john c higgins
tt0035089,mr. celebrity,william beaudine,charles samuels; martin mooney,mr. celebrity,william beaudine,\N,mr. celebrity,william beaudine,\N,mr. celebrity,william beaudine,martin mooney
tt0035111,nai duniya,abdul rashid kardar,\N,nai duniya,abdur rashid kardar,\N,nai duniya,abdul rashid kardar,\N,nai duniya,abdul rashid kardar,\N
tt0035117,il nemico,guglielmo giannini,guglielmo giannini,\N,\N,\N,il nemico,guglielmo giannini,guglielmo giannini screenplay; guglielmo giannini story,il nemico,guglielmo giannini,guglielmo giannini
tt0035151,once upon a honeymoon,leo mccarey,leo mccarey; sheridan gibney,once upon a honeymoon,leo mccarey,leo mccarey; sheridan gibney,once upon a honeymoon,leo mccarey,leo mccarey; sheridan gibney,once upon a honeymoon,leo mccarey,sheridan gibney
tt0035462,tower of terror,lawrence huntington,john argyle; john reinhardt,tower of terror,lawrence huntington,john reinhardt,tower of terror,lawrence huntington,john argyle; john reinhardt story,tower of terror,lawrence huntington,john argyle
tt0035591,between heaven and earth,harald braun,\N,between heaven and earth,harald braun,\N,between heaven and earth,harald braun,\N,between heaven and earth,harald braun,\N
tt0035726,the chance of a lifetime,william castle,paul yawitz,the chance of a lifetime,william castle,\N,the chance of a lifetime,william castle,jack boyle characters; paul yawitz,the chance of a lifetime,william castle,paul yawitz
tt0036017,hostages,frank tuttle,frank butler; lester cole,hostages,frank tuttle,frank butler,hostages,frank tuttle,\N,hostages,frank tuttle,frank butler; lester cole
tt0036177,the life of matsu the untamed,hiroshi inagaki,mansaku itami,the rickshaw man,hiroshi inagaki,\N,muhomatsu no issho,hiroshi inagaki,mansaku itami; shunsaku iwashita story,the life of matsu the untamed,hiroshi inagaki,mansaku itami
tt0036347,she's for me,reginald le borg,henry blankfort,she's for me,\N,\N,she's for me,reginald le borg,henry blankfort screenplay; henry blankfort story,she's for me,reginald le borg,henry blankfort
tt0036515,watch on the rhine,herman shumlin,dashiell hammett,watch on the rhine,hal mohr; herman shumlin,dashiell hammett; lillian hellman,watch on the rhine,hal mohr; herman shumlin,dashiell hammett; lillian hellman,watch on the rhine,herman shumlin,dashiell hammett
tt0036580,"adam, eve and the devil",alfredo b crevenna,alfredo b crevenna; edmundo baez; francisco cabrera,"adam, eve and the devil",alfredo b crevenna,\N,"adam, eve and the devil",alfredo b crevenna,\N,"adam, eve and the devil",alfredo b crevenna,alfredo b crevenna; edmundo baez; francisco cabrera
tt0036595,am ende der welt,gustav ucicky,\N,\N,gustav ucicky,gerhard menzel,am ende der welt,gustav ucicky,\N,am ende der welt,gustav ucicky,\N
tt0037011,law of the valley,howard bretherton,joseph odonnell,law of the valley,howard bretherton,\N,law of the valley,howard bretherton,joseph odonnell screenplay; joseph odonnell story,law of the valley,howard bretherton,joseph odonnell
tt0037133,noche decisiva,julio de fleischner,\N,\N,\N,\N,noche decisiva,julio de fleischner,\N,noche decisiva,julio de fleischner,\N
tt0037430,via mala,josef von baky,thea von harbou,via mala,josef von baky,thea von harbou,via mala,josef von baky,\N,via mala,josef von baky,thea von harbou
tt0037737,getting gertie's garter,allan dwan,allan dwan; avery hopwood; karen dewolf; wilson collison,getting gertie's garter,allan dwan,allan dwan; karen dewolf,getting gertie's garter,allan dwan,\N,getting gertie's garter,allan dwan,allan dwan; avery hopwood; karen dewolf; wilson collison
tt0038728,martin roumagnac,georges lacombe,georges lacombe; pierre very,martin roumagnac,georges lacombe,pierre very,the room upstairs,georges lacombe,georges lacombe adaptation; pierre vry adaptation; pierre vry dialogue; pierreren wolf novel,martin roumagnac,georges lacombe,georges lacombe; pierre very
tt0038819,\N,\N,\N,ouvert pour cause d'inventaire,alain resnais,\N,ouvert pour cause d'inventaire,alain resnais,\N,\N,\N,\N
tt0038853,gates of the night,marcel carne,jacques prevert,gates of the night,marcel carne,jacques prevert,gates of the night,marcel carn,jacques prvert ballet le rendezvous; jacques prvert scenario and dialogue,gates of the night,marcel carne,jacques prevert
tt0038873,the razor's edge,edmund goulding,lamar trotti,the razor's edge,edmund goulding,lamar trotti,the razor's edge,edmund goulding,darryl f zanuck; lamar trotti; w somerset maugham,the razor's edge,edmund goulding,lamar trotti
tt0038902,tell the truth,helmut weiss,ernst marischka,tell the truth,helmut weiss,ernst marischka,sag' die wahrheit,helmut weiss,ernst marischka; janos vaszary,tell the truth,helmut weiss,ernst marischka
tt0039024,this man is mine,marcel varnel,reginald beckwith,this man is mine,marcel varnel,reginald beckwith,this man is mine,marcel varnel,\N,this man is mine,marcel varnel,doreen montgomery; nicholas phipps; reginald beckwith
tt0039310,the last vacation,roger leenhardt,roger leenhardt,the last vacation,roger leenhardt,\N,the last vacation,roger leenhardt,\N,the last vacation,roger leenhardt,roger breuil; roger leenhardt
tt0039527,no place for love,hans deppe,hans deppe; margarete hackebeil,no place for love,hans deppe,\N,no place for love,hans deppe,\N,no place for love,hans deppe,hans deppe; margarete hackebeil
tt0039816,seven were saved,william h pine,maxwell shane,seven were saved,william h pine,\N,seven were saved,william h pine,\N,seven were saved,william h pine,maxwell shane
tt0039951,variety girl,george marshall,edmund l hartmann; frank tashlin; monte brice; robert l welch,variety girl,george marshall,edmund hartmann; frank tashlin; monte brice; robert l welch,variety girl,george marshall,edmund l hartmann; monte brice; william cottrell,variety girl,george marshall,edmund l hartmann; frank tashlin; monte brice; robert l welch
tt0039959,vigilantes of boomtown,rg springsteen,earle snell,vigilantes of boomtown,r g springsteen,\N,vigilantes of boomtown,rg springsteen,\N,vigilantes of boomtown,rg springsteen,earle snell
tt0040074,adventures in silverado,phil karlson,jo pagano; kenneth gamet; tom kilpatrick,adventures in silverado,phil karlson,\N,adventures in silverado,phil karlson,jo pagano; kenneth gamet; tom kilpatrick,adventures in silverado,phil karlson,jo pagano; kenneth gamet; tom kilpatrick
tt0040105,the original sin,helmut kautner,bobby todd; helmut kautner; kurd e heyne,the original sin,helmut kautner,kurd erich heyne,the original sin,helmut kautner,bobby todd; helmut kautner; kurd e heyne,the original sin,helmut kautner,bobby todd; helmut kautner; kurd e heyne
tt0040326,la esfinge maragata,antonio de obregon,antonio de obregon; jose luis gamboa; selma barberi,the maragatan sphinx,antonio de obregon,concha espina,la esfinge maragata,antonio de obregon,\N,la esfinge maragata,antonio de obregon,antonio de obregon; jose luis gamboa; selma barberi
tt0040410,gunning for justice,ray taylor,j benton cheney,gunning for justice,ray taylor,\N,gunning for justice,ray taylor,\N,gunning for justice,ray taylor,j benton cheney
tt0040444,hollow triumph,paul henreid; steve sekely,daniel fuchs,hollow triumph,steve sekely,daniel fuchs,hollow triumph,paul henreid; steve sekely,daniel fuchs; murray forbes,hollow triumph,steve sekely,daniel fuchs
tt0040746,rope,alfred hitchcock,arthur laurents,rope,alfred hitchcock,arthur laurents; ben hecht; hume cronyn; patrick hamilton,rope,alfred hitchcock,arthur laurents; hume cronyn; patrick hamilton,rope,alfred hitchcock,arthur laurents; hume cronyn
tt0040903,triggerman,howard bretherton,ronald davidson,triggerman (film),howard bretherton,\N,triggerman,howard bretherton,ronald davidson original screenplay,triggerman,howard bretherton,ronald davidson
tt0041296,dick barton strikes back,godfrey grayson,ambrose grayson; elizabeth baron,dick barton strikes back,godfrey grayson,\N,dick barton strikes back,godfrey grayson,ambrose grayson; elizabeth baron,dick barton strikes back,godfrey grayson,ambrose grayson; elizabeth baron
tt0041392,frontier investigator,fred c brannon,robert creighton williams,frontier investigator,fred c brannon,\N,frontier investigator,fred c brannon,\N,frontier investigator,fred c brannon,robert creighton williams
tt0041626,the man from yesterday,oswald mitchell,john gilling,the man from yesterday,oswald mitchell,john gilling,temptations,oswald mitchell,john gilling,the man from yesterday,oswald mitchell,john gilling
tt0041764,the possession,julio bracho,jose lopez portillo y rojas; julio bracho; maria luisa algarra,\N,\N,\N,la posesin,julio bracho,jos lpez portillo y rojas novel; julio bracho; mara luisa algarra,the possession,julio bracho,julio bracho; maria luisa algarra
tt0042255,black jack,jose antonio nieves conde; julien duvivier,charles spaak; julien duvivier; robert gaillard; roland pertwee,black jack,jose antonio nieves conde; julien duvivier,charles spaak; julien duvivier,captain blackjack,jos antonio nieves conde; julien duvivier,charles spaak screenplay; charles spaak story; julien duvivier screenplay; julien duvivier story; michael pertwee dialogue; robert gaillard story; roland pertwee story,black jack,jose antonio nieves conde; julien duvivier,charles spaak; julien duvivier; michael pertwee; robert gaillard
tt0042478,the franchise affair,lawrence huntington,lawrence huntington; robert hall,the franchise affair,lawrence huntington,\N,the franchise affair,lawrence huntington,josephine tey; lawrence huntington; robert hall,the franchise affair,lawrence huntington,lawrence huntington; robert hall
tt0042482,frenchie,louis king,oscar brodney,frenchie,louis king,oscar brodney,frenchie,louis king,oscar brodney,frenchie,louis king,oscar brodney
tt0042992,square dance katy,jean yarbrough,warren wilson,square dance katy,jean yarbrough,\N,square dance katy,jean yarbrough,\N,square dance katy,jean yarbrough,warren wilson
tt0043021,seraphin,paul gury,claudehenri grignon; paul gury,seraphin,paul gury,claudehenri grignon; paul gury,seraphin,paul gury,\N,seraphin,paul gury,claudehenri grignon; paul gury
tt0043515,the strange case of the man and the beast,mario soffici,carlos marin; mario soffici; ulyses petit de murat,el extrano caso del hombre y la bestia,mario soffici,mario soffici; ulyses petit de murat,the strange case of the man and the beast,mario soffici,\N,the strange case of the man and the beast,mario soffici,carlos marin; mario soffici; ulyses petit de murat
tt0043708,the kid from amarillo,ray nazarro,barry shipman,the kid from amarillo,ray nazarro,\N,the kid from amarillo,ray nazarro,barry shipman,the kid from amarillo,ray nazarro,barry shipman
tt0044043,skipalong rosenbloom,sam newfield,dean riesner; eddie forman,skipalong rosenbloom,sam newfield,dean riesner,skipalong rosenbloom,sam newfield,\N,skipalong rosenbloom,sam newfield,dean riesner; eddie forman
tt0044147,streetwalker,matilde landeta,jose aguila; luis spota; matilde landeta,streetwalker,matilde landeta,\N,streetwalker,matilde landeta,\N,streetwalker,matilde landeta,jose aguila; matilde landeta
tt0044210,whirlwind,john english,norman s hall,whirlwind,john english,\N,whirlwind,john english,\N,whirlwind,john english,norman s hall
tt0044569,du bist die rose vom worthersee,hubert marischka,rudolf osterreicher,rose of the mountain,hubert marischka,rudolf oesterreicher,du bist die rose vom worthersee,hubert marischka,\N,du bist die rose vom worthersee,hubert marischka,rudolf osterreicher
tt0044582,the firebird,hasse ekman,hasse ekman,the firebird,hasse ekman,hasse ekman,the firebird,hasse ekman,\N,the firebird,hasse ekman,hasse ekman
tt0044814,krlighedsdoktoren,asbjrn andersen,helge kjrulffschmidt,\N,asbjrn andersen,helge kjrulffschmidt,krlighedsdoktoren,asbjrn andersen,helge kjrulffschmidt,krlighedsdoktoren,asbjrn andersen,helge kjrulffschmidt
tt0044848,lockende sterne,hans muller,\N,lockende sterne,hans muller,otto heinz jahn,lockende sterne,hans muller,\N,lockende sterne,hans muller,\N
tt0044852,love is better than ever,stanley donen,ruth brooks flippen,love is better than ever,stanley donen,ruth brooks flippen,love is better than ever,stanley donen,ruth brooks flippen,love is better than ever,stanley donen,ruth brooks flippen
tt0044928,mr. denning drives north,anthony kimmins,alec coppel,mr. denning drives north,anthony kimmins,alec coppel,mr. denning drives north,anthony kimmins,\N,mr. denning drives north,anthony kimmins,alec coppel
tt0044966,night stage to galveston,george archainbaud,norman s hall,night stage to galveston,george archainbaud,\N,night stage to galveston,george archainbaud,\N,night stage to galveston,george archainbaud,norman s hall
tt0045354,"che, que loco!",ramon torrado,ramon torrado; victor lopez iglesias,what madness!,ramon torrado,ramon torrado,"che, que loco!",ramon torrado,\N,"che, que loco!",ramon torrado,ramon torrado; victor lopez iglesias
tt0045525,before the deluge,andre cayatte,andre cayatte; charles spaak,before the deluge,andre cayatte,andre cayatte; charles spaak,before the deluge,andre cayatte,andre cayatte; charles spaak,before the deluge,andre cayatte,andre cayatte; charles spaak
tt0045595,the bandit,lima barreto,lima barreto,the bandit of brazil,lima barreto,lima barreto; rachel de queiroz,the bandit,lima barreto,lima barreto; rachel de queiroz,the bandit,lima barreto,lima barreto; rachel de queiroz
tt0045834,\N,\N,\N,\N,\N,\N,gran comora,antonio nediani,\N,\N,\N,\N
tt0045873,the milkmaid,tj sarkka,juha nevalainen,the milkmaid,toivo sarkka,juha nevalainen,the milkmaid,tj sarkka,\N,the milkmaid,tj sarkka,juha nevalainen
tt0046161,the red beret,terence young,frank s nugent; richard maibaum,the red beret,terence young,frank s nugent; richard maibaum; sy bartlett,paratrooper,terence young,frank s nugent; richard maibaum; sy bartlett,the red beret,terence young,frank s nugent; richard maibaum; sy bartlett
tt0046322,siren of bagdad,richard quine,robert e kent,siren of bagdad,richard quine,robert e kent,siren of bagdad,richard quine,larry rhine; robert e kent,siren of bagdad,richard quine,robert e kent
tt0046369,steppe dawns,lev saakov,\N,steppe dawns,lev saakov,\N,steppe dawns,lev saakov,\N,steppe dawns,lev saakov,\N
tt0046394,tagebuch einer verliebten,josef von baky,emil burri; johannes mario simmel; kp gillmann,diary of a married woman,josef von baky,emil burri; johannes mario simmel,tagebuch einer verliebten,josef von baky,\N,tagebuch einer verliebten,josef von baky,emil burri; johannes mario simmel; kp gillmann
tt0046429,therese raquin,marcel carne,\N,therese raquin,marcel carne,charles spaak; marcel carne,therese raquin,marcel carne,\N,therese raquin,marcel carne,charles spaak; marcel carne
tt0046467,dreaming lips,josef von baky,johanna sibelius,dreaming lips,josef von baky,paul czinner,dreaming lips,josef von baky,\N,dreaming lips,josef von baky,johanna sibelius
tt0046492,the vanquished,edward ludwig,karl brown,the vanquished,edward ludwig,lewis r foster,the vanquished,edward ludwig,\N,the vanquished,edward ludwig,\N
tt0047054,groe starparade,paul martin,ernst neubach; franz tanzler,the big star parade,paul martin,ernst neubach,groe starparade,paul martin,\N,groe starparade,paul martin,ernst neubach; franz tanzler
tt0047267,napoli terra d'amore,camillo mastrocinque,camillo mastrocinque; fernando barbieri; gianni puccini; giovanni addessi; luigi capuano; mario brancacci,\N,camillo mastrocinque,camillo mastrocinque; gianni puccini,napoli terra d'amore,camillo mastrocinque,\N,napoli terra d'amore,camillo mastrocinque,camillo mastrocinque; gianni puccini; mario brancacci
tt0047673,white christmas,michael curtiz,melvin frank; norman krasna; norman panama,white christmas,michael curtiz,melvin frank; norman krasna; norman panama,white christmas,michael curtiz,melvin frank; norman krasna; norman panama,white christmas,michael curtiz,melvin frank; norman krasna; norman panama
tt0048006,beautiful but dangerous,robert z leonard,cesare cavagna; franco solinas; giovanna soria; liana ferri; luciano martino; maleno malenotti; mario monicelli; piero pierotti,beautiful but dangerous,robert z leonard,franco solinas; luciano martino; mario monicelli; piero pierotti,beautiful but dangerous,robert z leonard,frank gervasi; giuseppe cavagna; liana ferri,beautiful but dangerous,robert z leonard,cesare cavagna; franco solinas; giovanna soria; liana ferri; luciano martino; mario monicelli; piero pierotti
tt0048082,flickan i regnet,alf kjellin,alf kjellin; volodja semitjov,the girl in the rain,alf kjellin,volodja semitjov,flickan i regnet,alf kjellin,\N,flickan i regnet,alf kjellin,alf kjellin; volodja semitjov
tt0048212,io piaccio,giorgio bianchi,marcello marchesi; vittorio metz,io piaccio,giorgio bianchi,marcello marchesi; vittorio metz,io piaccio,giorgio bianchi,\N,io piaccio,giorgio bianchi,marcello marchesi; vittorio metz
tt0048284,earth,amvrosii buchma; oleksiy shvachko,oleksiy shvachko,\N,aleksei shvachko; amvrosy buchma,aleksei shvachko,zemlya,aleksei shvachko; amvrosi buchma,aleksei shvachko; olga kobylyanskaya,earth,amvrosii buchma; oleksiy shvachko,oleksiy shvachko
tt0048779,the golden vein,mauro bolognini,gino de santis; jacques remy; mauro bolognini,golden vein,mauro bolognini,jacques remy,the golden vein,mauro bolognini,\N,the golden vein,mauro bolognini,gino de santis; jacques remy; mauro bolognini
tt0049018,women without men,elmo williams,richard h landau; val guest,women without men,elmo williams,val guest,women without men,elmo williams,\N,women without men,elmo williams,richard h landau; val guest
tt0049149,a weary road,leonid gaidai; valentin nevzorov,boris brodskiy; mikhail romm,a weary road,leonid gaidai; valentin nevzorov,boris brodsky; mikhail romm,dolgiy put,leonid gaidai; valentin nevzorov,boris brodskiy; mikhail romm; vladimir korolenko,\N,\N,\N
tt0049158,"dort oben, wo die alpen gluhen",otto meyer,theodor ottawa,\N,otto meyer,theodor ottawa,"dort oben, wo die alpen gluhen",otto meyer,\N,"dort oben, wo die alpen gluhen",otto meyer,theodor ottawa
tt0049392,k. und k. feldmarschall,ew emo,\N,imperial and royal field marshal,e w emo,\N,k. und k. feldmarschall,ew emo,\N,k. und k. feldmarschall,ew emo,\N
tt0049431,the last frontier,anthony mann,philip yordan; russell s hughes,the last frontier,anthony mann,philip yordan,the last frontier,anthony mann,philip yordan; richard emery roberts; russell s hughes,the last frontier,anthony mann,philip yordan; russell s hughes
tt0049465,malaguena,ricardo nunez,mauricio torres; nene cascallar; ricardo nunez; sebastian rives,\N,\N,\N,malaguena,ricardo nunez,\N,malaguena,ricardo nunez,mauricio torres; ricardo nunez; sebastian rives
tt0049603,different fortunes,leonid lukov,leonid lukov; yakov smolyak,different fortunes,leonid lukov,leonid lukov,different fortunes,leonid lukov,\N,different fortunes,leonid lukov,leonid lukov; yakov smolyak
tt0049775,solange noch die rosen bluh'n,hans deppe,hans fritz kollner; helga von wangenheimhaeussler; j joachim bartsch; karl heinz busse,as long as the roses bloom,hans deppe,julius joachim bartsch,solange noch die rosen bluh'n,hans deppe,\N,solange noch die rosen bluh'n,hans deppe,j joachim bartsch; karl heinz busse
tt0049864,tosca,carmine gallone,carmine gallone,tosca,carmine gallone,giuseppe giacosa,tosca,carmine gallone,\N,tosca,carmine gallone,carmine gallone
tt0049961,a woman's devotion,paul henreid,robert hill,a woman's devotion,paul henreid,robert hill,a woman's devotion,paul henreid,\N,a woman's devotion,paul henreid,robert hill
tt0050155,baby face nelson,don siegel,daniel mainwaring; irving shulman; robert adler,baby face nelson,don siegel,daniel mainwaring,baby face nelson,don siegel,daniel mainwaring; irving shulman; robert adler,baby face nelson,don siegel,daniel mainwaring; irving shulman
tt0050296,decision at sundown,budd boetticher,charles lang; vernon l fluharty,decision at sundown,budd boetticher,charles lang,decision at sundown,budd boetticher,charles lang; vernon l fluharty,decision at sundown,budd boetticher,charles lang
tt0050302,the delinquents,robert altman,robert altman,the delinquents,robert altman,robert altman,the delinquents,robert altman,\N,the delinquents,robert altman,robert altman
tt0050583,jagerblut,hans h konig,johannes kai,\N,hans heinz konig,johannes kai,jagerblut,hans h konig,\N,jagerblut,hans h konig,johannes kai
tt0050723,monster from green hell,kenneth g crane,endre bohem; louis vittes,monster from green hell,kenneth g crane,endre bohem,monster from green hell,kenneth g crane,endre bohem; louis vittes,monster from green hell,kenneth g crane,endre bohem; louis vittes
tt0050778,not of this earth,roger corman,charles b griffith; mark hanna,not of this earth,roger corman,charles b griffith; mark hanna,not of this earth,roger corman,charles b griffith; mark hanna,not of this earth,roger corman,charles b griffith; mark hanna
tt0050816,panama sal,william witney,arnold belgard,panama sal,william witney,\N,panama sal,william witney,\N,panama sal,william witney,arnold belgard
tt0050934,the scamp,wolf rilla,wolf rilla,the scamp,wolf rilla,wolf rilla,the scamp,wolf rilla,\N,the scamp,wolf rilla,wolf rilla
tt0050980,school for fathers,ladislav helge,ivan kriz; ladislav helge,school for fathers,ladislav helge,ivan kriz,school for fathers,ladislav helge,\N,school for fathers,ladislav helge,ivan kriz; ladislav helge
tt0050992,la sombra del otro,gilberto martinez solares,fernando de fuentes; francisco javier camargo; josefina vicens; maria luisa algarra,la sombra del otro,gilberto martinez solares,\N,la sombra del otro,gilberto martinez solares,\N,la sombra del otro,gilberto martinez solares,fernando de fuentes; francisco javier camargo; josefina vicens; maria luisa algarra
tt0051199,die winzerin von langenlois,hans h konig,janne furch; werner eplinius; wolf neuber,the winemaker of langenlois,hans heinz konig,janne furch; werner eplinius,die winzerin von langenlois,hans h konig,an schneider; johannes kai; werner eplinius,die winzerin von langenlois,hans h konig,janne furch; werner eplinius; wolf neuber
tt0051211,times of joy and sorrow,keisuke kinoshita,keisuke kinoshita,times of joy and sorrow,keisuke kinoshita,keisuke kinoshita,times of joy and sorrow,keisuke kinoshita,\N,times of joy and sorrow,keisuke kinoshita,keisuke kinoshita
tt0051407,the beautiful legs of sabrina,camillo mastrocinque,edoardo anton; marcello fondato; piero pierotti; vittorio metz,the beautiful legs of sabrina,camillo mastrocinque,piero pierotti; vittorio metz,the beautiful legs of sabrina,camillo mastrocinque,\N,the beautiful legs of sabrina,camillo mastrocinque,edoardo anton; marcello fondato; piero pierotti; vittorio metz
tt0051490,sunday buddies,henri aisner,gaston bounoure; henri aisner; lilo dammert; raymond lavigne,les copains du dimanche,henri aisner,\N,sunday buddies,henri aisner,\N,sunday buddies,henri aisner,gaston bounoure; henri aisner; lilo dammert; raymond lavigne
tt0051492,count five and die,victor vicas,david pursall; jack seddon,count five and die,victor vicas,\N,count five and die,victor vicas,\N,count five and die,victor vicas,david pursall; jack seddon
tt0051755,i bury the living,albert band,louis garfinkle,i bury the living,albert band,louis garfinkle,i bury the living,albert band,louis garfinkle,\N,\N,\N
tt0051851,the law is the law,christianjaque,agenore incrocci; christianjaque; furio scarpelli; jacques emmanuel; jean manse; jeancharles tacchella,the law is the law,christianjaque,agenore incrocci; christianjaque; furio scarpelli; jean manse; jeancharles tacchella,the law is the law,christianjaque,christianjaque; jacques emmanuel; jeancharles tacchella,the law is the law,christianjaque,agenore incrocci; christianjaque; furio scarpelli; jacques emmanuel; jean manse
tt0051857,letters from china,joris ivens,joris ivens,\N,\N,\N,letters from china,joris ivens,\N,letters from china,joris ivens,joris ivens
tt0051899,man of the west,anthony mann,reginald rose,man of the west,anthony mann,reginald rose,man of the west,anthony mann,reginald rose; will c brown,man of the west,anthony mann,reginald rose
tt0051971,munchhausen in afrika,werner jacobs,hans rameau; johannes hendrich; max nosseck,munchhausen in afrika,werner jacobs,max nosseck,munchhausen in afrika,werner jacobs,\N,\N,\N,\N
tt0052042,il padrone delle ferriere,anton giulio majano,anton giulio majano,il padrone delle ferriere,anton giulio majano,anton giulio majano,il padrone delle ferriere,anton giulio majano,anton giulio majano; georges ohnet,il padrone delle ferriere,anton giulio majano,anton giulio majano
tt0052605,battle flame,rg springsteen,elwood ullman; lester a sansom,battle flame,r g springsteen,\N,battle flame,rg springsteen,\N,battle flame,rg springsteen,elwood ullman
tt0052652,broth of a boy,george pollock,blanaid irvine; patrick kirwan,broth of a boy,george pollock,\N,broth of a boy,george pollock,\N,broth of a boy,george pollock,blanaid irvine; patrick kirwan
tt0052812,floods of fear,charles crichton,charles crichton,floods of fear,charles crichton,charles crichton,floods of fear,charles crichton,\N,floods of fear,charles crichton,charles crichton
tt0052918,imitation of life,douglas sirk,allan scott; eleanore griffin,imitation of life,douglas sirk,allan scott; eleanore griffin; fannie hurst,imitation of life,douglas sirk,allan scott; eleanore griffin; fannie hurst,imitation of life,douglas sirk,allan scott; eleanore griffin
tt0053188,the price of silence,montgomery tully,laurence meynell,the price of silence,montgomery tully,\N,the price of silence,montgomery tully,\N,the price of silence,montgomery tully,laurence meynell
tt0053435,was eine frau im fruhling traumt,erik ode,curth flatow; eckart hachfeld,what a woman dreams of in springtime,erik ode,curth flatow,was eine frau im fruhling traumt,erik ode,\N,was eine frau im fruhling traumt,erik ode,curth flatow; eckart hachfeld
tt0053562,91:an karlsson muckar (tror han),ake gronberg,per lennart ekstrom,\N,ake gronberg,lennart ekstrom,91:an karlsson muckar (tror han),ake gronberg,per lennart ekstrom; rudolf petersson,91:an karlsson muckar (tror han),ake gronberg,per lennart ekstrom
tt0053797,die entscheidung des dr. ahrendt,frank vogel,frank vogel; hasso grabner,doctor ahrendt's decision,frank vogel,\N,die entscheidung des dr. ahrendt,frank vogel,\N,die entscheidung des dr. ahrendt,frank vogel,frank vogel; hasso grabner
tt0054285,atom age vampire,anton giulio majano,piero monviso,atom age vampire,anton giulio majano,alberto bevilacqua,atom age vampire,anton giulio majano,\N,atom age vampire,anton giulio majano,alberto bevilacqua; anton giulio majano; gino de santis
tt0054332,spartakiada,bohumil brejcha; elmar klos; ivo novak; jan kadar; jindrich pus; martin fric,\N,\N,\N,\N,spartakiada,bohumil brejcha; elmar klos; ivo novak; jan kadar; jindrich pus; martin fric,\N,spartakiada,bohumil brejcha; elmar klos; ivo novak; jan kadar; jindrich pus; martin fric,\N
tt0054363,for men only,fernando fernan gomez,fernando fernan gomez,for men only,fernando fernan gomez,fernando fernan gomez; miguel mihura,for men only,fernando fernan gomez,\N,\N,\N,\N
tt0054463,watch your stern,gerald thomas,alan hackney; earle couttie; vivian cox,watch your stern,gerald thomas,alan hackney,watch your stern,gerald thomas,alan hackney; earle couttie; vivian cox,watch your stern,gerald thomas,alan hackney; earle couttie; vivian cox
tt0054492,the manneken pis case,bert haanstra,\N,de zaak m.p.,bert haanstra,\N,the manneken pis case,bert haanstra,\N,the manneken pis case,bert haanstra,bert haanstra; jef van der heyden
tt0054660,la banda de los ocho,tulio demicheli,florentino soria; pedro mario herrero,the gang of eight,tulio demicheli,florentino soria; pedro mario herrero,la banda de los ocho,tulio demicheli,\N,la banda de los ocho,tulio demicheli,florentino soria; pedro mario herrero
tt0054703,seduction of the south,mario camerini,carlo romano; diego fabbri; ghigo de chiara; ivo perilli; luciano vincenzoni; mario camerini,the italian brigands,mario camerini,diego fabbri; ghigo de chiara; ivo perilli; luciano vincenzoni; rodolfo sonego,i briganti italiani,mario camerini,diego fabbri; ghigo de chiara; mario monti,seduction of the south,mario camerini,carlo romano; diego fabbri; ghigo de chiara; ivo perilli; luciano vincenzoni; mario camerini
tt0054910,gunga jumna,nitin bose,dilip kumar,ganga jamna,nitin bose,dilip kumar,gunga jumna,nitin bose,dilip kumar; wajahat mirza,gunga jumna,nitin bose,dilip kumar; wajahat mirza
tt0054918,the george raft story,joseph m newman,crane wilbur,the george raft story,joseph m newman,crane wilbur,the george raft story,joseph m newman,crane wilbur; daniel mainwaring,the george raft story,joseph m newman,crane wilbur
tt0055383,romanoff and juliet,peter ustinov,peter ustinov,romanoff and juliet,peter ustinov,peter ustinov,romanoff and juliet,peter ustinov,\N,romanoff and juliet,peter ustinov,peter ustinov
tt0055944,dziewczyna z dobrego domu,antoni bohdziewicz,mieczysaw piotrowski,\N,antoni bohdziewicz,tadeusz wybult,dziewczyna z dobrego domu,antoni bohdziewicz,\N,dziewczyna z dobrego domu,antoni bohdziewicz,mieczysaw piotrowski
tt0056015,gentlemen prefer nature girls,doris wishman,doris wishman,gentlemen prefer nature girls,doris wishman,doris wishman,gentlemen prefer nature girls,doris wishman,\N,gentlemen prefer nature girls,doris wishman,doris wishman
tt0056085,how the west was won,george marshall; henry hathaway; john ford,james r webb; john gay,how the west was won,george marshall; henry hathaway; john ford,james r webb,how the west was won,george marshall; henry hathaway; john ford,james r webb; john gay,how the west was won,george marshall; henry hathaway; john ford,james r webb; john gay
tt0056110,it's only money,frank tashlin,john fenton murray,it's only money,frank tashlin,\N,it's only money,frank tashlin,\N,it's only money,frank tashlin,john fenton murray
tt0056223,the sea,giuseppe patroni griffi,alfio valdarnini; giuseppe patroni griffi,the sea,giuseppe patroni griffi,giuseppe patroni griffi,the sea,giuseppe patroni griffi,\N,the sea,giuseppe patroni griffi,alfio valdarnini; giuseppe patroni griffi
tt0056831,apartmentzauber,helmuth m backhaus,helmuth m backhaus,apartmentzauber,helmuth m backhaus,helmuth m backhaus,apartmentzauber,helmuth m backhaus,\N,apartmentzauber,helmuth m backhaus,helmuth m backhaus
tt0057111,goldilocks and the three bares,herschell gordon lewis,william r johnson,goldilocks and the three bares,herschell gordon lewis,\N,goldilocks and the three bares,herschell gordon lewis,\N,goldilocks and the three bares,herschell gordon lewis,william r johnson
tt0057166,a million girls,heinosuke gosho,eijiro hisaita; heinosuke gosho,\N,\N,\N,a million girls,heinosuke gosho,\N,a million girls,heinosuke gosho,eijiro hisaita; heinosuke gosho
tt0057171,"yesterday, today and tomorrow",vittorio de sica,billa billa; cesare zavattini; eduardo de filippo,"yesterday, today and tomorrow",vittorio de sica,cesare zavattini; eduardo de filippo; isabella quarantotti; marialisa pedroni zanuso,"yesterday, today and tomorrow",vittorio de sica,alberto moravia; eduardo de filippo; isabella quarantotti,"yesterday, today and tomorrow",vittorio de sica,billa billa; cesare zavattini; eduardo de filippo
tt0057225,kings of the sun,j lee thompson,elliott arnold; james r webb,kings of the sun,j lee thompson,james r webb,kings of the sun,j lee thompson,elliott arnold; james r webb,kings of the sun,j lee thompson,elliott arnold; james r webb
tt0057431,prselo jim stesti,antonin kachlik,antonin kachlik; jan trefulka,\N,\N,\N,prselo jim stesti,antonin kachlik,\N,prselo jim stesti,antonin kachlik,antonin kachlik; jan trefulka
tt0057534,strange lovers,robert stambler,\N,\N,\N,\N,strange lovers,robert stambler,\N,strange lovers,robert stambler,\N
tt0058122,the guns,ruy guerra,miguel torres; ruy guerra,the guns,ruy guerra,miguel torres de andrade; ruy guerra,the guns,ruy guerra,miguel torres; pierre pelegri; ruy guerra,the guns,ruy guerra,miguel torres; ruy guerra
tt0058132,secret of the chinese carnation,rudolf zehetgruber,rudolf zehetgruber,secret of the chinese carnation,rudolf zehetgruber,rudolf zehetgruber,secret of the chinese carnation,rudolf zehetgruber,\N,secret of the chinese carnation,rudolf zehetgruber,rudolf zehetgruber
tt0058313,a mad woman,chor yuen,cheng kang; chor yuen; sit hau,\N,\N,\N,a mad woman,chor yuen,\N,a mad woman,chor yuen,cheng kang; chor yuen; sit hau
tt0058454,\N,\N,\N,not three,alain bornet,\N,le pas de trois,alain bornet,\N,\N,\N,\N
tt0058500,the pumpkin eater,jack clayton,harold pinter,the pumpkin eater,jack clayton,harold pinter,the pumpkin eater,jack clayton,\N,the pumpkin eater,jack clayton,harold pinter
tt0058690,the troublemaker,theodore j flicker,buck henry; theodore j flicker,the troublemaker,theodore j flicker,buck henry,the troublemaker,theodore j flicker,\N,the troublemaker,theodore j flicker,buck henry; theodore j flicker
tt0058711,heat,kazimierz kutz,jadwiga berens; jeremi przybora,heat,kazimierz kutz,jadwiga berens; jeremi przybora,heat,kazimierz kutz,\N,heat,kazimierz kutz,jadwiga berens; jeremi przybora
tt0058876,\N,\N,\N,\N,\N,\N,nazha san zhan honghai'er,kangyi mou; sang siu,sang siu,\N,\N,\N
tt0059038,five dollars for ringo,ignacio f iquino; juan xiol,ignacio f iquino; miguel maria astrain bada,five dollars for ringo,ignacio f iquino; juan xiol marchal,ignacio f iquino,five dollars for ringo,ignacio f iquino; juan xiol,\N,five dollars for ringo,ignacio f iquino; juan xiol,ignacio f iquino
tt0059056,the exterminators,riccardo freda,\N,the exterminators,riccardo freda,riccardo freda,coplan fx 18 casse tout,riccardo freda,claudemarcel richard; paul kenny,the exterminators,riccardo freda,\N
tt0059104,snow devils,antonio margheriti,aubrey wisberg; bill finger; charles sinclair; ivan reiner,snow devils,antonio margheriti,renato moretti,snow devils,antonio margheriti,\N,snow devils,antonio margheriti,bill finger; charles sinclair; ivan reiner
tt0059120,two gangsters in the wild west,giorgio simonelli,giorgio simonelli; marcello ciorciolini,two mafiamen in the far west,giorgio simonelli,marcello ciorciolini,two gangsters in the wild west,giorgio simonelli,\N,two gangsters in the wild west,giorgio simonelli,marcello ciorciolini
tt0059348,the coward,satyajit ray,satyajit ray,kapurush,satyajit ray,satyajit ray,the coward,satyajit ray,\N,the coward,satyajit ray,satyajit ray
tt0059550,operation y and other shurik's adventures,leonid gaidai,leonid gaidai; moris slobodskoy; yakov kostyukovskiy,operation y and other shurik's adventures,leonid gaidai,leonid gaidai; moris slobodskoy; yakov kostyukovsky,operation 'y' & other shurik's adventures,leonid gaidai,leonid gaidai; moris slobodskoy; yakov kostyukovskiy,operation y and other shurik's adventures,leonid gaidai,leonid gaidai; moris slobodskoy; yakov kostyukovskiy
tt0059678,the satan bug,john sturges,edward anhalt; james clavell,the satan bug,john sturges,edward anhalt; james clavell,the satan bug,john sturges,alistair maclean; edward anhalt; james clavell,the satan bug,john sturges,edward anhalt; james clavell
tt0059685,die schwedische jungfrau,kurt wilhelm,\N,die schwedische jungfrau,kurt wilhelm,franz seitz jr; ilse lotzdupont,die schwedische jungfrau,kurt wilhelm,\N,die schwedische jungfrau,kurt wilhelm,\N
tt0059686,the violin case murders,fritz umgelter,george hurdalek,tread softly,fritz umgelter,george hurdalek,the violin case murders,fritz umgelter,\N,the violin case murders,fritz umgelter,george hurdalek
tt0060094,the alphabet murders,frank tashlin,david pursall; jack seddon,the alphabet murders,frank tashlin,\N,the alphabet murders,frank tashlin,agatha christie; david pursall; jack seddon,the alphabet murders,frank tashlin,david pursall; jack seddon
tt0060143,"texas, adios",ferdinando baldi,ferdinando baldi; franco rossetti,"texas, adios",ferdinando baldi,ferdinando baldi; franco rossetti,"texas, adios",ferdinando baldi,ferdinando baldi; franco rossetti,"texas, adios",ferdinando baldi,ferdinando baldi; franco rossetti
tt0060490,harper,jack smight,william goldman,harper,jack smight,william goldman,harper,jack smight,ross macdonald; william goldman,harper,jack smight,william goldman
tt0060492,he who rides a tiger,charles crichton,trevor peacock,he who rides a tiger,charles crichton,\N,he who rides a tiger,charles crichton,\N,he who rides a tiger,charles crichton,trevor peacock
tt0060519,hotel alojamiento,fernando ayala,horacio de dios,hotel alojamiento,fernando ayala,\N,hotel alojamiento,fernando ayala,\N,hotel alojamiento,fernando ayala,\N
tt0060766,nu stiger den,annelise hovmand,\N,nu stiger den,annelise hovmand,annelise hovmand; jrgen hartmannpetersen,nu stiger den,annelise hovmand,annelise hovmand; jrgen hartmannpetersen,nu stiger den,annelise hovmand,\N
tt0060886,hudson river massacre,amando de ossorio,amando de ossorio,rebeldes en canada,amando de ossorio rodriguez,amando de ossorio rodriguez,hudson river massacre,amando de ossorio,\N,hudson river massacre,amando de ossorio,amando de ossorio
tt0060888,red roses of passion,joseph w sarno,joseph w sarno,\N,\N,\N,red roses of passion,joseph w sarno,\N,red roses of passion,joseph w sarno,joseph w sarno
tt0061530,black birds,eduard galic,eduard galic,black birds,eduard galic,grgo gamulin,crne ptice,eduard galic,eduard galic; grga gamulin; zoran tadic,black birds,eduard galic,eduard galic; zoran tadic
tt0061628,veneri in collegio,marino girolami,gino de santis; ricardo nunez; tito carpi,veneri in collegio,marino girolami,ricardo nunez; tito carpi,veneri in collegio,marino girolami,\N,veneri in collegio,marino girolami,gino de santis; ricardo nunez; tito carpi
tt0061748,the happening,elliot silverstein,frank pierson; james d buchanan; ronald austin,the happening,elliot silverstein,frank pierson,the happening,elliot silverstein,frank pierson; james d buchanan; ronald austin,the happening,elliot silverstein,frank pierson; james d buchanan; ronald austin
tt0062213,\N,\N,\N,\N,\N,\N,shao nu qing,yuen chor,meiping woo,\N,\N,\N
tt0062973,"finders keepers, lovers weepers!",russ meyer,richard zachary,"finders keepers, lovers weepers!",russ meyer,russ meyer,"finders keepers, lovers weepers!",russ meyer,richard zachary; russ meyer,"finders keepers, lovers weepers!",russ meyer,richard zachary
tt0063043,korn's password,waldemar podgorski,henryk kawka; marian struzynski,parole korn,waldemar podgorski,marian reniak,korn's password,waldemar podgorski,\N,korn's password,waldemar podgorski,henryk kawka; jacek fuksiewicz; marian struzynski
tt0063192,sinai commados,raphael nussbaum,\N,sinai commandos,raphael nussbaum,\N,sinai commados,raphael nussbaum,\N,sinai commados,raphael nussbaum,\N
tt0063321,mondo freudo,lee frost,\N,sensuous taboo,lee frost,\N,mondo freudo,lee frost,\N,mondo freudo,lee frost,\N
tt0063344,\N,\N,\N,\N,\N,\N,"ngheu, so, oc, hen",lam truc; xuyen bac,\N,\N,\N,\N
tt0063374,the odd couple,gene saks,neil simon,the odd couple,gene saks,neil simon,the odd couple,gene saks,neil simon,the odd couple,gene saks,neil simon
tt0063398,\N,\N,\N,\N,pawe komorowski,jerzy lutowski,ostatni po bogu,pawe komorowski,\N,ostatni po bogu,pawe komorowski,jerzy lutowski
tt0063567,schusse unterm galgen,horst seemann,horst seemann; wolfgang held,shots under the gallows,horst seemann,\N,schusse unterm galgen,horst seemann,\N,schusse unterm galgen,horst seemann,horst seemann; wolfgang held
tt0063643,"stay away, joe",peter tewksbury,michael a hoey,"stay away, joe",peter tewksbury,michael a hoey,"stay away, joe",peter tewksbury,burt kennedy; dan cushman; michael a hoey,"stay away, joe",peter tewksbury,michael a hoey
tt0063715,spirits of the dead,federico fellini; louis malle; roger vadim,bernardino zapponi; clement biddle wood; federico fellini; louis malle; pascal cousin; roger vadim,spirits of the dead,federico fellini; louis malle; roger vadim,bernardino zapponi; daniel boulanger; federico fellini; louis malle; roger vadim,spirits of the dead,federico fellini; louis malle; roger vadim,edgar allan poe; pascal cousin; roger vadim,spirits of the dead,federico fellini; louis malle; roger vadim,bernardino zapponi; clement biddle wood; daniel boulanger; federico fellini; louis malle; pascal cousin; roger vadim
tt0064046,\N,\N,\N,\N,\N,\N,the assassination of the dog,\N,\N,\N,\N,\N
tt0064120,bloody nitrate,helvio soto,helvio soto,caliche sangriento,helvio soto soto,\N,caliche sangriento,helvio soto,helvio soto,bloody nitrate,helvio soto,helvio soto
tt0064124,a candidate for a killing,jose maria elorrieta,aurelio lopez monis,a candidate for a killing,jose maria elorrieta,\N,a candidate for a killing,jose maria elorrieta,\N,a candidate for a killing,jose maria elorrieta,aurelio lopez monis
tt0064231,the devil's eight,burt topper,james gordon white; john milius; larry gordon; willard huyck,the devil's 8,burt topper,john milius,the devil's 8,burt topper,james gordon white; john milius; willard huyck,the devil's eight,burt topper,james gordon white; john milius; willard huyck
tt0064414,helgalein,herbert ballmann,charly schmitz; herbert ballmann; peter anton,\N,herbert ballmann,\N,helgalein,herbert ballmann,\N,helgalein,herbert ballmann,charly schmitz; herbert ballmann; peter anton
tt0064602,\N,\N,\N,the lost man,robert alan aurthur,robert alan aurthur,the lost man,robert alan aurthur,fl green; robert alan aurthur,the lost man,robert alan aurthur,robert alan aurthur
tt0064610,ludwig on the lookout for a wife,franz seitz junior,franz seitz junior,\N,franz seitz jr,franz seitz jr,ludwig on the lookout for a wife,franz seitz junior,\N,ludwig on the lookout for a wife,franz seitz junior,franz seitz junior
tt0064689,monterey pop,d a pennebaker,\N,monterey pop,d a pennebaker,\N,monterey pop,da pennebaker,\N,monterey pop,d a pennebaker,\N
tt0064893,ring of bright water,jack couffer,bill travers; jack couffer,ring of bright water,jack couffer,\N,ring of bright water,jack couffer,bill travers; gavin maxwell; jack couffer,ring of bright water,jack couffer,bill travers; jack couffer
tt0064934,\N,\N,\N,sappho darling,albert zugsmith,albert zugsmith,sappho darling,albert zugsmith,albert zugsmith,sappho darling,albert zugsmith; gunnar steele,albert zugsmith
tt0065062,ein tag ist schoner als der andere,kurt hoffmann,\N,\N,kurt hoffmann,\N,ein tag ist schoner als der andere,kurt hoffmann,\N,ein tag ist schoner als der andere,kurt hoffmann,\N
tt0065130,turistas y bribones,fernando merino,jaime jesus balcazar; jose maria palacio,turistas y bribones,fernando merino,jaime jesus balcazar,turistas y bribones,fernando merino,\N,turistas y bribones,fernando merino,jaime jesus balcazar
tt0065870,\N,\N,\N,\N,\N,\N,wo bu yao li hun,yuen chor,yuen chor,\N,\N,\N
tt0066056,the man from o.r.g.y.,james hill,ted mark,the man from o.r.g.y.,james hill,\N,the man from o.r.g.y.,james hill,\N,the man from o.r.g.y.,james hill,ted mark
tt0066811,the barefoot executive,robert butler,bernie kahn; joseph l mceveety; lila garrett; stewart c billett,the barefoot executive,robert butler,joseph l mceveety,the barefoot executive,robert butler,\N,the barefoot executive,robert butler,joseph l mceveety
tt0066909,the man from the other side,yuri yegorov,emil braginskiy; vasiliy solovyov; volodja semitjov; yuri yegorov,the man from the other side,yuri yegorov,emil braginsky; vasily solovyov; volodja semitjov; yuri yegorov,the man from the other side,yuri yegorov,\N,the man from the other side,yuri yegorov,emil braginskiy; vasiliy solovyov; volodja semitjov; yuri yegorov
tt0066963,dad's army,norman cohen,david croft; jimmy perry,dad's army,norman cohen,david croft; jimmy perry,dad's army,norman cohen,david croft; jimmy perry,dad's army,norman cohen,david croft; jimmy perry
tt0067012,\N,\N,\N,sleeping beauty,walter beck,\N,sleeping beauty,walter beck,\N,sleeping beauty,walter beck,gudrun deubener; margot beichler; walter beck
tt0067093,fiddler on the roof,norman jewison,joseph stein,fiddler on the roof,norman jewison,joseph stein,fiddler on the roof,norman jewison,arnold perl; joseph stein; sholom aleichem,fiddler on the roof,norman jewison,arnold perl; joseph stein
tt0067274,jo,jean girault,claude magnier,jo,jean girault,claude magnier,jo,jean girault,alec coppel; claude magnier; myra coppel,jo,jean girault,claude magnier; jacques vilfrid; jean girault
tt0067365,the lonely violent beach,ernesto gastaldi,alberto cardone; ernesto gastaldi; vittorio salerno,the lonely violent beach,ernesto gastaldi,ernesto gastaldi,the lonely violent beach,ernesto gastaldi,\N,the lonely violent beach,ernesto gastaldi,ernesto gastaldi
tt0067369,der lusterne turke,michael miller,michael miller,der lusterne turke,michael miller,\N,der lusterne turke,michael miller,michael miller,der lusterne turke,michael miller,michael miller
tt0067477,naughty!,stanley a long,stanley a long; suzanne mercer,naughty!,stanley long,\N,naughty!,stanley a long,stanley a long; suzanne mercer,naughty!,stanley a long,stanley a long; suzanne mercer
tt0067506,la novicia rebelde,luis lucia,jose luis colina; manuel tamayo castro,the rebellious novice,luis lucia mingarro,luis lucia mingarro,la novicia rebelde,luis lucia,armando palacio valdes; jose luis colina; luis lucia,la novicia rebelde,luis lucia,jose luis colina; luis lucia; manuel tamayo castro
tt0067634,the pursuit of happiness,robert mulligan,george l sherman; jon boothe,the pursuit of happiness,robert mulligan,\N,the pursuit of happiness,robert mulligan,george sherman; jon boothe; thomas rogers,the pursuit of happiness,robert mulligan,george l sherman; jon boothe
tt0067796,\N,\N,\N,\N,\N,\N,the story of f,jim babb,jim babb,\N,\N,\N
tt0067800,straw dogs,sam peckinpah,david zelag goodman; sam peckinpah,straw dogs,sam peckinpah,david zelag goodman; sam peckinpah,straw dogs,sam peckinpah,david zelag goodman; gordon williams; sam peckinpah,straw dogs,sam peckinpah,david zelag goodman; sam peckinpah
tt0067922,o vale do canaa,jece valadao,carlos alberto de souza barros; jece valadao; ney modenesi,vale do canaa,jece valadao,\N,o vale do canaa,jece valadao,\N,o vale do canaa,jece valadao,carlos alberto de souza barros; jece valadao; ney modenesi
tt0068502,dr. jekyll & sister hyde,roy ward baker,brian clemens,dr. jekyll and sister hyde,roy ward baker,brian clemens,dr jekyll & sister hyde,roy ward baker,brian clemens; robert louis stevenson,dr. jekyll & sister hyde,roy ward baker,brian clemens
tt0068711,the honkers,steve ihnat,stephen lodge; steve ihnat,the honkers,steve ihnat,\N,the honkers,steve ihnat,\N,the honkers,steve ihnat,stephen lodge; steve ihnat
tt0068944,one billion for a blonde,pedro lazaga sabater,pedro lazaga sabater; santiago moncada,one billion for a blonde,pedro lazaga,\N,one billion for a blonde,pedro lazaga sabater,\N,one billion for a blonde,pedro lazaga sabater,pedro lazaga sabater; santiago moncada
tt0068980,muschimaus mag's grad heraus,hubert frank,hubert frank,muschimaus mag's grad heraus,hubert frank,hubert frank,muschimaus mag's grad heraus,hubert frank,hubert frank,muschimaus mag's grad heraus,hubert frank,hubert frank
tt0069670,\N,\N,\N,\N,\N,\N,abhijaan,sujit singh,\N,\N,\N,\N
tt0069691,alpha,ola balogun,ola balogun,alpha,ola balogun,\N,alpha,ola balogun,\N,alpha,ola balogun,ola balogun
tt0069775,"beautiful, rich, slight physical defect, seeks soulmate",nando cicero,giancarlo fusco; nando cicero; sandro continenza,"bella, ricca, lieve difetto fisico, cerca anima gemella",nando cicero,giancarlo fusco; nando cicero; sandro continenza,"bella, ricca, lieve difetto fisico, cerca anima gemella",nando cicero,gian carlo fusco; nando cicero; sandro continenza,"beautiful, rich, slight physical defect, seeks soulmate",nando cicero,giancarlo fusco; nando cicero; sandro continenza
tt0069995,don't look now,nicolas roeg,allan scott; chris bryant,don't look now,nicolas roeg,allan scott; chris bryant; daphne du maurier,don't look now,nicolas roeg,allan scott; chris bryant; daphne du maurier,don't look now,nicolas roeg,allan scott; chris bryant
tt0070051,heroes two,chang cheh,chang cheh; ni kuang,heroes two,chang cheh,\N,heroes two,cheh chang,cheh chang; kuang ni,heroes two,chang cheh,chang cheh; ni kuang
tt0070183,hit!,sidney j furie,alan trustman; david m wolf,hit!,sidney j furie,alan trustman,hit!,sidney j furie,alan trustman; david m wolf,hit!,sidney j furie,alan trustman; david m wolf
tt0070271,the magic jacket,mihaly szemes,marianne szemes; mihaly szemes,kincskereso kiskodmon,mihaly szemes,marianne szemes; mihaly szemes,kincskereso kiskodmon,mihaly szemes,ferenc mora; marianne szemes; mihaly szemes,the magic jacket,mihaly szemes,marianne szemes; mihaly szemes
tt0070437,bequest to the nation,james cellan jones,terence rattigan,bequest to the nation,james cellan jones,terence rattigan,the nelson affair,james cellan jones,terence rattigan,bequest to the nation,james cellan jones,terence rattigan
tt0070601,\N,\N,\N,repelsteeltje,harry kumel,harry kumel,repelsteeltje,harry kumel,\N,\N,\N,\N
tt0070647,schlo hubertus,harald reinl,werner p zibaso,hubertus castle,harald reinl,werner p zibaso,schlo hubertus,harald reinl,\N,schlo hubertus,harald reinl,werner p zibaso
tt0071308,evil of dracula,michio yamamoto,ei ogawa; masaru takesue,evil of dracula,michio yamamoto,\N,evil of dracula,michio yamamoto,bram stoker; ei ogawa; masaru takesue,evil of dracula,michio yamamoto,ei ogawa; masaru takesue
tt0071733,"lacombe, lucien",louis malle,louis malle; patrick modiano,"lacombe, lucien",louis malle,louis malle; patrick modiano,"lacombe, lucien",louis malle,louis malle; patrick modiano,"lacombe, lucien",louis malle,louis malle; patrick modiano
tt0071762,the little prince,stanley donen,alan jay lerner,the little prince,stanley donen,alan jay lerner,the little prince,stanley donen,alan jay lerner; antoine de saintexupery,the little prince,stanley donen,alan jay lerner
tt0072270,the devil in miss jonas,erwin c dietrich,erwin c dietrich,\N,\N,\N,the devil in miss jonas,erwin c dietrich,christine lembach; erwin c dietrich,the devil in miss jonas,erwin c dietrich,christine lembach; erwin c dietrich
tt0072446,the promised land,andrzej wajda,andrzej wajda,the promised land,andrzej wajda,andrzej wajda; wadysaw reymont,the promised land,andrzej wajda,andrzej wajda; wladyslaw stanislaw reymont,the promised land,andrzej wajda,andrzej wajda
tt0072616,aggro seizeman,brian stuartyoung; james mannas,brian stuartyoung; f hamley case; james mannas,\N,\N,\N,aggro seizeman,brian stuartyoung; james mannas,\N,aggro seizeman,brian stuartyoung; james mannas,brian stuartyoung; james mannas
tt0072676,identification,laszlo lugossy,istvan kardos; luca karall,man without a name,laszlo lugossy,\N,identification,laszlo lugossy,\N,identification,laszlo lugossy,istvan kardos; luca karall
tt0073021,lady inger of ostrat,sverre udns,ase vikene,lady inger of ostrat,sverre udns,ase vikene,lady inger of ostrat,sverre udns,\N,lady inger of ostrat,sverre udns,ase vikene
tt0073519,blood river,gianfranco baldanello,gianfranco baldanello; jose antonio verdugo; mario damiani,blood river,gianfranco baldanello,gianfranco baldanello,blood river,gianfranco baldanello,\N,blood river,gianfranco baldanello,gianfranco baldanello; jose antonio verdugo; mario damiani
tt0073594,four of the apocalypse,lucio fulci,bret harte; ennio de concini,four of the apocalypse,lucio fulci,ennio de concini,the four of the apocalypse...,lucio fulci,bret harte; ennio de concini; lucio fulci,four of the apocalypse,lucio fulci,ennio de concini
tt0074146,holy year,jean girault,jacques vilfrid; louisemile galey,holy year,jean girault,louisemile galey,l'annee sainte,jean girault,alberto piferi; bruno corbucci; louisemile galey,holy year,jean girault,jacques vilfrid; louisemile galey
tt0074166,la aventura explosiva,orestes trucco,salvador valverde calvo,la aventura explosiva,ricardo bauleo,\N,la aventura explosiva,orestes trucco,\N,la aventura explosiva,orestes trucco,salvador valverde calvo
tt0074210,black fist,richard kaye; timothy galfas,andrew maisner; richard kaye; tim kelly,black fist,timothy galfas,tim kelly,black fist,timothy galfas,andrew maisner; richard kaye; tim kelly,black fist,richard kaye; timothy galfas,andrew maisner; richard kaye; tim kelly
tt0074231,the good and the bad,claude lelouch,claude lelouch; pierre uytterhoeven,the good and the bad,claude lelouch,claude lelouch,the good and the bad,claude lelouch,claude lelouch; pierre uytterhoeven,the good and the bad,claude lelouch,claude lelouch; pierre uytterhoeven
tt0074271,heat of the flame,rafael romero marchent,santiago moncada,\N,\N,\N,heat of the flame,rafael romero marchent,\N,heat of the flame,rafael romero marchent,santiago moncada
tt0074420,doctor judym,wodzimierz haupe,andrzej szczypiorski; wodzimierz haupe,doktor judym,wodzimierz haupe,andrzej szczypiorski; wodzimierz haupe,doctor judym,wodzimierz haupe,\N,doctor judym,wodzimierz haupe,andrzej szczypiorski; wodzimierz haupe
tt0074700,italy is rotten,steno,luciano vincenzoni; sergio donati; steno,l'italia s'e rotta,steno,luciano vincenzoni; sergio donati; steno,italy is rotten,steno,\N,italy is rotten,steno,luciano vincenzoni; sergio donati; steno
tt0074883,maitresse,barbet schroeder,barbet schroeder; paul voujargol,maitresse,barbet schroeder,barbet schroeder,mistress,barbet schroeder,barbet schroeder; paul voujargol,maitresse,barbet schroeder,barbet schroeder; paul voujargol
tt0075018,the opening of misty beethoven,radley metzger,radley metzger,the opening of misty beethoven,radley metzger,radley metzger,the opening of misty beethoven,radley metzger,radley metzger,the opening of misty beethoven,radley metzger,radley metzger
tt0075019,operation: daybreak,lewis gilbert,ronald harwood,operation daybreak,lewis gilbert,ronald harwood,operation daybreak,lewis gilbert,alan burgess; ronald harwood,operation: daybreak,lewis gilbert,ronald harwood
tt0075210,the sleeping lion,mahmoud kushan,esmail koushan; jamshid sedaghat nejad,the sleeping lion,esmail koushan; mahmoud koushan,esmail koushan,the sleeping lion,mahmoud kushan,\N,the sleeping lion,mahmoud kushan,esmail koushan; jamshid sedaghat nejad
tt0075243,son nom de venise dans calcutta desert,marguerite duras,marguerite duras,her venetian name in deserted calcutta,\N,\N,her venetian name in deserted calcutta,marguerite duras,marguerite duras,son nom de venise dans calcutta desert,marguerite duras,marguerite duras
tt0076029,fire sale,alan arkin,robert klane,fire sale,alan arkin,robert klane,fire sale,alan arkin,\N,fire sale,alan arkin,robert klane
tt0076339,luto riguroso,jose ramon larraz,jose ramon larraz,\N,\N,\N,luto riguroso,jose ramon larraz,jose ramon larraz,luto riguroso,jose ramon larraz,jose ramon larraz
tt0076415,guardian of the wilderness,david omalley,casey conlon; david omalley,guardian of the wilderness,david omalley,david omalley,guardian of the wilderness,david omalley,\N,guardian of the wilderness,david omalley,casey conlon; david omalley
tt0076552,the fight in the taiga,ivan lukinsky; vladimir zlatoustovsky,nikolai figurovsky,\N,vladimir zlatoustovsky,nikolai figurovsky,the fight in the taiga,ivan lukinsky; vladimir zlatoustovsky,\N,the fight in the taiga,ivan lukinsky; vladimir zlatoustovsky,nikolai figurovsky
tt0076660,death duel,chor yuen,chor yuen; gu long,death duel,chor yuen,chor yuen,death duel,yuen chor,lung ku; yuen chor,death duel,chor yuen,chor yuen
tt0076687,sertorio,antonio faria,pierre corneille,\N,\N,\N,sertorio,antonio faria,\N,sertorio,antonio faria,\N
tt0076688,servant and mistress,bruno gantillon,dominique fabre; frantzandre burguet,servant and mistress,bruno gantillon,\N,servant and mistress,bruno gantillon,bruno gantillon; dominique fabre; franzandre burguet,servant and mistress,bruno gantillon,dominique fabre; frantzandre burguet
tt0076873,"the virgo, the taurus and the capricorn",luciano martino,cesare frugoni; francesco milizia; luciano martino,"the virgo, the taurus and the capricorn",luciano martino,cesare frugoni; francesco milizia; luciano martino,"the virgo, the taurus and the capricorn",luciano martino,cesare frugoni; francesco milizia; luciano martino,"the virgo, the taurus and the capricorn",luciano martino,cesare frugoni; francesco milizia; luciano martino
tt0077581,the woman across the way,hans noever,hans noever,\N,hans noever,hans noever,the woman across the way,hans noever,\N,the woman across the way,hans noever,hans noever
tt0077831,"dirty tiger, crazy frog",karl maka,eric tsang chiwai; karl maka,"dirty tiger, crazy frog",karl maka,\N,"dirty tiger, crazy frog",karl maka,eric tsang; karl maka,"dirty tiger, crazy frog",karl maka,eric tsang chiwai; karl maka
tt0077875,\N,\N,\N,\N,\N,\N,koo rak,pornpoj kanitkasen,\N,\N,\N,\N
tt0077940,naked sicilian wife,andrea bianchi,adriano lazzaro,\N,andrea bianchi,\N,moglie nuda e siciliana,andrea bianchi,adriano lazzaro,naked sicilian wife,andrea bianchi,adriano lazzaro
tt0078023,the sun of death,dinos dimopoulos,\N,\N,\N,\N,the sun of death,dinos dimopoulos,\N,the sun of death,dinos dimopoulos,\N
tt0078026,the olsen gang goes to war,erik balling,erik balling; henning bahs,the olsen gang goes to war,\N,henning bahs,the olsen gang goes to war,erik balling,erik balling; henning bahs,the olsen gang goes to war,erik balling,erik balling; henning bahs
tt0078205,scared straight!,arnold shapiro,arnold shapiro,scared straight!,arnold shapiro,arnold shapiro,scared straight!,arnold shapiro,arnold shapiro,scared straight!,arnold shapiro,arnold shapiro
tt0078244,shaolin invincible guys,raymond lui,raymond lui,\N,\N,\N,shaolin invincible guys,raymond lui,\N,shaolin invincible guys,raymond lui,raymond lui
tt0078284,smokey and the good time outlaws,alexander grasshoff,frank q dobbs; jesse turner; robert walsh,\N,\N,\N,smokey and the good time outlaws,alexander grasshoff,\N,smokey and the good time outlaws,alexander grasshoff,frank q dobbs; robert walsh
tt0078928,california dreaming,john d hancock,ned wynn,california dreaming,john d hancock,\N,california dreaming,john d hancock,ned wynn,california dreaming,john d hancock,ned wynn
tt0079094,eagle's wing,anthony harvey,john briley; michael syson,eagle's wing,anthony harvey,john briley,eagle's wing,anthony harvey,john briley; michael syson,eagle's wing,anthony harvey,john briley
tt0079098,ek din pratidin,mrinal sen,mrinal sen,ek din pratidin,mrinal sen,mrinal sen,ek din pratidin,mrinal sen,\N,ek din pratidin,mrinal sen,mrinal sen
tt0079224,the golden lady,jose ramon larraz,joshua sinclair,the golden lady,jose ramon larraz,joshua sinclair,the golden lady,jose ramon larraz,\N,the golden lady,jose ramon larraz,joshua sinclair
tt0079571,glowing autumn,masaki kobayashi,shun inagaki,glowing autumn,masaki kobayashi,\N,glowing autumn,masaki kobayashi,\N,glowing autumn,masaki kobayashi,shun inagaki
tt0079648,nutcracker fantasy,takeo nakamura,shintaro tsuji,nutcracker fantasy,takeo nakamura,\N,nutcracker fantasy,takeo nakamura,eta hoffmann; shintaro tsuji; thomas joachim,nutcracker fantasy,takeo nakamura,shintaro tsuji
tt0079815,rockers,ted bafaloukos,ted bafaloukos,rockers,theodoros bafaloukos,theodoros bafaloukos,rockers,ted bafaloukos,ted bafaloukos,rockers,ted bafaloukos,ted bafaloukos
tt0080072,the morning round,aida manasarova,anatoli grebnev,\N,aida manasarova,\N,the morning round,aida manasarova,\N,the morning round,aida manasarova,anatoli grebnev
tt0080416,\N,\N,\N,\N,\N,\N,baranski,werner masten,klaus eichhammer; michael breining; werner masten,\N,\N,\N
tt0080451,blue ecstasy,kemal horulu,jack parro,\N,\N,\N,blue ecstasy,kemal horulu,\N,blue ecstasy,kemal horulu,jack parro
tt0080492,can't stop the music,nancy walker,allan carr; bronte woodard,can't stop the music,nancy walker,allan carr; bronte woodard,can't stop the music,nancy walker,allan carr; bronte woodard,can't stop the music,nancy walker,allan carr; bronte woodard
tt0080646,don't go in the house,joseph ellison,ellen hammill; joe masefield; joseph ellison,don't go in the house,joseph ellison,\N,don't go in the house,joseph ellison,ellen hammill; joe masefield; joseph ellison,don't go in the house,joseph ellison,ellen hammill; joe masefield; joseph ellison
tt0080660,three swedes on the reeperbahn,walter boos,george elmer,nympho girls,walter boos,\N,drei schwedinnen auf der reeperbahn,walter boos,george elmer,three swedes on the reeperbahn,walter boos,george elmer
tt0080698,esthappan,govindan aravindan,govindan aravindan; isaac thomas kottukappally; kavalam narayana panicker,esthappan,g aravindan,g aravindan,esthappan,govindan aravindan,\N,esthappan,govindan aravindan,govindan aravindan; isaac thomas kottukappally; kavalam narayana panicker
tt0080773,the gamekeeper,ken loach,barry hines; ken loach,the gamekeeper,ken loach,ken loach,the gamekeeper,ken loach,barry hines; ken loach,the gamekeeper,ken loach,barry hines; ken loach
tt0081053,the life and times of rosie the riveter,connie field,\N,the life and times of rosie the riveter,connie field,\N,the life and times of rosie the riveter,connie field,\N,the life and times of rosie the riveter,connie field,\N
tt0081267,"ogaryova street, number 6",boris grigorev,yulian semyonov,"ogaryova street, number 6",boris grigoryev,yulian semyonov,"ogaryova street, number 6",boris grigorev,\N,"ogaryova street, number 6",boris grigorev,yulian semyonov
tt0082370,the woman next door,francois truffaut,francois truffaut; jean aurel; suzanne schiffman,the woman next door,francois truffaut,francois truffaut; jean aurel; suzanne schiffman,the woman next door,francois truffaut,francois truffaut; jean aurel; suzanne schiffman,the woman next door,francois truffaut,francois truffaut; jean aurel; suzanne schiffman
tt0082422,fruits of passion,shuji terayama,dominique aury; rio kishida; shuji terayama,fruits of passion,shuji terayama,anne desclos; shuji terayama,fruits of passion,shuji terayama,dominique aury; rio kishida; shuji terayama,fruits of passion,shuji terayama,dominique aury; rio kishida; shuji terayama
tt0082763,modern problems,ken shapiro,arthur sellers; ken shapiro; tom sherohman,modern problems,ken shapiro,\N,modern problems,ken shapiro,arthur sellers; ken shapiro; tom sherohman,modern problems,ken shapiro,arthur sellers; ken shapiro; tom sherohman
tt0082871,outside in,stephen dwoskin,stephen dwoskin,outside in,stephen dwoskin,\N,outside in,stephen dwoskin,\N,outside in,stephen dwoskin,stephen dwoskin
tt0082894,pennies from heaven,herbert ross,dennis potter,pennies from heaven,herbert ross,dennis potter,pennies from heaven,herbert ross,dennis potter,pennies from heaven,herbert ross,dennis potter
tt0083046,la segunda guerra de los ninos,javier aguirre,javier aguirre,\N,\N,\N,la segunda guerra de los ninos,javier aguirre,javier aguirre; luis castro; luis murillo,la segunda guerra de los ninos,javier aguirre,javier aguirre
tt0083708,once upon a rainbow,agnes ng,hoh hongkiu; kenneth yee; lo mansang; wong karwai,once upon a rainbow,agnes ng,\N,once upon a rainbow,agnes ng,\N,once upon a rainbow,agnes ng,hoh hongkiu; kenneth yee; lo mansang; wong karwai
tt0083719,hooray for divorce!,juan bosch,juan bosch,\N,\N,\N,hooray for divorce!,juan bosch,\N,hooray for divorce!,juan bosch,juan bosch
tt0084013,waves,annette apon,annette apon,golven,annette apon,annette apon,waves,annette apon,\N,waves,annette apon,annette apon
tt0084075,eternal monument,tadashi imai,yoko mizuki,himeyuri no to,tadashi imai,\N,eternal monument,tadashi imai,\N,eternal monument,tadashi imai,yoko mizuki
tt0084545,pronto... lucia,ciro ippolito,ciro ippolito; massimo franciosa,\N,ciro ippolito,ciro ippolito; massimo franciosa,pronto... lucia,ciro ippolito,ciro ippolito; massimo franciosa,pronto... lucia,ciro ippolito,ciro ippolito; massimo franciosa
tt0084675,shoot the moon,alan parker,bo goldman,shoot the moon,alan parker,bo goldman,shoot the moon,alan parker,bo goldman,shoot the moon,alan parker,bo goldman
tt0084709,spaghetti house,giulio paradisi,agenore incrocci; furio scarpelli,spaghetti house,giulio paradisi,age scarpelli; agenore incrocci; furio scarpelli; nino manfredi; peter barnes,spaghetti house,giulio paradisi,agenore incrocci; furio scarpelli; peter barnes,spaghetti house,giulio paradisi,agenore incrocci; furio scarpelli; giulio paradisi; nino manfredi
tt0084727,stark raving mad,george hood,don gronquist,stark raving mad,george hood,\N,stark raving mad,george hood,\N,stark raving mad,george hood,don gronquist
tt0084959,perche non facciamo l'amore,maurizio lucidi,francisco lara polop; sandro continenza,perche non facciamo l'amore?,maurizio lucidi,sandro continenza,perche non facciamo l'amore?,maurizio lucidi,francisco lara polop; sandro continenza,perche non facciamo l'amore,maurizio lucidi,francisco lara polop; sandro continenza
tt0085220,bearn,jaime chavarri,lola salvador,bearn o la sala de las munecas,jaime chavarri,\N,bearn,jaime chavarri,\N,bearn,jaime chavarri,lola salvador
tt0085496,dark habits,pedro almodovar,pedro almodovar,dark habits,pedro almodovar,pedro almodovar,dark habits,pedro almodovar,pedro almodovar,dark habits,pedro almodovar,pedro almodovar
tt0085625,grunt!,andy luotto,andy luotto; giorgio faletti,grunt!,andy luotto,andy luotto; giorgio faletti,grunt!,andy luotto,andy luotto; giorgio faletti,grunt!,andy luotto,andy luotto; giorgio faletti
tt0085835,pharos of chaos,manfred blank; wolfeckart buhler,hella kothmann,leuchtturm des chaos,manfred blank; wolfeckart buhler,\N,pharos of chaos,manfred blank; wolfeckart buhler,hella kothmann; sterling hayden,pharos of chaos,manfred blank; wolfeckart buhler,hella kothmann
tt0086088,lady football,nando cicero,francesco milizia; luciano martino; nando cicero,paulo roberto cotechino centravanti di sfondamento,nando cicero,francesco milizia; nando cicero,paulo roberto cotechino centravanti di sfondamento,nando cicero,francesco milizia; luciano martino; nando cicero,lady football,nando cicero,francesco milizia; nando cicero
tt0086525,valley girl,martha coolidge,andrew lane; wayne crawford,valley girl,martha coolidge,\N,valley girl,martha coolidge,andrew lane; wayne crawford,valley girl,martha coolidge,andrew lane; wayne crawford
tt0086930,bad girls dormitory,tim kincaid,tim kincaid,\N,\N,\N,bad girls dormitory,tim kincaid,tim kincaid,bad girls dormitory,tim kincaid,tim kincaid
tt0087368,cargo with no markings,vladimir popkov,volodymyr mazur,\N,vladimir popkov,\N,cargo with no markings,vladimir popkov,\N,cargo with no markings,vladimir popkov,volodymyr mazur
tt0087431,la hoz y el martinez,alvaro saenz de heredia,alvaro saenz de heredia,la hoz y el martinez,alvaro saenz de heredia,alvaro saenz de heredia,la hoz y el martinez,alvaro saenz de heredia,\N,la hoz y el martinez,alvaro saenz de heredia,alvaro saenz de heredia
tt0087442,the chieftain,terje kristiansen,terje kristiansen,the chieftain,terje kristiansen,\N,the chieftain,terje kristiansen,\N,the chieftain,terje kristiansen,terje kristiansen
tt0087486,isabel on the stairs,hannelore unterberg,hannelore unterberg; waltraud lewin,isabel on the stairs,hannelore unterberg,\N,isabel on the stairs,hannelore unterberg,\N,isabel on the stairs,hannelore unterberg,hannelore unterberg; waltraud lewin
tt0087493,jack 'n jill 2,chuck vincent,chuck vincent; rick marx,\N,\N,\N,jack 'n jill 2,chuck vincent,\N,jack 'n jill 2,chuck vincent,chuck vincent; rick marx
tt0087636,israel forever,assi dayan,assi dayan,am yisrael hai,assi dayan,assi dayan,israel forever,assi dayan,\N,israel forever,assi dayan,assi dayan
tt0087751,mrs. soffel,gillian armstrong,ron nyswaner,mrs. soffel,gillian armstrong,ron nyswaner,mrs. soffel,gillian armstrong,ron nyswaner,mrs. soffel,gillian armstrong,ron nyswaner
tt0087795,night patrol,jackie kong,bill osco; jackie kong; murray langston; william a levey,night patrol,jackie kong,jackie kong,night patrol,jackie kong,bill osco; murray langston; william a levey,night patrol,jackie kong,bill osco; jackie kong; murray langston; william a levey
tt0088196,streetwise,martin bell,cheryl mccall,streetwise,martin bell,\N,streetwise,martin bell,cheryl mccall,streetwise,martin bell,\N
tt0088371,the red countess,andras kovacs,mihalyne karolyi,the red countess,andras kovacs,andras kovacs,the red countess,andras kovacs,\N,the red countess,andras kovacs,mihalyne karolyi
tt0088717,l'amour propre ne le reste jamais tres longtemps,martin veyron,martin veyron,\N,martin veyron,\N,l'amour propre ne le reste jamais tres longtemps,martin veyron,martin veyron,l'amour propre ne le reste jamais tres longtemps,martin veyron,martin veyron
tt0088785,beinahe trinidad,oliver storz,\N,\N,\N,\N,beinahe trinidad,oliver storz,\N,beinahe trinidad,oliver storz,\N
tt0088834,\N,\N,\N,\N,\N,\N,boku-chan no senjo,yutaka osawa,\N,\N,\N,\N
tt0088902,charley,theo van gogh,theo van gogh,\N,theo van gogh,theo van gogh,charley,theo van gogh,theo van gogh,charley,theo van gogh,theo van gogh
tt0088981,working class,tsui hark,chan gamkuen,da gung wong dai,tsui hark,\N,working class,hark tsui,kankuen chan,working class,tsui hark,chan gamkuen
tt0089623,woman requiem,park cheolsu,\N,mother,park cheolsu,kim soohyun,woman requiem,park cheolsu,\N,woman requiem,park cheolsu,\N
tt0089774,the lost paradise,basilio martin patino,basilio martin patino,the lost paradise,basilio martin patino,\N,the lost paradise,basilio martin patino,\N,the lost paradise,basilio martin patino,basilio martin patino
tt0089839,private resort,george bowers,alan wenkus; gordon mitchell; ken segall,private resort,george bowers,gordon mitchell,private resort,george bowers,alan wenkus; gordon mitchell; ken segall,private resort,george bowers,gordon mitchell
tt0090001,wonder season,georgi yungvaldkhilkevich,sergei abramov,\N,georgi yungvaldkhilkevich,sergey abramov,wonder season,georgi yungvaldkhilkevich,\N,wonder season,georgi yungvaldkhilkevich,sergei abramov
tt0090011,it's a drink! it's a bomb!,david chung,tsang kancheong,it's a drink! it's a bomb!,\N,\N,it's a drink! it's a bomb!,david chung,kancheung tsang,it's a drink! it's a bomb!,david chung,tsang kancheong
tt0090205,sadness and beauty,joy fleury,joy fleury; pierre grillet,\N,joy fleury,\N,sadness and beauty,joy fleury,\N,sadness and beauty,joy fleury,joy fleury; pierre grillet
tt0090351,yerma,barna kabay; imre gyongyossy,barna kabay; federico garcia lorca; imre gyongyossy; katalin petenyi,yerma,barna kabay; imre gyongyossy,\N,yerma,barna kabay; imre gyongyossy,barna kabay; federico garcia lorca; imre gyongyossy,yerma,barna kabay; imre gyongyossy,barna kabay; imre gyongyossy; katalin petenyi
tt0090645,anjaam,t hariharan,\N,\N,\N,\N,anjaam,t hariharan,\N,anjaam,t hariharan,\N
tt0090689,ballad of dog beach,jose fonseca e costa,antonio larreta; jose cardoso pires; jose fonseca e costa; pedro bandeirafreire,a balada de praia do caes,jose fonseca e costa,antonio larreta,ballad of dog beach,jose fonseca e costa,jose cardoso pires; jose fonseca e costa; pedro bandeirafreire,ballad of dog beach,jose fonseca e costa,antonio larreta; jose cardoso pires; jose fonseca e costa; pedro bandeirafreire; shawn slovo
tt0091389,"the twenties, the thirties",janusz rzeszewski,micha komar; ryszard marek gronski,"lata dwudzieste, lata trzydzieste",janusz rzeszewski,micha komar,"the twenties, the thirties",janusz rzeszewski,\N,"the twenties, the thirties",janusz rzeszewski,micha komar; ryszard marek gronski
tt0091540,the devils of monza,luciano odorisio,carlo lizzani; gino capone; luciano odorisio; piero chiara,devils of monza,luciano odorisio,carlo lizzani,the devils of monza,luciano odorisio,carlo lizzani; gino capone; luciano odorisio,the devils of monza,luciano odorisio,carlo lizzani; gino capone; luciano odorisio; piero chiara
tt0091729,pasos largos (el ultimo bandido andaluz),rafael moreno alba,rafael moreno alba,\N,\N,\N,pasos largos: el ultimo bandido andaluz,rafael moreno alba,rafael moreno alba,pasos largos (el ultimo bandido andaluz),rafael moreno alba,rafael moreno alba
tt0092051,escape from coral cove,terence chang,terence chang,\N,\N,\N,escape from coral cove,terence chang,\N,escape from coral cove,terence chang,terence chang
tt0092088,three daughters,candida royalle,candida royalle,\N,\N,\N,three daughters,candida royalle,candida royalle,three daughters,candida royalle,candida royalle
tt0092513,adventures in babysitting,chris columbus,david simkins,adventures in babysitting,chris columbus,david simkins,adventures in babysitting,chris columbus,david simkins,adventures in babysitting,chris columbus,david simkins
tt0092574,appeal,valeriy guryanov,eduard volodarskiy,\N,valeriy guryanov,eduard volodarsky,appeal,valeriy guryanov,\N,appeal,valeriy guryanov,eduard volodarskiy
tt0092682,"bocca bianca, bocca nera",arduino sacco; renato polselli,\N,\N,arduino sacco,arduino sacco,"bocca bianca, bocca nera",arduino sacco; renato polselli,\N,\N,\N,\N
tt0092906,dolls,stuart gordon,ed naha,dolls,stuart gordon,ed naha,dolls,stuart gordon,ed naha,dolls,stuart gordon,ed naha
tt0092946,shadows of the peacock,phillip noyce,jan sharp,echoes of paradise,phillip noyce,\N,echoes of paradise,phillip noyce,anne brooksbank; jan sharp,shadows of the peacock,phillip noyce,jan sharp
tt0092964,empire state,ron peck,mark ayres; ron peck,empire state,ron peck,\N,empire state,ron peck,\N,empire state,ron peck,mark ayres; ron peck
tt0093002,fakta homma,jukka virtanen,eija vilpas; riitta havukainen; taneli makela,fakta homma,jukka virtanen,\N,fakta homma,jukka virtanen,\N,fakta homma,jukka virtanen,eija vilpas; riitta havukainen; taneli makela
tt0093183,the hero's journey: the world of joseph campbell,janelle balnicke,\N,the hero's journey,david kennard; janelle balnicke,\N,the hero's journey: the world of joseph campbell,david kennard; janelle balnicke,janelle balnicke; phil cousineau; william free,the hero's journey: the world of joseph campbell,janelle balnicke,\N
tt0093291,how poets are enjoying their lives,dusan klein,dusan klein; ladislav pechacek,how poets are enjoying their lives,dusan klein,dusan klein; ladislav pechacek,jak basnikum chutna zivot,dusan klein,dusan klein; ladislav pechacek,how poets are enjoying their lives,dusan klein,dusan klein; ladislav pechacek
tt0093321,juillet en septembre,sebastien japrisot,\N,juillet en septembre,sebastien japrisot,sebastien japrisot,juillet en septembre,sebastien japrisot,\N,juillet en septembre,sebastien japrisot,\N
tt0093336,the cat,dominik graf,christoph fromm; uwe erichsen,the cat,dominik graf,uwe erichsen,the cat,dominik graf,christoph fromm; uwe erichsen,the cat,dominik graf,christoph fromm; uwe erichsen
tt0093418,like father like son,rod daniel,david hoselton; lorne cameron; steve bloom,like father like son,rod daniel,\N,like father like son,rod daniel,david hoselton; lorne cameron; steve bloom,like father like son,rod daniel,david hoselton; lorne cameron; steve bloom
tt0093778,the princess academy,bruce a block,sandra weintraub,the princess academy,bruce a block,sandra weintraub,the princess academy,bruce a block,\N,the princess academy,bruce a block,sandra weintraub
tt0093804,seven years itch,johnnie to,raymond wong pakming,seven years itch,johnnie to,wong pak ming,seven years itch,johnnie to,\N,seven years itch,johnnie to,raymond wong pakming
tt0093810,the dear lilas,artur semedo,artur semedo; herman jose; joao lopes,o querido lilas,artur semedo,\N,the dear lilas,artur semedo,\N,the dear lilas,artur semedo,artur semedo; herman jose; joao lopes
tt0094023,stacking,martin rosen,victoria jenkins,stacking,martin rosen,\N,stacking,martin rosen,\N,stacking,martin rosen,victoria jenkins
tt0094818,bush shrink,ivan hall,bruce keating; richard schiller,\N,\N,\N,bush shrink,ivan hall,\N,bush shrink,ivan hall,bruce keating; richard schiller
tt0094822,baton rouge,rafael moleon,agustin diaz yanes; rafael moleon,baton rouge,rafael moleon gavilanes,agustin diaz yanes,baton rouge,rafael moleon,\N,baton rouge,rafael moleon,agustin diaz yanes; rafael moleon
tt0095120,evil laugh,dominick brascia,dominick brascia; steven baio,evil laugh,dominick brascia,\N,evil laugh,dominick brascia,\N,evil laugh,dominick brascia,dominick brascia; steven baio
tt0095363,in dangerous company,ruben preuss,mitch brown,in dangerous company,\N,\N,in dangerous company,ruben preuss,mitch brown,in dangerous company,ruben preuss,mitch brown
tt0095423,kadaicha,james bogle,ian coughlan,kadaicha,james bogle,\N,kadaicha,james bogle,\N,kadaicha,james bogle,ian coughlan
tt0095435,\N,\N,\N,\N,\N,\N,kein liebeslied an osterreich,hermann peseckas,\N,\N,\N,\N
tt0095493,last platoon,ignazio dolce,tito carpi,last platoon,ignazio dolce,tito carpi,last platoon,ignazio dolce,tito carpi,last platoon,ignazio dolce,tito carpi
tt0095582,nailcruncher,moshe mizrahi,moshe mizrahi,mangeclous,moshe mizrahi,albert cohen,nailcruncher,moshe mizrahi,\N,nailcruncher,moshe mizrahi,moshe mizrahi
tt0095811,pacto de sangre,malena roncayolo,diana lichy,\N,\N,\N,pacto de sangre,malena roncayolo,\N,pacto de sangre,malena roncayolo,diana lichy
tt0096180,stormy monday,mike figgis,mike figgis,stormy monday,mike figgis,mike figgis,stormy monday,mike figgis,mike figgis,stormy monday,mike figgis,mike figgis
tt0096223,tapeheads,bill fishman,bill fishman; jim herzfeld; peter mccarthy; ryan rowe,tapeheads,bill fishman,bill fishman,tapeheads,bill fishman,bill fishman; jim herzfeld; peter mccarthy,tapeheads,bill fishman,bill fishman; peter mccarthy
tt0096386,life is a long quiet river,etienne chatiliez,etienne chatiliez; florence quentin,life is a long quiet river,etienne chatiliez,etienne chatiliez; florence quentin,life is a long quiet river,etienne chatiliez,etienne chatiliez; florence quentin,life is a long quiet river,etienne chatiliez,etienne chatiliez; florence quentin
tt0096744,84 charlie mopic,patrick sheane duncan,patrick sheane duncan,84c mopic,patrick sheane duncan,patrick sheane duncan,84c mopic,patrick sheane duncan,patrick sheane duncan,84 charlie mopic,patrick sheane duncan,patrick sheane duncan
tt0096917,beverly hills bodysnatchers,jonathan mostow,jonathan mostow; pk simonds,beverly hills bodysnatchers,jonathan mostow,\N,beverly hills bodysnatchers,jonathan mostow,jonathan mostow; pk simonds,beverly hills bodysnatchers,jonathan mostow,\N
tt0096944,blind fear,tom berry,sergio altieri,blind fear,tom berry,\N,blind fear,tom berry,sergio altieri,blind fear,tom berry,sergio altieri
tt0097020,time of the servants,irena pavlaskova,irena pavlaskova,time of the servants,irena pavlaskova,irena pavlaskova,time of the servants,irena pavlaskova,\N,time of the servants,irena pavlaskova,irena pavlaskova
tt0097129,crossing the line,gary graver,james ryan; rick marcus,\N,\N,\N,crossing the line,gary graver,james ryan; rick marcus,crossing the line,gary graver,rick marcus
tt0097144,codename cougar,yang fengliang; zhang yimou,cheng shiqing,codename cougar,yang fengliang; zhang yimou,cheng shiqing,codename cougar,yang fengliang; zhang yimou,\N,codename cougar,yang fengliang; zhang yimou,cheng shiqing
tt0097241,\N,\N,\N,\N,\N,\N,drunk,hubert sielecki,\N,\N,\N,\N
tt0097348,the unmatchable match,parkman wong pakman,andy liu chikeung; james fung shuihung; parkman wong pakman,the unmatchable match,parkman raphael wong,\N,the unmatchable match,parkman wong,andy chi keung liu; james fung; parkman wong,the unmatchable match,parkman wong pakman,andy liu chikeung; james fung shuihung; parkman wong pakman
tt0097474,halloween 5: the revenge of michael myers,dominique otheningirard,dominique otheningirard; michael jacobs; shem bitterman,halloween 5: the revenge of michael myers,dominique otheningirard,dominique otheningirard; john carpenter,halloween 5: the revenge of michael myers,dominique otheningirard,debra hill; john carpenter; michael jacobs,halloween 5: the revenge of michael myers,dominique otheningirard,dominique otheningirard; michael jacobs; shem bitterman
tt0097477,"hanna monster, darling",christian berger,christian berger,\N,\N,\N,"hanna monster, liebling",christian berger,christian berger,"hanna monster, darling",christian berger,christian berger
tt0097624,into the night,lo kin,lo kin,\N,\N,\N,into the night,lo kin,\N,into the night,lo kin,lo kin
tt0098409,suivez cet avion,patrice ambard,\N,suivez cet avion,patrice ambard,alain eteve; patrice ambard,suivez cet avion,patrice ambard,\N,suivez cet avion,patrice ambard,\N
tt0098437,the winter war,pekka parikka,antti tuuri; pekka parikka,the winter war,pekka parikka,antti tuuri; pekka parikka,the winter war,pekka parikka,antti tuuri; pekka parikka,the winter war,pekka parikka,antti tuuri; pekka parikka
tt0098687,all night long,peter mak taikit,chi gagoh; muk baakji; peter mak taikit,\N,\N,\N,all night long,peter mak taikit,\N,all night long,peter mak taikit,chi gagoh; muk baakji; peter mak taikit
tt0099498,empire of the dark,steve barkett,steve barkett,empire of the dark,\N,\N,empire of the dark,steve barkett,steve barkett,empire of the dark,steve barkett,steve barkett
tt0099593,the fool,christine edzard,christine edzard; olivier stockman,the fool,christine edzard,\N,the fool,christine edzard,christine edzard; olivier stockman,the fool,christine edzard,christine edzard; olivier stockman
tt0099689,gosses de rio,thierry michel,\N,\N,\N,\N,gosses de rio,thierry michel,\N,gosses de rio,thierry michel,\N
tt0099871,jacob's ladder,adrian lyne,bruce joel rubin,jacob's ladder,adrian lyne,bruce joel rubin,jacob's ladder,adrian lyne,bruce joel rubin,jacob's ladder,adrian lyne,bruce joel rubin
tt0100031,lisa,gary sherman,gary sherman; karen clark,lisa,gary sherman,karen clark,lisa,gary sherman,gary sherman; karen clark,lisa,gary sherman,gary sherman; karen clark
tt0100045,lung fung restaurant,poon mankit,clarence yip waichung; hau chikeung,lung fung restaurant,poon mankit,\N,lung fung restaurant,poon mankit,\N,lung fung restaurant,poon mankit,clarence yip waichung; hau chikeung
tt0100301,opportunity knocks,donald petrie,mitchel katlin; nat bernstein,opportunity knocks,donald petrie,\N,opportunity knocks,donald petrie,mitchel katlin; nat bernstein,opportunity knocks,donald petrie,mitchel katlin; nat bernstein
tt0100362,die philosophie der ameise: die geschichte der letzten menschheit hat begonnen,michael satzinger,\N,\N,\N,\N,philosophie der ameise: die geschichte der letzten menschheit hat begonnen,michael satzinger,\N,die philosophie der ameise: die geschichte der letzten menschheit hat begonnen,michael satzinger,\N
tt0100420,the king's trial,joao mario grilo,colin thiele; daniel arasse; joao mario grilo,the king's trial,joao mario grilo,colin thiele; joao mario grilo,the king's trial,joao mario grilo,\N,the king's trial,joao mario grilo,colin thiele; daniel arasse; joao mario grilo
tt0100707,streets,katt shea,andy ruben; katt shea,streets,katt shea,\N,streets,katt shea,andy ruben; katt shea,streets,katt shea,andy ruben; katt shea
tt0100820,tsugumi,jun ichikawa,jun ichikawa,tugumi,jun ichikawa,\N,tsugumi,jun ichikawa,\N,tsugumi,jun ichikawa,jun ichikawa
tt0100836,sandra,franck landron,\N,\N,franck landron,\N,sandra,franck landron,\N,sandra,franck landron,\N
tt0100915,\N,\N,\N,what the moon saw,pino amenta,frank howson,what the moon saw,pino amenta,\N,what the moon saw,pino amenta,frank howson
tt0101262,\N,\N,\N,aasmaan se gira,\N,\N,aasmaan se gira,pankaj parashar,\N,aasmaan se gira,pankaj parashar,pankaj parashar
tt0101284,akayla,ramesh sippy,salim khan,akayla,ramesh sippy,salim khan,akayla,ramesh sippy,salim khan,akayla,ramesh sippy,salim khan
tt0101526,children of nature,fridrik thor fridriksson,einar mar gumundsson; fridrik thor fridriksson,children of nature,fririk or fririksson,einar mar gumundsson; fririk or fririksson,children of nature,fridrik thor fridriksson,\N,children of nature,fridrik thor fridriksson,einar mar gumundsson; fridrik thor fridriksson
tt0101745,doc hollywood,michael catonjones,daniel pyne; jeffrey price; peter s seaman,doc hollywood,michael catonjones,daniel pyne; jeffrey price; peter s seaman,doc hollywood,michael catonjones,jeffrey price; laurian leggett; neil b shulman,doc hollywood,michael catonjones,daniel pyne; jeffrey price; laurian leggett; peter s seaman
tt0101847,the fabulous voyage of the angel,jean pierre lefebvre,jean pierre lefebvre; normand desjardins,the fabulous voyage of the angel,jean pierre lefebvre,jean pierre lefebvre,the fabulous voyage of the angel,jean pierre lefebvre,\N,the fabulous voyage of the angel,jean pierre lefebvre,jean pierre lefebvre; normand desjardins
tt0101955,the giving,eames demetrios,eames demetrios,\N,\N,\N,the giving,eames demetrios,\N,the giving,eames demetrios,eames demetrios
tt0102278,flying machines versus mr. samochodzik,janusz kidawa,janusz kidawa,flying machines against mr. motor car,janusz kidawa,janusz kidawa,flying machines versus mr. samochodzik,janusz kidawa,\N,flying machines versus mr. samochodzik,janusz kidawa,janusz kidawa
tt0102540,\N,\N,\N,\N,\N,\N,nix multikulti,hannes zimmermann; marion wiesinger,\N,\N,\N,\N
tt0102608,"hotel ""eden""",vladimir lyubomudrov,anatoli galiyev; vladimir lyubomudrov,\N,vladimir lubomudrov,anatoly galiev; vladimir lubomudrov,"hotel ""eden""",vladimir lyubomudrov,\N,"hotel ""eden""",vladimir lyubomudrov,anatoli galiyev; vladimir lyubomudrov
tt0102737,the magnificent scoundrels,lee likchi,edward leung yiuming; lee likchi; tsang kwokchi; wellington fung wing,the magnificent scoundrels,lee likchee,\N,the magnificent scoundrels,likchi lee,likchi lee; wellington fung; yiuming leung,the magnificent scoundrels,lee likchi,edward leung yiuming; lee likchi
tt0102975,star trek vi: the undiscovered country,nicholas meyer,denny martin flinn; lawrence konner; leonard nimoy; mark rosenthal; nicholas meyer,star trek vi: the undiscovered country,nicholas meyer,denny martin flinn; gene roddenberry; lawrence konner; leonard nimoy; mark rosenthal; nicholas meyer,star trek vi: the undiscovered country,nicholas meyer,gene roddenberry; lawrence konner; leonard nimoy,star trek vi: the undiscovered country,nicholas meyer,denny martin flinn; nicholas meyer
tt0102980,\N,\N,\N,\N,\N,\N,stereo love,claudia messmer,\N,\N,\N,\N
tt0103055,a fine romance,gene saks,ronald harwood,a fine romance,gene saks,francois billetdoux; ronald harwood,a fine romance,gene saks,francois billetdoux; ronald harwood,a fine romance,gene saks,ronald harwood
tt0103603,call girl '92,andy chin wingkeung,andy chin wingkeung; joyee cheung lailing,\N,\N,\N,call girl '92,andy chin wingkeung,\N,call girl '92,andy chin wingkeung,andy chin wingkeung; joyee cheung lailing
tt0103660,"alaska, sir!",vyacheslav rebrov,alexander remnev,"alaska, sir!",\N,\N,"alaska, sir!",vyacheslav rebrov,\N,"alaska, sir!",vyacheslav rebrov,alexander remnev
tt0103923,captain america,albert pyun,lawrence j block; stephen tolkin,captain america,albert pyun,lawrence block; stephen tolkin,captain america,albert pyun,jack kirby; joe simon; stephen tolkin,captain america,albert pyun,stephen tolkin
tt0104120,\N,\N,\N,\N,\N,\N,don gio,michal caban; simon caban,\N,don gio,michal caban; simon caban,michal caban; simon caban
tt0104247,brats,janos rozsa,istvan kardos,brats,janos rozsa,\N,brats,janos rozsa,\N,brats,janos rozsa,istvan kardos
tt0104336,giant steps,richard rose,greg dummett; paul quarrington,\N,\N,\N,giant steps,richard rose,\N,giant steps,richard rose,greg dummett; paul quarrington
tt0104477,\N,\N,\N,\N,\N,\N,identifikatsiya zhelanij,tolib khamidov,abelardo castillo; anwar walijew,\N,\N,\N
tt0104548,jeevan ek sanghursh,rahul rawail,\N,jeevan ek sanghursh,rahul rawail,\N,jeevan ek sanghursh,rahul rawail,\N,jeevan ek sanghursh,rahul rawail,\N
tt0105483,a stranger among us,sidney lumet,robert j avrech,a stranger among us,sidney lumet,robert j avrech,a stranger among us,sidney lumet,robert j avrech,a stranger among us,sidney lumet,robert j avrech
tt0105880,cash on delivery,terry tong geiming,cheung kin; james yuen saisang; terry tong geiming,cash on delivery,terry tong kei ming,\N,cash on delivery,terry kayming tong,james yuen; kin cheung,cash on delivery,terry tong geiming,cheung kin; james yuen saisang; terry tong geiming
tt0105897,zindagi ek juaa,prakash mehra,prakash mehra; satish bhatnagar,zindagi ek juaa,prakash mehra,\N,zindagi ek juaa,prakash mehra,prakash mehra; rahi masoom reza; satish bhatnagar,zindagi ek juaa,prakash mehra,prakash mehra; rahi masoom raza; satish bhatnagar
tt0105901,zoologico,fernando venturini,\N,\N,\N,\N,zoologico,fernando venturini,\N,zoologico,fernando venturini,\N
tt0106494,\N,\N,\N,\N,\N,\N,bukfenc,robert pajer,marcel pagnol; robert pajer,\N,\N,\N
tt0106664,the dark half,george a romero,george a romero,the dark half,george a romero,george a romero,the dark half,george a romero,george a romero; stephen king,the dark half,george a romero,george a romero
tt0106796,eight hundred leagues down the amazon,luis llosa,jackson barr; laura schiff,eight hundred leagues down the amazon,luis llosa,\N,eight hundred leagues down the amazon,luis llosa,\N,eight hundred leagues down the amazon,luis llosa,jackson barr; laura schiff
tt0106983,future shock,eric parkinson; matt reeves; oley sassone,david dubos; eric parkinson; matt reeves; oley sassone; vivian schilling,future shock,matt reeves,\N,future shock,eric parkinson; matt reeves; oley sassone,\N,future shock,eric parkinson; matt reeves; oley sassone,david dubos; eric parkinson; matt reeves; oley sassone; vivian schilling
tt0107220,inside monkey zetterland,jefery levy,steve antin,inside monkey zetterland,jefery levy,steve antin,inside monkey zetterland,jefery levy,\N,inside monkey zetterland,jefery levy,steve antin
tt0107313,i want to go to america,sergey nikonenko,yaroslav filippov,\N,\N,\N,i want to go to america,sergey nikonenko,\N,i want to go to america,sergey nikonenko,yaroslav filippov
tt0107394,a letter to l...,romain goupil,romain goupil,\N,romain goupil,romain goupil,a letter to l...,romain goupil,\N,a letter to l...,romain goupil,romain goupil
tt0107434,far from the barbarians,liria begeja,liria begeja; olivier douyere; philippe barassat,\N,liria begeja,liria begeja,far from the barbarians,liria begeja,\N,far from the barbarians,liria begeja,liria begeja; olivier douyere; philippe barassat
tt0107572,daughter of darkness,ivan lai kaiming,book gwai; ivan lai kaiming,daughter of darkness,kaiming lai,\N,daughter of darkness,kaiming lai,kaiming lai,daughter of darkness,ivan lai kaiming,book gwai; ivan lai kaiming
tt0107949,rescue me,arthur allan seidelman,mike snyder,rescue me,arthur allan seidelman,michael james snyder,rescue me,arthur allan seidelman,\N,rescue me,arthur allan seidelman,mike snyder
tt0108468,usureyuku kioku no nakade,kazuyuki shinoda,kazuyuki shinoda,\N,kazuyuki shinoda,\N,usureyuku kioku no nakade,kazuyuki shinoda,\N,usureyuku kioku no nakade,kazuyuki shinoda,kazuyuki shinoda
tt0109271,bigfoot: the unforgettable encounter,corey michael eubanks,corey michael eubanks,bigfoot: the unforgettable encounter,corey michael eubanks,\N,bigfoot: the unforgettable encounter,corey michael eubanks,corey michael eubanks,bigfoot: the unforgettable encounter,corey michael eubanks,corey michael eubanks
tt0109336,a brilliant disguise,nick vallelonga,nick vallelonga,\N,\N,\N,a brilliant disguise,nick vallelonga,\N,a brilliant disguise,nick vallelonga,nick vallelonga
tt0109929,grande petite,sophie fillieres,\N,grande petite,sophie fillieres,sophie fillieres,grande petite,sophie fillieres,\N,grande petite,sophie fillieres,sophie fillieres
tt0109974,halb wien,hannelore tiefenthaler; kenan kilic; leopold lummerstorfer; victor jaschke,\N,\N,\N,\N,halb wien,hannelore tiefenthaler; kenan kilic; leopold lummerstorfer; victor jaschke,\N,halb wien,hannelore tiefenthaler; kenan kilic; leopold lummerstorfer; victor jaschke,\N
tt0110113,im schneeland,stephan settele,stephan settele,\N,\N,\N,im schneeland,stephan settele,\N,im schneeland,stephan settele,stephan settele
tt0110210,the violin player,charles van damme,\N,the violin player,charles van damme,charles van damme,the violin player,charles van damme,\N,the violin player,charles van damme,\N
tt0110225,lost paradise,anastasia lapsui; markku lehmuskallio,anastasia lapsui; markku lehmuskallio,\N,markku lehmuskallio,anastasia lapsui; markku lehmuskallio,lost paradise,anastasia lapsui; markku lehmuskallio,\N,lost paradise,anastasia lapsui; markku lehmuskallio,anastasia lapsui; markku lehmuskallio
tt0110323,a hot night,atef eltayeb,bashir el deek; rafik el saban,leila sakhina,atef el tayeb,\N,a hot night,atef eltayeb,\N,a hot night,atef eltayeb,bashir el deek; mohamed ashraf al qorashi; rafik el saban
tt0110353,lightning jack,simon wincer,paul hogan,lightning jack,simon wincer,paul hogan,lightning jack,simon wincer,paul hogan,lightning jack,simon wincer,paul hogan
tt0111063,oh! my three guys....,derek chiu,raymond to kwokwai,oh! my three guys,sung kee chiu,\N,oh! my three guys....,derek chiu,\N,oh! my three guys....,derek chiu,raymond to kwokwai
tt0111268,\N,\N,\N,\N,\N,\N,spread the word: the persuasions sing acapella,fred parnes,\N,\N,\N,\N
tt0111610,\N,\N,\N,\N,\N,\N,die verlorene sonnenwende,bernd mohr; thomas wagner,\N,\N,\N,\N
tt0111626,the rascal,sven methling,jrgen kastrup; peter bay,vildbassen,sven methling,peter bay,vildbassen,sven methling,jrgen kastrup; peter bay; torben nielsen,the rascal,sven methling,jrgen kastrup; peter bay
tt0111649,\N,\N,\N,\N,\N,\N,vegzetes esztendok,andras kisfaludy,\N,\N,\N,\N
tt0111672,watchers iii,jeremy stanford,michael palmer,watchers 3,jeremy stanford,dean koontz,watchers iii,jeremy stanford,dean r koontz; michael palmer,watchers iii,jeremy stanford,michael palmer
tt0111812,z-man's kinder,heidi specogna,\N,\N,\N,\N,z-man's kinder,heidi specogna,\N,z-man's kinder,heidi specogna,\N
tt0112417,\N,\N,\N,\N,\N,\N,aurelia,christophe dhallivillee,christophe dhallivillee,\N,\N,\N
tt0112430,babam askerde,handan ipekci,handan ipekci,babam askerde,handan ipekci,\N,babam askerde,handan ipekci,\N,babam askerde,handan ipekci,handan ipekci
tt0113176,\N,\N,\N,\N,\N,\N,la gitana tropical,\N,\N,\N,\N,\N
tt0113314,hollow reed,angela pope,paula milne,hollow reed,angela pope,paula milne,hollow reed,angela pope,neville bolt; paula milne,hollow reed,angela pope,paula milne
tt0113357,human prey,james adam tucker,james adam tucker,\N,\N,\N,human prey,james adam tucker,\N,human prey,james adam tucker,james adam tucker
tt0113490,the journey of august king,john duigan,john ehle,the journey of august king,john duigan,john ehle,the journey of august king,john duigan,john ehle,the journey of august king,john duigan,john ehle
tt0113630,outlaws: the legend of o.b. taggart,rupert hitzig,mickey rooney,outlaws: the legend of o.b. taggart,rupert hitzig,\N,outlaws: the legend of o.b. taggart,rupert hitzig,\N,outlaws: the legend of o.b. taggart,rupert hitzig,mickey rooney
tt0113632,\N,\N,\N,legion of the night,matt jaissle,\N,legion of the night,matt jaissle,\N,legion of the night,matt jaissle,matt jaissle
tt0113840,"mother dao, the turtlelike",vincent monnikendam,vincent monnikendam,\N,\N,\N,"mother dao, the turtlelike",vincent monnikendam,\N,"mother dao, the turtlelike",vincent monnikendam,vincent monnikendam
tt0113876,\N,\N,\N,\N,\N,\N,music sounds,boris penth,\N,\N,\N,\N
tt0114211,\N,\N,\N,\N,\N,\N,qi qi shi lian,\N,\N,\N,\N,\N
tt0114293,romancing sara,lawrence lanoff,lawrence lanoff,romancing sara,lawrence lanoff,\N,romancing sara,lawrence lanoff,lawrence lanoff,romancing sara,lawrence lanoff,lawrence lanoff
tt0114474,small faces,gillies mackinnon,billy mackinnon; gillies mackinnon,small faces,gillies mackinnon,william mackinnon,small faces,gillies mackinnon,\N,small faces,gillies mackinnon,billy mackinnon; gillies mackinnon
tt0114485,all of them witches,daniel gruener,daniel gruener; gabriel gonzalez melendez,all of them witches,daniel gruener,\N,all of them witches,daniel gruener,daniel gruener; gabriel gonzalez melendez,all of them witches,daniel gruener,daniel gruener
tt0114616,tarantella,helen de michiel,helen de michiel; richard hoblock,tarantella,helen de michiel,helen de michiel,tarantella,helen de michiel,\N,tarantella,helen de michiel,helen de michiel; richard hoblock
tt0114709,toy story,john lasseter,alec sokolow; andrew stanton; joel cohen; joss whedon,toy story,john lasseter,alec sokolow; andrew stanton; joe ranft; joel cohen; john lasseter; joss whedon; pete docter,toy story,john lasseter,andrew stanton; joel cohen; joss whedon,toy story,john lasseter,alec sokolow; andrew stanton; joel cohen; joss whedon
tt0114732,the three brothers,bernard campan; didier bourdon,bernard campan; didier bourdon; michel lengliney,the three brothers,bernard campan; didier bourdon,bernard campan; didier bourdon; michel lengliney,les trois freres,bernard campan; didier bourdon,bernard campan; didier bourdon; michel lengliney,the three brothers,bernard campan; didier bourdon,bernard campan; didier bourdon; michel lengliney
tt0114775,a summer in la goulette,ferid boughedir,ferid boughedir,a summer in la goulette,ferid boughedir,ferid boughedir; nouri bouzid,a summer in la goulette,ferid boughedir,ferid boughedir; nouri bouzid,a summer in la goulette,ferid boughedir,ferid boughedir; hamouda ben halima; nouri bouzid
tt0114883,\N,\N,\N,\N,\N,\N,die waffen der gotter,harald pokieser; manfred christ,\N,\N,\N,\N
tt0115007,school days,chin aohsun,\N,school days,chu yenping,\N,school days,chin aohsun,\N,school days,chin aohsun,\N
tt0115622,scarred memory,ray leung kahei,au kincheong; hsu jentu; ray leung kahei; steve cheng waiman; wong safai,\N,\N,\N,scarred memory,ray leung kahei,\N,scarred memory,ray leung kahei,au kincheong; hsu jentu; ray leung kahei; wong safai
tt0115630,baseball girls,lois siegel,lois siegel,baseball girls,lois siegel,\N,baseball girls,lois siegel,\N,baseball girls,lois siegel,lois siegel
tt0116169,edie & pen,matthew irmas,victoria tennant,edie & pen,matthew irmas,victoria tennant,edie & pen,matthew irmas,victoria tennant,edie & pen,matthew irmas,victoria tennant
tt0116341,forest warrior,aaron norris,galen thompson; ron swanson,forest warrior,aaron norris,\N,forest warrior,aaron norris,galen thompson; ron swanson,forest warrior,aaron norris,galen thompson; ron swanson
tt0116529,hide and seek,su friedrich,cathy nan quinlan; su friedrich,hide and seek,su friedrich,\N,hide and seek,su friedrich,\N,hide and seek,su friedrich,cathy nan quinlan; su friedrich
tt0116534,my secret cache,shinobu yaguchi,shinobu yaguchi; takuji suzuki,my secret cache,shinobu yaguchi,shinobu yaguchi; takuji suzuki,my secret cache,shinobu yaguchi,\N,my secret cache,shinobu yaguchi,shinobu yaguchi; takuji suzuki
tt0116708,joe's so mean to josephine,peter wellington,peter wellington,joe's so mean to josephine,peter wellington,\N,joe's so mean to josephine,peter wellington,\N,joe's so mean to josephine,peter wellington,peter wellington
tt0116843,white night,arnon zadok,arnon zadok; shlomo kfir; yoav halevy; yosh halevi,white night,arnon zadok,\N,white night,arnon zadok,\N,white night,arnon zadok,arnon zadok; yoav halevy; yosh halevi
tt0117161,sleeping man,kohei oguri,kiyoshi kenmochi; kohei oguri,sleeping man,kohei oguri,\N,sleeping man,kohei oguri,\N,sleeping man,kohei oguri,kiyoshi kenmochi; kohei oguri
tt0117305,passage to paradise,antonio baiocco,antonio baiocco; fabrizio bettelli,gentle into the night,antonio baiocco,antonio baiocco,passage to paradise,antonio baiocco,antonio baiocco; fabrizio bettelli,passage to paradise,antonio baiocco,antonio baiocco; fabrizio bettelli
tt0117699,sotto voce,mario levin,mario levin; roberto scheuer,sotto voce,mario levin,\N,sotto voce,mario levin,luis gusman; mario levin; roberto scheuer,sotto voce,mario levin,mario levin; roberto scheuer
tt0117826,bordello of blood,gilbert adler,a l katz; bob gale; gilbert adler; robert zemeckis,bordello of blood,gilbert adler,gilbert adler,bordello of blood,gilbert adler,bob gale; robert zemeckis; william m gaines,bordello of blood,gilbert adler,a l katz; gilbert adler
tt0117956,3,christian de sica,christian de sica; giovanni veronesi,3,christian de sica,christian de sica; giovanni veronesi,3,christian de sica,\N,3,christian de sica,christian de sica; giovanni veronesi
tt0118992,the gods must be daring,michel deville,michel deville; rosalinde deville,the gods must be daring,michel deville,\N,the gods must be daring,michel deville,\N,the gods must be daring,michel deville,michel deville; rosalinde deville
tt0119074,\N,\N,\N,\N,\N,\N,es wird regen geben - eine begegnung in patagonien,sonke hansen,\N,\N,\N,\N
tt0119303,home alone 3,raja gosnell,john hughes,home alone 3,raja gosnell,john hughes,home alone 3,raja gosnell,john hughes,home alone 3,raja gosnell,john hughes
tt0119388,\N,\N,\N,isana no umi,kazuhiro higaki,kazuhiro higaki,isana no umi,kazuhiro higaki,\N,\N,\N,\N
tt0119617,la vie de marianne,benoit jacquot,benoit jacquot; pierre de marivaux,\N,\N,\N,la vie de marianne,benoit jacquot,\N,la vie de marianne,benoit jacquot,benoit jacquot; pierre de marivaux
tt0119733,murmur of youth,lin chengsheng,lin chengsheng; soching ko,murmur of youth,lin chengsheng,\N,murmur of youth,chengsheng lin,chengsheng lin; soching ko,murmur of youth,lin chengsheng,lin chengsheng; soching ko
tt0119935,preaching to the perverted,stuart urban,stuart urban,preaching to the perverted,stuart urban,\N,preaching to the perverted,stuart urban,stuart urban,preaching to the perverted,stuart urban,stuart urban
tt0120142,the 6th man,randall miller,christopher reed; cynthia carle; don rhymer,the 6th man,randall miller,\N,the sixth man,randall miller,christopher reed; cynthia carle,the 6th man,randall miller,christopher reed; cynthia carle; don rhymer
tt0120692,strike!,sarah kernochan,sarah kernochan,all i wanna do,sarah kernochan,sarah kernochan,strike!,sarah kernochan,sarah kernochan,strike!,sarah kernochan,sarah kernochan
tt0121473,poor chasers,pai chingjui,chang yunghsiang,a pair of silly birds,\N,\N,poor chasers,pai chingjui,\N,poor chasers,pai chingjui,chang yunghsiang
tt0122367,\N,\N,\N,\N,\N,\N,585 kiloherz,heiko schier,heiko schier,\N,\N,\N
tt0122864,addicted to love,paul thomas,chad randolph; marc cushman,\N,\N,\N,addicted to love,paul thomas,\N,\N,\N,\N
tt0123028,the betrayal,tokuzo tanaka,seiji hoshikawa; tsutomu nakamura,the betrayal,tokuzo tanaka,seiji hoshikawa,the betrayal,tokuzo tanaka,\N,the betrayal,tokuzo tanaka,seiji hoshikawa; tsutomu nakamura
tt0123061,\N,\N,\N,\N,\N,\N,c - et hjrne af danmark,theodor christensen,\N,\N,\N,\N
tt0123253,journey to the land of the traveler,bahman kiarostami,\N,journey to the land of the traveller,bahman kiarostami,abbas kiarostami,journey to the land of the traveler,bahman kiarostami,\N,\N,\N,\N
tt0123331,going astray,khosrow sinai,\N,going astray,khosrow sinai,khosrow sinai,going astray,khosrow sinai,khosrow sinai,going astray,khosrow sinai,\N
tt0123385,artemisia,agnes merlet,agnes merlet; christine miller; patrick amos,artemisia,agnes merlet,agnes merlet,artemisia,agnes merlet,agnes merlet; christine miller; patrick amos,artemisia,agnes merlet,agnes merlet; christine miller; patrick amos
tt0123518,blonde fire,bob chinn,jeffrey fairbanks,\N,\N,\N,blonde fire,bob chinn,\N,blonde fire,bob chinn,jeffrey fairbanks
tt0123558,\N,\N,\N,\N,\N,\N,bottom busters,\N,\N,\N,\N,\N
tt0123625,campus girls,richard dantoni,lawrence mayer,\N,\N,\N,campus girls,richard dantoni,\N,campus girls,richard dantoni,lawrence mayer
tt0123711,come with me my love,doris wishman,bran toulose; doris wishman,\N,\N,\N,come with me my love,c davis smith; doris wishman,bran toulose; doris wishman,come with me my love,doris wishman,doris wishman
tt0123964,life,ted demme,matthew stone; robert ramsey,life,ted demme,\N,life,ted demme,matthew stone; robert ramsey,life,ted demme,matthew stone; robert ramsey
tt0124104,mr. aiello,paul tana,bruno ramirez; paul tana; tony nardi,mr. aiello,paul tana,\N,mr. aiello,paul tana,\N,mr. aiello,paul tana,bruno ramirez; paul tana; tony nardi
tt0124928,wienerbarnet,arne weel,fleming lynge; svend rindom,\N,arne weel,fleming lynge; sam ask; svend rindom,wienerbarnet,arne weel,fleming lynge; svend rindom,wienerbarnet,arne weel,fleming lynge; svend rindom
tt0125032,cardboard hotel,sirus alvand,\N,hotel carton,sirus alvand,ahmad najafi; sirus alvand,cardboard hotel,sirus alvand,\N,cardboard hotel,sirus alvand,\N
tt0125215,i'm no virgin,\N,\N,\N,\N,\N,i'm no virgin,\N,\N,i'm no virgin,\N,\N
tt0125949,best enemies,david baker,david baker; paul davies,niel lynne,david baker,\N,best enemies,david baker,\N,best enemies,david baker,david baker; paul davies
tt0126031,\N,\N,\N,\N,\N,\N,singur,manole marcus,\N,\N,\N,\N
tt0126283,the end of war,dragan kresoja,gordan mihic,the end of the war,dragan kresoja,\N,the end of war,dragan kresoja,\N,the end of war,dragan kresoja,gordan mihic
tt0127072,paprika,joe damato,\N,\N,\N,\N,paprika,joe damato,\N,paprika,joe damato,\N
tt0127136,polymorph,jr bookwalter,james l edwards; jr bookwalter,polymorph,jr bookwalter,\N,polymorph,jr bookwalter,\N,polymorph,jr bookwalter,james l edwards
tt0127176,psychedelic sexualis,albert zugsmith,albert zugsmith,psychedelic sexualis,albert zugsmith,\N,psychedelic sexualis,albert zugsmith,albert zugsmith; richard von krafftebing,psychedelic sexualis,albert zugsmith,albert zugsmith
tt0127575,girl in trouble,brandon chase,anthony naylor; brandon chase,girl in trouble,\N,\N,girl in trouble,brandon chase,\N,girl in trouble,brandon chase,anthony naylor; brandon chase
tt0127874,the sexaholic,richard goodman,richard goodman,\N,\N,\N,the sexaholic,richard goodman,\N,\N,\N,\N
tt0128066,\N,\N,\N,\N,\N,\N,bagged,kelly lawman,\N,\N,\N,\N
tt0128187,\N,\N,\N,\N,\N,\N,a entrega do contratorpedeiro 'douro' ao governo,salazar dinis,\N,\N,\N,\N
tt0128417,\N,\N,\N,\N,\N,\N,praia do sol,manuel luis vieira,\N,\N,\N,\N
tt0128611,stiff competition,paul vatelli,colin de jacques; paul vatelli; steve h mehoff,\N,\N,\N,stiff competition,paul vatelli,\N,stiff competition,paul vatelli,colin de jacques; paul vatelli; steve h mehoff
tt0128966,black mirror,pierrealain jolivet,arthur samuels; jean genet; jeanclaude carriere; pierrealain jolivet,black mirror,pierrealain jolivet,\N,black mirror,pierrealain jolivet,jean genet; jeanclaude carriere; pierrealain jolivet,black mirror,pierrealain jolivet,arthur samuels; jean genet; jeanclaude carriere; pierrealain jolivet
tt0129170,\N,\N,\N,\N,\N,\N,o jardim zoologico de lisboa,fernando carneiro mendes,\N,\N,\N,\N
tt0129273,the olsen gang,knut bohwim,erik balling; henning bahs,olsenbanden,knut bohwim,henning bahs,olsen-banden,knut bohwim,erik balling; henning bahs,the olsen gang,knut bohwim,erik balling; henning bahs
tt0129352,\N,\N,\N,\N,\N,\N,o sanatorio do outao,\N,\N,\N,\N,\N
tt0129993,the sky-blue evening dress,erich engels,\N,\N,\N,\N,the sky-blue evening dress,erich engels,\N,the sky-blue evening dress,erich engels,\N
tt0130259,\N,\N,\N,\N,\N,\N,sinfonia de cristal,\N,\N,\N,\N,\N
tt0130331,under den gamle fane,olaf fnss,richard lund,\N,olaf fnss,richard lund,under den gamle fane,olaf fnss,richard lund,under den gamle fane,olaf fnss,richard lund
tt0130619,\N,\N,\N,\N,\N,\N,o dia da dona de casa,anibal contreiras,\N,\N,\N,\N
tt0130713,\N,\N,\N,\N,\N,\N,os funerais do arcebispo de braga,\N,\N,\N,\N,\N
tt0130730,the lighthouse keepers,jean gremillon,jacques feyder,the lighthouse keepers,jean gremillon,jacques feyder,the lighthouse keepers,jean gremillon,\N,the lighthouse keepers,jean gremillon,jacques feyder
tt0130735,gesche's poison,walburg von waldenfels,christian frosch; walburg von waldenfels,\N,\N,\N,gesche's poison,walburg von waldenfels,\N,gesche's poison,walburg von waldenfels,christian frosch; walburg von waldenfels
tt0130757,the harpist,hansjorg thurn,\N,the harpist,hansjorg thurn,\N,the harpist,hansjorg thurn,\N,the harpist,hansjorg thurn,\N
tt0130971,the long winter,michel brault,michel brault,the long winter,michel brault,michel brault,the long winter,michel brault,\N,the long winter,michel brault,michel brault
tt0130996,the satan killer,steve sayre,edward benton; james brandauer,the satan killer,steve sayre,eddie benton,the satan killer,steve sayre,\N,the satan killer,steve sayre,edward benton; james brandauer
tt0131775,\N,\N,\N,\N,\N,\N,"angels bi day, devils bi night",lynn ray,\N,\N,\N,\N
tt0131880,\N,\N,\N,\N,\N,\N,backdoor adventures of hanzel and gretal,\N,\N,\N,\N,\N
tt0131978,blood orgy of the leather girls,meredith lucas,meredith lucas; sarah dicken,blood orgy of the leather girls,\N,\N,blood orgy of the leather girls,meredith lucas,\N,blood orgy of the leather girls,meredith lucas,meredith lucas; sarah dicken
tt0132051,\N,\N,\N,\N,\N,\N,con fesse anal,\N,\N,\N,\N,\N
tt0132062,\N,\N,\N,\N,\N,\N,corte ingles,\N,\N,\N,\N,\N
tt0132204,hatschipuh,ulrich konig,franz marischka; leon pulwer; ulrich konig,hatschipuh,ulrich konig,\N,hatschipuh,ulrich konig,\N,hatschipuh,ulrich konig,franz marischka; leon pulwer; ulrich konig
tt0132455,perola do atlantico,heinrich gartner; mota da costa,\N,\N,\N,\N,perola do atlantico,heinrich gartner; mota da costa,\N,perola do atlantico,heinrich gartner; mota da costa,\N
tt0132662,stargames,greydon clark,david reskin; greydon clark,star games,greydon clark,\N,stargames,greydon clark,david reskin; greydon clark,stargames,greydon clark,david reskin; greydon clark
tt0132878,\N,\N,\N,\N,\N,\N,bizarre life of dominas,\N,\N,\N,\N,\N
tt0133709,the debt,manuel jose alvarez; nicolas buenaventura,\N,the debt,manuel jose alvarez; nicolas buenaventura,\N,la deuda,manuel jose alvarez; nicolas buenaventura,nicolas buenaventura,the debt,manuel jose alvarez; nicolas buenaventura,\N
tt0133752,fallen arches,ron cosentino,ron cosentino,fallen arches,ron cosentino,\N,fallen arches,ron cosentino,\N,fallen arches,ron cosentino,ron cosentino
tt0133890,\N,\N,\N,\N,\N,\N,karen's b&d phone sex,bill majors,\N,\N,\N,\N
tt0134662,the bitter fruit,arthur gregor; jose lopez rubio,salvador de alberich; tono,\N,\N,\N,the bitter fruit,arthur gregor; jose lopez rubio,\N,the bitter fruit,arthur gregor; jose lopez rubio,salvador de alberich; tono
tt0134803,\N,\N,\N,madhubala,\N,\N,madhubala,prahlad dutt,\N,\N,\N,\N
tt0134929,raw talent,larry revene,joyce snyder,raw talent,larry revene,\N,raw talent,larry revene,\N,raw talent,larry revene,joyce snyder
tt0135131,\N,\N,\N,\N,\N,\N,o ahristos tis koinonias,andreas kontogiannis; nasos oikonomopoulos,stavros hatzopoulos,\N,\N,\N
tt0135370,\N,\N,\N,\N,\N,\N,debbie does hawaii,jason williams,jason williams,\N,\N,\N
tt0135420,fight that ghost,sam newfield,sam newfield; ted toddy,fight that ghost,sam newfield,\N,fight that ghost,sam newfield,\N,fight that ghost,sam newfield,sam newfield; ted toddy
tt0136169,eros center hamburg,gunter hendel,alois brummer,\N,gunter hendel,\N,eros center hamburg,gunter hendel,\N,eros center hamburg,gunter hendel,alois brummer; gunter hendel
tt0136235,\N,kostas dritsas,kostas dritsas,\N,\N,\N,\N,kostas dritsas,\N,\N,kostas dritsas,kostas dritsas
tt0136345,kongo-express,eduard von borsody,\N,congo express,eduard von borsody,ernst von salomon,kongo-express,eduard von borsody,\N,kongo-express,eduard von borsody,\N
tt0136527,bullets don't come back,nikos foskolos,nikos foskolos,bullets don't come back,nikos foskolos,nikos foskolos,bullets don't come back,nikos foskolos,\N,bullets don't come back,nikos foskolos,nikos foskolos
tt0137512,faschingszauber,rudolf dworsky; rudolf waltherfein,walter reisch,carnival magic,rudolf waltherfein,\N,faschingszauber,rudolf dworsky; rudolf waltherfein,walter reisch,faschingszauber,rudolf dworsky; rudolf waltherfein,walter reisch
tt0137700,\N,\N,\N,\N,\N,\N,girl lovers,\N,\N,\N,\N,\N
tt0137854,\N,\N,\N,\N,\N,\N,judy garland in concert,buddy bregman,\N,\N,\N,\N
tt0137955,miljoonaliiga,maunu kurkvaara,jaakko pakkasvirta; maunu kurkvaara,\N,maunu kurkvaara,\N,miljoonaliiga,maunu kurkvaara,\N,miljoonaliiga,maunu kurkvaara,jaakko pakkasvirta; maunu kurkvaara
tt0138074,santa and the ice cream bunny,r winer,hans christian andersen,santa and the ice cream bunny,barry mahon,\N,santa and the ice cream bunny,barry mahon; r winer,\N,santa and the ice cream bunny,barry mahon; r winer,\N
tt0138477,die groe unbekannte,willi wolff,\N,the great unknown,willi wolff,\N,die groe unbekannte,willi wolff,paul merzbach; willi wolff,die groe unbekannte,willi wolff,\N
tt0138681,the opportunists,myles connell,myles connell,the opportunists,myles connell,\N,the opportunists,myles connell,\N,the opportunists,myles connell,myles connell
tt0138689,paging emma,roberto busogarcia,roberto busogarcia,paging emma,roberto busogarcia,\N,paging emma,roberto busogarcia,\N,paging emma,roberto busogarcia,roberto busogarcia
tt0138725,il professor matusa e i suoi hippies,carlo martinelli,carlo martinelli,\N,carlo martinelli,\N,il professor matusa e i suoi hippies,carlo martinelli,\N,il professor matusa e i suoi hippies,carlo martinelli,carlo martinelli
tt0138734,raportti eli balladi laivatytoista,maunu kurkvaara,heikki ritavuori; maunu kurkvaara,a report,maunu kurkvaara,\N,a report,maunu kurkvaara,heikki ritavuori; maunu kurkvaara,raportti eli balladi laivatytoista,maunu kurkvaara,heikki ritavuori; maunu kurkvaara
tt0139398,kaajal,ram maheshwari,gulshan nanda; phani majumdar; z hussain,kaajal,ram maheshwari,gulshan nanda,kaajal,ram maheshwari,gulshan nanda; kidar nath sharma; phani majumdar,kaajal,ram maheshwari,kidar nath sharma; phani majumdar; z hussain
tt0139571,\N,\N,\N,\N,\N,\N,ringende menschen. die tragodie einer familie,gertrud david,\N,\N,\N,\N
tt0139654,training day,antoine fuqua,david ayer,training day,antoine fuqua,david ayer,training day,antoine fuqua,david ayer,training day,antoine fuqua,david ayer
tt0139809,the thirteenth floor,josef rusnak,josef rusnak; ravel centenorodriguez,the thirteenth floor,josef rusnak,josef rusnak,the thirteenth floor,josef rusnak,daniel f galouye; josef rusnak; ravel centenorodriguez,the thirteenth floor,josef rusnak,josef rusnak; ravel centenorodriguez
tt0140110,head nurse,tim davies,\N,\N,\N,\N,head nurse,tim davies,\N,head nurse,tim davies,\N
tt0140308,keine angst vor schwiegermuttern,erich engels,\N,don't worry about your mother-in-law,erich engels,hans wolff,keine angst vor schwiegermuttern,erich engels,\N,keine angst vor schwiegermuttern,erich engels,\N
tt0140347,mahalia jackson: the power and the glory,jeff scheftel,\N,\N,\N,\N,mahalia jackson: the power and the glory,jeff scheftel,\N,mahalia jackson: the power and the glory,jeff scheftel,\N
tt0140670,vaihdokas,teuvo puro,karl fager,vaihdokas,teuvo puro,\N,vaihdokas,teuvo puro,\N,vaihdokas,teuvo puro,karl fager
tt0140811,antti puuhaara,heikki partanen; katariina lahti; riitta rautoma,erkki makinen; heikki partanen; katariina lahti; riitta rautoma,antti the treebranch,heikki partanen; katariina lahti,\N,antti puuhaara,heikki partanen; katariina lahti; riitta rautoma,\N,antti puuhaara,heikki partanen; katariina lahti; riitta rautoma,erkki makinen; heikki partanen; katariina lahti; riitta rautoma
tt0140876,\N,\N,\N,\N,\N,\N,chetveronogie astronavty,nikolai tikhonov,pyotr isakov,\N,\N,\N
tt0141236,house of the rising moon,\N,\N,\N,\N,\N,house of the rising moon,\N,\N,\N,\N,\N
tt0141343,gli inaffidabili,jerry cala,gino capone; jerry cala,gli inaffidabili,jerry cala,jerry cala,gli inaffidabili,jerry cala,\N,gli inaffidabili,jerry cala,gino capone; jerry cala
tt0141413,jacqueline,david decoteau,\N,\N,\N,\N,jacqueline,david decoteau,\N,\N,\N,\N
tt0141529,the tent show,carlos avila,carlos avila; edit villarreal,\N,\N,\N,the tent show,carlos avila,\N,the tent show,carlos avila,carlos avila; edit villarreal
tt0141634,the mysteries of paris,albert capellani,albert capellani,the mysteries of paris,\N,\N,the mysteries of paris,albert capellani,\N,the mysteries of paris,albert capellani,albert capellani
tt0141874,passion,gyorgy feher,bela tarr; gyorgy feher,passion,gyorgy feher,bela tarr; gyorgy feher,passion,gyorgy feher,\N,passion,gyorgy feher,bela tarr; gyorgy feher
tt0142288,\N,\N,\N,\N,\N,\N,la fille du pecheur,robert peguy,\N,\N,\N,\N
tt0143437,charlotte wets her panties,francis leroi,francis leroi,looking good,francis leroi,\N,"charlotte, mouille ta culotte",francis leroi,francis leroi,\N,\N,\N
tt0143520,\N,\N,\N,\N,\N,\N,lust with the stranger,vinnie rossi,\N,\N,\N,\N
tt0143737,\N,\N,\N,\N,\N,\N,mitzi's honor,fred j lincoln,e peter regis,\N,\N,\N
tt0144117,the boondock saints,troy duffy,troy duffy,the boondock saints,troy duffy,troy duffy,the boondock saints,troy duffy,troy duffy,the boondock saints,troy duffy,troy duffy
tt0144442,\N,\N,\N,\N,\N,\N,naughty schoolgirls revenge,george harrison marks,\N,\N,\N,\N
tt0144608,sinbad: beyond the veil of mists,alan jacobs; evan ricks,jeff wolverton,sinbad: beyond the veil of mists,alan jacobs,\N,sinbad: beyond the veil of mists,alan jacobs; evan ricks,gregory davis; jeff wolverton; robert jay litz,sinbad: beyond the veil of mists,alan jacobs; evan ricks,jeff wolverton
tt0144778,ava & gabriel: a love story,felix de rooy,felix de rooy; norman de palm,\N,\N,\N,ava & gabriel: a love story,felix de rooy,\N,ava & gabriel: a love story,felix de rooy,norman de palm
tt0144933,\N,\N,\N,\N,\N,\N,found guilty,\N,\N,\N,\N,\N
tt0145254,out of phoenix bridge,li hong,\N,out of phoenix bridge,hong li,\N,out of phoenix bridge,li hong,\N,out of phoenix bridge,li hong,\N
tt0145814,heaven sent,craig clyde,craig clyde; james hennessy,heaven sent,craig clyde,craig clyde; james hennessy,heaven sent,craig clyde,craig clyde; james hennessy,heaven sent,craig clyde,craig clyde; james hennessy
tt0146237,restless passion,hal freeman,philip dennis connors,\N,\N,\N,restless passion,hal freeman,\N,restless passion,hal freeman,philip dennis connors
tt0146281,the end of milton levy,nissim dayan,nissim dayan,sofo shel milton levi,nissim dayan,nissim dayan,the end of milton levy,nissim dayan,\N,the end of milton levy,nissim dayan,nissim dayan
tt0146329,two off the cuff,bob godfrey,stan hayward,two off the cuff,\N,\N,two off the cuff,bob godfrey,\N,two off the cuff,bob godfrey,stan hayward
tt0147216,\N,\N,\N,\N,\N,\N,revenge by lust,mark novick,mark novick,\N,\N,\N
tt0147643,unbowed,nanci rossov,mildred lewis,\N,\N,\N,unbowed,nanci rossov,\N,unbowed,nanci rossov,mildred lewis
tt0148245,\N,\N,\N,\N,\N,\N,gore gabor,\N,\N,\N,\N,\N
tt0148445,\N,\N,\N,\N,\N,\N,magyarorszagtol a marsig,gyula darab,\N,\N,\N,\N
tt0148462,men cry bullets,tamara hernandez,tamara hernandez,men cry bullets,\N,\N,men cry bullets,tamara hernandez,\N,men cry bullets,tamara hernandez,tamara hernandez
tt0148812,she's no angel,ron jeremy,\N,\N,\N,\N,she's no angel,ron jeremy,\N,\N,\N,\N
tt0148891,6 faces of samantha,jack genero,\N,\N,\N,\N,6 faces of samantha,jack genero,\N,6 faces of samantha,jack genero,\N
tt0148894,\N,\N,\N,\N,\N,\N,six nine love,sv hanna,\N,\N,\N,\N
tt0149026,brides of lucifer,\N,\N,\N,\N,\N,brides of lucifer,\N,\N,brides of lucifer,\N,\N
tt0149652,\N,\N,\N,\N,\N,\N,"amerika, london, parizs",katalin pazmandy,\N,\N,\N,\N
tt0150892,her great price,edwin carewe,florence auer,her great price,edwin carewe,june mathis,\N,\N,\N,her great price,edwin carewe,june mathis
tt0151405,lucerna,karel lamac,bohumir polach; frantisek kozik; vaclav wasserman,the lantern,karel lamac,bohumir polach; frantisek kozik; vaclav wasserman,\N,\N,\N,lucerna,karel lamac,bohumir polach; frantisek kozik; vaclav wasserman
tt0151805,\N,\N,\N,\N,\N,\N,\N,\N,\N,\N,\N,\N
tt0151856,\N,\N,\N,\N,\N,\N,\N,\N,\N,\N,\N,\N
tt0151990,a night in tiberias,herve bromberger,david greenberg; frederic grendel; herve bromberger,un soir a tiberiade,herve bromberger,\N,a night in tiberias,herve bromberger,\N,a night in tiberias,herve bromberger,david greenberg; frederic grendel; herve bromberger
tt0152074,principe coronato cercasi per ricca ereditiera,giovanni grimaldi,giovanni grimaldi,principe coronato cercasi per ricca ereditiera,giovanni grimaldi,giovanni grimaldi,principe coronato cercasi per ricca ereditiera,giovanni grimaldi,\N,principe coronato cercasi per ricca ereditiera,giovanni grimaldi,giovanni grimaldi
tt0152252,the times that are,pierre perrault,\N,the times that are,pierre perrault,\N,the times that are,pierre perrault,\N,the times that are,pierre perrault,\N
tt0152443,\N,\N,\N,the silver greyhound,bannister merwin,bannister merwin,the silver greyhound,bannister merwin,bannister merwin,\N,\N,\N
tt0153032,this year's love,david kane,david kane,this year's love,david kane,\N,this year's love,david kane,\N,this year's love,david kane,david kane
tt0153165,\N,\N,\N,\N,\N,\N,tongues of fire,janus rainer,\N,\N,\N,\N
tt0153292,\N,\N,\N,\N,\N,\N,"trillium, affectionately yours",brian rr hebb,brian rr hebb,\N,\N,\N
tt0153297,\N,\N,\N,\N,\N,\N,triple play 15: cumming together,\N,\N,\N,\N,\N
tt0153534,\N,\N,\N,\N,\N,\N,\N,\N,\N,\N,\N,\N
tt0154241,the blue ones of the sky,henri decoin,henri decoin,\N,henri decoin,\N,the blue ones of the sky,henri decoin,\N,the blue ones of the sky,henri decoin,henri decoin
tt0155086,\N,\N,\N,rajani,\N,\N,rajani,jyotish bannerjee,\N,\N,\N,\N
tt0155401,\N,\N,\N,\N,\N,\N,yeh such hai,atma ram,\N,\N,\N,\N
tt0155685,trouble among widows,jacques poitrenaud,\N,trouble among widows,jacques poitrenaud,denys de la patelliere,trouble among widows,jacques poitrenaud,\N,trouble among widows,jacques poitrenaud,albert simonin; denys de la patelliere
tt0155994,\N,\N,\N,\N,\N,\N,a quilt of many cultures: south india,shyam benegal,\N,\N,\N,\N
tt0156432,the court dancer: raj nartaki,modhu bose,manmatha ray; modhu bose,raj nartaki,madhu,\N,the court dancer: raj nartaki,modhu bose,\N,the court dancer: raj nartaki,modhu bose,manmatha ray; modhu bose
tt0156702,dream land,vijay bhatt,\N,khwab ki duniya,vijay bhatt,\N,dream land,vijay bhatt,\N,dream land,vijay bhatt,\N
tt0156704,\N,\N,\N,\N,\N,\N,khyber falcon,madhu bose; modhu bose,niranjan pal,\N,\N,\N
tt0157479,the conquest of canaan,george irving,\N,the conquest of canaan,george irving,\N,the conquest of canaan,george irving,\N,the conquest of canaan,george irving,anthony paul kelly
tt0157581,enga veettu pillai,tapi chanakya,d v narasa raju; sakthi t k krishnasamy,enga veettu pillai,tapi chanakya,sakthi t k krishnasamy,enga veettu pillai,tapi chanakya,\N,enga veettu pillai,tapi chanakya,sakthi t k krishnasamy
tt0157607,extravagance,burton l king,aaron hoffman; wallace clifton,extravagance,burton l king,\N,extravagance,burton l king,\N,extravagance,burton l king,wallace clifton
tt0157880,\N,\N,\N,\N,\N,\N,kamale kamini,nirmal goswami; phani burma,\N,\N,\N,\N
tt0158457,afsana,br chopra,is johar,afsana,baldev raj chopra,i s johar,afsana,br chopra,\N,afsana,br chopra,is johar
tt0158462,amore mio,raffaello matarazzo,raffaello matarazzo,\N,raffaello matarazzo,\N,amore mio,raffaello matarazzo,\N,amore mio,raffaello matarazzo,raffaello matarazzo
tt0158464,anath ashram,hemchandra chunder,kidar nath sharma,\N,\N,\N,anath ashram,hemchandra chunder,\N,anath ashram,hemchandra chunder,kidar nath sharma
tt0158736,the fast set,pierre foucaud,alice colanis,mademoiselle strip-tease,pierre foucaud,\N,\N,\N,\N,the fast set,pierre foucaud,alice colanis
tt0159101,out of the cold,aleksandr buravskiy,aleksandr buravskiy; alex kustanovich,\N,\N,\N,out of the cold,aleksandr buravskiy,\N,out of the cold,aleksandr buravskiy,aleksandr buravskiy; alex kustanovich
tt0159434,the faking of the president,alan abel; jeanne abel,alan abel; jeanne abel; murray hurwitz,\N,\N,\N,the faking of the president,alan abel; jeanne abel,\N,the faking of the president,alan abel; jeanne abel,alan abel; jeanne abel; murray hurwitz
tt0159495,\N,\N,\N,jakko,fritz peter buch,fritz peter buch,jakko,fritz peter buch,\N,jakko,fritz peter buch,\N
tt0160596,with or without you,michael winterbottom,john forte,with or without you,michael winterbottom,john forte,with or without you,michael winterbottom,john forte,with or without you,michael winterbottom,john forte
tt0160830,sergeant x,vladimir strizhevsky,a loukine; vladimir strizhevsky,sergeant x,vladimir strizhevsky,\N,sergeant x,vladimir strizhevsky,\N,sergeant x,vladimir strizhevsky,a loukine; simon gantillon; vladimir strizhevsky
tt0161215,"a volar, joven!",miguel m delgado,miguel m delgado; paul colline,"fly away, young man!",miguel m delgado,jaime salvador,a volar joven!,miguel m delgado,jaime salvador; miguel m delgado; paul colline,"a volar, joven!",miguel m delgado,jaime salvador; miguel m delgado
tt0161378,carnevalesca,amleto palermi,lucio dambra,carnevalesca,amleto palermi,lucio dambra,carnevalesca,amleto palermi,\N,carnevalesca,amleto palermi,lucio dambra
tt0161927,\N,\N,\N,\N,\N,\N,praias de portugal,\N,\N,\N,\N,\N
tt0163131,the other girl,percy winter,\N,\N,\N,\N,the other girl,percy winter,\N,the other girl,percy winter,george dubois proctor
tt0163207,\N,\N,\N,\N,\N,\N,seiukusha,\N,\N,\N,\N,\N
tt0163623,fata morgana,elefterie voiculescu,florian grecea; ion grecea,fata morgana,\N,\N,fata morgana,elefterie voiculescu,\N,fata morgana,elefterie voiculescu,florian grecea; ion grecea
tt0163629,\N,\N,\N,\N,\N,\N,las fisgonas de paso ancho,alfredo catania,samuel rovinsky,\N,\N,\N
tt0164064,\N,\N,\N,\N,\N,\N,hell worms,\N,\N,hell worms,\N,\N
tt0164857,\N,\N,\N,ruslan and ludmila,\N,\N,ruslan i lyudmila,oleg grigorovich,mikhail glinka,\N,\N,\N
tt0165100,the telephone bar,claude barrois,claude neron,le bar du telephone,claude barrois,claude neron,le bar du telephone,claude barrois,claude neron,the telephone bar,claude barrois,claude neron
tt0165612,alf's baby,maclean rogers,ap dearsley,alf's baby,maclean rogers,\N,her three bachelors,maclean rogers,ap dearsley,alf's baby,maclean rogers,ap dearsley
tt0165655,grease rock,michele massimo tarantini,alessandro capone; michele massimo tarantini; pino pellegrino,disco crazy,michele massimo tarantini,alessandro capone,grease rock,michele massimo tarantini,\N,grease rock,michele massimo tarantini,alessandro capone; michele massimo tarantini; pino pellegrino
tt0165753,emily's ghost,colin finbow,colin finbow,\N,\N,\N,emily's ghost,colin finbow,\N,emily's ghost,colin finbow,colin finbow
tt0165846,kill the man,jon kean; tom booker,jon kean; tom booker,kill the man,tom booker,\N,kill the man,jon kean; tom booker,\N,kill the man,jon kean; tom booker,jon kean; tom booker
tt0166151,la grande ora: concilio ecumenico vaticano ii,antonio petrucci,\N,\N,\N,\N,la grande ora: concilio ecumenico vaticano ii,antonio petrucci,\N,la grande ora: concilio ecumenico vaticano ii,antonio petrucci,\N
tt0166233,when the dead start singing,krsto papic,krsto papic; mate marisic,when the dead start singing,krsto papic,krsto papic; mate matisic,kad mrtvi zapjevaju,krsto papic,krsto papic; mate matisic,when the dead start singing,krsto papic,krsto papic; mate marisic
tt0166647,\N,\N,\N,hleda se tata,frank daniel,frank daniel,hleda se tata!,frantisek daniel,\N,hleda se tata!,frantisek daniel,bohumira peychlova; frantisek daniel
tt0166873,watch beverly,arthur maude,john cousins; nw baringpemberton,watch beverly,arthur maude,\N,watch beverly,arthur maude,\N,watch beverly,arthur maude,john cousins; nw baringpemberton
tt0166948,\N,\N,\N,the adventures of the american rabbit,fred wolf,\N,the adventures of the american rabbit,fred wolf; nobutaka nishizawa,\N,the adventures of the american rabbit,fred wolf; nobutaka nishizawa,norm lenzer
tt0167290,misty,toshiharu ikeda,masahito kagawa; toshiharu ikeda,\N,\N,\N,misty,toshiharu ikeda,\N,misty,toshiharu ikeda,masahito kagawa; toshiharu ikeda
tt0168205,taken alive,philip marcus,bobb hopkins; christopher holmes; donna jeffries; franco columbu,taken alive,philip marcus,\N,taken alive,philip marcus,\N,taken alive,philip marcus,bobb hopkins; christopher holmes; donna jeffries; franco columbu
tt0168581,\N,\N,\N,"the chosen prince, or the friendship of david and jonathan",william v mong,\N,"the chosen prince, or the friendship of david and jonathan",william v mong,lyman i henry,\N,\N,\N
tt0168584,the cigarette girl,william parke,\N,the cigarette girl,william parke,\N,the cigarette girl,william parke,\N,the cigarette girl,william parke,philip bartholomae
tt0168631,innocents,gregory marquette,gregory marquette,dark summer,gregory marquette,\N,innocents,gregory marquette,gregory marquette,innocents,gregory marquette,gregory marquette
tt0168722,dum ztraceneho stesti,josef rovensky,josef rovensky; martin fric,\N,\N,\N,dum ztraceneho stesti,josef rovensky,\N,dum ztraceneho stesti,josef rovensky,josef rovensky; martin fric
tt0169004,mazlicek,martin fric,hugo haas; martin fric,the little pet,martin fric,hugo haas; martin fric,mazlicek,martin fric,\N,mazlicek,martin fric,hugo haas; martin fric
tt0169062,"my dog, buddy",ray kellogg,ray kellogg,"my dog, buddy",ray kellogg,\N,"my dog, buddy",ray kellogg,ray kellogg,"my dog, buddy",ray kellogg,ray kellogg
tt0169307,\N,\N,\N,cheyenne trails,robert j horner,\N,cheyenne trails,robert j horner,bert ames; robert j horner,\N,\N,\N
tt0169975,\N,\N,\N,\N,\N,\N,\N,\N,\N,\N,\N,\N
tt0170336,a child of community,mladomir purisa orevic,miodrag urevic; mladomir purisa orevic,opstinsko dete,mladomir purisa orevic,\N,a child of community,mladomir purisa orevic,\N,a child of community,mladomir purisa orevic,miodrag urevic; mladomir purisa orevic
tt0170407,pizza king,ole christian madsen,\N,pizza king,ole christian madsen,lars k andersen; ole christian madsen,pizza king,ole christian madsen,janus nabil bakrawi; lars kristian andersen; ole christian madsen,pizza king,ole christian madsen,\N
tt0170483,pa spaning,ulf von strauss,ulf von strauss,\N,ulf von strauss,\N,pa spaning...,ulf von strauss,ulf von strauss,pa spaning,ulf von strauss,ulf von strauss
tt0170494,\N,\N,\N,\N,arne brandhild,\N,rapport fran stockholms sextrask,arne brandhild,\N,rapport fran stockholms sextrask,arne brandhild,\N
tt0170648,\N,\N,\N,\N,\N,\N,szervezes kerdese,ferenc andras,\N,\N,\N,\N
tt0171388,hyena of london,gino mangini,gino mangini,the hyena of london,gino mangini,\N,hyena of london,gino mangini,\N,hyena of london,gino mangini,gino mangini
tt0172299,duty and sacrifice,ion sahighian,\N,duty and sacrifice,ion sahighian,\N,duty and sacrifice,ion sahighian,\N,duty and sacrifice,ion sahighian,\N
tt0172723,\N,\N,\N,\N,\N,\N,lichtspieler,benjamin herrmann; bjorn kurt,\N,\N,\N,\N
tt0173390,sugar town,allison anders; kurt voss,allison anders; kurt voss,sugar town,allison anders; kurt voss,allison anders,sugar town,allison anders; kurt voss,\N,sugar town,allison anders; kurt voss,allison anders; kurt voss
tt0174073,nona,grisha ostrovski,stefan tsanev; yordan yovkov,\N,grisha ostrovski,stefan tsanev,nona,grisha ostrovski,\N,nona,grisha ostrovski,stefan tsanev; yordan yovkov
tt0174131,the other woman,ivan pyryev,anatoli marienhof; nikolay erdman,\N,ivan pyryev,anatoly marienhof; nikolai erdman,the other woman,ivan pyryev,\N,the other woman,ivan pyryev,anatoli marienhof; nikolay erdman
tt0174280,\N,\N,\N,\N,\N,\N,trial marriage,william hughes curran,\N,\N,\N,\N
tt0174993,about show-white,vera plivovasimkova,frantisek pavlicek; vera plivovasimkova,snow white,drahomira kralova; vera plivovasimkova,vera plivovasimkova,about show-white,vera plivovasimkova,\N,about show-white,vera plivovasimkova,vera plivovasimkova
tt0175267,two-fisted jefferson,roy clements,roy clements,two-fisted jefferson,roy clements,\N,two-fisted jefferson,roy clements,\N,two-fisted jefferson,roy clements,\N
tt0175721,\N,\N,\N,\N,\N,\N,her good name,george terwilliger,edfrid a bingham; horace hazeltine,\N,\N,\N
tt0175848,let's have a murder,john e blakeley,john e blakeley,let's have a murder,john e blakeley,\N,let's have a murder,john e blakeley,\N,let's have a murder,john e blakeley,harry jackson; robert taylor
tt0175892,"on tuesdays, orchids",francisco mugica,carlos olivari; francisco oyarzabal; sixto pondal rios,"los martes, orquideas",francisco mugica,\N,"on tuesdays, orchids",francisco mugica,carlos a olivari; francisco oyarzabal; sixto pondal rios,"on tuesdays, orchids",francisco mugica,carlos olivari; francisco oyarzabal; sixto pondal rios
tt0175936,\N,\N,\N,\N,\N,\N,los martires del arroyo,\N,luis del val,\N,\N,\N
tt0176485,\N,\N,\N,\N,\N,\N,backdoor to hollywood 6,ron jeremy,\N,\N,\N,\N
tt0176539,\N,\N,\N,\N,\N,\N,beyond all means,\N,\N,\N,\N,\N
tt0176648,\N,\N,\N,\N,\N,\N,decrescendo,vincent oudendijk,\N,\N,\N,\N
tt0177159,ratrace,valentin hitz,\N,\N,\N,\N,ratrace,valentin hitz,valentin hitz,ratrace,valentin hitz,\N
tt0177845,hotel splendide,terence gross,terence gross,hotel splendide,terence gross,terence gross,hotel splendide,terence gross,terence gross,hotel splendide,terence gross,terence gross
tt0178294,capitan veneno,henri martinent,enrique amorim; ramon gomez macia,captain poison,henri martinent,\N,capitan veneno,henri martinent,\N,capitan veneno,henri martinent,enrique amorim; ramon gomez macia
tt0178393,\N,\N,\N,\N,\N,\N,les droits humains et l'alimentation,roger cardinal,\N,\N,\N,\N
tt0178506,challenge of the gladiator,domenico paolella,alessandro ferrau; domenico paolella,challenge of the gladiator,domenico paolella,domenico paolella,challenge of the gladiator,domenico paolella,\N,challenge of the gladiator,domenico paolella,alessandro ferrau; domenico paolella
tt0178850,psique y sexo,dino minniti; enrique cahen salaberry; ernesto bianco; manuel antin,ernesto bianco; mariucha y lugano,psique y sexo,enrique cahen salaberry; ernesto bianco; manuel antin,\N,psique y sexo,dino minniti; enrique cahen salaberry; ernesto bianco; manuel antin,\N,psique y sexo,dino minniti; enrique cahen salaberry; ernesto bianco; manuel antin,ernesto bianco; mariucha y lugano
tt0178930,the third kiss,luis cesar amadori,luis cesar amadori,the third kiss,luis cesar amadori,luis cesar amadori,\N,\N,\N,the third kiss,luis cesar amadori,luis cesar amadori
tt0178966,a cia cinematografica vera cruz,jeanclaude bernardet; joao batista de andrade,\N,\N,\N,\N,a cia cinematografica vera cruz,jeanclaude bernardet; joao batista de andrade,\N,a cia cinematografica vera cruz,jeanclaude bernardet; joao batista de andrade,\N
tt0178970,rape,pierre chevalier,marius lesoeur; pierre chevalier,rape: the great fear,pierre chevalier,\N,"viol, la grande peur",pierre chevalier,marius lesoeur; pierre chevalier,rape,pierre chevalier,marius lesoeur; pierre chevalier
tt0178986,where the north holds sway,bennett cohen,bennett cohen; evan merritt post,\N,\N,\N,where north holds sway,bennett cohen,\N,where north holds sway,bennett cohen,bennett cohen
tt0179664,el baisano jalil,joaquin pardave,adolfo fernandez bustamante,el baisano jalil,joaquin pardave; roberto gavaldon,adolfo fernandez bustamante,el baisano jalil,joaquin pardave,\N,el baisano jalil,joaquin pardave,joaquin pardave
tt0179696,"...but then, she's betty carter",michelle parkerson,michelle parkerson,\N,\N,\N,\N,\N,\N,"...but then, she's betty carter",michelle parkerson,michelle parkerson
tt0179886,io con te non ci sto piu,gianni amico,enzo ungari; francesco tullio altan; gianni amico,io con te non ci sto piu,gianni amico,francesco tullio altan,io con te non ci sto piu,gianni amico,\N,io con te non ci sto piu,gianni amico,enzo ungari; francesco tullio altan; gianni amico
tt0180467,babylon pink iii,henri pachard,henri pachard,\N,\N,\N,babylon pink iii,henri pachard,\N,babylon pink iii,henri pachard,henri pachard
tt0180669,a funny girl,takis vougiouklakis,lakis mihailidis,joy and tears,takis vougiouklakis,lakis michaelides,a funny girl,takis vougiouklakis,\N,a funny girl,takis vougiouklakis,lakis mihailidis
tt0180725,the war of pelados,sylvio back,\N,a guerra dos pelados,sylvio back,\N,the war of pelados,sylvio back,\N,the war of pelados,sylvio back,\N
tt0180749,and the woman shall fear her husband,yorgos tzavellas,yorgos tzavellas,and the wife shall revere her husband,giorgos tzavellas,giorgos tzavellas,and the woman shall fear her husband,yorgos tzavellas,\N,and the woman shall fear her husband,yorgos tzavellas,yorgos tzavellas
tt0181335,"cada hogar, un mundo",carlos f borcosque,\N,"cada hogar, un mundo",carlos f borcosque,carlos a petit,"cada hogar, un mundo",carlos f borcosque,\N,"cada hogar, un mundo",carlos f borcosque,\N
tt0181633,kiss the girls,giannis dalianidis,giannis dalianidis,kiss the girls,yannis dalianidis,yannis dalianidis,kiss the girls,giannis dalianidis,\N,kiss the girls,giannis dalianidis,giannis dalianidis
tt0181686,mientras haya un circo,carlos f borcosque,carlos f borcosque,mientras haya un circo,carlos f borcosque,\N,mientras haya un circo,carlos f borcosque,\N,mientras haya un circo,carlos f borcosque,carlos f borcosque
tt0181689,minority report,steven spielberg,jon cohen; scott frank,minority report,steven spielberg,jon cohen; scott frank,minority report,steven spielberg,jon cohen; philip k dick; scott frank,minority report,steven spielberg,jon cohen; scott frank
tt0181764,\N,\N,\N,\N,\N,\N,"lia, rispondi",jose quaglio,jose quaglio; turi vasile,\N,\N,\N
tt0181998,carnaval atlantida,jose carlos burle,berliet jr; jose carlos burle; victor lima,carnaval atlantida,jose carlos burle,\N,carnaval atlantida,jose carlos burle,\N,carnaval atlantida,jose carlos burle,berliet jr; jose carlos burle; victor lima
tt0183285,irresistible ii,gary graver,\N,\N,\N,\N,irresistible ii,gary graver,\N,irresistible ii,gary graver,\N
tt0183301,jewel of the nite,\N,jacques khoulter,\N,\N,\N,jewel of the nite,\N,\N,\N,\N,\N
tt0183337,kaplanlar,cetin inanc; cuneyt arkn,cuneyt arkn,kaplanlar,cetin inanc; cuneyt arkn,\N,kaplanlar,cetin inanc; cuneyt arkn,\N,kaplanlar,cetin inanc; cuneyt arkn,cuneyt arkn
tt0183384,lsd flesh of devil,massimo mida,bruno baratti; massimo mida; odoardo fiory; tiziano cortini; vittorio orano,lsd flesh of devil,\N,\N,lsd flesh of devil,massimo mida,bruno baratti; odoardo fiory; tiziano cortini,lsd flesh of devil,massimo mida,bruno baratti; massimo mida; odoardo fiory
tt0183787,\N,\N,\N,\N,\N,\N,silverbelt,\N,\N,\N,\N,\N
tt0183951,"people, years, life",angela ricci lucchi; yervant gianikian,angela ricci lucchi; yervant gianikian,\N,\N,\N,"people, years, life",angela ricci lucchi; yervant gianikian,\N,"people, years, life",angela ricci lucchi; yervant gianikian,angela ricci lucchi; yervant gianikian
tt0184060,you are here,tom rooney,tom rooney,\N,\N,\N,you are here,tom rooney,\N,you are here,tom rooney,tom rooney
tt0184440,enigma for demons,carlos hugo christensen,carlos hugo christensen,enigma para demonios,carlos hugo christensen,\N,enigma for demons,carlos hugo christensen,\N,enigma for demons,carlos hugo christensen,carlos hugo christensen; origenes lessa
tt0185287,don bildigerno en pago milagro,antonio ber ciani,yamandu rodriguez,don bildigerno de pago milagro,antonio ber ciani,\N,don bildigerno en pago milagro,antonio ber ciani,\N,don bildigerno en pago milagro,antonio ber ciani,yamandu rodriguez
tt0185925,\N,\N,\N,\N,\N,\N,big busty 47,\N,\N,\N,\N,\N
tt0186071,i killed lucio flavio,antonio calmon,alberto magno; leopoldo serran,eu matei lucio flavio,antonio calmon,\N,eu matei lucio flavio,antonio calmon,alberto magno; leopoldo serran,i killed lucio flavio,antonio calmon,alberto magno; leopoldo serran
tt0186103,\N,\N,\N,\N,\N,\N,jue dai ying xiong,shengyu hsu,lung ku; shengyu hsu,\N,\N,\N
tt0186240,the invisibles,noah stern,noah stern,\N,\N,\N,the invisibles,noah stern,noah stern,the invisibles,noah stern,noah stern
tt0186601,the naughty girl,ting shanhsi,ting shanhsi,\N,\N,\N,the naughty girl,ting shanhsi,\N,the naughty girl,ting shanhsi,ting shanhsi
tt0186626,to you with love,sung tsun shou,sung hsiangyu,\N,\N,\N,to you with love,sung tsun shou,\N,to you with love,sung tsun shou,sung hsiangyu
tt0186725,zatoichi's cane sword,kimiyoshi yasuda,ryozo kasahara,zatoichi's cane sword,kimiyoshi yasuda,ryozo kasahara,zatoichi's cane sword,kimiyoshi yasuda,kan shimozawa; ryozo kasahara,zatoichi's cane sword,kimiyoshi yasuda,ryozo kasahara
tt0186794,thaayillamal naanillai,r thyagarajan,sandow mma chinnappa devar,thaayillamal naan illai,r thyagarajan,\N,thaayillamal naanillai,r thyagarajan,\N,thaayillamal naanillai,r thyagarajan,sandow mma chinnappa devar; thooyavan
tt0187097,\N,\N,\N,\N,\N,\N,greatest fights of martial arts,\N,\N,\N,\N,\N
tt0187363,oss 77 - operation lotus flower,bruno paolinelli,bruno paolinelli; claudio biondi,oss 77 operazione fior di loto,bruno paolinelli,\N,oss 77 - operation lotus flower,bruno paolinelli,\N,oss 77 - operation lotus flower,bruno paolinelli,bruno paolinelli; claudio biondi
tt0187401,pilot premnath,a c tirulokchandar,\N,pilot premnath,a c tirulokchandar,a c tirulokchandar,pilot premnath,a c tirulokchandar,\N,pilot premnath,a c tirulokchandar,\N
tt0187477,\N,\N,\N,\N,\N,\N,sandhya,a kodandarami reddy,ashapurna devi; jandhyala,\N,\N,\N
tt0188204,un soltero en apuros,alberto dubois,pastor y rojas,\N,alberto du bois,\N,un soltero en apuros,alberto dubois,\N,un soltero en apuros,alberto dubois,pastor y rojas
tt0188309,the education in love of valentin,jean lhote,\N,l'education amoureuse de valentin,jean lhote,jean lhote,the education in love of valentin,jean lhote,\N,the education in love of valentin,jean lhote,\N
tt0188442,part-time lifeguards,carlos galettini,salvador valverde calvo,los baneros mas locos del mundo,carlos galettini,\N,los baneros mas locos del mundo,carlos galettini,salvador valverde calvo,part-time lifeguards,carlos galettini,salvador valverde calvo
tt0188524,couturier de mon coeur,raymond de cesse; rene jayet,\N,\N,rene jayet,\N,couturier de mon coeur,raymond de cesse; rene jayet,\N,couturier de mon coeur,raymond de cesse; rene jayet,\N
tt0188728,\N,\N,\N,\N,\N,\N,just boys,\N,\N,\N,\N,\N
tt0189219,spring in a small town,fei mu,li tianji,spring in a small town,fei mu,li tianji,spring in a small town,mu fei,tianji li,spring in a small town,fei mu,li tianji
tt0189427,\N,\N,\N,\N,\N,\N,\N,\N,\N,\N,\N,\N
tt0189448,courage for two,dell henderson,hamilton smith,courage for two,dell henderson,\N,\N,\N,\N,courage for two,dell henderson,harry o hoyt
tt0189658,lola's lolos,bernard dubois,\N,les lolos de lola,bernard dubois,bernard dubois,lola's lolos,bernard dubois,\N,lola's lolos,bernard dubois,\N
tt0189742,\N,\N,\N,\N,\N,\N,misadventures of the bang gang,peter strong,andrew dillion,\N,\N,\N
tt0189762,a moreninha,glauco mirko laurelli,glauco mirko laurelli,a moreninha,glauco mirko laurelli,\N,a moreninha,glauco mirko laurelli,claudio petraglia; glauco mirko laurelli; miroel silveira,a moreninha,glauco mirko laurelli,claudio petraglia; glauco mirko laurelli; miroel silveira
tt0189889,"paraiba, vida e morte de um bandido",victor lima,victor lima,"paraiba, vida e morte de um bandido",victor lima,\N,"paraiba, vida e morte de um bandido",victor lima,\N,"paraiba, vida e morte de um bandido",victor lima,victor lima
tt0189953,\N,\N,\N,\N,\N,\N,puzzles of blue,christian giornelli,\N,\N,\N,\N
tt0190151,\N,\N,\N,winning grandma,william bertram,clara beranger,winning grandma,william bertram,bertram george; clara beranger; jack cunningham,\N,\N,\N
tt0190380,\N,\N,\N,\N,\N,\N,the embrace,rachel gordon,bud robertson; rachel gordon,\N,\N,\N
tt0190458,his wife's friend,joseph de grasse,\N,his wife's friend,joe de grasse,\N,his wife's friend,joseph de grasse,\N,his wife's friend,joseph de grasse,r cecil smith
tt0190460,hoje o galo sou eu!,aloisio t de carvalho,chico anysio; jose wanderley; ronaldo lupo,\N,\N,\N,hoje o galo sou eu,aloisio t de carvalho,chico anysio; jose wanderley; ronaldo lupo,hoje o galo sou eu!,aloisio t de carvalho,chico anysio; jose wanderley; ronaldo lupo
tt0190520,land of doom,peter maris,craig rand,land of doom,peter maris,\N,land of doom,peter maris,\N,land of doom,peter maris,craig rand
tt0190581,house of sleeping beauties,hiroto yokoyama,toshiro ishido,\N,\N,\N,house of sleeping beauties,hiroto yokoyama,\N,house of sleeping beauties,hiroto yokoyama,toshiro ishido
tt0191315,night of the female,fauzi mansur,fauzi mansur; marcos rey,a noite das femeas,fauzi mansur,\N,night of the female,fauzi mansur,\N,night of the female,fauzi mansur,fauzi mansur; marcos rey
tt0191625,barbara the fair with the silken hair,aleksandr rou,mikhail chuprin,barbara the fair with the silken hair,alexander rou,alexander rou,barbara the fair with the silken hair,aleksandr rou,\N,barbara the fair with the silken hair,aleksandr rou,aleksandr rou; mikhail chuprin
tt0191828,the big blow,reinaldo marcus green,\N,\N,\N,\N,the big blow,reinaldo marcus green,\N,\N,\N,\N
tt0192022,the spanking,pierre caron,\N,\N,pierre caron,jean nohain,the spanking,pierre caron,\N,the spanking,pierre caron,jean de letraz
tt0192069,gendernauts: a journey through shifting identities,monika treut,monika treut,gendernauts,monika treut,monika treut,gendernauts: a journey through shifting identities,monika treut,monika treut,gendernauts: a journey through shifting identities,monika treut,monika treut
tt0192135,\N,\N,\N,\N,\N,\N,hua qiao zhi guang,shusun chiu,\N,\N,\N,\N
tt0192330,\N,\N,\N,\N,\N,\N,moshe dayan: a warrior's story,harrison engle,\N,\N,\N,\N
tt0192429,\N,\N,\N,\N,\N,\N,il pappagallo della zia berta,emilio ghione,\N,\N,\N,\N
tt0192490,\N,\N,\N,\N,\N,\N,qi zi mei,jing ping wu; wancang bu,wancang bu,\N,\N,\N
tt0192788,where the red fern grows,lyman dayton; sam pillsbury,douglas c stewart; eleanor lamb; lyman dayton; sam pillsbury,where the red fern grows,lyman dayton; sam pillsbury,\N,where the red fern grows,lyman dayton; sam pillsbury,douglas c stewart; eleanor lamb; wilson rawls,where the red fern grows,lyman dayton; sam pillsbury,douglas c stewart; eleanor lamb; lyman dayton
tt0193022,prince of broadcasters,patrick lung kong,patrick lung kong,\N,\N,\N,prince of broadcasters,patrick lung kong,\N,prince of broadcasters,patrick lung kong,patrick lung kong
tt0193119,\N,\N,\N,\N,\N,\N,duo qing he,wei lo,wei lo,\N,\N,\N
tt0193124,double role,jaromil jires,jaromil jires; jaroslava moserovadavidova,double role,jaromil jires,jaromil jires; jaroslava moserova,double role,jaromil jires,\N,double role,jaromil jires,jaromil jires; jaroslava moserovadavidova
tt0193236,\N,\N,\N,flowers of memory,christian braad thomsen,christian braad thomsen,hvor mindets blomster gror,christian braad thomsen,christian braad thomsen,\N,\N,\N
tt0193366,our friends the hayseeds,beaumont smith,beaumont smith,"our friends, the hayseeds",beaumont smith,beaumont smith,our friends the hayseeds,beaumont smith,\N,our friends the hayseeds,beaumont smith,beaumont smith
tt0193565,third at heart,jacques de casembroot,\N,third at heart,jacques de casembroot,marcgilbert sauvajon,third at heart,jacques de casembroot,\N,third at heart,jacques de casembroot,\N
tt0193571,the grey rats,emilio ghione,emilio ghione; pio vanzi,the grey rats,emilio ghione,\N,the grey rats,emilio ghione,\N,the grey rats,emilio ghione,emilio ghione
tt0193613,voyeur,michael goi,michael goi,\N,\N,\N,voyeur,michael goi,michael goi,voyeur,michael goi,michael goi
tt0193657,\N,\N,\N,\N,\N,\N,zhifen jaingjun,manching kwan,\N,\N,\N,\N
tt0194339,se rematan ilusiones,mario c lugones,wilfredo jimenez,\N,mario c lugones,\N,se rematan ilusiones,mario c lugones,\N,se rematan ilusiones,mario c lugones,wilfredo jimenez
tt0194540,the nuremberg trials,felix podmaniczky,joe j heydecker; johannes leeb,\N,\N,\N,the nuremberg trials,felix podmaniczky,joe j heydecker; johannes leeb,the nuremberg trials,felix podmaniczky,joe j heydecker; johannes leeb
tt0194686,balada para un mochilero,carlos rinaldi,carlos rinaldi; norberto aroldi; rodolfo m taboada,balada para un mochilero,carlos rinaldi; rene mugica,\N,balada para un mochilero,carlos rinaldi,\N,balada para un mochilero,carlos rinaldi,carlos rinaldi; norberto aroldi; rodolfo m taboada
tt0194909,5 bemerkungen zum dokumentarfilm,gisela tuchtenhagen,gisela tuchtenhagen,\N,gisela tuchtenhagen,\N,funf bemerkungen zum dokumentarfilm,gisela tuchtenhagen; klaus wildenhahn,\N,5 bemerkungen zum dokumentarfilm,gisela tuchtenhagen,gisela tuchtenhagen
tt0195175,\N,\N,\N,\N,\N,\N,il presagio,\N,augusto genina,\N,\N,\N
tt0195315,strangers,anthony spinelli,anthony spinelli,\N,\N,\N,strangers,anthony spinelli,\N,strangers,anthony spinelli,anthony spinelli
tt0195325,fire!,adama drabo,adama drabo,fire!,adama drabo,\N,fire!,adama drabo,\N,fire!,adama drabo,adama drabo
tt0195633,death is not the end,\N,\N,\N,\N,\N,death is not the end,richard michaels,elroy schwartz,death is not the end,\N,\N
tt0195692,\N,\N,\N,\N,\N,\N,the evolution of man,\N,tom bret,\N,\N,\N
tt0195898,madame louise,maclean rogers,michael pertwee,madame louise,maclean rogers,michael pertwee,madame louise,maclean rogers,\N,madame louise,maclean rogers,michael pertwee
tt0196179,unrecht gut gedeiht nicht,jakob fleck; luise fleck,jakob fleck; luise fleck,\N,\N,\N,unrecht gut gedeiht nicht,jakob fleck; luise fleck,\N,unrecht gut gedeiht nicht,jakob fleck; luise fleck,jakob fleck; luise fleck
tt0196730,madonnas and men,ba rolfe,carey wilson; edmund goulding; violet clark,madonnas and men,b a rolfe,carey wilson; edmund goulding; violet clark,madonnas and men,ba rolfe,\N,madonnas and men,ba rolfe,carey wilson; edmund goulding; violet clark
tt0196892,querida suzana,alberto pieralisi,alberto pieralisi; alipio ramos,\N,\N,\N,querida suzana,alberto pieralisi,\N,querida suzana,alberto pieralisi,alberto pieralisi; alipio ramos
tt0197299,black sea raid,jeno hodi,\N,black sea raid,jeno hodi,\N,black sea raid,jeno hodi,christopher pearce; ian patrick williams; jeno hodi,black sea raid,jeno hodi,\N
tt0197819,retribuicao,gentil roiz,gentil roiz,\N,\N,\N,retribuicao,gentil roiz,\N,retribuicao,gentil roiz,gentil roiz
tt0197968,\N,\N,\N,\N,\N,\N,tres recrutas,euripides ramos,euripides ramos; jb tanko,\N,\N,\N
tt0198472,faut reparer sophie,alexandre ryder,\N,\N,alexandre ryder,andre mouezyeon,faut reparer sophie,alexandre ryder,\N,faut reparer sophie,alexandre ryder,\N
tt0198588,the chinese mack,tachuan hsu,wu tieyi,\N,\N,\N,jue zhao,tachuan hsu,tiehyi wu,the chinese mack,tachuan hsu,wu tieyi
tt0198869,\N,\N,\N,\N,\N,\N,on ne badine pas avec l'amour,jean desailly,alfred de musset,\N,\N,\N
tt0199131,voyage illusoire,georges dufaux,\N,\N,\N,\N,voyage illusoire,georges dufaux,\N,voyage illusoire,georges dufaux,\N
tt0199578,feminism,errikos thalassinos,errikos thalassinos; theodoros katsadramis,\N,\N,\N,feminism,errikos thalassinos,\N,feminism,errikos thalassinos,errikos thalassinos; theodoros katsadramis
tt0199978,the fake theodore,vasilis papazoglou,vasilis betsos,\N,\N,\N,the fake theodore,vasilis papazoglou,\N,the fake theodore,vasilis papazoglou,vasilis betsos
tt0200250,veni conmigo,luis saslavsky,\N,veni conmigo,luis saslavsky,\N,veni conmigo,luis saslavsky,eduardo gudino kieffer; luis saslavsky,veni conmigo,luis saslavsky,\N
tt0200614,love and betrayal,hristos kyriakopoulos,nikos foskolos,\N,\N,\N,love and betrayal,hristos kyriakopoulos,\N,love and betrayal,hristos kyriakopoulos,nikos foskolos
tt0201506,viejo reales' long journey to death,gerardo vallejo,fernando e solanas; gerardo vallejo; octavio getino,\N,gerardo vallejo,fernando solanas; gerardo vallejo; octavio getino,viejo reales' long journey to death,gerardo vallejo,\N,viejo reales' long journey to death,gerardo vallejo,fernando e solanas; gerardo vallejo; octavio getino
tt0201875,\N,\N,\N,quase no ceu,oduvaldo vianna,\N,quase no ceu,oduvaldo vianna,oduvaldo vianna,\N,\N,\N
tt0202000,todo el ano es navidad,roman vinoly barreto,horacio s meyrialle,todo el ano es navidad,roman vinoly barreto,\N,todo el ano es navidad,roman vinoly barreto,\N,todo el ano es navidad,roman vinoly barreto,horacio s meyrialle
tt0202460,sophie's misfortune,jacqueline audry,\N,the misfortunes of sophie,jacqueline audry,colette audry,les malheurs de sophie,jacqueline audry,colette audry; la comtesse de segur; pierre laroche,sophie's misfortune,jacqueline audry,colette audry; pierre laroche
tt0202587,siberian express,haruo mizuno,haruo mizuno,siberian express,\N,\N,shiberia chotokkyu,haruo mizuno,haruo mizuno,siberian express,haruo mizuno,haruo mizuno
tt0202991,song of spring,simon koster,lydia krienen; simon koster,lentelied,simon koster,\N,song of spring,simon koster,\N,song of spring,simon koster,lydia krienen; simon koster
tt0203277,a casa di irma,alberto bader,gianni biondillo; roberta giudetti; vinicio canton,\N,\N,\N,a casa di irma,alberto bader,\N,a casa di irma,alberto bader,gianni biondillo; roberta giudetti; vinicio canton
tt0203369,calore in corpo,arduino sacco,\N,\N,\N,\N,calore in corpo,arduino sacco,\N,\N,\N,\N
tt0203463,drei kaiserjager,franz hofer,\N,three soldiers in the kaiserjager,franz hofer; robert land,\N,drei kaiserjager,franz hofer,\N,drei kaiserjager,franz hofer,\N
tt0203561,\N,\N,\N,the hellion,george l cox,\N,the hellion,george l cox,daniel f whitcomb,\N,\N,\N
tt0203669,\N,\N,\N,\N,\N,\N,malheurchen nummer acht,franz hofer,franz hofer,\N,\N,\N
tt0203943,the squatter's daughter,bert bailey,\N,the squatter's daughter,bert bailey,\N,the squatter's daughter,bert bailey,\N,the squatter's daughter,bert bailey,\N
tt0204270,detective transex,luigi soldati,\N,\N,\N,\N,detective transex,luigi soldati,\N,\N,\N,\N
tt0204355,"grenada, grenada, my grenada",roman karmen,\N,\N,\N,\N,"grenada, grenada, my grenada",roman karmen,\N,"grenada, grenada, my grenada",roman karmen,\N
tt0204568,\N,\N,\N,prohibido para menores,ignacio tankel,\N,prohibido para menores,ignacio tankel,\N,\N,\N,\N
tt0204789,\N,\N,\N,\N,\N,\N,an african-american in russia,jamal hodge,\N,\N,\N,\N
tt0204863,beby la figlia libidinosa,mario bianchi,\N,\N,\N,\N,euroflesh 12: born to sin,mario bianchi,\N,\N,\N,\N
tt0204887,bella entre las flores,miguel somera,\N,\N,\N,\N,bella entre las flores,miguel somera,\N,bella entre las flores,miguel somera,\N
tt0204965,\N,\N,\N,\N,\N,\N,"cigarettes, whiskey..",roger wielgus,roger wielgus,\N,\N,\N
tt0205210,\N,hasan elsaifi,mohamed osman,\N,\N,\N,\N,hasan elsaifi,\N,\N,hasan elsaifi,mohamed osman
tt0205373,\N,\N,\N,\N,\N,\N,rou bo ming yue wan,tit lee,bikkin ho; lunghsiang fang,\N,\N,\N
tt0206226,psycho beach party,robert lee king,charles busch,psycho beach party,robert lee king,charles busch,psycho beach party,robert lee king,charles busch,psycho beach party,robert lee king,charles busch
tt0206258,radio pirata,lael rodrigues,yoya wursch,radio pirata,lael rodrigues,\N,radio pirata,lael rodrigues,\N,radio pirata,lael rodrigues,yoya wursch
tt0206767,just like a cat,gianni cozzolino,nini grassia,just like a cat,\N,nini grassia,just like a cat,gianni cozzolino,\N,just like a cat,gianni cozzolino,nini grassia
tt0207233,\N,\N,\N,\N,\N,\N,"zdravstvuy, zhizn!",aleksandr zarkhi,\N,\N,\N,\N
tt0207271,sirens of the deep,steve wang,\N,\N,\N,\N,sirens of the deep,steve wang,\N,sirens of the deep,steve wang,\N
tt0207597,manny's orphans,sean s cunningham,steve miner; victor miller,manny's orphans,sean s cunningham,victor miller,manny's orphans,sean s cunningham,\N,manny's orphans,sean s cunningham,victor miller
tt0207606,mirador,werner nekes,werner nekes,\N,\N,\N,mirador,werner nekes,\N,mirador,werner nekes,werner nekes
tt0207811,a woman in the night,edmond t greville,jacques companeez; jean bernardluc; pierre laroche,a woman in the night,edmond t greville,jean bernardluc,a woman in the night,edmond t greville,\N,a woman in the night,edmond t greville,jacques companeez; jean bernardluc; pierre laroche
tt0207984,\N,\N,\N,\N,\N,\N,l'auvergne,jean gremillon,\N,\N,\N,\N
tt0207994,\N,\N,\N,\N,\N,\N,beautiful valley,\N,\N,\N,\N,\N
tt0208779,things fall apart,hansjurgen pohland,fern mosk,\N,\N,\N,things fall apart,hans jurgen pohland,chinua achebe; fern mosk,things fall apart,hansjurgen pohland,fern mosk
tt0209371,stress,corrado prisco,corrado prisco; mauro bologna,\N,\N,\N,stress,corrado prisco,corrado prisco; mauro bologna,stress,corrado prisco,corrado prisco; mauro bologna
tt0210773,jam session (the official bootleg of kikujiro),makoto shimazaki,\N,jam session,makoto shinozaki,\N,jam session (the official bootleg of kikujiro),makoto shimazaki,\N,jam session (the official bootleg of kikujiro),makoto shimazaki,\N
tt0211059,il trasloco,renato de maria,franco bifo berardi; giampietro huber; renato de maria,\N,renato de maria,franco berardi; renato de maria,il trasloco,renato de maria,\N,il trasloco,renato de maria,franco bifo berardi; giampietro huber; renato de maria
tt0211068,il treno del sabato,vittorio sala,adriano baracco; marcello fondato; vittorio sala,il treno del sabato,vittorio sala,adriano baracco,il treno del sabato,vittorio sala,\N,il treno del sabato,vittorio sala,adriano baracco; marcello fondato; vittorio sala
tt0211425,the bride napping,yan jun,king hu,\N,\N,\N,the bride napping,yan jun,\N,the bride napping,yan jun,king hu
tt0211492,the luzhin defence,marleen gorris,peter berry,the luzhin defence,marleen gorris,vladimir nabokov,the luzhin defence,marleen gorris,peter berry; vladimir nabokov,the luzhin defence,marleen gorris,peter berry
tt0211570,\N,\N,\N,\N,\N,\N,picture this,lisa albright,neena beber,\N,\N,\N
tt0211906,african jim,donald swanson,\N,african jim aka jim comes to jo'burg,\N,\N,african jim,donald swanson,\N,african jim,donald swanson,\N
tt0212048,cause of death,marc s grenier,les weldon,cause of death,marc s grenier,\N,cause of death,marc s grenier,\N,cause of death,marc s grenier,les weldon
tt0212111,\N,\N,\N,\N,\N,\N,"domino, dominante",\N,\N,\N,\N,\N
tt0212301,the last grave at dimbaza,chris curling; nana mahome; pascoe macfarlane,\N,\N,\N,\N,the last grave at dimbaza,chris curling; nana mahome; pascoe macfarlane,\N,the last grave at dimbaza,chris curling; nana mahome; pascoe macfarlane,\N
tt0212423,the personals,chen kuofu,chen kuofu; chen shihchieh,the personals,chen kuofu,\N,the personals,chen kuofu,\N,the personals,chen kuofu,chen kuofu; chen shihchieh
tt0212527,\N,\N,\N,\N,\N,\N,south african chronicles,\N,\N,\N,\N,\N
tt0213272,el septimo cielo,juan fischer,\N,\N,\N,\N,el septimo cielo,juan fischer,\N,el septimo cielo,juan fischer,\N
tt0214222,l'ultima volta insieme,nini grassia,graziella marsetti; nini grassia,l'ultima volta insieme,nini grassia,nini grassia,l'ultima volta insieme,nini grassia,\N,l'ultima volta insieme,nini grassia,graziella marsetti; nini grassia
tt0214625,dev pavla,\N,\N,\N,\N,\N,dev pavla,\N,\N,dev pavla,\N,\N
tt0215201,\N,\N,\N,\N,\N,\N,sooravalli,nemai ghosh,\N,\N,\N,\N
tt0215323,venere creola,lorenzo ricciardi,lorenzo ricciardi,venere creola,lorenzo ricciardi,\N,\N,\N,\N,venere creola,lorenzo ricciardi,lorenzo ricciardi
tt0215792,\N,\N,\N,\N,\N,\N,gendai josei igaku,kinya ogawa,\N,\N,\N,\N
tt0215809,glad tidings,wolf rilla,wolf rilla,glad tidings,wolf rilla,wolf rilla,glad tidings,wolf rilla,\N,glad tidings,wolf rilla,wolf rilla
tt0216389,crossroads of love,carmine gallone,filippo folchi; giorgio mannini,the faces of love,carmine gallone,\N,crossroads of love,carmine gallone,\N,crossroads of love,carmine gallone,filippo folchi; giorgio mannini
tt0216733,ektemann alene,nils r muller,eva seeberg; nils r muller,ektemann alene,nils r muller,eva seeberg; nils r muller,ektemann alene,nils r muller,\N,ektemann alene,nils r muller,eva seeberg; nils r muller
tt0216817,hum saath saath hain,sooraj barjatya,sooraj barjatya,hum saath-saath hain,sooraj r barjatya,sooraj r barjatya,hum saath-saath hain,sooraj r barjatya,sooraj r barjatya,hum saath saath hain,sooraj barjatya,sooraj barjatya
tt0216912,\N,\N,\N,a metade da vida,manuel castelao,manuel castelao,a metade da vida,raul veiga,raul veiga; xose luis mendez ferrin,\N,\N,\N
tt0216987,\N,\N,\N,\N,\N,\N,the psychedelic raincoat,\N,\N,\N,\N,\N
tt0218253,\N,\N,\N,\N,\N,\N,the flesh game,mm mitchell,\N,\N,\N,\N
tt0218256,flesh of my flesh,\N,\N,\N,\N,\N,flesh of my flesh,\N,\N,flesh of my flesh,\N,\N
tt0218449,la mulata de cordoba,adolfo fernandez bustamante,\N,the mulatta of cordoba,adolfo fernandez bustamante,adolfo fernandez bustamante; xavier villaurrutia,la mulata de cordoba,adolfo fernandez bustamante,\N,la mulata de cordoba,adolfo fernandez bustamante,\N
tt0218998,the game is set,harry wuest,gary mertin,\N,\N,\N,the game is set,harry wuest,\N,the game is set,harry wuest,gary mertin
tt0219012,\N,\N,\N,\N,\N,\N,gay guide to hawaii,tom desimone,\N,\N,\N,\N
tt0219820,\N,\N,\N,\N,\N,\N,"hoy mister, ako ang misis mo",cesar gallardo,edgardo m reyes,\N,\N,\N
tt0219854,the kid,jon turteltaub,audrey wells,disney's the kid,jon turteltaub,audrey wells,the kid,jon turteltaub,audrey wells,the kid,jon turteltaub,audrey wells
tt0220385,\N,\N,\N,\N,\N,\N,daydrift,ryan bonder,ryan bonder,\N,\N,\N
tt0220389,god wills it so,luc monheim,dominique rozan; luc monheim; zoe zurstrassen,\N,\N,\N,god wills it so,luc monheim,\N,god wills it so,luc monheim,dominique rozan; luc monheim; zoe zurstrassen
tt0220494,\N,\N,\N,\N,\N,\N,gotta light?,\N,\N,\N,\N,\N
tt0220570,ichijo's wet lust,tatsumi kumashiro,tatsumi kumashiro,ichijo's wet lust,tatsumi kumashiro,tatsumi kumashiro,ichijo's wet lust,tatsumi kumashiro,tatsumi kumashiro,ichijo's wet lust,tatsumi kumashiro,tatsumi kumashiro
tt0220594,kartoos,mahesh bhatt,\N,kartoos,mahesh bhatt,\N,kartoos,ken ghosh; mahesh bhatt,luc besson; robin bhatt,kartoos,mahesh bhatt,\N
tt0220703,plenilune,imanol uribe,elvira lindo,plenilunio,imanol uribe,antonio munoz molina; elvira lindo,plenilunio,imanol uribe,antonio munoz molina; elvira lindo,plenilune,imanol uribe,elvira lindo
tt0220716,\N,\N,\N,\N,\N,\N,purse strings,\N,\N,\N,\N,\N
tt0221911,deutsche polizisten: viele kulturen - eine truppe,aysun bademsoy,aysun bademsoy,\N,\N,\N,deutsche polizisten: viele kulturen - eine truppe,aysun bademsoy,\N,deutsche polizisten: viele kulturen - eine truppe,aysun bademsoy,aysun bademsoy
tt0221999,\N,\N,\N,\N,\N,\N,hana no kodokan,shunkai mizuho,fuji yahiro; shofu muramatsu,\N,\N,\N
tt0222054,john the fearless,jef cassiers,jef cassiers,john the fearless,jef cassiers,jef cassiers,john the fearless,jef cassiers,constant de kinder; ernest reid; jef cassiers,john the fearless,jef cassiers,jef cassiers
tt0222096,kalt ist der abendhauch,rainer kaufmann,kathrin richter; ralf hertwig,cold is the breath of evening,rainer kaufmann,kathrin richter; ralf hertwig,kalt ist der abendhauch,rainer kaufmann,\N,kalt ist der abendhauch,rainer kaufmann,kathrin richter; ralf hertwig
tt0223123,\N,\N,\N,\N,\N,\N,deer in winter/birds in winter,\N,\N,\N,\N,\N
tt0223455,afternoon affair: kyoto holy tapestry,masaru konuma,takehiro nakajima,\N,\N,\N,afternoon affair: kyoto holy tapestry,masaru konuma,\N,afternoon affair: kyoto holy tapestry,masaru konuma,takehiro nakajima
tt0223801,dark story of a japanese rapist,koji wakamatsu,osamu yamashita,\N,\N,\N,dark story of a japanese rapist,koji wakamatsu,\N,dark story of a japanese rapist,koji wakamatsu,osamu yamashita
tt0224009,\N,\N,\N,gorilla's king,rene cardona jr,\N,gorilla's king,rene cardona jr,\N,gorilla's king,rene cardona jr,ramon obon; rene cardona jr
tt0224246,\N,\N,\N,\N,\N,\N,"""they didn't starve us out"": industrial cape breton in the 1920s",patricia kipping,\N,"""they didn't starve us out"": industrial cape breton in the 1920s",patricia kipping,patricia kipping
tt0224274,\N,\N,\N,\N,\N,\N,toonik time: an inuit spring festival,\N,\N,\N,\N,\N
tt0224359,\N,\N,\N,de vrouw clasina,maurits binger,\N,de vrouw clasina,maurits binger,\N,de vrouw clasina,maurits binger,\N
tt0225177,\N,\N,\N,\N,\N,\N,between the solitudes,abbey jack neidik,\N,between the solitudes,abbey jack neidik,josh freed
tt0225553,\N,\N,\N,double or nothing: the rise and fall of robert campeau,paul cowan,paul cowan,double or nothing: the rise and fall of robert campeau,paul cowan,paul cowan,\N,\N,\N
tt0226050,\N,\N,\N,\N,\N,\N,la lampada di wood,lavinia capogna,lavinia capogna,\N,\N,\N
tt0226598,\N,\N,\N,\N,\N,\N,vill ni se en stjarna,nisse bertilsson,\N,\N,\N,\N
tt0227539,\N,\N,\N,\N,\N,\N,srecan dan,branislav kicic,\N,\N,\N,\N
tt0229340,dinner rush,bob giraldi,brian s kalata; rick shaughnessy,dinner rush,bob giraldi,\N,dinner rush,bob giraldi,brian s kalata; rick shaughnessy,dinner rush,bob giraldi,brian s kalata; rick shaughnessy
tt0229603,mysterious britain,rubert barker,paolo de paolis,\N,\N,\N,mysterious britain,rubert barker,\N,mysterious britain,rubert barker,paolo de paolis
tt0230075,\N,\N,\N,\N,\N,\N,charitra,br ishara,\N,\N,\N,\N
tt0230301,hombres del mar,chano urueta,chano urueta; margarita urueta,hombres de mar,chano urueta,\N,hombres del mar,chano urueta,\N,hombres del mar,chano urueta,chano urueta; margarita urueta
tt0230349,jacke wie hose,eduard kubat,arthur pohl; jan koplowitz,swings or roundabouts,eduard kubat,jan koplowitz,jacke wie hose,eduard kubat,\N,jacke wie hose,eduard kubat,arthur pohl; jan koplowitz
tt0230553,\N,\N,\N,mysore tanga,g v iyer,\N,mysore tonga,gv iyer,gv iyer,\N,\N,\N
tt0230625,\N,\N,\N,\N,\N,\N,pas de deux,prakash jha,\N,\N,\N,\N
tt0230652,spring of life,milan cieslar,milan cieslar; vladimir korner,spring of life,milan cieslar,milan cieslar; vladimir korner,spring of life,milan cieslar,\N,spring of life,milan cieslar,milan cieslar; vladimir korner
tt0230656,father's law,marek kondrat,micha szczerbic,law of the father,marek kondrat,micha szczerbic,prawo ojca,marek kondrat,michal szczerbic,father's law,marek kondrat,micha szczerbic
tt0230921,family pack,chris vander stappen,chris vander stappen,family pack,chris vander stappen,chris vander stappen,que faisaient les femmes pendant que l'homme marchait sur la lune?,chris vander stappen,chris vander stappen,family pack,chris vander stappen,chris vander stappen
tt0231150,anita,raj khosla,\N,anita,raj khosla,\N,anita,raj khosla,chandrakant; gr kamath; raj khosla,anita,raj khosla,\N
tt0231209,baap re baap,abdul rashid kardar,jagdish kanwal; sn banerjee,baap re baap,abdur rashid kardar,\N,baap re baap,abdul rashid kardar,\N,baap re baap,abdul rashid kardar,jagdish kanwal; sn banerjee
tt0231349,ernoa's way,louis delluc; rene coiffard,\N,ernoa's way,louis delluc,louis delluc,ernoa's way,louis delluc; rene coiffard,\N,ernoa's way,louis delluc; rene coiffard,\N
tt0231866,to kanarini podilato,dimitris stavrakas,dimitris stavrakas; stavros tsiolis; vasilis spiliopoulos,the canary yellow bicycle,dimitris stavrakas,\N,to kanarini podilato,dimitris stavrakas,\N,to kanarini podilato,dimitris stavrakas,dimitris stavrakas; stavros tsiolis; vasilis spiliopoulos
tt0231886,let the cobbler stick to his last,kostas andritsos,giorgos lazaridis,\N,kostas andritsos,giorgos lazarides,let the cobbler stick to his last,kostas andritsos,\N,let the cobbler stick to his last,kostas andritsos,giorgos lazaridis
tt0231887,\N,apostolos tegopoulos,hristos kyriakos,\N,\N,\N,\N,apostolos tegopoulos,\N,\N,apostolos tegopoulos,hristos kyriakos
tt0232245,\N,grigoris grigoriou,kostas asimakopoulos; nestoras matsas,\N,grigoris grigoriou,kostas asemakopoulos; nestoras matsas,\N,grigoris grigoriou,\N,\N,grigoris grigoriou,kostas asimakopoulos; nestoras matsas
tt0232484,puberun,prabhat mukhopadhyay,kc roy,puberun,prabhat mukherjee,\N,puberun,prabhat mukhopadhyay,\N,puberun,prabhat mukhopadhyay,kc roy
tt0233007,l'ile jaune,jean cousineau,\N,\N,\N,\N,l'ile jaune,jean cousineau,\N,l'ile jaune,jean cousineau,\N
tt0233226,anokha bandhan,mehul kumar,\N,anokha bandhan,mehul kumar,\N,anokha bandhan,mehul kumar,\N,anokha bandhan,mehul kumar,bharat dave
tt0233574,the dracula dynasty,alfredo b crevenna; claudia becker,jorge patino,\N,\N,\N,la dinastia de dracula,alfredo b crevenna; claudia becker,jorge patino,the dracula dynasty,alfredo b crevenna; claudia becker,jorge patino
tt0234102,the light of love,gunther scholz,gunther scholz; henrik hertz; wolf muller,the light of love,gunther scholz,\N,the light of love,gunther scholz,\N,the light of love,gunther scholz,gunther scholz; wolf muller
tt0234363,der nurnberger parteitag der nationalsozialistischen deutschen arbeiterpartei,baldur von schirach,\N,der nurnberger parteitag der nsdap,baldur von schirach,\N,der nurnberger parteitag der nationalsozialistischen deutschen arbeiterpartei,baldur von schirach,\N,der nurnberger parteitag der nationalsozialistischen deutschen arbeiterpartei,baldur von schirach,\N
tt0234727,\N,\N,\N,shree krishna gaarudi,hunsur krishnamurthy,\N,shri krishna garudi,hunsur krishnamurthy,bellave narahari sastry; hunsur krishnamurthy,\N,\N,\N
tt0235202,oh shorties... how many!,rolando aguilar,\N,\N,\N,\N,oh shorties... how many!,rolando aguilar,\N,oh shorties... how many!,rolando aguilar,\N
tt0235263,caruta cu mere,george cornea,dumitru radu popescu,applecart,george cornea,\N,caruta cu mere,george cornea,\N,caruta cu mere,george cornea,dumitru radu popescu
tt0235474,i like to see the wheels turn,giles walker,\N,\N,\N,\N,i like to see the wheels turn,giles walker,\N,i like to see the wheels turn,giles walker,\N
tt0235522,kokila,balu mahendra,balu mahendra,kokila,balu mahendra,balu mahendra,kokila,balu mahendra,\N,kokila,balu mahendra,balu mahendra
tt0235816,\N,\N,\N,\N,\N,\N,thinking out loud,daniel glasser,matthew stravitz,\N,\N,\N
tt0235822,tokende,gerard de boe,\N,\N,\N,\N,tokende,gerard de boe,\N,tokende,gerard de boe,\N
tt0236155,\N,\N,\N,\N,\N,\N,die macht der stunde - geschichte der zeitmessung,jan peter,\N,\N,\N,\N
tt0236332,\N,\N,\N,jagmagti jawani,nagendra majumdar,\N,jagmagati jawani,nagendra majumder,nagendra majumder,\N,\N,\N
tt0236480,\N,\N,\N,matrubhoomi,nagendra majumdar,\N,matrubhoomi,nagendra majumdar,\N,\N,\N,\N
tt0236508,\N,\N,\N,\N,\N,\N,mohabbat,phani majumdar,\N,\N,\N,\N
tt0236690,\N,\N,\N,rock of ages,bertram phillips,kenelm foss,rock of ages,bertram phillips,kenelm foss,\N,\N,\N
tt0236880,the hotel of the corrupt,dimitris athanasiadis,dimitris athanasiadis,\N,\N,\N,the hotel of the corrupt,dimitris athanasiadis,\N,the hotel of the corrupt,dimitris athanasiadis,dimitris athanasiadis
tt0237072,cannibal rollerbabes,kalman szegvary,jason wolthuizen,cannibal rollerbabes,kalman szegvary,\N,cannibal rollerbabes,kalman szegvary,jason wolthuizen,cannibal rollerbabes,kalman szegvary,jason wolthuizen
tt0237440,\N,\N,\N,\N,\N,\N,marele premiu,maria callas dinescu,\N,\N,\N,\N
tt0238625,staatsinrichting 3/13 uip r.t.,elsbeth dijkstra,\N,\N,\N,\N,staatsinrichting 3/13 uip r.t.,elsbeth dijkstra,\N,staatsinrichting 3/13 uip r.t.,elsbeth dijkstra,\N
tt0239103,mist,krisztina deak,\N,\N,\N,\N,mist,krisztina deak,\N,mist,krisztina deak,\N
tt0239259,\N,\N,\N,\N,\N,\N,beyond the bend,\N,\N,\N,\N,\N
tt0240108,\N,\N,\N,\N,\N,\N,tierra dorada,elio roncanglilto,elio roncanglilto,\N,\N,\N
tt0240344,\N,\N,\N,\N,\N,\N,anu,pn menon,\N,\N,\N,\N
tt0240473,the edelweiss pirates,niko von glasow,kiki von glasow; niko von glasow,edelweiss pirates,niko von glasow,kirstin von glasow,the edelweiss pirates,niko von glasow,kirstin von glasow; niko von glasow,the edelweiss pirates,niko von glasow,kiki von glasow; niko von glasow
tt0241190,\N,\N,\N,\N,\N,\N,az apacsno szerelme,elemer hetenyi,\N,\N,\N,\N
tt0241644,eyes of the spider,kiyoshi kurosawa,kiyoshi kurosawa; yoichi nishiyama,eyes of the spider,kiyoshi kurosawa,\N,eyes of the spider,kiyoshi kurosawa,kiyoshi kurosawa; yoichi nishiyama,eyes of the spider,kiyoshi kurosawa,kiyoshi kurosawa; yoichi nishiyama
tt0241645,bruce lee versus gay power,adriano stuart,adriano stuart; alfredo palacios; raja de aragao; walther negrao,bruce lee versus gay power,adriano stuart,\N,bruce lee versus gay power,adriano stuart,\N,bruce lee versus gay power,adriano stuart,adriano stuart; alfredo palacios; raja de aragao; walther negrao
tt0241667,\N,\N,\N,\N,\N,\N,ein lied aus wien,\N,\N,\N,\N,\N
tt0241802,parallel worlds,petr vaclav,marie desplechin; petr vaclav,parallel worlds,petr vaclav,marie desplechin; petr vaclav,parallel worlds,petr vaclav,\N,parallel worlds,petr vaclav,marie desplechin; petr vaclav
tt0241934,sans elle...,anna da palma,anna da palma,sem ela...,anna da palma,\N,sans elle...,anna da palma,\N,sans elle...,anna da palma,anna da palma
tt0242045,\N,\N,\N,\N,\N,\N,toofani taruni,bhagwati prasad mishra,wamanrao,\N,\N,\N
tt0242360,\N,\N,\N,\N,\N,\N,chandrasena,babubhai mistry,babubhai mistry; ck mast; vishwanath pande,\N,\N,\N
tt0242441,the long awaited desperate love,julian pastor,emilio carballido,\N,\N,\N,the long awaited desperate love,julian pastor,\N,the long awaited desperate love,julian pastor,emilio carballido
tt0242468,frisians in peril,willi krause,\N,friesennot,peter hagen,werner kortwich,frisians in peril,willi krause,\N,frisians in peril,willi krause,\N
tt0242675,mi esposa busca novio,carlos orellana,carlos orellana; eugenio heltai,\N,\N,\N,mi esposa busca novio,carlos orellana,\N,mi esposa busca novio,carlos orellana,carlos orellana; eugenio heltai
tt0242916,summer children,james bruner,norman handelsman,\N,\N,\N,summer children,james bruner,\N,summer children,james bruner,norman handelsman
tt0243390,lotat,taru makela,irma taina; taru makela,lotat (1995),taru makela,\N,lotat,taru makela,\N,lotat,taru makela,irma taina; taru makela
tt0244752,\N,\N,\N,rakta palash,\N,\N,rakta palash,pinaki bhushan mukherji,\N,\N,\N,\N
tt0245704,alludaa majakaa,evv satyanarayana,posani krishna murali,alluda majaka,e v v satyanarayana,posani krishna murali,alludaa majakaa,evv satyanarayana,\N,alludaa majakaa,evv satyanarayana,posani krishna murali
tt0246190,rani and lalpari,ravikant nagaich,pandit puranik,rani aur lalpari,ravikant nagaich,\N,rani and lalpari,ravikant nagaich,\N,rani and lalpari,ravikant nagaich,pandit puranik
tt0247291,dilli ka thug,sd narang,sd narang,dilli ka thug,sd narang,\N,dilli ka thug,sd narang,\N,dilli ka thug,sd narang,sd narang
tt0247576,"nezlob, kristino",vladimir cech,vladimir neff,\N,\N,\N,nezlob kristino,vladimir cech,\N,"nezlob, kristino",vladimir cech,vladimir neff
tt0247744,super spook,tony major,\N,\N,\N,\N,super spook,tony major,\N,super spook,tony major,\N
tt0248601,forget america,vanessa jopp,maggie peren,forget america,vanessa jopp,maggie peren,forget america,vanessa jopp,\N,forget america,vanessa jopp,maggie peren
tt0248666,\N,\N,\N,\N,\N,\N,aimez-vous les chiens?,jacques godbout,\N,\N,\N,\N
tt0249086,poor liza,slava tsukerman,sophia romma,poor liza,slava tsukerman,\N,poor liza,slava tsukerman,\N,poor liza,slava tsukerman,sophia romma
tt0249109,"red maid, the matchmaker",lung to,fung king,\N,\N,\N,"red maid, the matchmaker",lung to,\N,"red maid, the matchmaker",lung to,fung king
tt0250067,the trip,miles swain,miles swain,the trip,miles swain,miles swain,the trip,miles swain,miles swain,the trip,miles swain,miles swain
tt0250129,y si cristobal despierta?,sonia valentin,bernardo romero pereiro; juan camilo jaramillo,\N,\N,\N,y si cristobal despierta?,sonia valentin,\N,y si cristobal despierta?,sonia valentin,bernardo romero pereiro; juan camilo jaramillo
tt0250342,dirty rice,pat mire,pat mire,\N,\N,\N,dirty rice,pat mire,\N,dirty rice,pat mire,pat mire
tt0250361,\N,\N,\N,\N,\N,\N,engal kudumbam perisu,b ramakrishnaiah panthulu,\N,\N,\N,\N
tt0250507,la loca,miguel zacarias,edmundo baez; miguel zacarias,\N,\N,\N,\N,\N,\N,la loca,miguel zacarias,edmundo baez; miguel zacarias
tt0250533,\N,\N,\N,\N,\N,\N,love in chains,\N,\N,\N,\N,\N
tt0250563,\N,\N,\N,\N,\N,\N,majhoo,masood butt,\N,\N,\N,\N
tt0250759,sutradhaarulu,k viswanath,\N,sutradharulu,kasinathuni viswanath,kasinathuni viswanath,sutradhaarulu,k viswanath,k viswanath; mvs harnatha rao,sutradhaarulu,k viswanath,\N
tt0251318,\N,\N,\N,paris by night,\N,\N,paris by night,pittamandalam venktatachalapathy pathy,\N,\N,\N,\N
tt0251399,\N,\N,\N,shri krishna bhakta peepaji,s n patankar,\N,\N,\N,\N,\N,\N,\N
tt0252195,weaknesses,angelos fortounas,angelos fortounas,\N,\N,\N,weaknesses,angelos fortounas,\N,weaknesses,angelos fortounas,angelos fortounas
tt0252656,lebanon at night,muhammad selman,\N,\N,\N,\N,lebanon at night,muhammad selman,\N,lebanon at night,muhammad selman,\N
tt0252665,ghislain lambert's bicycle,philippe harel,benoit poelvoorde; olivier dazat; philippe harel,ghislan lambert's bicycle,philippe harel,benoit poelvoorde; olivier dazat; philippe harel,le velo de ghislain lambert,philippe harel,benoit poelvoorde; olivier dazat; philippe harel,ghislain lambert's bicycle,philippe harel,benoit poelvoorde; olivier dazat; philippe harel
tt0252703,less is more,michael lehmann; pascal jongen,pascal jongen,\N,\N,\N,less is more,michael lehmann; pascal jongen,\N,less is more,michael lehmann; pascal jongen,pascal jongen
tt0253109,\N,\N,\N,\N,\N,\N,graham's diner,courtney byrd,\N,\N,\N,\N
tt0253252,the burning mountains,joe hamman; luis trenker,\N,\N,\N,\N,the burning mountains,joe hamman; luis trenker,\N,the burning mountains,joe hamman; luis trenker,\N
tt0253540,\N,\N,\N,\N,\N,\N,rashoku sappo nukimi,kiyoshi komori,\N,\N,\N,\N
tt0253677,shadia al-jabal,ahmed diaa aldin,ahmed diaa aldin,\N,\N,\N,shadia al-jabal,ahmed diaa aldin,\N,shadia al-jabal,ahmed diaa aldin,ahmed diaa aldin
tt0253707,\N,\N,\N,simantak mani,dadasaheb phalke,\N,syamantaka mani,dhundiraj govind phalke,dhundiraj govind phalke,\N,\N,\N
tt0254683,phool aur kaante,kuku kohli,iqbal durrani,phool aur kaante,kuku kohli,iqbal durrani,phool aur kaante,kuku kohli,iqbal durrani,phool aur kaante,kuku kohli,iqbal durrani
tt0255109,\N,\N,\N,devanthakudu,c pullaiah,vempati sadasivabrahmam,devanthakudu,chittajalu pullayya,\N,\N,\N,\N
tt0255179,fraulein hoffmanns erzahlungen,karel lamac,\N,\N,\N,\N,fraulein hoffmanns erzahlungen,karel lamac,\N,fraulein hoffmanns erzahlungen,karel lamac,\N
tt0255943,\N,\N,\N,\N,\N,\N,directo chapinero,carlos mario urrea,carolina arango,\N,\N,\N
tt0256045,\N,\N,\N,\N,\N,\N,ganga maang rahi balidan,radhakant,\N,\N,\N,\N
tt0256139,ladronzuela,agustin p delgado,\N,\N,\N,\N,ladronzuela,agustin p delgado,agustin p delgado; pedro de urdimalas; yolanda vargas dulche,ladronzuela,agustin p delgado,\N
tt0256198,la moderna poesia,birgit hein,\N,\N,\N,\N,la moderna poesia,birgit hein,\N,la moderna poesia,birgit hein,\N
tt0256632,bala nagamma,vedantam raghavaiah,\N,bala nagamma,vedantam raghavaiah,\N,bala nagamma,vedantam raghavaiah,\N,bala nagamma,vedantam raghavaiah,\N
tt0257127,\N,\N,\N,\N,\N,\N,sei no haito,kaoru umezawa,toshio godai,\N,\N,\N
tt0257251,the enclosed valley,jeanclaude rousseau,\N,la vallee close,jeanclaude rousseau,\N,the enclosed valley,jeanclaude rousseau,\N,the enclosed valley,jeanclaude rousseau,\N
tt0257573,the art of tripping,storm thorgerson,david gale; storm thorgerson,\N,\N,\N,the art of tripping,storm thorgerson,\N,the art of tripping,storm thorgerson,david gale
tt0257609,\N,\N,\N,\N,\N,\N,enomenoi sti zoi kai sto thanato,ilias mahairas,katy detzortzi; spyridon peresiadis,\N,\N,\N
tt0258058,la pulqueria,victor manuel castro,victor manuel castro,the pulque tavern,victor manuel castro,\N,la pulqueria,victor manuel castro,\N,la pulqueria,victor manuel castro,victor manuel castro
tt0259571,shaque,aruna raje; vikas desai,aruna raje; vikas desai,shaque,aruna raje,\N,shaque,aruna raje; vikas desai,\N,shaque,aruna raje; vikas desai,aruna raje; vikas desai
tt0259663,\N,\N,\N,\N,\N,\N,to bed on a bet,\N,\N,\N,\N,\N
tt0259667,tojuro no koi,kazuo mori,yoshikata yoda,tojuro no koi,kazuo mori,kan kikuchi,tojuro no koi,kazuo mori,\N,tojuro no koi,kazuo mori,yoshikata yoda
tt0259831,aakhri cheekh,kiran ramsay,\N,aakhri cheekh,kiran ramsay,\N,aakhri cheekh,kiran ramsay,sajeev kapoor,aakhri cheekh,kiran ramsay,sajeev kapoor
tt0260011,eu compro essa virgem,roberto mauro,\N,\N,\N,\N,eu compro essa virgem,roberto mauro,\N,\N,\N,\N
tt0260093,\N,\N,\N,\N,\N,\N,in de brusselse maalderij,hippolyte de kempeneer,\N,\N,\N,\N
tt0260576,\N,\N,\N,\N,\N,\N,the world of willa cather,richard schickel,richard schickel,\N,\N,\N
tt0261029,\N,\N,\N,maa gopi,b s ranga,kovvali lakshmi narasimha rao,maa gopi,ranga bs,\N,\N,\N,\N
tt0261164,amina,goffredo alessandrini,\N,amina,goffredo alessandrini,\N,amina,goffredo alessandrini,\N,amina,goffredo alessandrini,\N
tt0261262,\N,\N,\N,\N,\N,\N,rozdelene mesto,ivo toman,\N,\N,\N,\N
tt0261914,\N,\N,\N,\N,\N,\N,pretty looks,\N,\N,\N,\N,\N
tt0261994,\N,\N,\N,sri krishna maya,c s rao,\N,shri krishna maya,rao csr,\N,\N,\N,\N
tt0262238,arrabalera,joaquin pardave,joaquin pardave; luis manrique,arrabalera,joaquin pardave,\N,arrabalera,joaquin pardave,\N,arrabalera,joaquin pardave,joaquin pardave; luis manrique
tt0262485,the sun-born,panagiotis konstadinou,panagiotis konstadinou,\N,\N,\N,the sun-born,panagiotis konstadinou,\N,the sun-born,panagiotis konstadinou,panagiotis konstadinou
tt0263497,passion,hiroshi shimizu,\N,\N,\N,\N,passion,hiroshi shimizu,\N,passion,hiroshi shimizu,\N
tt0263637,\N,\N,\N,\N,\N,\N,landbouw in katanga,ernest genval,\N,\N,\N,\N
tt0264073,\N,\N,\N,\N,\N,\N,la synkyn,ernest genval,\N,\N,\N,\N
tt0264154,\N,\N,\N,\N,\N,\N,de vlaamsche hogeschool,clemens de landtsheer,\N,\N,\N,\N
tt0264909,\N,\N,\N,misar ka khazana,\N,\N,misar ka khazana,h rajhans,\N,\N,\N,\N
tt0265429,\N,\N,\N,\N,\N,\N,les nouvelles aventures de sikitu,andre cornil,\N,\N,\N,\N
tt0265678,let's wait with the anniversary,boris goroshko,anatoli kudryavtsev; yevgeni budinas,\N,\N,anatol kudravets,let's wait with the anniversary,boris goroshko,\N,let's wait with the anniversary,boris goroshko,anatoli kudryavtsev; yevgeni budinas
tt0265735,\N,\N,\N,\N,\N,\N,el senor d,alexis puig,alexis puig,\N,\N,\N
tt0266040,what about me: the rise of the nihilist spasm band,zev asher,zev asher,\N,\N,\N,what about me: the rise of the nihilist spasm band,zev asher,\N,what about me: the rise of the nihilist spasm band,zev asher,zev asher
tt0266077,yogi vemana,kadri venkata reddy,kadri venkata reddy; kamalakara kameshwara rao; samudrala raghavacharya,yogi vemana,kadiri venkata reddy,samudrala raghavacharya,yogi vemana,kadri venkata reddy,\N,yogi vemana,kadri venkata reddy,kadri venkata reddy; kamalakara kameshwara rao; samudrala raghavacharya
tt0266765,mere mehboob,harnam singh rawail,vinod kumar,mere mehboob,h s rawail,\N,mere mehboob,harnam singh rawail,harnam singh rawail; vinod kumar,mere mehboob,harnam singh rawail,vinod kumar
tt0267073,bewitching eyes,ahmed galal,ahmed galal,uyun sahira,ahmed galal,\N,bewitching eyes,ahmed galal,\N,bewitching eyes,ahmed galal,ahmed galal
tt0267764,\N,\N,\N,\N,\N,\N,mr. id,john stecenko; yuri rutman,alexander cicak,\N,\N,\N
tt0268331,ghar basake dekho,kishore sahu,\N,ghar basake dekho,kishore sahu,\N,ghar basake dekho,kishore sahu,prabhulal dwivedi; rajendra krishan,ghar basake dekho,kishore sahu,\N
tt0268926,love and other curiosities,miguel santesmases,miguel santesmases,"love, curiosity, prozac and doubt",miguel santesmases,\N,love and other curiosities,miguel santesmases,lucia etxebarria; miguel santesmases,love and other curiosities,miguel santesmases,miguel santesmases
tt0269107,conscience and the constitution,frank abe,\N,\N,\N,\N,conscience and the constitution,frank abe,\N,conscience and the constitution,frank abe,\N
tt0269422,kanamarayathu,i v sasi,\N,kanamarayathu,i v sasi,p padmarajan,kanamarayathu,i v sasi,\N,kanamarayathu,i v sasi,\N
tt0270187,\N,\N,\N,\N,\N,\N,zhongguo taishan li xian ji,cilong wang,\N,\N,\N,\N
tt0271173,\N,\N,\N,sholay,yunus malik,\N,sholay,yunus malik,\N,\N,\N,\N
tt0271543,hidden agenda,marc s grenier,les weldon,hidden agenda,marc s grenier,\N,hidden agenda,marc s grenier,les weldon,hidden agenda,marc s grenier,les weldon
tt0271712,\N,\N,\N,\N,\N,\N,penalty,pieter van hees,pieter van hees,\N,\N,\N
tt0271968,\N,\N,\N,\N,\N,\N,anthony punnyavaalan,\N,\N,\N,\N,\N
tt0272356,\N,\N,\N,\N,\N,\N,wendezeiten,franziska schlotterer,\N,\N,\N,\N
tt0272588,\N,\N,\N,\N,\N,\N,double dose,sx kowalski,\N,\N,\N,\N
tt0272919,\N,\N,\N,\N,\N,\N,vertrek van de ronde van belgie,\N,\N,\N,\N,\N
tt0273096,asuravamsam,shaji kailas,ranjith,asuravamsam,shaji kailas,ranjith,asuravamsam,shaji kailas,\N,asuravamsam,shaji kailas,ranjith
tt0273528,\N,\N,\N,\N,\N,\N,"dhaulagiri, de grote uitdaging",mark sebille,\N,\N,\N,\N
tt0273840,moscow square,ferenc torok,ferenc torok,moscow square,ferenc torok,ferenc torok,moszkva ter,ferenc torok,ferenc torok,moscow square,ferenc torok,ferenc torok
tt0274022,who killed pacifico?,renato santos pereira,mario lucio brandao; renato santos pereira,\N,\N,\N,who killed pacifico?,renato santos pereira,\N,who killed pacifico?,renato santos pereira,mario lucio brandao; renato santos pereira
tt0274056,roald amundsen,reidar lunde,\N,roald amundsen,reidar lunde,reidar lunde,roald amundsen,reidar lunde,\N,roald amundsen,reidar lunde,\N
tt0275261,chuvanna kannukal,sasi mohan,\N,chuvanna kannukal,\N,\N,chuvanna kannukal,sasi mohan,\N,chuvanna kannukal,sasi mohan,\N
tt0275671,\N,\N,\N,shathru,\N,\N,shatru,ts mohan,ts mohan; velliman vijayan,\N,\N,\N
tt0275907,alla en el rancho de las flores,\N,\N,\N,\N,\N,alla en el rancho de las flores,\N,\N,\N,\N,\N
tt0276068,\N,\N,\N,\N,\N,\N,diamond sexcapades,\N,\N,\N,\N,\N
tt0276077,lives in the sands,nguyen thanh van,quang lap nguyen,sandy lives,nguyen thanh van,nguyen quang lap,lives in the sands,nguyen thanh van,\N,lives in the sands,nguyen thanh van,quang lap nguyen
tt0276792,azhakulla saleena,\N,\N,azhakulla saleena,k s sethumadhavan,muttathu varkey,azhakulla saleena,\N,\N,azhakulla saleena,\N,\N
tt0277056,jugandose la vida,arturo martinez,\N,\N,\N,\N,jugandose la vida,arturo martinez,\N,jugandose la vida,arturo martinez,\N
tt0277125,\N,\N,\N,\N,\N,\N,le mal est fait,thibaut de corday,\N,\N,\N,\N
tt0277214,la pandilla en accion,julio porter,\N,\N,\N,\N,la pandilla en accion,julio porter,\N,la pandilla en accion,julio porter,\N
tt0278293,el misterio del trinidad,jose luis garcia agraz,carlos cuaron,the mystery of the trinidad,jose luis garcia agraz,carlos cuaron,el misterio del trinidad,jose luis garcia agraz,\N,el misterio del trinidad,jose luis garcia agraz,carlos cuaron
tt0278683,\N,\N,\N,\N,\N,\N,reglements de compte,remi hatzfeld,\N,\N,\N,\N
tt0278900,\N,\N,\N,\N,\N,\N,adam ledolomak,zlatko lavanic,dusko trifunovic,\N,\N,\N
tt0278991,\N,\N,\N,\N,\N,\N,brndt a',fritz lamprecht,\N,\N,\N,\N
tt0279112,"godzilla, mothra and king ghidorah: giant monsters all-out attack",shusuke kaneko,keiichi hasegawa; masahiro yokotani; shusuke kaneko,"godzilla, mothra and king ghidorah: giant monsters all-out attack",shusuke kaneko,keiichi hasegawa; masahiro yokotani; shusuke kaneko,"godzilla, mothra and king ghidorah: giant monsters all-out attack",shusuke kaneko,keiichi hasegawa; masahiro yokotani; shusuke kaneko,"godzilla, mothra and king ghidorah: giant monsters all-out attack",shusuke kaneko,keiichi hasegawa; masahiro yokotani; shusuke kaneko
tt0279986,nirnayam,sangeeth sivan,cheriyan kalpakavadi,nirnayam,sangeeth sivan,cheriyan kalpakavadi,nirnayam,sangeeth sivan,\N,nirnayam,sangeeth sivan,cheriyan kalpakavadi
tt0280143,el terror de la frontera,zacarias gomez urquiza,\N,\N,\N,\N,el terror de la frontera,zacarias gomez urquiza,\N,el terror de la frontera,zacarias gomez urquiza,\N
tt0280408,\N,\N,\N,akshayapaathram,j sasikumar,kedamangalam sadanandan,akshaya paathram,sasikumar,kedamangalam sadanandan story; sreekumaran thampi dialogue,\N,\N,\N
tt0280483,\N,\N,\N,\N,\N,\N,bionik ali: futbolcu,yilmaz atadeniz,isik toraman,\N,\N,\N
tt0280597,\N,\N,\N,\N,\N,\N,les dernier cloutiers,antoine castille,\N,\N,\N,\N
tt0280717,\N,\N,\N,gumasthavin penn,\N,\N,gumastavin penn,tv srinivasan,nirupama devi; tk muthuswamy; vs vyas,\N,\N,\N
tt0280907,la maldicion de mi raza,juan orol,juan orol,\N,\N,\N,la maldicion de mi raza,juan orol,\N,la maldicion de mi raza,juan orol,juan orol
tt0280976,the drawn circle,dito tsintsadze,beso odisharia; dito tsintsadze,\N,\N,\N,the drawn circle,dito tsintsadze,\N,the drawn circle,dito tsintsadze,beso odisharia; dito tsintsadze
tt0281120,rathi manmathan,\N,\N,rathimanmadhan,j sasikumar,pappanamkodu lakshmanan,rathi manmathan,\N,\N,rathi manmathan,\N,\N
tt0282008,\N,\N,\N,\N,\N,\N,moines blancs de citeaux et de la trappe au xxe siecle,\N,\N,\N,\N,\N
tt0282039,\N,\N,\N,\N,\N,\N,on common ground,david eilenberg; jessica g harris,\N,\N,\N,\N
tt0282248,distant wind,manuel michel; salomon laiter; sergio vejar,manuel michel; salomon laiter; sergio magana hidalgo; sergio vejar,distant wind,manuel michel; salomon laiter; sergio vejar,\N,distant wind,manuel michel; salomon laiter; sergio vejar,\N,distant wind,manuel michel; salomon laiter; sergio vejar,manuel michel; salomon laiter; sergio magana hidalgo; sergio vejar
tt0282466,epoch of lotus,vincent lee,david tzeng,\N,\N,\N,epoch of lotus,vincent lee,david tzeng,epoch of lotus,vincent lee,david tzeng
tt0282477,\N,\N,\N,\N,\N,\N,fabrication des paves en porphyre,\N,\N,\N,\N,\N
tt0282826,papadistik company,omiros efstratiadis,giannis sklavos,\N,\N,\N,papadistik company,omiros efstratiadis,\N,papadistik company,omiros efstratiadis,giannis sklavos
tt0282895,\N,\N,\N,\N,\N,\N,een reis doorheen belgie,\N,\N,\N,\N,\N
tt0283012,sto metrow miosci,micha waszynski,\N,sto metrow miosci,micha waszynski,adolf dymsza,sto metrow miosci,micha waszynski,\N,sto metrow miosci,micha waszynski,\N
tt0283084,tuck everlasting,jay russell,james v hart; jeffrey lieber,tuck everlasting,jay russell,james v hart; jeffrey lieber,tuck everlasting,jay russell,james v hart; jeffrey lieber; natalie babbitt,tuck everlasting,jay russell,james v hart; jeffrey lieber
tt0283145,the great way,micha waszynski,konrad tom,wielka droga,micha waszynski; vittorio cottafavi,konrad tom,the great way,micha waszynski,\N,the great way,micha waszynski,konrad tom
tt0283908,dangerous summer,aigars grauba,aigars grauba; andrejs ekis; pauls bankovskis,dangerous summer,aigars grauba,\N,dangerous summer,aigars grauba,\N,dangerous summer,aigars grauba,aigars grauba; andrejs ekis; pauls bankovskis
tt0283992,\N,\N,\N,\N,\N,\N,children of the flag,paul seed,caleb ranson,\N,\N,\N
tt0284075,duck ugly,deane taylor; emmanuel klotz,deane taylor; frederic louf; paul morris,duck ugly,deane taylor; emmanuel klotz,\N,duck ugly,deane taylor; emmanuel klotz,\N,duck ugly,deane taylor; emmanuel klotz,deane taylor; frederic louf; paul morris
tt0284182,away from home,semih kaplanoglu,ozden cankaya; semih kaplanoglu; serpil kirel,herkes kendi evinde,semih kaplanoglu,\N,away from home,semih kaplanoglu,ozden cankaya; semih kaplanoglu; serpil kirel,away from home,semih kaplanoglu,ozden cankaya; semih kaplanoglu; serpil kirel
tt0284213,la isla de rarotonga,alfredo b crevenna,alfredo b crevenna; carlos valdemar; raul ramirez,\N,\N,\N,la isla de rarotonga,alfredo b crevenna,\N,la isla de rarotonga,alfredo b crevenna,alfredo b crevenna; carlos valdemar; raul ramirez
tt0284245,kucuk balklar uzerine bir masal,bars pirhasan,bars pirhasan,\N,\N,\N,kucuk balklar uzerine bir masal,bars pirhasan,\N,kucuk balklar uzerine bir masal,bars pirhasan,bars pirhasan
tt0285537,girls of nowolipki,jozef lejtes,jozef lejtes,dziewczeta z nowolipek,jozef lejtes,\N,girls of nowolipki,jozef lejtes,\N,girls of nowolipki,jozef lejtes,jozef lejtes
tt0285723,\N,\N,\N,\N,\N,\N,militaire plechtigheid schoonselhof,\N,\N,\N,\N,\N
tt0285735,\N,\N,\N,\N,\N,\N,misshitsu no hoyo,yusei takeda,\N,\N,\N,\N
tt0285816,oiran,tetsuji takechi,tetsuji takechi,\N,\N,\N,oiran,tetsuji takechi,\N,oiran,tetsuji takechi,tetsuji takechi
tt0285927,thumbs up,pierre badel,guy bedos; sophie daumier,thumbs up,pierre badel,guy bedos; sophie daumier,thumbs up,pierre badel,\N,thumbs up,pierre badel,guy bedos; sophie daumier
tt0285997,the ride,jeff myers,kris konrad,\N,\N,\N,the ride,jeff myers,\N,the ride,jeff myers,kris konrad
tt0286846,lusty afternoon,akira kato,masayasu oebara,\N,\N,\N,lusty afternoon,akira kato,\N,lusty afternoon,akira kato,masayasu oebara
tt0286900,returning in autumn,georgis agathonikiadis,georgis agathonikiadis,podzimni navrat,georgis agathonikiadis,georgis agathonikiadis,podzimni navrat,georgis agathonikiadis,georgis agathonikiadis,returning in autumn,georgis agathonikiadis,georgis agathonikiadis
tt0286945,\N,\N,\N,\N,\N,\N,schrodinger's cat,john douglas sinclair; nova jacobs,nova jacobs,\N,\N,\N
tt0287302,the red petal is wet,shogoro nishimura,yoshio shirasaka,\N,\N,\N,the red petal is wet,shogoro nishimura,\N,the red petal is wet,shogoro nishimura,yoshio shirasaka
tt0287356,caccia grossa,\N,\N,\N,\N,\N,caccia grossa,\N,\N,caccia grossa,\N,\N
tt0287982,"grandpa, kylian and i",jiri hanibal,jan ryska; jiri hanibal,"grandpa, kylian and i",jiri hanibal,jan ryska; jiri hanibal,"dedecek, kylian a ja",jiri hanibal,jan ryska; jiri hanibal,"grandpa, kylian and i",jiri hanibal,jan ryska; jiri hanibal
tt0288037,a womb to let,koji wakamatsu,masao adachi,\N,\N,\N,\N,\N,\N,a womb to let,koji wakamatsu,masao adachi
tt0288551,the great adventure of zorro,raul de anda jr,x randa,la gran aventura del zorro,raul de anda,\N,\N,\N,\N,the great adventure of zorro,raul de anda jr,x randa
tt0288685,until the last moment,marios retsilas,giannis maris,\N,\N,\N,\N,\N,\N,until the last moment,marios retsilas,giannis maris
tt0289303,\N,\N,\N,\N,\N,\N,mafia ja mina,tuomas sallinen,tuomas sallinen,\N,\N,\N
tt0289465,\N,\N,\N,\N,\N,\N,o sourrealismos stin elliniki zografiki,dimitris arvanitis,dimitris arvanitis,\N,\N,\N
tt0290231,lav kush,v madhusudhan rao,bhring tupkaria,lav kush,v madhusudhan rao,\N,lav kush,v madhusudhan rao,\N,lav kush,v madhusudhan rao,bhring tupkaria
tt0290238,made in israel,ari folman,ari folman,made in israel,ari folman,ari folman,made in israel,ari folman,ari folman,made in israel,ari folman,ari folman
tt0290258,paandav,raj n sippy,anand s vardhan,paandav,raj n sippy,\N,paandav,raj n sippy,\N,paandav,raj n sippy,anand s vardhan
tt0290656,hicran gecesi,osman f seden,osman f seden,\N,\N,\N,hicran gecesi,osman f seden,\N,hicran gecesi,osman f seden,osman f seden
tt0290701,\N,\N,\N,\N,\N,\N,die kinder von wendorf,trevor peters,\N,\N,\N,\N
tt0290794,one night the moon,rachel perkins,\N,one night the moon,rachel perkins,john romeril; rachel perkins,one night the moon,rachel perkins,\N,one night the moon,rachel perkins,\N
tt0290865,\N,\N,\N,\N,\N,\N,so werden soldner gemacht,karlheinz pappe,karlheinz pappe,\N,\N,\N
tt0291235,perverted sex play: tease me dirty!,kazuhiro sano,kazuhiro sano,\N,\N,\N,hentai seigi: midarani ijimete,kazuhiro sano,kazuhiro sano,perverted sex play: tease me dirty!,kazuhiro sano,kazuhiro sano
tt0291239,torn love affair,koji wakamatsu,masao adachi,\N,\N,\N,torn love affair,koji wakamatsu,\N,torn love affair,koji wakamatsu,masao adachi
tt0292108,mila,joel lamangan,ricky lee,mila,joel lamangan,ricky lee,mila,joel lamangan,\N,mila,joel lamangan,ricky lee
tt0292981,bonne nouvelle,vincent dieutre,\N,\N,\N,\N,bonne nouvelle,vincent dieutre,\N,bonne nouvelle,vincent dieutre,\N
tt0292991,i delete and i judge,arnost grund,ignjat borstnik,brisem i sudim,arnost grund,ignjat borstnik,i delete and i judge,arnost grund,\N,i delete and i judge,arnost grund,ignjat borstnik
tt0293107,conjugation,emily tang,emily tang,\N,\N,\N,conjugation,emily tang,\N,conjugation,emily tang,emily tang
tt0293158,\N,\N,\N,\N,\N,\N,fire rider,justin leonard stauber,\N,\N,\N,\N
tt0293272,i'll wait on you hand and foot,iain dilthey,edin hinrichshadzimahovic; iain dilthey; silke parzich,i'll wait on you hand and foot,iain dilthey,\N,ich werde dich auf handen tragen,iain dilthey,iain dilthey; silke parzich,i'll wait on you hand and foot,iain dilthey,edin hinrichshadzimahovic; iain dilthey; silke parzich
tt0293566,latest soap technique 2: bubble princess palace,toshiki sato,toshiki sato,\N,\N,\N,latest soap technique 2: bubble princess palace,toshiki sato,\N,latest soap technique 2: bubble princess palace,toshiki sato,toshiki sato
tt0293584,\N,\N,\N,\N,khosrow parvizi,khosrow parvizi,seke do rou,khosrow parvizi,khosrow parvizi,\N,\N,\N
tt0293662,the transporter,corey yuen; louis leterrier,luc besson; robert mark kamen,the transporter,corey yuen; louis leterrier,luc besson; robert mark kamen,the transporter,corey yuen; louis leterrier,luc besson; robert mark kamen,the transporter,corey yuen; louis leterrier,luc besson; robert mark kamen
tt0293667,tsatsiki: friends forever,eddie thomas petersen,eddie thomas petersen,tsatsiki vanner for alltid,\N,\N,tsatsiki: friends forever,eddie thomas petersen,eddie thomas petersen,tsatsiki: friends forever,eddie thomas petersen,eddie thomas petersen
tt0294258,\N,\N,\N,\N,\N,\N,siete infantes de lara,jun urbano,carlos v francisco; jun urbano; manuel conde,\N,\N,\N
tt0294589,immoral affairs,katsuo naruse,tomomi tsutsui,immoral affairs,katsuo naruse,\N,immoral affairs,katsuo naruse,\N,immoral affairs,katsuo naruse,tomomi tsutsui
tt0294863,when the dates ripen,abdelaziz ramdani; larbi bennani,\N,\N,\N,\N,when the dates ripen,abdelaziz ramdani; larbi bennani,\N,when the dates ripen,abdelaziz ramdani; larbi bennani,\N
tt0295159,ambassadors seek country,mircea daneliuc,mircea daneliuc,\N,mircea daneliuc,\N,"ambasadori, cautam patrie",mircea daneliuc,mircea daneliuc,ambassadors seek country,mircea daneliuc,mircea daneliuc
tt0295425,marriages,catherine martin,catherine martin,marriages,catherine martin,catherine martin,marriages,catherine martin,\N,marriages,catherine martin,catherine martin
tt0296591,17 fois cecile cassard,christophe honore,christophe honore,seventeen times cecile cassard,christophe honore,christophe honore,seventeen times cecile cassard,christophe honore,christophe honore,17 fois cecile cassard,christophe honore,christophe honore
tt0297258,\N,\N,\N,\N,\N,\N,live heritage,william novak,william novak,\N,\N,\N
tt0297832,\N,\N,\N,\N,\N,\N,cinta tiada restu,\N,\N,\N,\N,\N
tt0298243,a l'est du rio concho,gilbert roussel,\N,\N,gilbert roussel,\N,a l'est du rio concho,gilbert roussel,\N,a l'est du rio concho,gilbert roussel,\N
tt0298951,"how's home, how's everything?",samvel gasparov,aghasi ayvazyan,\N,samvel gasparov,aghasi ayvazyan,"how's home, how's everything?",samvel gasparov,\N,"how's home, how's everything?",samvel gasparov,aghasi ayvazyan
tt0299636,canon operation,\N,\N,\N,\N,\N,canon operation,\N,\N,canon operation,\N,\N
tt0299731,\N,\N,\N,\N,\N,\N,daejeogsu,woosang park,jiwoon hong,\N,\N,\N
tt0300436,\N,\N,\N,\N,elsayed ziada,\N,el saada el muharrama,elsayed ziada,ali el zorkani; elsayed ziada,\N,\N,\N
tt0303830,casa de los babys,john sayles,john sayles,casa de los babys,john sayles,john sayles,casa de los babys,john sayles,\N,casa de los babys,john sayles,john sayles
tt0304907,life kills me,jeanpierre sinapi,daniel tonachella; jeanpierre sinapi,life kills me,jeanpierre sinapi,jeanpierre sinapi,life kills me,jeanpierre sinapi,\N,life kills me,jeanpierre sinapi,daniel tonachella; jeanpierre sinapi
tt0305254,auf dem sprung,evelyn schmidt,evelyn schmidt; rainer koch,auf dem sprung,evelyn schmidt,\N,auf dem sprung,evelyn schmidt,\N,auf dem sprung,evelyn schmidt,evelyn schmidt; rainer koch
tt0305906,\N,\N,\N,\N,hr nordahl nielsen,\N,norden for lov og ret,nordahl nielsen,poul ankjr christiansen,\N,\N,\N
tt0307086,legend of the ancient mountains,yazgeldy seidov,vladislav fedoseyev; yazgeldy seidov,\N,\N,\N,legend of the ancient mountains,yazgeldy seidov,\N,legend of the ancient mountains,yazgeldy seidov,vladislav fedoseyev; yazgeldy seidov
tt0307376,retribution in the year 2050,brendan muldowney,brendan muldowney,\N,\N,\N,retribution in the year 2050,brendan muldowney,\N,retribution in the year 2050,brendan muldowney,brendan muldowney
tt0307484,sonsuz ac,talat artemel,talat artemel,\N,talat artemel,talat artemel,sonsuz ac,talat artemel,\N,sonsuz ac,talat artemel,talat artemel
tt0308273,\N,\N,\N,\N,alexander christian,carl theodor dreyer; sven elvestad,en forbryders liv og levned,alexander christian,carl theodor dreyer; sven elvestad,\N,\N,\N
tt0308447,juventud en drogas,enrique murillo,\N,\N,\N,\N,juventud en drogas,enrique murillo,\N,juventud en drogas,enrique murillo,\N
tt0308756,\N,\N,\N,\N,ole roos,\N,prinsesse margrethes bryllup,ole roos,paul hammerich,\N,\N,\N
tt0308903,"the tale of fedot, the shooter",sergey ovcharov,leonid filatov,"the tale of fedot, the shooter",sergey ovcharov,sergey ovcharov,skaz pro fedota-streltsa,sergei ovcharov,leonid filatov,"the tale of fedot, the shooter",sergey ovcharov,leonid filatov
tt0309119,\N,\N,\N,\N,\N,\N,the stepmother,ihsan nuyan,ihsan nuyan,\N,\N,\N
tt0309299,the arkansas swing,ray nazarro,\N,the arkansas swing,ray nazarro,\N,the arkansas swing,ray nazarro,\N,the arkansas swing,ray nazarro,\N
tt0309377,blood work,clint eastwood,brian helgeland,blood work,clint eastwood,brian helgeland; michael connelly,blood work,clint eastwood,brian helgeland; michael connelly,blood work,clint eastwood,brian helgeland
tt0309500,\N,\N,\N,\N,\N,\N,de fin de siglo,carlos somonte,\N,\N,\N,\N
tt0309927,nostalgia,vakhtang kotetishvili,vakhtang kotetishvili,\N,\N,\N,nostalgia,vakhtang kotetishvili,\N,nostalgia,vakhtang kotetishvili,vakhtang kotetishvili
tt0310711,girls are sweet,helmy rafla,abu seoud elibiary,\N,helmy rafla,\N,girls are sweet,helmy rafla,\N,girls are sweet,helmy rafla,abu seoud elibiary; helmy rafla
tt0311008,girlie,benjamin tucek,benjamin tucek,girlie,benjamin tucek,benjamin tucek,girlie,benjamin tucek,\N,girlie,benjamin tucek,benjamin tucek
tt0311013,dinmeyen sz,sadan kamil,\N,\N,\N,\N,dinmeyen sz,sadan kamil,\N,dinmeyen sz,sadan kamil,aydn arakon
tt0311110,it runs in the family,fred schepisi,jesse wigutow,it runs in the family,fred schepisi,\N,it runs in the family,fred schepisi,jesse wigutow,it runs in the family,fred schepisi,jesse wigutow
tt0311144,flores robadas en los jardines de quilmes,antonio ottone,jorge asis,\N,antonio ottone,\N,flores robadas en los jardines de quilmes,antonio ottone,\N,flores robadas en los jardines de quilmes,antonio ottone,jorge asis
tt0311293,\N,\N,\N,chon que,\N,\N,homeland,\N,\N,\N,\N,\N
tt0311564,my name is maya,kim eungchun,\N,my name is maya,kim eungcheon,\N,my name is maya,kim eungchun,\N,my name is maya,kim eungchun,\N
tt0311721,rikard nordraak,alf scotthansen,alf scotthansen,rikard nordraak,alf scotthansen jr,alf scotthansen jr,rikard nordraak,alf scotthansen,\N,rikard nordraak,alf scotthansen,alf scotthansen
tt0311823,\N,\N,\N,\N,\N,\N,het sluitend bewijs,ruud pelgrum,\N,\N,\N,\N
tt0312365,\N,\N,\N,\N,\N,\N,the ante,lawrence walford,lawrence walford,\N,\N,\N
tt0312528,the cat in the hat,bo welch,alec berg; david mandel; jeff schaffer,the cat in the hat,bo welch,alec berg; david mandel; jeff schaffer,the cat in the hat,bo welch,alec berg; david mandel; dr seuss,the cat in the hat,bo welch,alec berg; david mandel; jeff schaffer
tt0312955,me he de comer esa tuna,alfredo zacarias,miguel zacarias,\N,\N,\N,me he de comer esa tuna,alfredo zacarias,\N,me he de comer esa tuna,alfredo zacarias,miguel zacarias
tt0313211,wind horse,daoud aouladsyad,ahmed bouanani,wind horse,daoud aouladsyad,ahmed bouanani,wind horse,daoud aouladsyad,\N,wind horse,daoud aouladsyad,ahmed bouanani
tt0313274,\N,\N,\N,bhaaryaavijayam,a b raj,chitralaya gopu,bharya vijayam,ab raj,chitralaya gopu; sreekumaran thampi,\N,\N,\N
tt0313901,the cinemascope parade,\N,\N,\N,\N,\N,the cinemascope parade,\N,\N,the cinemascope parade,\N,\N
tt0314145,\N,\N,\N,\N,\N,\N,han yan bo shang,\N,\N,\N,\N,\N
tt0315901,gnana oli,p madhavan,vietnam veedu sundaram,gnana oli,p madhavan,vietnam veedu sundaram,gnana oli,p madhavan,\N,gnana oli,p madhavan,\N
tt0315956,black rain,an seungho,\N,black rain,an seungho; tony an,\N,black rain,an seungho,\N,black rain,an seungho,\N
tt0316220,\N,\N,\N,\N,\N,\N,manmandir,yuv raj lama,\N,\N,\N,\N
tt0316598,\N,\N,\N,\N,\N,\N,shim el nessim,gianni vernuccio,\N,\N,\N,\N
tt0317080,miss hanafi,fatin abdel wahab,galil albendary,miss hanafi,fatin abdelwehab,\N,miss hanafi,fatin abdel wahab,\N,miss hanafi,fatin abdel wahab,galil albendary
tt0317789,\N,\N,\N,kaattu kallan,p chandrakumar,t k balachandran,kaattu kallan,p chandrakumar,jagathi nk achari; tk balachandran,\N,\N,\N
tt0317973,\N,\N,\N,pambaram,baby,t k balachandran,pambaram,baby,tk balachandran,\N,\N,\N
tt0318270,la quimera de los heroes,daniel rosenfeld,daniel rosenfeld; edgardo cozarinsky; eugenia capizzano,the chimera of heroes,daniel rosenfeld,\N,la quimera de los heroes,daniel rosenfeld,daniel rosenfeld; edgardo cozarinsky; eugenia capizzano,la quimera de los heroes,daniel rosenfeld,daniel rosenfeld; edgardo cozarinsky; eugenia capizzano
tt0318667,scorpion,\N,ando kimura; gil rosenblum,\N,\N,\N,scorpion,\N,\N,scorpion,\N,gil rosenblum
tt0318751,thangai,a c tirulokchandar,\N,thangai,a c tirulokchandar,a c tirulokchandar,thangai,a c tirulokchandar,\N,thangai,a c tirulokchandar,\N
tt0319357,enga ooru pattukaran,gangai amaran,sangili murugan,enga ooru pattukaran,gangai amaran,sangili murugan,enga ooru pattukaran,gangai amaran,\N,enga ooru pattukaran,gangai amaran,s gajendra kumar; sangili murugan
tt0319380,\N,\N,\N,\N,fernando siro,\N,esto es vida,fernando siro,gustavo ghirardi,\N,\N,\N
tt0319504,historias do olhar,isa albuquerque,\N,historias do olhar,\N,\N,historias do olhar,isa albuquerque,\N,historias do olhar,isa albuquerque,\N
tt0319587,the white hell,samuel khachikian,misha ashoorian,the white hell,samuel khachikian,masoud kimiai,the white hell,samuel khachikian,ahmad shamlu; masud kimiai; misha ashoorian,the white hell,samuel khachikian,misha ashoorian
tt0319761,\N,\N,\N,\N,\N,\N,london's enemies,percy moran,\N,\N,\N,\N
tt0320116,naan sigappu manithan,s a chandrasekhar,s a chandrasekhar,naan sigappu manithan,s a chandrasekhar,s a chandrasekhar,naan sigappu manithan,s a chandrasekhar,\N,naan sigappu manithan,s a chandrasekhar,s a chandrasekhar
tt0320152,"you become a star, too",lee jangho,im chunghui,"you become a star, too",\N,\N,"you become a star, too",lee jangho,\N,"you become a star, too",lee jangho,im chunghui
tt0320739,\N,\N,\N,\N,\N,\N,vixen highway,john ervin,john ervin,\N,\N,\N
tt0322674,twin sisters,ben sombogaart,marieke van der pol,twin sisters,ben sombogaart,marieke van der pol; tessa de loo,twin sisters,ben sombogaart,marieke van der pol; tessa de loo,twin sisters,ben sombogaart,marieke van der pol
tt0322738,\N,\N,\N,\N,\N,\N,in a way,ryan fensonhood,ryan fensonhood,\N,\N,\N
tt0323317,el mundo de los aviones,rene cardona jr,mario a zacarias; rene cardona jr,el mundo de los aviones,rene cardona jr,\N,el mundo de los aviones,rene cardona jr,\N,el mundo de los aviones,rene cardona jr,mario a zacarias; rene cardona jr
tt0323469,la odisea de los munecos,carlos gonzalez groppa,\N,la odisea de los munecos,\N,\N,la odisea de los munecos,carlos gonzalez groppa,\N,la odisea de los munecos,carlos gonzalez groppa,\N
tt0324125,\N,\N,\N,\N,\N,\N,suryachakram,pk krishnan,\N,\N,\N,\N
tt0324514,weekend shuffle,genji nakamura,genji nakamura; masahiro yoshimoto,\N,\N,\N,weekend shuffle,genji nakamura,\N,weekend shuffle,genji nakamura,genji nakamura; masahiro yoshimoto
tt0324554,wicker park,paul mcguigan,brandon boyce,wicker park,paul mcguigan,brandon boyce; gilles mimouni,wicker park,paul mcguigan,brandon boyce; gilles mimouni,wicker park,paul mcguigan,brandon boyce
tt0324618,la yegua colorada,mario hernandez,antonio aguilar; mario hernandez,\N,\N,\N,la yegua colorada,mario hernandez,antonio aguilar; mario hernandez,la yegua colorada,mario hernandez,antonio aguilar; mario hernandez
tt0325266,diskarte,edgardo vinarao,humilde meek roxas; senen dimaguila,\N,\N,\N,diskarte,edgardo vinarao,\N,diskarte,edgardo vinarao,humilde meek roxas; senen dimaguila
tt0325269,kamikaze diary,dmitry meskhiev,eduard volodarskiy,diary of a kamikaze,dmitry meskhiev,eduard volodarsky,kamikaze diary,dmitry meskhiev,\N,kamikaze diary,dmitry meskhiev,eduard volodarskiy
tt0325409,\N,\N,\N,\N,\N,\N,for the freedom of ireland,\N,hal reid,\N,\N,\N
tt0325761,luster,everett lewis,dennis cooper; everett lewis,luster,everett lewis,everett lewis,luster,everett lewis,dennis cooper; everett lewis,luster,everett lewis,dennis cooper; everett lewis
tt0325978,piyoli phukan,phani sarma,phani sarma,piyoli phukan,phani sarma,\N,piyoli phukan,phani sarma,\N,piyoli phukan,phani sarma,phani sarma
tt0326339,\N,\N,\N,\N,\N,\N,uc baba torik,arsevir alyanak,memduh un; orhan elmas,\N,\N,\N
tt0327226,verruckt nach paris,eike besuden; pago bahlke,\N,crazy about paris,eike besuden; pago balke,eike besuden,verruckt nach paris,eike besuden; pago bahlke,\N,verruckt nach paris,eike besuden; pago bahlke,\N
tt0327488,\N,\N,\N,\N,\N,\N,beorimbadeun cheonsa,kim sooyong,ilmun kang,\N,\N,\N
tt0327865,\N,\N,\N,\N,\N,\N,his majesty the outlaw,jacques jaccard,\N,\N,\N,\N
tt0327916,the inheritance,mohamed bouamari,mohamed bouamari,\N,\N,\N,the inheritance,mohamed bouamari,\N,the inheritance,mohamed bouamari,mohamed bouamari
tt0328531,\N,\N,\N,\N,\N,\N,the terror streak,jacques jaccard,anthony coldeway; george morgan; robert dillon,\N,\N,\N
tt0328815,after dark,albert parker,\N,after dark,albert parker,\N,after dark,albert parker,\N,after dark,albert parker,\N
tt0330030,\N,\N,\N,\N,\N,\N,balgan aengdu 4,hotae park,yuncheong eo,\N,\N,\N
tt0330524,\N,\N,\N,\N,\N,\N,the king of crime,sidney webber northcote,arthur shirley,\N,\N,\N
tt0330872,\N,\N,\N,\N,\N,\N,"send word, bear mother",lynn feinerman,helen stolzfus; lynn feinerman,\N,\N,\N
tt0332194,why did you make me love you?,sandra nashaat,walid youssef,\N,sandra nashaat,\N,why did you make me love you?,sandra nashaat,\N,why did you make me love you?,sandra nashaat,walid youssef
tt0332460,\N,\N,\N,\N,\N,\N,unge kunstnere,robert jacobsen,ole sarvig,\N,\N,\N
tt0332596,current events,ralph arlyck,ralph arlyck,\N,\N,\N,current events,ralph arlyck,\N,current events,ralph arlyck,ralph arlyck
tt0333034,hotel at 00:00,nam kinam,\N,hotel at midnight,nam ginam,\N,0shiui hotel,kinam nam,seho kim,hotel at 00:00,nam kinam,\N
tt0333105,\N,\N,\N,atha okinti kodale,k b tilak,\N,atha okinti kodale,kb tilak,srirama murthy pinisetti,\N,\N,\N
tt0333343,\N,\N,\N,\N,\N,\N,the diva and the falcon: gothic tragedy in a montevideo town,silvestre byron,silvestre byron,\N,\N,\N
tt0333394,robbery in emei mountain,zhang xihe,daoyuan qian,\N,\N,\N,robbery in emei mountain,zhang xihe,\N,robbery in emei mountain,zhang xihe,daoyuan qian
tt0333886,mataron a camelia la texana,arturo martinez,arturo martinez,\N,\N,\N,mataron a camelia la texana,arturo martinez,\N,mataron a camelia la texana,arturo martinez,arturo martinez
tt0334023,\N,\N,\N,\N,\N,\N,\N,\N,\N,\N,\N,\N
tt0334141,los porfiados,mariano manzur,mariano manzur,\N,mariano manzur,\N,los porfiados,mariano manzur,\N,los porfiados,mariano manzur,mariano manzur
tt0334700,\N,\N,\N,\N,\N,\N,what to do about upset feelings,\N,\N,\N,\N,\N
tt0335192,jirocho gaiden: haikagura no santaro,nobuo aoyagi,isamu onoda; toru kino,\N,\N,\N,jirocho gaiden: haikagura no santaro,nobuo aoyagi,\N,jirocho gaiden: haikagura no santaro,nobuo aoyagi,isamu onoda; toru kino
tt0336025,\N,\N,\N,der bergfuhrer,eduard bienz,\N,der bergfuhrer,eduard bienz,eduard bienz,\N,\N,\N
tt0336176,\N,\N,\N,cinta segitiga,yung indrajaya,maman firmansjah; rhoma irama,cinta segi tiga,yung indrajaya,\N,\N,\N,\N
tt0336488,gamitan,quark henares,quark henares,\N,\N,\N,gamitan,quark henares,quark henares,gamitan,quark henares,quark henares
tt0336792,sex of magic,bang sungwoong,bang sungwoong,sex of magic,\N,\N,sex of magic,seongwook bang,seongwook bang,sex of magic,bang sungwoong,bang sungwoong
tt0336846,mi casa es tu casa,miguel alvarez,daniel castro,mi casa es tu casa,\N,\N,mi casa es tu casa,miguel alvarez,\N,mi casa es tu casa,miguel alvarez,daniel castro
tt0336929,north on evers,james benning,\N,\N,\N,\N,north on evers,james benning,\N,north on evers,james benning,\N
tt0337993,derive gallizio,monica repetto; pietro balla,\N,\N,\N,\N,derive gallizio,monica repetto; pietro balla,\N,derive gallizio,monica repetto; pietro balla,\N
tt0338748,autumn came,ekaterina sokolova,\N,\N,\N,\N,autumn came,ekaterina sokolova,\N,autumn came,ekaterina sokolova,\N
tt0339200,\N,\N,\N,\N,\N,\N,in the spring,kateryna koval,\N,\N,\N,\N
tt0341502,la noche del ku klux klan,ruben galindo,ruben galindo,\N,\N,\N,la noche del ku-klux-klan,ruben galindo,\N,la noche del ku klux klan,ruben galindo,ruben galindo
tt0342285,detective fiction,\N,\N,\N,\N,\N,detective fiction,\N,\N,detective fiction,\N,\N
tt0342385,dawn,atef salem,\N,dawn,atef salem,\N,dawn,atef salem,\N,dawn,atef salem,\N
tt0342557,\N,\N,\N,farewell 2,lee hyeongpyo,\N,ibyeol 2,\N,taesuk park,\N,\N,\N
tt0342802,the foghorn,minoru murata,minoru murata,the foghorn,minoru murata,minoru murata,muteki,minoru murata,jiro osaragi; minoru murata,the foghorn,minoru murata,minoru murata
tt0342814,the naked road,william martin,william martin,\N,\N,\N,the naked road,william martin,\N,the naked road,william martin,william martin
tt0343214,\N,\N,\N,\N,\N,\N,zi shou de ai,qingdong xu,\N,\N,\N,\N
tt0345124,\N,\N,\N,\N,\N,\N,dertli irmak,muzaffer aslan,erdogan tunas; hamdi degirmencioglu; yasar kemal,\N,\N,\N
tt0345490,kapantay ay langit,joel lamangan,\N,kapantay ay langit,joel lamangan,\N,kapantay ay langit,joel lamangan,\N,kapantay ay langit,joel lamangan,\N
tt0345753,\N,\N,\N,\N,richard daneel,\N,oupa for sale,richard daneel,anton hamik; werner grunbauer; wilhelm gruetter,\N,\N,\N
tt0345973,\N,\N,\N,\N,\N,\N,vuosi 1952,peter von bagh,peter von bagh,\N,\N,\N
tt0347066,\N,\N,\N,\N,\N,\N,i giganti del cielo,gaetano petroselido,gaetano petroselido,\N,\N,\N
tt0347087,dead man's memories,markus heltschl,markus heltschl,\N,\N,\N,der glaserne blick,markus heltschl,markus heltschl,dead man's memories,markus heltschl,markus heltschl
tt0347778,\N,\N,\N,\N,\N,\N,ping ying fen,chaowu fu; zheng gao,\N,\N,\N,\N
tt0348057,smrt na cerno,ivo toman,drahoslav makovicka,\N,\N,\N,smrt na cerno,ivo toman,\N,smrt na cerno,ivo toman,drahoslav makovicka
tt0348185,the mystery of the kaniyuta cave,habib fayziev,igor lukovskiy,\N,\N,\N,the mystery of the kaniyuta cave,habib fayziev,\N,the mystery of the kaniyuta cave,habib fayziev,igor lukovskiy
tt0348596,decryptage,philippe bensoussan,jacques tarnero,decryptage,philippe bensoussan,\N,decryptage,philippe bensoussan,\N,decryptage,philippe bensoussan,jacques tarnero
tt0349096,\N,\N,\N,\N,\N,\N,aranyvaros,sandor cs nagy,sandor cs nagy,\N,\N,\N
tt0349247,corrupcion,ismael rodriguez,ismael rodriguez,\N,\N,\N,corrupcion,ismael rodriguez,\N,corrupcion,ismael rodriguez,ismael rodriguez; ricardo garibay
tt0349512,the unknown corpse,wong tinlam,lo yukei,\N,\N,\N,guan cai jing sheng zai,tianlin wang,yuqi lu,the unknown corpse,wong tinlam,lo yukei
tt0349517,scent of love,lee jeongwook,kim heejae; lee jeongwook,scent of love,lee jeongwook,\N,scent of love,lee jeongwook,\N,scent of love,lee jeongwook,kim heejae; lee jeongwook
tt0349588,\N,\N,\N,\N,\N,\N,huang fei hong: yi jiu hai chuang si xia ji,tianlin wang,\N,\N,\N,\N
tt0350365,\N,\N,\N,\N,\N,\N,zhao feiyan,tianlin wang; tienchi wu,\N,\N,\N,\N
tt0350717,\N,\N,\N,circumstance,lawson harris,\N,circumstance,lawson harris,lawson harris; marie pavis,\N,\N,\N
tt0350792,\N,\N,\N,\N,maris rudzitis,\N,diena bez vakara,boleslavs ruzs; maris rudzitis,miervaldis birze,\N,\N,\N
tt0350804,god is brazilian,carlos diegues,carlos diegues; joao emanuel carneiro; joao ubaldo ribeiro; renata almeida magalhaes,deus e brasileiro,carlos diegues,joao emanuel carneiro,deus e brasileiro,carlos diegues,carlos diegues; joao emanuel carneiro; joao ubaldo ribeiro,god is brazilian,carlos diegues,carlos diegues; joao emanuel carneiro; joao ubaldo ribeiro; renata almeida magalhaes
tt0351270,\N,\N,\N,\N,\N,\N,lulet dekorative,\N,\N,\N,\N,\N
tt0351407,nan jiang zhao chun,xiao lang,\N,\N,\N,\N,nan jiang zhao chun,xiao lang,\N,nan jiang zhao chun,xiao lang,\N
tt0352654,\N,\N,\N,\N,\N,\N,nu qiu da dui,shana wuer,\N,\N,\N,\N
tt0352707,\N,\N,\N,penn simham,crossbelt mani,\N,penn simham,ms mani,cheri viswanath,\N,\N,\N
tt0352779,el rey de oros,mario hernandez,francisco sanchez; luis mariano salinas; xavier robles,\N,\N,\N,el rey de oros,mario hernandez,\N,el rey de oros,mario hernandez,francisco sanchez; luis mariano salinas; xavier robles
tt0352783,\N,\N,\N,\N,\N,\N,der rivonia-prozess,jurgen goslar,hermann kugelstadt; wolfgang bretholz,\N,\N,\N
tt0354914,si li tao sheng,zhang xin,\N,\N,\N,\N,si li tao sheng,zhang xin,\N,si li tao sheng,zhang xin,\N
tt0355035,wu du mang mang,wang jin; zhang bo,kuang haowen,\N,\N,\N,wu du mang mang,wang jin; zhang bo,\N,wu du mang mang,wang jin; zhang bo,kuang haowen
tt0355036,five golden flowers,wang jiayi,gongpu wang; jikang zhao,five golden flowers,wang jiayi,\N,wu duo jinhua,jiayi wang,gongpu wang; jikang zhao,five golden flowers,wang jiayi,gongpu wang; jikang zhao
tt0355052,zelimo,aleks rosenberg,\N,\N,\N,\N,zelimo,aleks rosenberg,\N,zelimo,aleks rosenberg,\N
tt0355209,arabia,jayaraj,jayaraj,arabia,jayarajan rajasekharan nair,\N,arabia,jayaraj,jayaraj,arabia,jayaraj,jayaraj
tt0355263,\N,\N,\N,\N,\N,\N,bint 17,kamal attia,\N,\N,\N,\N
tt0356884,footsteps without a trace,cirio h santiago,augusto buenaventura; eddie romero,\N,\N,\N,footsteps without a trace,cirio h santiago,\N,footsteps without a trace,cirio h santiago,augusto buenaventura
tt0357677,fremds land,luke gasser,luke gasser,\N,luke gasser,luke gasser,fremds land,luke gasser,\N,fremds land,luke gasser,luke gasser
tt0358106,\N,\N,\N,sati savitri,\N,\N,sati savitri,shantilal soni,\N,\N,\N,\N
tt0358373,\N,\N,\N,\N,\N,\N,bangbeomdaewon yong-pali,park nousik,jongwon hong,\N,\N,\N
tt0358704,society em baby-doll,luiz carlos maciel; waldemar lima,luiz carlos maciel; waldemar lima,\N,\N,\N,society em baby-doll,luiz carlos maciel; waldemar lima,\N,society em baby-doll,luiz carlos maciel; waldemar lima,luiz carlos maciel; waldemar lima
tt0359063,chanti,ravi raja pinisetty,\N,chanti,ravi raja pinisetty,ravi raja pinisetty,chanti,ravi raja pinisetty,\N,chanti,ravi raja pinisetty,\N
tt0359225,\N,\N,\N,\N,\N,\N,end game,giselle fernandez,peter lalonde,\N,\N,\N
tt0359469,\N,\N,\N,\N,\N,\N,infinito,antonio racioppi,antonio racioppi,\N,\N,\N
tt0359783,\N,\N,\N,oru sumangaliyude katha,baby,pappanamkodu lakshmanan,oru sumangaliyude katha,baby,pappanamkodu lakshmanan,\N,\N,\N
tt0360053,\N,\N,\N,\N,\N,\N,svoya zemlya,vlad druk,\N,\N,\N,\N
tt0360204,winter holiday,jose de villa,jose de villa; marichu maceda,\N,\N,\N,winter holiday,jose de villa,\N,winter holiday,jose de villa,jose de villa; marichu maceda
tt0360463,chalte chalte,sunder dar,\N,chalte chalte,\N,\N,chalte chalte,sunder dar,anmol purohit; sunder dar,chalte chalte,sunder dar,\N
tt0361313,armaan,anand sagar,moti sagar,armaan,anand sagar,\N,armaan,anand sagar,moti sagar,armaan,anand sagar,moti sagar
tt0361422,\N,\N,\N,\N,\N,\N,balvany,frigyes mamcserov,mihaly gergely,\N,\N,\N
tt0361887,martiros saryan,laert vagharshyan,ilya ehrenburg; laert vagharshyan,\N,\N,\N,martiros saryan,laert vagharshyan,\N,martiros saryan,laert vagharshyan,ilya ehrenburg; laert vagharshyan
tt0361965,\N,\N,\N,\N,\N,\N,nothing but flowers,\N,\N,\N,\N,\N
tt0362018,paris selon moussa,cheik doukoure,\N,paris selon moussa,cheik doukoure,\N,paris selon moussa,cheik doukoure,\N,paris selon moussa,cheik doukoure,\N
tt0362227,the terminal,steven spielberg,andrew niccol; jeff nathanson; sacha gervasi,the terminal,steven spielberg,jeff nathanson; sacha gervasi,the terminal,steven spielberg,andrew niccol; jeff nathanson; sacha gervasi,the terminal,steven spielberg,jeff nathanson; sacha gervasi
tt0362455,blockade,johann feindt; thomas kufus,\N,\N,\N,\N,blockade,johann feindt; thomas kufus,\N,blockade,johann feindt; thomas kufus,\N
tt0364121,\N,\N,\N,\N,\N,\N,windplatze: aufgerissen,pius morger,pius morger,\N,\N,\N
tt0364130,yo quiero con la tia,\N,\N,\N,\N,\N,yo quiero con la tia,\N,\N,yo quiero con la tia,\N,\N
tt0364347,flores de septiembre,nicolas wainszelbaum; pablo osores; roberto testa,roberto testa,flores de septiembre,nicolas wainzelbaum; pablo osores; roberto testa,\N,flores de septiembre,nicolas wainzelbaum; pablo osores; roberto testa,roberto testa,flores de septiembre,nicolas wainszelbaum; pablo osores; roberto testa,roberto testa
tt0364507,maten al chacal,\N,\N,\N,\N,\N,maten al chacal,\N,\N,maten al chacal,\N,\N
tt0364658,shama,naeem basit,jarasandha; kader khan,\N,\N,\N,shama,naeem basit,jarasandha; kader khan,shama,naeem basit,jarasandha; kader khan
tt0364661,si j'te cherche... j'me trouve,roger diamantis,\N,\N,roger diamantis,\N,si j'te cherche... j'me trouve,roger diamantis,\N,si j'te cherche... j'me trouve,roger diamantis,\N
tt0364681,\N,\N,\N,\N,\N,\N,suhagi,a shakoor,\N,\N,\N,\N
tt0365907,a walk among the tombstones,scott frank,scott frank,a walk among the tombstones,scott frank,lawrence block; scott frank,a walk among the tombstones,scott frank,lawrence block; scott frank,a walk among the tombstones,scott frank,scott frank
tt0366173,\N,\N,\N,me and my daughters,\N,\N,ana wa banati,hussein helmi elmohandes,\N,\N,\N,\N
tt0366552,\N,\N,\N,\N,\N,\N,hayat wa amal,zoheir bakir,\N,\N,\N,\N
tt0366852,operacion norte,ezequiel abalos,\N,operacion norte,ezequiel abalos,\N,operacion norte,ezequiel abalos,\N,operacion norte,ezequiel abalos,\N
tt0366945,"redskins, tricksters and puppy stew",drew hayden taylor,\N,\N,\N,\N,"redskins, tricksters and puppy stew",drew hayden taylor,\N,"redskins, tricksters and puppy stew",drew hayden taylor,\N
tt0368114,\N,\N,\N,\N,\N,\N,out in the open,ian nigel; toro camacho,\N,\N,\N,\N
tt0368428,walang kapalit,joel lamangan,raquel villavicencio,walang kapalit,joel lamangan,\N,walang kapalit,joel lamangan,raquel villavicencio,walang kapalit,joel lamangan,raquel villavicencio
tt0368851,maestro,josell ramos,\N,maestro,josell ramos,josell ramos,maestro,josell ramos,josell ramos,maestro,josell ramos,\N
tt0368906,off-balance,shin togashi,shiori kazama,off-balance,shin togashi,\N,off-balance,shin togashi,\N,off-balance,shin togashi,shiori kazama
tt0370624,\N,\N,\N,\N,\N,\N,handsome,carlos vander tolosa,madiaas digdigan; mars ravelo,\N,\N,\N
tt0370840,kasaysayan ni rudy concepcion,octavio silos,fausto j galauran,\N,\N,\N,kasaysayan ni rudy concepcion,octavio silos,fausto j galauran,kasaysayan ni rudy concepcion,octavio silos,fausto j galauran
tt0370915,no understanding,atef salem,nairuz abdel malek,\N,\N,\N,no understanding,atef salem,\N,no understanding,atef salem,nairuz abdel malek
tt0370931,malkiyat sodom,dimitar avramov,\N,malkiyat sodom,dimitar avramov,\N,malkiyat sodom,dimitar avramov,\N,malkiyat sodom,dimitar avramov,\N
tt0371367,vacacionista,mar s torres,\N,\N,\N,\N,vacacionista,mar s torres,\N,vacacionista,mar s torres,\N
tt0371559,\N,\N,\N,\N,\N,\N,balisong 29,\N,\N,\N,\N,\N
tt0371623,dasiseh,ali kasmaie,ali kasmaie,\N,\N,\N,dasiseh,ali kasmaie,\N,dasiseh,ali kasmaie,ali kasmaie
tt0371966,\N,\N,\N,\N,\N,\N,la suerte esta echada,pedro stocki,juan carlos onetti adaptation,\N,\N,\N
tt0372363,\N,\N,\N,\N,\N,\N,the king of sixth street,charles burmeister,\N,\N,\N,\N
tt0372847,\N,\N,\N,\N,\N,\N,daisy and the women of the future,jose vicenty,\N,\N,\N,\N
tt0373158,rocking horse and a girl,lee wonse,\N,rocking horse and a girl,lee wonse,\N,rocking horse and a girl,lee wonse,\N,rocking horse and a girl,lee wonse,\N
tt0373173,murder below the line,norman macera,norman macera,\N,\N,\N,murder below the line,norman macera,\N,murder below the line,norman macera,norman macera
tt0373472,dilemma,edmund heuberger,stefan markus,\N,\N,\N,dilemma,edmund heuberger,\N,dilemma,edmund heuberger,edmund heuberger; paul altheer; stefan markus
tt0373882,the naked truth,atef salem,wagih naguib,the naked truth,atef salem,\N,the naked truth,atef salem,\N,the naked truth,atef salem,wagih naguib
tt0374103,ori,raquel gerber,maria beatriz nascimento; raquel gerber,\N,\N,\N,ori,raquel gerber,\N,ori,raquel gerber,maria beatriz nascimento; raquel gerber
tt0374869,\N,\N,\N,\N,\N,\N,mga alipin ng laman,joey del rosario,joanne dee,\N,\N,\N
tt0374928,\N,\N,\N,\N,\N,\N,onome,chico ejiro,\N,\N,\N,\N
tt0375636,la calzonuda,\N,\N,\N,\N,\N,la calzonuda,\N,\N,la calzonuda,\N,\N
tt0375929,\N,\N,\N,\N,\N,\N,losing a highway,mirko kubein,mirko kubein,\N,\N,\N
tt0376200,\N,\N,\N,\N,\N,\N,sokaktan gelen kadin,arsevir alyanak,arsevir alyanak; esat mahmut karakurt,\N,\N,\N
tt0377083,le lac et la riviere,sarah leonor,sarah leonor,\N,\N,\N,le lac et la riviere,sarah leonor,\N,le lac et la riviere,sarah leonor,sarah leonor
tt0377397,ask bekliyor,umit utku,\N,\N,\N,\N,ask bekliyor,umit utku,\N,ask bekliyor,umit utku,umit utku
tt0377692,\N,\N,\N,\N,\N,\N,cornered,arayna thomas,seth kenlon,\N,\N,\N
tt0378071,hum tere ashiq hain,prem sagar,kamleshwar; kulwant singh jani; ramanand sagar,hum tere aashiq hain,\N,ramanand sagar,hum tere ashiq hain,prem sagar,\N,hum tere ashiq hain,prem sagar,cl kavish; kamleshwar; kk shukla; kulwant singh jani; ramanand sagar
tt0378116,isla paraiso,\N,\N,\N,\N,\N,isla paraiso,\N,\N,isla paraiso,\N,\N
tt0378342,\N,\N,\N,\N,\N,\N,medrano,joey del rosario,jojo lapus,\N,\N,\N
tt0378606,prostitutes,eugeniusz priwieziencew,eugeniusz priwieziencew,prostitutes,eugeniusz priwieziencew,eugeniusz priwieziencew,prostytutki,eugeniusz priwieziencew,eugeniusz priwieziencew,prostitutes,eugeniusz priwieziencew,eugeniusz priwieziencew
tt0378973,\N,\N,\N,\N,\N,\N,venganza suicida,julio ruiz llaneza,\N,venganza suicida,julio ruiz llaneza,julio ruiz llaneza
tt0379484,gun-shy,dito tsintsadze,dito tsintsadze,gun-shy,dito tsintsadze,dirk kurbjuweit; dito tsintsadze,gun-shy,dito tsintsadze,dirk kurbjuweit; dito tsintsadze,gun-shy,dito tsintsadze,dito tsintsadze
tt0379502,\N,\N,\N,shri ram bhakta hanuman,homi wadia,\N,"hanuman, the worshipper of lord rama",homi wadia,\N,"hanuman, the worshipper of lord rama",homi wadia,\N
tt0379561,"the tulse luper suitcases, part 3: from sark to the finish",peter greenaway,peter greenaway,"the tulse luper suitcases, part 3: from sark to the finish",peter greenaway,peter greenaway,"the tulse luper suitcases, part 3: from sark to the finish",peter greenaway,\N,"the tulse luper suitcases, part 3: from sark to the finish",peter greenaway,peter greenaway
tt0379930,la pipe au bois,maxime debest,jacques chaumelle; maxime debest,\N,\N,\N,la pipe au bois,maxime debest,jacques chaumelle; maxime debest,la pipe au bois,maxime debest,jacques chaumelle; maxime debest
tt0380381,\N,\N,\N,worth dying for,\N,\N,geudae jukeodo johatda,munok kim,kilhan song,\N,\N,\N
tt0380811,"der weg, der zur verdammnis fuhrt, 2. teil - hyanen der lust",otto rippert,julius sternheim,\N,otto rippert,julius sternheim,"der weg, der zur verdammnis fuhrt, 2. teil - hyanen der lust",otto rippert,\N,"der weg, der zur verdammnis fuhrt, 2. teil - hyanen der lust",otto rippert,julius sternheim
tt0381034,\N,\N,\N,\N,\N,\N,barro,nicolas bratosevich,lily suarez; nicolas bratosevich; raul amado,\N,\N,\N
tt0381228,\N,\N,\N,the butch belgica story,toto natividad,\N,the grepor butch belgica story,\N,\N,the grepor butch belgica story,\N,\N
tt0381525,quiltmakers of gee's bend,celia carey,\N,\N,\N,\N,quiltmakers of gee's bend,celia carey,\N,quiltmakers of gee's bend,celia carey,\N
tt0382532,\N,\N,\N,\N,\N,\N,azbuka na nadejdata,stephan komandarev,stephan komandarev; yurii dachev,\N,\N,\N
tt0384991,heat after dark,ryuhei kitamura,ryuhei kitamura,heat after dark,ryuhei kitamura,\N,heat after dark,ryuhei kitamura,\N,heat after dark,ryuhei kitamura,ryuhei kitamura
tt0385036,kapag lumaban ang api,ronwaldo reyes,fred navarro,\N,\N,\N,kapag lumaban ang api,ronwaldo reyes,\N,kapag lumaban ang api,ronwaldo reyes,fred navarro
tt0386667,\N,\N,\N,\N,karl gass,\N,nationalitat: deutsch,karl gass,karl gass; klaus wischnewski,\N,\N,\N
tt0387303,\N,\N,\N,\N,\N,\N,ilbon daebu,hyocheon kim,halim kim,\N,\N,\N
tt0387629,they call him chop-suey,jun gallardo,bobby a suarez; nestor torre,\N,\N,\N,they call him chop-suey,jun gallardo,\N,they call him chop-suey,jun gallardo,bobby a suarez; nestor torre
tt0388829,\N,\N,\N,\N,\N,\N,cheated desire,don allen,don allen,\N,\N,\N
tt0388984,\N,\N,\N,\N,\N,\N,le gateau renverse,ueli mamin,\N,\N,\N,\N
tt0389451,tightrope to terror,bob kellett,bob kellett,tightrope to terror,\N,\N,tightrope to terror,bob kellett,\N,tightrope to terror,bob kellett,bob kellett
tt0390128,\N,\N,\N,\N,\N,\N,internado para senoritas,victor manuel castro,\N,internado para senoritas,victor manuel castro,\N
tt0390525,\N,\N,\N,surya chandra,vijaya nirmala,\N,surya chandra,vijaya nirmala,\N,\N,\N,\N
tt0390858,\N,\N,\N,atma bal,\N,\N,atma bal,\N,as desai; desai; g mohanial dave,\N,\N,\N
tt0390939,\N,\N,\N,boodha bubukh,\N,\N,boodha boobukh,\N,gufam,\N,\N,\N
tt0391222,\N,\N,\N,\N,\N,\N,how to be a model (a 12 step plan),allison beda,allison beda,\N,\N,\N
tt0391766,\N,\N,\N,\N,\N,\N,asalto al amanecer,miguel torres,\N,\N,\N,\N
tt0391970,esclavo y amo,christian gonzalez,\N,\N,\N,\N,esclavo y amo,christian gonzalez,\N,esclavo y amo,christian gonzalez,\N
tt0392175,\N,\N,\N,jai vijay,narayanrao d sarpotdar,\N,jai vijay,narayanrao sarpotder d,narayanrao sarpotder d,\N,\N,\N
tt0392478,\N,\N,\N,nakhreli nar,nanubhai vakil,\N,nakhreli nar,nanubhai vakil,\N,\N,\N,\N
tt0393074,la banda del tandito,christian gonzalez,\N,\N,\N,\N,la banda del tandito,christian gonzalez,\N,la banda del tandito,christian gonzalez,\N
tt0393454,manos magicas,guillermo jaime alarid,\N,\N,\N,\N,manos magicas,guillermo jaime alarid,\N,manos magicas,guillermo jaime alarid,\N
tt0393804,\N,\N,\N,sorathi yoddho,\N,\N,sorathi yodhdho,faram sethna,nanabhai bhatt,\N,\N,\N
tt0393897,\N,\N,\N,tridandi sanyas,vp divekar,\N,tridandi sanyas,vishnupant p divekar,\N,\N,\N,\N
tt0395556,\N,\N,\N,\N,\N,\N,geumhaeng yeolchareul tara,muk kim,dongoh kim,\N,\N,\N
tt0395631,lamb to the slaughter,nicole barnette,deborah cohn; mari colabelli,\N,\N,\N,lamb to the slaughter,nicole barnette,\N,lamb to the slaughter,nicole barnette,deborah cohn; mari colabelli
tt0396637,hilde's journey,christof vorster,\N,\N,\N,\N,hilde's journey,christof vorster,\N,hilde's journey,christof vorster,\N
tt0396781,peculiarities of the national politics,dmitry meskhiev; yuri konopkin,aleksandr rogozhkin,peculiarities of national politics,dmitry meskhiev,aleksandr rogozhkin,peculiarities of the national politics,dmitriy meskhiev; yuri konopkin,aleksandr rogozhkin,peculiarities of the national politics,dmitry meskhiev; yuri konopkin,aleksandr rogozhkin
tt0398185,\N,\N,\N,mard-e-maidan,\N,\N,marde maidan,\N,\N,\N,\N,\N
tt0399516,property of the state: gay men in the apartheid military,gerald kraak,\N,\N,\N,\N,property of the state: gay men in the apartheid military,gerald kraak,\N,\N,\N,\N
tt0399913,\N,\N,\N,yangsan province,ahn hyeoncheol,\N,yangsan do,hyeoncheol ahn,woonbang lee,\N,\N,\N
tt0400264,\N,\N,\N,\N,\N,\N,bus stop,mar s torres,benjie lacson; emmanuel h borlaza,\N,\N,\N
tt0401394,duel,ahmad reza darvish,ramin mebdy,the duel,ahmad reza darvish,ahmad reza darvish,duel,ahmad reza darvish,\N,duel,ahmad reza darvish,ramin mebdy
tt0401762,\N,\N,\N,\N,\N,\N,rupkatha,souren sen,souren sen,\N,\N,\N
tt0402039,\N,\N,\N,\N,\N,\N,"avant les assises, une affaire de viol",olivier ballande,olivier ballande,\N,\N,\N
tt0402607,tum: a dangerous obsession,aruna raje,aruna raje,tum a dangerous obsession,aruna raje,\N,tum: a dangerous obsession,aruna raje,aruna raje; manisha korde,tum: a dangerous obsession,aruna raje,aruna raje; manisha korde
tt0404401,satlk kzlar,suha dogan,suha dogan,\N,\N,\N,satlk kzlar,suha dogan,\N,satlk kzlar,suha dogan,suha dogan
tt0404755,\N,\N,\N,\N,\N,\N,alice in storageland,fred jardin,fred jardin,\N,\N,\N
tt0405069,\N,\N,\N,\N,\N,\N,kabhi kranti kabhi jung,haresh,malhar singh,\N,\N,\N
tt0405152,\N,\N,\N,\N,andrea gschwendtner,\N,der menschenforscher,andrea gschwendtner,andrea gschwendtner,\N,\N,\N
tt0405676,all the king's men,steven zaillian,steven zaillian,all the king's men,steven zaillian,steven zaillian,all the king's men,steven zaillian,robert penn warren; steven zaillian,all the king's men,steven zaillian,steven zaillian
tt0405838,\N,\N,\N,\N,\N,\N,cold intelligence,michael denney,michael denney,\N,\N,\N
tt0407003,\N,\N,\N,\N,\N,\N,mileo,hun choi,chihon kim; ilro kwak,\N,\N,\N
tt0407300,volegeny,laszlo vamos,erno szep,\N,\N,\N,volegeny,laszlo vamos,\N,volegeny,laszlo vamos,erno szep
tt0407338,zero in condotta,giuliano carnimeo,giorgio mariuzzo,zero in condotta,giuliano carnimeo,giorgio mariuzzo,zero in condotta,giuliano carnimeo,giorgio mariuzzo,zero in condotta,giuliano carnimeo,giorgio mariuzzo
tt0407872,hrsz,zafer davutoglu,osman f seden,the thief,zafer davutoglu,\N,hrsz,zafer davutoglu,\N,hrsz,zafer davutoglu,osman f seden
tt0408209,\N,\N,\N,\N,\N,\N,spook,barry w levy,barry w levy,\N,\N,\N
tt0409074,\N,\N,\N,\N,\N,\N,nagaruru sake,eiichi matsumoto,\N,\N,\N,\N
tt0409097,\N,\N,\N,\N,\N,\N,nueva ecija,\N,\N,\N,\N,\N
tt0411753,geraldine's fortune,john n smith,michel tremblay; tim burns,geraldine's fortune,john n smith,tim burns,geraldine's fortune,john n smith,\N,geraldine's fortune,john n smith,michel tremblay; tim burns
tt0411900,soytar,hulki saner,hulki saner,\N,\N,\N,soytar,hulki saner,\N,soytar,hulki saner,hulki saner
tt0413234,das schlangenfischkanu - eine reise in amazonien,herbert brodl,\N,\N,\N,\N,das schlangenfischkanu - eine reise in amazonien,herbert brodl,\N,das schlangenfischkanu - eine reise in amazonien,herbert brodl,\N
tt0413677,altn kollu adam,aram gulyuz,erdogan tunas,\N,\N,\N,altn kollu adam,aram gulyuz,\N,altn kollu adam,aram gulyuz,erdogan tunas
tt0413681,anadolu kanunu,hasan kazankaya,sinasi onengut,\N,\N,\N,anadolu kanunu,hasan kazankaya,sinasi onengut,anadolu kanunu,hasan kazankaya,sinasi onengut
tt0414075,a sunflower family,park seongbok,\N,the sunflower family,park seongbok,\N,a sunflower family,park seongbok,\N,a sunflower family,park seongbok,park seongho; seongmin kim
tt0414798,\N,\N,\N,\N,\N,\N,54 grad,stefan trampe,frank schloer,\N,\N,\N
tt0416206,santos peregrinos,juan carlos carrasco,juan carlos carrasco,santos peregrinos,juan carlos carrasco aguayo,juan carlos carrasco aguayo,santos peregrinos,juan carlos carrasco,jose antonio carreon; juan carlos carrasco,santos peregrinos,juan carlos carrasco,juan carlos carrasco
tt0417056,pledge this!,william heins,anna obropta; cheryl guerriero,national lampoon's pledge this!,strathford hamilton; william heins,\N,pledge this!,strathford hamilton; william heins,anna obropta; cheryl guerriero,pledge this!,william heins,anna obropta; cheryl guerriero
tt0417106,samba,v v vinayak,kona venkat,samba,v v vinayak,kona venkat,samba,vv vinayak,gs rao; kona venkat; vv vinayak,samba,v v vinayak,kona venkat
tt0417243,vital,shinya tsukamoto,shinya tsukamoto,vital,shinya tsukamoto,shinya tsukamoto,vitaru,shinya tsukamoto,shinya tsukamoto,vital,shinya tsukamoto,shinya tsukamoto
tt0418081,the dirty princess,mario ohara,\N,\N,\N,\N,the dirty princess,mario ohara,\N,the dirty princess,mario ohara,\N
tt0418257,the truth or consequences of delmas howe,matt sneddon,\N,the truth or consequences of delmas howe,\N,\N,the truth or consequences of delmas howe,matt sneddon,\N,the truth or consequences of delmas howe,matt sneddon,\N
tt0418689,flags of our fathers,clint eastwood,paul haggis; william broyles jr,flags of our fathers,clint eastwood,paul haggis; william broyles jr,flags of our fathers,clint eastwood,james bradley; paul haggis; william broyles jr,flags of our fathers,clint eastwood,paul haggis; william broyles jr
tt0418813,kung tayo'y magkakalayo,mel chionglo,ricky lee,\N,\N,\N,kung tayo'y magkakalayo,mel chionglo,\N,kung tayo'y magkakalayo,mel chionglo,ricky lee
tt0418819,land of the dead,george a romero,george a romero,land of the dead,george a romero,george a romero,land of the dead,george a romero,george a romero,land of the dead,george a romero,george a romero
tt0419173,\N,\N,\N,\N,\N,\N,sanuvam amerika,lidiya zlateva,lidiya zlateva,\N,\N,\N
tt0419279,yesterday,darrell james roodt,darrell james roodt,yesterday,darrell roodt,darrell roodt,yesterday,darrell roodt,darrell roodt,yesterday,darrell james roodt,darrell james roodt
tt0419837,\N,\N,\N,\N,\N,\N,ildae yeongwoong,beomgu kang,cheonho jang,\N,\N,\N
tt0420132,river,takayuki suzui,takayuki suzui,river,takayuki suzui,\N,river,takayuki suzui,\N,river,takayuki suzui,takayuki suzui
tt0420344,twelve chairs,ulrike ottinger,ulrike ottinger,the twelve chairs,ulrike ottinger,\N,twelve chairs,ulrike ottinger,\N,twelve chairs,ulrike ottinger,ulrike ottinger
tt0420971,13 at a table,enrico oldoini,enrico oldoini,13 at a table,enrico oldoini,enrico oldoini,13dici a tavola,enrico oldoini,enrico oldoini,13 at a table,enrico oldoini,enrico oldoini
tt0422066,\N,\N,\N,\N,abolghassem malakouti,\N,dar entehaye zolmat,abolghassem malakooti,fereydoun saghafi; hooshang kazemi,\N,\N,\N
tt0422067,\N,\N,\N,\N,\N,\N,dominion,greg myers; larry anderson,lia scott price,\N,\N,\N
tt0422462,ill fated,mark a lewis,john callander; mark a lewis,ill fated,mark a lewis,\N,ill fated,mark a lewis,\N,ill fated,mark a lewis,john callander; mark a lewis
tt0423368,\N,\N,\N,\N,\N,\N,thin air,laura e davis,laura e davis,\N,\N,\N
tt0423605,\N,\N,\N,\N,\N,\N,uskudar'dan topkapi'ya,aram gulyuz,aram gulyuz,\N,\N,\N
tt0423859,\N,\N,\N,\N,\N,\N,het beloofde land,john appel,john appel,\N,\N,\N
tt0424438,\N,\N,\N,\N,\N,\N,shimyaui nanibja,yeonghyo kim,yeonghyo kim,\N,\N,\N
tt0425195,the life and crimes of citizen ming,\N,\N,\N,\N,\N,the life and crimes of citizen ming,\N,\N,the life and crimes of citizen ming,\N,\N
tt0425419,365 nights: osaka,kon ichikawa,\N,\N,\N,\N,365 nights: osaka,kon ichikawa,\N,365 nights: osaka,kon ichikawa,\N
tt0425531,teri kasam,\N,\N,teri kasam,a c tirulokchandar,\N,teri kasam,ac trilogchander,ac trilogchander; gyandev agnihotri,teri kasam,\N,\N
tt0426582,stalin's wife,slava tsukerman,slava tsukerman,\N,\N,\N,stalin's wife,slava tsukerman,\N,stalin's wife,slava tsukerman,slava tsukerman
tt0427363,huapango,ivan lipkies,ivan lipkies; maria elena velasco,huapango,ivan lipkies,maria elena velasco,huapango,ivan lipkies,\N,huapango,ivan lipkies,ivan lipkies; maria elena velasco
tt0427580,mecanix,remy m larochelle,melissa hebert; remy m larochelle,\N,\N,\N,mecanix,remy m larochelle,melissa hebert; remy m larochelle,mecanix,remy m larochelle,melissa hebert; remy m larochelle
tt0427711,release the head,john barnum; rick schmidt; stephen w gillard,john barnum; rick schmidt; stephen w gillard,\N,\N,\N,release the head,john barnum; rick schmidt; stephen w gillard,\N,release the head,john barnum; rick schmidt; stephen w gillard,john barnum; rick schmidt; stephen w gillard
tt0428054,yabanc,osman f seden,ihsan yuce,\N,\N,\N,yabanc,osman f seden,\N,yabanc,osman f seden,ihsan yuce
tt0429054,\N,\N,\N,\N,\N,\N,saludablemente en pelotas,natalia toth,\N,\N,\N,\N
tt0429269,why?,ilya gurin,ilya gurin; vatslav mikhalsky,\N,ilya gurin,ilya gurin; vatslav mikhalsky,why?,ilya gurin,\N,why?,ilya gurin,ilya gurin; vatslav mikhalsky
tt0430524,\N,\N,\N,\N,\N,\N,the rescuer,leo grillo,\N,\N,\N,\N
tt0430734,\N,\N,\N,\N,\N,\N,venustiano carranza,jaime kuri aiza,enrique krauze,\N,\N,\N
tt0432867,\N,\N,\N,\N,\N,\N,ginza no sabaku,yutaka abe,hajime takaiwa; renzaburo shibata,\N,\N,\N
tt0433350,boy culture,q allan brocka,matthew rettenmund; philip pierce; q allan brocka,boy culture,q allan brocka,q allan brocka,boy culture,q allan brocka,matthew rettenmund; philip pierce; q allan brocka,boy culture,q allan brocka,\N
tt0433923,\N,\N,\N,\N,\N,\N,cezalari olumdu,ferit ceylan,kemal atalay,\N,\N,\N
tt0433963,dark ride,craig singer,craig singer; robert dean klein,dark ride,craig singer,\N,dark ride,craig singer,craig singer; robert dean klein,dark ride,craig singer,craig singer; robert dean klein
tt0433974,deli murat,ertem gorec,fuat ozluer,\N,\N,\N,deli murat,ertem gorec,\N,deli murat,ertem gorec,fuat ozluer
tt0435385,shaolin ulysses: kung fu monks in america,martha burr; meijuin chen,martha burr; michael cho,\N,\N,\N,shaolin ulysses: kung fu monks in america,martha burr; meijuin chen,\N,shaolin ulysses: kung fu monks in america,martha burr; meijuin chen,martha burr; michael cho
tt0435647,die garde-diva,curt blachnitzky,\N,the diva,curt blachnitzky,\N,die garde-diva,kurt blachy,hans vietzke,die garde-diva,curt blachnitzky,\N
tt0435754,\N,\N,\N,\N,\N,\N,the sum of jobe,craig knapp,anika kunik; craig knapp; jett garner,\N,\N,\N
tt0436084,atrapados en el fin del mundo,eduardo l sanchez,eduardo l sanchez; fernando moyano; pablo wainschenker,\N,\N,\N,atrapados en el fin del mundo,eduardo l sanchez,\N,atrapados en el fin del mundo,eduardo l sanchez,eduardo l sanchez; fernando moyano; pablo wainschenker
tt0436171,\N,\N,\N,\N,\N,\N,chikyu wa mawaru: dai-san-bu kuso hen,kenji mizoguchi; tomu uchida,minoru murata,\N,\N,\N
tt0436435,into the air: a kiteboarding experience,marq morrison,\N,\N,\N,\N,into the air: a kiteboarding experience,marq morrison,\N,into the air: a kiteboarding experience,marq morrison,\N
tt0436590,the miracle of candeal,fernando trueba,\N,el milagro de candeal,fernando trueba,\N,el milagro de candeal,fernando trueba,\N,the miracle of candeal,fernando trueba,\N
tt0437268,\N,\N,\N,\N,\N,\N,"juan garcia esquivel, el amo del lounge",alejandro strauss; gregory allen,\N,\N,\N,\N
tt0437447,riding alone for thousands of miles,zhang yimou,zou jingzhi,riding alone for thousands of miles,yasuo furuhata; zhang yimou,zhang yimou; zou jingzhi,riding alone for thousands of miles,yimou zhang,bin wang; jingzhi zou; yimou zhang,riding alone for thousands of miles,zhang yimou,zou jingzhi
tt0438038,"frauenbeichte, 1. teil - die beichte einer ausgestossenen",gerhard lamprecht,alfred schirokauer,\N,\N,\N,"frauenbeichte, 1. teil - die beichte einer ausgestossenen",gerhard lamprecht,\N,"frauenbeichte, 1. teil - die beichte einer ausgestossenen",gerhard lamprecht,alfred schirokauer
tt0438260,the girl with a patron,max mack,willy haas,the girl with a patron,max mack,willy haas,the girl with a patron,max mack,\N,the girl with a patron,max mack,willy haas
tt0439156,las delicias del matrimonio,julian pastor,\N,\N,\N,\N,las delicias del matrimonio,julian pastor,\N,las delicias del matrimonio,julian pastor,\N
tt0439575,hatemongers,steve drain,fred phelps; steve drain,\N,\N,\N,hatemongers,steve drain,fred phelps; steve drain,hatemongers,steve drain,fred phelps; steve drain
tt0439874,wesley cash,\N,\N,\N,\N,\N,wesley cash,\N,\N,wesley cash,\N,\N
tt0440016,leave me alone,danny pang phat,curran pang; danny pang phat,leave me alone,danny pang phat,\N,leave me alone,danny pang phat,\N,leave me alone,danny pang phat,curran pang; danny pang phat
tt0440074,bad boy,eddie rodriguez,rod santiago,\N,\N,\N,bad boy,eddie rodriguez,eddie rodriguez; humilde meek roxas; rod santiago,bad boy,eddie rodriguez,eddie rodriguez; humilde meek roxas
tt0440560,lab kita... bilib ka ba?,\N,\N,"lab kita, bilib ka ba?",\N,\N,lab kita... bilib ka ba?,gene palomo,humilde meek roxas,lab kita... bilib ka ba?,\N,\N
tt0441357,snake woman,artemio marquez,\N,\N,\N,\N,snake woman,artemio marquez,\N,snake woman,artemio marquez,\N
tt0441620,emotional pain,chico ejiro,\N,\N,\N,\N,emotional pain,chico ejiro,\N,emotional pain,chico ejiro,\N
tt0441960,\N,\N,\N,\N,\N,\N,a contratiempo,armando arencibia,mauricio arencibia,\N,\N,\N
tt0442320,\N,\N,\N,\N,\N,\N,"luciana, a comerciaria",mozart cintra,\N,"luciana, a comerciaria",mozart cintra,\N
tt0442487,\N,\N,\N,\N,\N,\N,the singer and the bouncer,roberto b balilla sr,manuel alina; nestor arsenal; roberto b balilla sr,\N,\N,\N
tt0443059,im nordwind,bettina oberli,bettina oberli,north wind,bettina oberli,bettina oberli,im nordwind,bettina oberli,\N,im nordwind,bettina oberli,bettina oberli
tt0443097,die liebe der maria bonde,emmerich hanus,friedel kohne,\N,emmerich hanus,fridel koehne,die liebe der maria bonde,emmerich hanus,\N,die liebe der maria bonde,emmerich hanus,friedel kohne
tt0444665,the man without nerves,gerard bourgeois; harry piel,\N,the man without nerves,gerard bourgeois; harry piel,edmund heuberger,the man without nerves,gerard bourgeois; harry piel,\N,the man without nerves,gerard bourgeois; harry piel,\N
tt0445029,\N,\N,\N,\N,\N,\N,lichtschlag,daniele buetti; danielle giuliani,daniele buetti; danielle giuliani; georg marioth,\N,\N,\N
tt0445322,diau charn,li hanhsiang,kao li,diau charn,li hanhsiang,kao li,diau charn,li hanhsiang,\N,diau charn,li hanhsiang,kao li
tt0445473,mysterious dwarf,seiichiro uchikawa,kennosuke tateoka,\N,\N,\N,mysterious dwarf,seiichiro uchikawa,\N,mysterious dwarf,seiichiro uchikawa,kennosuke tateoka
tt0445776,u-carmen ekhayelitsha,mark dornfordmay,andiswa kedama; mark dornfordmay; pauline malefane,u-carmen ekhayelitsha,mark dornfordmay,mark dornfordmay,u-carmen ekhayelitsha,mark dornfordmay,\N,u-carmen ekhayelitsha,mark dornfordmay,andiswa kedama; mark dornfordmay; pauline malefane
tt0446916,\N,\N,\N,\N,\N,\N,au-dela,anne closset,anne closset,\N,\N,\N
tt0448075,the night listener,patrick stettner,armistead maupin; patrick stettner; terry anderson,the night listener,patrick stettner,armistead maupin,the night listener,patrick stettner,armistead maupin; patrick stettner; terry anderson,the night listener,patrick stettner,\N
tt0448551,ich hatte einst ein schones vaterland,max mack,\N,i once had a beautiful homeland,max mack,\N,ich hatte einst ein schones vaterland,max mack,\N,ich hatte einst ein schones vaterland,max mack,\N
tt0448921,\N,\N,\N,\N,\N,\N,"paris bangkok, looking for your past",erik jourdil,\N,\N,\N,\N
tt0448927,if i were you,daniel filho,adriana falcao; carlos gregorio; daniel filho; iafa britz; rene belmonte; roberto frota,se eu fosse voce,daniel filho,\N,se eu fosse voce,daniel filho,adriana falcao; iafa britz; rene belmonte,if i were you,daniel filho,adriana falcao; carlos gregorio; daniel filho; iafa britz; rene belmonte
tt0449511,\N,\N,\N,\N,\N,\N,dodge university: the movie,javier mayol,jose enrique lopez; melodie basham; robert jones,\N,\N,\N
tt0449951,ghajini,a r murugadoss,a r murugadoss,ghajini,a r murugadoss,a r murugadoss,ghajini,ar murugadoss,ar murugadoss; shashank,ghajini,ar murugadoss,ar murugadoss
tt0450128,sandesaya,lester james peries,benedict dodampage; k a w perera; lester james peries,sandesaya,lester james peries,\N,sandesaya,lester james peries,\N,sandesaya,lester james peries,benedict dodampage; k a w perera; lester james peries
tt0450369,a sidewalk astronomer,\N,\N,a sidewalk astronomer,\N,\N,a sidewalk astronomer,\N,\N,a sidewalk astronomer,\N,\N
tt0450804,metiche y encajoso iii,alejandro todd,\N,\N,\N,\N,metiche y encajoso iii,alejandro todd,\N,metiche y encajoso iii,alejandro todd,\N
tt0451102,the lost,chris sivertson,chris sivertson; jack ketchum,the lost,chris sivertson,jack ketchum,the lost,chris sivertson,chris sivertson; jack ketchum,the lost,chris sivertson,chris sivertson; jack ketchum
tt0451875,\N,\N,\N,\N,\N,\N,o que dis que din,emilio mcgregor,emilio mcgregor,\N,\N,\N
tt0452175,\N,\N,\N,\N,\N,\N,chaalu mera naam,krishna naidu,\N,\N,\N,\N
tt0453211,love letter murder,li hanhsiang,wong yuetting,\N,\N,\N,love letter murder,li hanhsiang,\N,love letter murder,li hanhsiang,wong yuetting
tt0453233,tres tristes trinqueteros,victor manuel castro,\N,\N,\N,\N,tres tristes trinqueteros,victor manuel castro,\N,tres tristes trinqueteros,victor manuel castro,\N
tt0453385,oorlog en vrede: 1916,maurits binger,\N,oorlog en vrede (1916),maurits binger,\N,oorlog en vrede: 1916,maurits binger,\N,oorlog en vrede: 1916,maurits binger,\N
tt0454919,pulse,jim sonzero,ray wright; wes craven,pulse,jim sonzero,vince gilligan; wes craven,pulse,jim sonzero,kiyoshi kurosawa; ray wright; wes craven,pulse,jim sonzero,ray wright; wes craven
tt0455299,29th and gay,carrie preston,james vasquez,29th and gay,carrie preston,james vasquez,29th & gay,carrie preston,james vasquez,29th and gay,carrie preston,james vasquez
tt0455307,\N,\N,\N,\N,\N,\N,a li ba ba yu si shi da dao,bong luk,sam leung,\N,\N,\N
tt0455442,\N,\N,\N,\N,\N,\N,una donna di spirito,guglielmo zorzi,guglielmo zorzi,\N,\N,\N
tt0455507,the god who wasn't there,brian flemming,brian flemming,the god who wasn't there,brian flemming,brian flemming,the god who wasn't there,brian flemming,brian flemming,the god who wasn't there,brian flemming,brian flemming
tt0457353,die frau ohne namen - 2. teil,georg jacoby,hans brennert,nameless woman: part 2,georg jacoby,\N,die frau ohne namen - 2. teil,georg jacoby,\N,die frau ohne namen - 2. teil,georg jacoby,hans brennert
tt0458003,\N,\N,\N,\N,\N,\N,la marcha del color de la tierra,diego salgado,enrique bautista; nuria araiza,\N,\N,\N
tt0458096,\N,\N,\N,the sleeping volcano,james bauer,\N,der schlummernde vulkan,james bauer,james bauer; ludwig marr,\N,\N,\N
tt0460043,unutulmayanlar,remzi jonturk,ali fuat kalkan; mehmet samsa; remzi jonturk,unutulmayanlar,remzi jonturk,\N,unutulmayanlar,remzi jonturk,\N,unutulmayanlar,remzi jonturk,ali fuat kalkan; mehmet samsa; remzi jonturk
tt0460430,un controtipo - appunti su gillo pontecorvo,\N,\N,\N,\N,\N,un controtipo - appunti su gillo pontecorvo,\N,\N,un controtipo - appunti su gillo pontecorvo,\N,\N
tt0461539,pirated copy,he jianjun,he jianjun; zien cui,\N,\N,\N,pirated copy,he jianjun,\N,pirated copy,he jianjun,he jianjun; zien cui
tt0461835,\N,\N,\N,\N,\N,\N,sangang nangabali,\N,\N,\N,\N,\N
tt0464131,\N,\N,\N,\N,\N,\N,a new tomorrow,carey corr,carey corr; carole parker,\N,\N,\N
tt0465140,rough winds,gerardo herrero,alberto macias; almudena grandes; angeles gonzalezsinde,rough winds,gerardo herrero,\N,the rough winds,gerardo herrero,alberto macias; almudena grandes; angeles gonzalez sinde,rough winds,gerardo herrero,alberto macias; almudena grandes; angeles gonzalezsinde
tt0465402,\N,\N,\N,\N,\N,\N,black maria,chico ejiro,\N,\N,\N,\N
tt0466802,\N,\N,\N,\N,\N,\N,"galeotto, der groe kuppler",hubert moest,hubert moest; jose echegaray y eizaguirre,\N,\N,\N
tt0468802,\N,\N,\N,lyubov i prestaplenie,\N,\N,lyubov i prestaplenie,georgi ivanov; nisim koenson,georgi ivanov,\N,\N,\N
tt0469073,electric purgatory: the fate of the black rocker,raymond gayle,raymond gayle,\N,\N,\N,electric purgatory: the fate of the black rocker,raymond gayle,\N,electric purgatory: the fate of the black rocker,raymond gayle,raymond gayle
tt0469135,mil mascaras vs. the aztec mummy,chip gubera; jeff burr,jeffrey uhlmann,mil mascaras vs. the aztec mummy,chip gubera; jeff burr,jeffrey uhlmann,mil mascaras vs. the aztec mummy,chip gubera; jeff burr,\N,mil mascaras vs. the aztec mummy,chip gubera; jeff burr,jeffrey uhlmann
tt0471084,awit ng bulag,octavio silos,fausto j galauran,\N,\N,\N,awit ng bulag,octavio silos,\N,awit ng bulag,octavio silos,fausto j galauran
tt0471141,\N,\N,\N,\N,\N,\N,da xue sheng,fong pau,fong pau,\N,\N,\N
tt0472721,\N,\N,\N,\N,\N,\N,bir lokma ekmek,cevat okcugil,vecdi uygun,\N,\N,\N
tt0472784,\N,\N,\N,\N,\N,\N,der fluchtling von sing-sing,lorenz batz,joe born,\N,\N,\N
tt0472917,\N,\N,\N,\N,\N,\N,die tochter des kunstreiters,siegfried philippi,marie luise droop,\N,\N,\N
tt0473623,\N,\N,\N,\N,\N,\N,cadaveres para el lunes,joaquin torres,isabel gardela; joaquin torres,\N,\N,\N
tt0473638,\N,\N,\N,the secret of santa maria,lothar mendes,\N,das geheimnis der santa maria,lothar mendes,arthur schetter; lothar mendes; otto krack,\N,\N,\N
tt0474372,il etait une fois marilyn jess,michel caputo,\N,\N,\N,\N,il etait une fois marilyn jess,michel caputo,\N,il etait une fois marilyn jess,michel caputo,\N
tt0474654,"eu, o tolo",chano pineiro,chano pineiro,\N,\N,\N,"eu, o tolo",chano pineiro,\N,"eu, o tolo",chano pineiro,chano pineiro
tt0477022,junges blut,manfred noa,max glass,young blood,manfred noa,\N,junges blut,manfred noa,\N,junges blut,manfred noa,max glass
tt0477474,stella runs for office,guny halldorsdottir,guny halldorsdottir,stella i framboi,guny halldorsdottir,\N,stella runs for office,guny halldorsdottir,\N,stella runs for office,guny halldorsdottir,guny halldorsdottir
tt0477861,\N,\N,\N,\N,\N,\N,sevimli hirsiz,yavuz figenli,yavuz figenli,\N,\N,\N
tt0477864,\N,\N,\N,\N,\N,\N,shahrbanoo,hamid rahmanian,\N,\N,\N,\N
tt0478187,for bread alone,mohamed rachid benhadj,mohamed rachid benhadj,el khoubz el hafi,rachid benhadj,rachid benhadj,for bread alone,mohamed rachid benhadj,\N,for bread alone,mohamed rachid benhadj,mohamed rachid benhadj
tt0478365,how to get rid of the others,anders rnnow klarlund,anders rnnow klarlund; rasmus botoft,how to get rid of others,anders rnnow klarlund,anders rnnow klarlund,hvordan vi slipper af med de andre,anders rnnow klarlund,anders rnnow klarlund; rasmus botoft,how to get rid of the others,anders rnnow klarlund,anders rnnow klarlund; rasmus botoft
tt0478548,red needles,jeanfrancois davy,elisabeth lajarige diot; gaia guasti; jeanfrancois davy,red needles,jeanfrancois davy,\N,red needles,jeanfrancois davy,\N,red needles,jeanfrancois davy,elisabeth lajarige diot; gaia guasti; jeanfrancois davy
tt0478693,lawless street,melih gulgen,melih gulgen,kanunsuz sokak,melih gulgen,melih gulgen,lawless street,melih gulgen,\N,lawless street,melih gulgen,melih gulgen
tt0478763,be my baby,bryce olson,chris kennedy; jackie linder olson; rene ashton,be my baby,\N,\N,be my baby,bryce olson,\N,be my baby,bryce olson,chris kennedy; jackie linder olson; rene ashton
tt0479254,\N,\N,\N,kadirgali ali,\N,\N,kadirgali ali,kemal kan,kemal kan,\N,\N,\N
tt0479368,\N,\N,\N,\N,\N,\N,cannes la drague,annemarie tensi,\N,\N,\N,\N
tt0480005,\N,\N,\N,\N,\N,\N,smok'd,frederic banting,frederic banting,\N,\N,\N
tt0481662,\N,\N,\N,\N,\N,\N,willoughby,herbert l mcgurk; ruben soto,herbert l mcgurk; ruben soto,\N,\N,\N
tt0483191,\N,\N,\N,\N,\N,\N,the trial of rizal,\N,\N,\N,\N,\N
tt0484357,chariton's choir,grigoris karantinakis,\N,chariton's choir,grigoris karantinakis,\N,chariton's choir,grigoris karantinakis,\N,chariton's choir,grigoris karantinakis,\N
tt0486220,valse wals,mark de cloe,mark de cloe; ria marks; titus tiel groenestege,\N,mark de cloe,mark de cloe; ria marks; titus tiel groenstege,valse wals,mark de cloe,\N,valse wals,mark de cloe,mark de cloe; ria marks; titus tiel groenestege
tt0486617,lovecracked! the movie,ashley thorpe; brian a bernhard; brian barnes; chad bernhard; doug sakmann; elias argentiere; grady granros; jane rose; justin powers; simon ruben; tomas almgren,brian a bernhard; brian barnes; doug sakmann; elias argentiere; gillian macgregor; hp lovecraft; jane rose; rebecca finley; robbie simons; simon ruben; tom wontner; tomas almgren,\N,\N,\N,the horror of h.p. lovecraft,brian a bernhard; brian barnes; tomas almgren,doug sakmann; elias; hp lovecraft,lovecracked! the movie,ashley thorpe; brian a bernhard; brian barnes; chad bernhard; doug sakmann; elias argentiere; grady granros; jane rose; justin powers; simon ruben; tomas almgren,brian a bernhard; brian barnes; doug sakmann; elias argentiere; gillian macgregor; jane rose; rebecca finley; robbie simons; simon ruben; tom wontner; tomas almgren
tt0488759,\N,\N,\N,\N,\N,\N,la maratre,jacques gretillat,honore de balzac,\N,\N,\N
tt0490079,aristide and the endless revolution,nicolas rossier,cameron clendaniel; nicolas rossier,aristide and the endless revolution,nicolas rossier,\N,aristide and the endless revolution,nicolas rossier,cameron clendaniel; nicolas rossier,aristide and the endless revolution,nicolas rossier,cameron clendaniel; nicolas rossier
tt0490604,\N,\N,\N,\N,\N,\N,kirvenin kizi,yavuz yalinkilic,yavuz yalinkilic,\N,\N,\N
tt0492000,\N,\N,\N,\N,\N,\N,die faust im dunkel,otz tollen,walter lierke,\N,\N,\N
tt0492499,an unreasonable man,henriette mantel; steve skrovan,\N,an unreasonable man,henriette mantel; steve skrovan,\N,an unreasonable man,henriette mantel; steve skrovan,\N,an unreasonable man,henriette mantel; steve skrovan,\N
tt0492637,\N,\N,\N,\N,\N,\N,hao men chun se,kangshi mo,kangshi mo,\N,\N,\N
tt0493824,wolf girl,yoshihiro fukagawa,tamotsu oomi; tomoko ogawa,wolf girl,yoshihiro fukagawa,\N,wolf girl,yoshihiro fukagawa,\N,wolf girl,yoshihiro fukagawa,tomoko ogawa
tt0494253,long-term relationship,rob williams,rob williams,long-term relationship,rob williams,rob williams,long-term relationship,rob williams,\N,long-term relationship,rob williams,rob williams
tt0494959,\N,\N,\N,\N,\N,\N,ikimiz de sevdik,remzi a jonturk,remzi a jonturk,\N,\N,\N
tt0495829,\N,\N,\N,\N,claus heinberg,\N,"eigil knuth - billedhugger, forfatter, polarforsker",claus heinberg; kent allan beck,claus heinberg; kent allan beck,\N,\N,\N
tt0495851,langit at lupa,emmanuel h borlaza,humilde meek roxas,\N,\N,\N,langit at lupa,emmanuel h borlaza,\N,langit at lupa,emmanuel h borlaza,humilde meek roxas
tt0496055,\N,\N,\N,\N,\N,\N,de politicus,emmanuel riche,emmanuel riche,\N,\N,\N
tt0496386,the secret of the magic gourd,frankie chung chihang; john chu kayan,john chu kayan; zhang tianyi,secret of the magic gourd,frankie chung,zhang tianyi,the secret of the magic gourd,frankie chung; john chu,john chu; tianyi zhang,the secret of the magic gourd,frankie chung chihang; john chu kayan,john chu kayan
tt0497045,\N,\N,\N,\N,\N,\N,pantomime,graham ball,brett penny; graham ball,\N,\N,\N
tt0497453,\N,\N,\N,\N,\N,\N,these woods,geoff ryan,jennifer elizabeth; michael caradonna,\N,\N,\N
tt0497793,lessons in love,artemio marquez,jose javier reyes,\N,\N,\N,lessons in love,artemio marquez,\N,lessons in love,artemio marquez,jose javier reyes
tt0497887,\N,\N,\N,bhola in bollywood,\N,\N,bhola in bollywood,sumbul gazi,sumbul gazi,\N,\N,\N
tt0498362,\N,\N,\N,\N,\N,\N,laffit: all about winning,jim wilson,jay hovdey,\N,\N,\N
tt0756345,spicebush,kevin jerome everson,kevin jerome everson,\N,\N,\N,spicebush,kevin jerome everson,kevin jerome everson,spicebush,kevin jerome everson,kevin jerome everson
tt0757146,alakdang bato,\N,\N,\N,\N,\N,alakdang bato,\N,\N,alakdang bato,\N,\N
tt0759658,ruine par l'ambition,louis paglieri,\N,\N,\N,\N,ruine par l'ambition,louis paglieri,\N,ruine par l'ambition,louis paglieri,\N
tt0760180,propensity,dave sapp; rob diamond,rob diamond,\N,\N,\N,propensity,dave sapp; rob diamond,\N,propensity,dave sapp; rob diamond,rob diamond
tt0760230,\N,\N,\N,\N,\N,\N,the basement,steve aaron misiura,johnson millar; steve aaron misiura,\N,\N,\N
tt0764802,kidlat... ngayon!,oscar del rosario,leonardo abutin,"kidlat, ngayon",oscar del rosario,\N,kidlat... ngayon!,oscar del rosario,\N,kidlat... ngayon!,oscar del rosario,leonardo abutin
tt0765251,\N,\N,\N,the daughter of the brigadier,friedrich porges,\N,die tochter des brigadiers,friedrich porges,alexandre dumas; friedrich porges,\N,\N,\N
tt0765437,bye bye berlusconi!,jan henrik stahlberg,jan henrik stahlberg; lucia chiarla,bye bye berlusconi!,jan henrik stahlberg,jan henrik stahlberg; lucia chiarla,bye bye berlusconi!,jan henrik stahlberg,jan henrik stahlberg; lucia chiarla; marco travaglio,bye bye berlusconi!,jan henrik stahlberg,jan henrik stahlberg; lucia chiarla
tt0772796,ellos robaron la picha de hitler,pedro temboury,pablo alvarez almagro; pedro temboury,ellos robaron la picha de hitler,pedro temboury,\N,ellos robaron la picha de hitler,pedro temboury,pablo alvarez almagro; pedro temboury,ellos robaron la picha de hitler,pedro temboury,pablo alvarez almagro; pedro temboury
tt0777866,golpe brutal,\N,\N,\N,\N,\N,golpe brutal,\N,\N,golpe brutal,\N,\N
tt0778051,shanghai rumba,peng xiaolian,\N,shanghai rumba,peng xiaolian,peng xiaolian,shanghai rumba,peng xiaolian,\N,shanghai rumba,peng xiaolian,\N
tt0778600,9/10,masatoshi tojo,\N,\N,\N,\N,9/10,masatoshi tojo,\N,9/10,masatoshi tojo,\N
tt0778899,the wall man,wataru hayakawa,daijiro morohoshi; wataru hayakawa,\N,\N,\N,kabe-otoko,wataru hayakawa,daijiro morohoshi; wataru hayakawa,the wall man,wataru hayakawa,daijiro morohoshi; wataru hayakawa
tt0779262,damn yankee day,robert shupe,robert shupe,\N,\N,\N,damn yankee day,robert shupe,\N,\N,\N,\N
tt0780158,sun dogs,andrea stewart,\N,sun dogs,\N,\N,sun dogs,andrea stewart,\N,sun dogs,andrea stewart,\N
tt0780552,lady godiva: back in the saddle,baz taylor,frank sacks; heath jones,lady godiva: back in the saddle,baz taylor,\N,lady godiva: back in the saddle,baz taylor,frank sacks; heath jones,lady godiva: back in the saddle,baz taylor,heath jones
tt0783598,until death,simon fellows,dan harris; james portolese,until death,simon fellows,dan harris,until death,simon fellows,dan harris; james portolese,until death,simon fellows,dan harris; james portolese
tt0783713,forever yours,monica csango,monica csango,\N,\N,\N,forever yours,monica csango,\N,forever yours,monica csango,monica csango
tt0787109,\N,\N,\N,\N,\N,\N,paladin,eduardo de castro,clodualdo del mundo sr,\N,\N,\N
tt0788246,west town girls,alice wang yu ya,alice wang yu ya,\N,\N,\N,west town girls,alice wang yu ya,\N,west town girls,alice wang yu ya,alice wang yu ya
tt0790810,the last bad neighborhood,\N,\N,\N,\N,\N,the last bad neighborhood,\N,\N,the last bad neighborhood,\N,\N
tt0795361,cougar club,christopher duddy,christopher duddy; cris mancuso; glenn w garland,cougar club,christopher duddy,cris mancuso,cougar club,christopher duddy,christopher duddy; cris mancuso; glenn w garland,cougar club,christopher duddy,cris mancuso
tt0797096,\N,\N,\N,\N,\N,\N,itaca,tomas piard,armando pintado; tomas piard,\N,\N,\N
tt0798898,walking to werner,linas phillips,\N,\N,\N,\N,walking to werner,linas phillips,\N,walking to werner,linas phillips,\N
tt0800248,two families,romano scavolini,catherine linstrum; romano scavolini,two families,romano scavolini,\N,two families,romano scavolini,\N,two families,romano scavolini,catherine linstrum; romano scavolini
tt0803100,the crocodiles,christian ditter,christian ditter; martin ritzenhoff,the crocodiles,christian ditter,christian ditter; martin ritzenhoff,vorstadtkrokodile,christian ditter,christian ditter; martin ritzenhoff; max von der grun,the crocodiles,christian ditter,christian ditter; martin ritzenhoff
tt0808139,977,nikolay khomeriki,alexander rodionov; nikolay khomeriki; yuni davydov,977,nikolay khomeriki,nikolay khomeriki,977,nikolay khomeriki,\N,977,nikolay khomeriki,alexander rodionov; nikolay khomeriki; yuni davydov
tt0808406,on the edge: the femicide in ciudad juarez,steev hise,\N,\N,\N,\N,on the edge: the femicide in ciudad juarez,steev hise,\N,on the edge: the femicide in ciudad juarez,steev hise,\N
tt0811160,word: a hip-hop film,tony greer,\N,\N,\N,\N,word: a hip-hop film,tony greer,\N,word: a hip-hop film,tony greer,\N
tt0813391,tibet: a buddhist trilogy,graham coleman,grahram coleman,\N,\N,\N,tibet: a buddhist trilogy,graham coleman,\N,tibet: a buddhist trilogy,graham coleman,grahram coleman
tt0814365,trigger man,ti west,ti west,trigger man,ti west,ti west,trigger man,ti west,ti west,trigger man,ti west,ti west
tt0814761,minor revelations,marie vermillard,marie vermillard,minor revelations,marie vermillard,\N,minor revelations,marie vermillard,\N,minor revelations,marie vermillard,marie vermillard
tt0816107,terapias alternativas,rodolfo duran,\N,\N,\N,\N,terapias alternativas,rodolfo duran,\N,terapias alternativas,rodolfo duran,\N
tt0816539,jack brooks: monster slayer,jon knautz,john ainslie; jon knautz; patrick white; trevor matthews,jack brooks: monster slayer,jon knautz,\N,jack brooks: monster slayer,jon knautz,jon knautz; patrick white; trevor matthews,jack brooks: monster slayer,jon knautz,john ainslie; jon knautz
tt0816544,jump,joshua sinclair,joshua sinclair,jump!,joshua sinclair,joshua sinclair,jump!,joshua sinclair,joshua sinclair; ryan james,jump,joshua sinclair,joshua sinclair
tt0818534,this is a business,tom stern,daniel l stern; tom stern,\N,\N,\N,this is a business,tom stern,\N,this is a business,tom stern,daniel l stern; tom stern
tt0820879,faustbook,eric leiser,jacob faust,\N,\N,\N,faustbook,eric leiser,\N,faustbook,eric leiser,jacob faust
tt0821473,karmic mahjong,wang guangli,wang guangli,karmic mahjong,wang guangli,\N,karmic mahjong,wang guangli,\N,karmic mahjong,wang guangli,wang guangli
tt0821479,\N,\N,\N,\N,\N,\N,long feng cheng xiang,yu huang,i fang yeh,\N,\N,\N
tt0822845,the phobic,\N,\N,the phobic,margo romero,\N,the phobic,\N,\N,the phobic,\N,\N
tt0826039,blockade,sergei loznitsa,sergei loznitsa,blockade,sergei loznitsa,sergei loznitsa,blockade,sergei loznitsa,\N,blockade,sergei loznitsa,sergei loznitsa
tt0826099,\N,\N,\N,les formidables,jo minho,\N,les formidables,minho cho,joonil lee; minho cho; yeonghwan choi,les formidables,cho minho,cho minho; choi younghwan; lee joonil; son jungwoo
tt0826646,\N,\N,\N,\N,\N,\N,"trago dulce, trago amargo",daniel evans,daniel evans,\N,\N,\N
tt0829439,unsettled,adam hootnick,\N,unsettled,adam hootnick,adam hootnick,unsettled,adam hootnick,\N,unsettled,adam hootnick,\N
tt0833438,dead end,dror sabo,amit lior; barak slonim; dror sabo,no exit,dror sabo,dror sabo,dead end,dror sabo,\N,dead end,dror sabo,amit lior; barak slonim; dror sabo
tt0833614,\N,\N,\N,\N,\N,\N,signed in blood,jim menza,jim menza,\N,\N,\N
tt0834160,such was the s.o. 36,jorg buttgereit; manfred o jelinski,\N,such was the s.o. 36,jorg buttgereit; manfred jelinski,\N,such was the s.o. 36,jorg buttgereit; manfred o jelinski,\N,such was the s.o. 36,jorg buttgereit; manfred o jelinski,\N
tt0835876,\N,\N,\N,lora,gabor herendi,\N,lora,gabor herendi,\N,lora,gabor herendi,\N
tt0842549,\N,\N,\N,\N,\N,\N,das geheimnis der sieben ringe,josef stein,peter heuser,\N,\N,\N
tt0847764,the lost treasure of the knights templar ii,giacomo campeotto,philip lazebnik; sren frellesen,the lost treasure of the knights templar ii,\N,philip lazebnik; sren frellesen,tempelriddernes skat ii,giacomo campeotto,philip lazebnik; sren frellesen,the lost treasure of the knights templar ii,giacomo campeotto,philip lazebnik; sren frellesen
tt0853096,death of a president,gabriel range,gabriel range; simon finch,death of a president,gabriel range,gabriel range,death of a president,gabriel range,angeli macfarlane; gabriel range; simon finch,death of a president,gabriel range,gabriel range; simon finch
tt0854160,s11,gilbert chan; joshua chiang,gilbert chan; joshua chiang,s11,\N,\N,s11,gilbert chan; joshua chiang,\N,s11,gilbert chan; joshua chiang,gilbert chan; joshua chiang
tt0860929,the autumn love song,pai chingjui,chang yunghsiang; chiung yao,\N,\N,\N,the autumn love song,pai chingjui,\N,the autumn love song,pai chingjui,chang yunghsiang
tt0867343,ksiaze jozef poniatowski,aleksander hertz,\N,\N,aleksander hertz,\N,ksiaze jozef poniatowski,aleksander hertz,\N,ksiaze jozef poniatowski,aleksander hertz,\N
tt0867595,love never to end,yasuo tsuruhashi,yasuo tsuruhashi,\N,\N,\N,love never to end,yasuo tsuruhashi,\N,love never to end,yasuo tsuruhashi,yasuo tsuruhashi
tt0870967,maundy thursday,song haesung,jang minseok; park eunyoung,maundy thursday,song haeseong,\N,maundy thursday,haesung song,eunyeong park; jang minseok; jiyoung gong,maundy thursday,song haesung,jang minseok; park eunyoung
tt0870992,cyclops,george iida,george iida; hisashi saito,cyclops,joji iida,\N,cyclops,george iida,\N,cyclops,george iida,george iida; hisashi saito
tt0871509,masked mobsters,ariel zeitoun,daniel sainthamont; laurence siari,the last gang,ariel zeitoun,ariel zeitoun,the last gang,ariel zeitoun,ariel zeitoun; daniel sainthamont; laurence siari,masked mobsters,ariel zeitoun,daniel sainthamont; laurence siari
tt0872231,\N,\N,\N,\N,\N,\N,het verloren land,jos de putter,jos de putter,\N,\N,\N
tt0873626,\N,\N,\N,\N,\N,\N,vocation cineaste,laurent perrin,\N,\N,\N,\N
tt0886476,desierto sur,shawn garry,trinidad jimenez,\N,\N,\N,desierto sur,shawn garry,trinidad jimenez,desierto sur,shawn garry,trinidad jimenez
tt0888496,fascists on mars,corrado guzzanti; igor skofic,corrado guzzanti,fascisti su marte,corrado guzzanti; igor skofic,corrado guzzanti,fascists on mars,corrado guzzanti; igor skofic,\N,fascists on mars,corrado guzzanti; igor skofic,corrado guzzanti; paola cannatello
tt0896573,mystery of an old family,zbigniew gniazdowski,stefan kiedrzynski,tajemnica starego rodu,emil chaberski; zbigniew gniazdowski,stefan kiedrzynski,mystery of an old family,zbigniew gniazdowski,\N,mystery of an old family,zbigniew gniazdowski,stefan kiedrzynski
tt0896923,the city of your final destination,james ivory,ruth prawer jhabvala,the city of your final destination,james ivory,peter cameron; ruth prawer jhabvala,the city of your final destination,james ivory,peter cameron; ruth prawer jhabvala,the city of your final destination,james ivory,ruth prawer jhabvala
tt0900954,nagkaisang landas,carmen concha,ciciel,\N,\N,\N,nagkaisang landas,carmen concha,\N,nagkaisang landas,carmen concha,ciciel
tt0902282,\N,\N,\N,\N,\N,\N,"fairfield, idaho",darwin meiners,andy cook; darwin meiners; michael houghton,\N,\N,\N
tt0906031,\N,\N,\N,\N,\N,\N,kataomoi: zenpen,eiichi matsumoto,\N,\N,\N,\N
tt0915462,how ohio pulled it off,charla barker; mariana quiroga; matthew kraus,charla barker; mariana quiroga; matthew kraus,\N,\N,\N,how ohio pulled it off,charla barker; mariana quiroga; matthew kraus,\N,how ohio pulled it off,charla barker; mariana quiroga; matthew kraus,charla barker; mariana quiroga; matthew kraus
tt0922950,\N,\N,\N,\N,\N,\N,la gibigianna,luigi maggi,carlo bertolazzi,\N,\N,\N
tt0923019,\N,\N,\N,\N,\N,\N,temi,gaston ravel,\N,\N,\N,\N
tt0926114,\N,\N,\N,\N,\N,\N,il mulino,camillo de riso,\N,\N,\N,\N
tt0927628,"ngoyaan, le chant de la seduction",moussa sene absa,moussa sene absa,\N,\N,\N,"ngoyaan, le chant de la seduction",moussa sene absa,\N,"ngoyaan, le chant de la seduction",moussa sene absa,moussa sene absa
tt0928022,\N,\N,\N,boccaccesca,alfredo de antoni,\N,boccaccesca,alfredo de antoni,\N,\N,\N,\N
tt0933148,\N,\N,\N,\N,\N,\N,la regina dell'oro,achille consalvi,\N,\N,\N,\N
tt0938518,\N,\N,\N,amanda,giuseppe sterni,\N,amanda,giuseppe sterni,carlo bertolazzi,\N,\N,\N
tt0938723,manolita,ubaldo pittei,\N,\N,\N,\N,manolita,ubaldo pittei,\N,manolita,ubaldo pittei,\N
tt0943298,\N,\N,\N,\N,\N,\N,"kim, kip e kop, i vincitori della morte",pier antonio gariazzo,\N,\N,\N,\N
tt0944205,hothouse,jack deveau,moose 100,\N,\N,\N,hothouse,jack deveau,\N,hothouse,jack deveau,moose 100
tt0945327,china dolls,don barnhart jr,don barnhart jr,\N,\N,\N,china dolls,don barnhart jr,\N,china dolls,don barnhart jr,don barnhart jr
tt0949428,\N,\N,\N,\N,\N,\N,\N,\N,\N,\N,\N,\N
tt0949898,tarzan: king of the jungle,ackyl anwary,\N,\N,\N,\N,tarzan: king of the jungle,ackyl anwary,\N,tarzan: king of the jungle,ackyl anwary,\N
tt0950681,\N,\N,\N,\N,\N,\N,ab meri baari,bhagwan thakur,\N,\N,\N,\N
tt0950757,operacion ursula. el misterio del submarino c-3,jose antonio hergueta,domingo lerin; jose antonio hergueta,\N,joseantonio hergueta,\N,operacion ursula. el misterio del submarino c-3,jose antonio hergueta,\N,operacion ursula. el misterio del submarino c-3,jose antonio hergueta,domingo lerin; jose antonio hergueta
tt0951327,and i saw in my dream,leila aranysheva,\N,\N,\N,\N,and i saw in my dream,leila aranysheva,\N,and i saw in my dream,leila aranysheva,\N
tt0960100,zhan dou li cheng zhang,sun min; yan jizhou,hu ke,\N,\N,\N,zhan dou li cheng zhang,sun min; yan jizhou,\N,zhan dou li cheng zhang,sun min; yan jizhou,hu ke
tt0962572,green ashes,ebrahim hatamikia,ebrahim hatamikia,green ashes,ebrahim hatamikia,ebrahim hatamikia,green ashes,ebrahim hatamikia,\N,green ashes,ebrahim hatamikia,ebrahim hatamikia
tt0962756,casanova's last stand,mark murphy,gabriel murray; mark murphy,\N,\N,\N,casanova's last stand,mark murphy,\N,casanova's last stand,mark murphy,gabriel murray; mark murphy
tt0965235,vijaya,inara kolmane,inara kolmane,\N,\N,\N,vijaya,inara kolmane,nora ikstena,vijaya,inara kolmane,inara kolmane
tt0965427,a hero... in rome,panos angelopoulos,ksenofon brountzakis; xenofon a brountzakis,\N,\N,\N,enas iroas... sti romi,panos angelopoulos,ksenofon brountzakis; panos angelopoulos; xenofon a brountzakis,a hero... in rome,panos angelopoulos,ksenofon brountzakis; xenofon a brountzakis
tt0965509,\N,\N,\N,\N,\N,\N,kengo araki mataemon,daisuke ito,daisuke ito,\N,\N,\N
tt0969348,the toe tactic,emily hubley,emily hubley,the toe tactic,emily hubley,\N,the toe tactic,emily hubley,\N,the toe tactic,emily hubley,emily hubley
tt0969694,the sperm,taweewat wantha,kiat sansanandana; kiat songsanant; prachya pinkaew; siwaporn pongsuwan; taweewat wantha,the sperm,taweewat wantha,\N,the sperm,taweewat wantha,\N,the sperm,taweewat wantha,kiat songsanant; siwaporn pongsuwan; taweewat wantha
tt0976027,chhoti bahoo,\N,anjan choudhury,chhoti bahoo,mm baig,\N,chhoti bahoo,\N,\N,chhoti bahoo,\N,\N
tt0981363,\N,\N,\N,\N,\N,\N,the wounded warrior,von kochar,jeani dicarlo; von kochar,\N,\N,\N
tt0983241,usa vs. al-arian,line halvorsen,line halvorsen,usa vs. al-arian,line halvorsen,line halvorsen,\N,\N,\N,usa vs. al-arian,line halvorsen,line halvorsen
tt0988090,farewell darkness,\N,\N,\N,\N,\N,farewell darkness,\N,\N,farewell darkness,\N,\N
tt0989030,m,nicolas prividera,\N,\N,\N,\N,m,nicolas prividera,\N,m,nicolas prividera,\N
tt0989048,\N,\N,\N,\N,\N,\N,la otra cara de payasin,jose esteban lasala,\N,\N,\N,\N
tt0997171,the invitation from cinema orion,kenki saegusa,kiyotaka inagaki,the invitation from cinema orion,kenki saegusa,\N,the invitation from cinema orion,kenki saegusa,\N,the invitation from cinema orion,kenki saegusa,kiyotaka inagaki
tt10009218,\N,\N,\N,\N,\N,\N,goscinnosc hospitality,\N,jacques samuel cohen bacry,\N,\N,\N
tt10011534,pohon terkenal,annisa meutia; monty tiwa,annisa meutia; lina nurmalina; monty tiwa,\N,monty tiwa,\N,pohon terkenal,annisa meutia; monty tiwa,\N,pohon terkenal,annisa meutia; monty tiwa,annisa meutia; lina nurmalina; monty tiwa
tt10012786,\N,\N,\N,\N,\N,\N,zawierucha in hollywood,kristoffer rus,kristoffer rus,\N,\N,\N
tt1001543,\N,\N,\N,\N,\N,\N,rakka no mai zenpen,tomiyasu ikeda,shozan maeda; tomiyasu ikeda,\N,\N,\N
tt10021478,\N,\N,\N,\N,\N,\N,garud puran,subash koirala,aakash baral; binod khatiwada,\N,\N,\N
tt10022010,we hit the road,deniz yesil,cigdem hacsoftaoglu; deniz yesil; meral hanbayat yesil,\N,\N,\N,we hit the road,deniz yesil,\N,we hit the road,deniz yesil,cigdem hacsoftaoglu; deniz yesil; meral hanbayat yesil
tt10027662,\N,\N,\N,\N,\N,\N,king killer,\N,jon saks; lou martini jr,\N,\N,\N
tt10028818,el mercado de la inocencia,david beriain; fernando urena,blas maza; fernando urena,\N,\N,\N,el mercado de la inocencia,david beriain; fernando urena,\N,el mercado de la inocencia,david beriain; fernando urena,blas maza; fernando urena
tt1002978,\N,\N,\N,\N,tereza kopacova,\N,east side story,tereza kopacova,tereza kopacova,\N,\N,\N
tt1002993,the enchanted chamber,sit kwan,pu songling,\N,\N,\N,hu xia,chun hsieh,songling pu; sung lin,the enchanted chamber,sit kwan,\N
tt10040392,\N,\N,\N,\N,\N,\N,"cortazar, capital rayuela",percy matas,rodrigo maturana,\N,\N,\N
tt10041170,\N,\N,\N,\N,\N,\N,dark web,\N,kelly downes; timothy fielding,\N,\N,\N
tt10043150,\N,\N,\N,\N,\N,\N,frankenstein: presented by the 4th wall players,josh gibson,alan keith; becca bartley; josh gibson,\N,\N,\N
tt10063028,puck & hans - made in holland,peter wingerder,\N,\N,\N,\N,puck & hans - made in holland,peter wingerder,\N,puck & hans - made in holland,peter wingerder,\N
tt10066666,\N,\N,\N,\N,\N,\N,a killer bargain,tom heinemann,tom heinemann,\N,\N,\N
tt10078138,\N,\N,\N,11 hopes,\N,\N,11 niem hy vong,robie truong,robie truong,\N,\N,\N
tt10081120,udgharsha,sunil kumar desai,sunil kumar desai,\N,\N,\N,udgharsha,sunil kumar desai,\N,udgharsha,sunil kumar desai,sunil kumar desai
tt1008903,\N,\N,\N,\N,alain platel,\N,"les ballets de-ci, de-la",alain platel,alain platel,\N,\N,\N
tt10101296,\N,\N,\N,\N,\N,\N,small things,jordon schaaf,jordon schaaf,\N,\N,\N
tt1010435,one piece: curse of the sacred sword,kazuhisa takenouchi,yoshiyuki suga,one piece: the cursed holy sword,kazuhisa takenouchi,yoshiyuki suga,one piece: the cursed holy sword,kazuhisa takenouchi,eiichiro oda; yoshiyuki suga,one piece: curse of the sacred sword,kazuhisa takenouchi,yoshiyuki suga
tt10106616,\N,\N,\N,\N,\N,\N,treading lightly,nick graalman,nick graalman,\N,\N,\N
tt10117050,\N,\N,\N,\N,\N,\N,untitled drama,\N,jay costelo,\N,\N,\N
tt10122712,lost souls,issa lopez,issa lopez,\N,\N,\N,lost souls,issa lopez,\N,\N,\N,\N
tt10136434,truth makes free,robert glinski,wojciech lepianka,truth makes free,robert glinski,\N,truth makes free,robert glinski,\N,truth makes free,robert glinski,wojciech lepianka
tt10146070,skin deep: the battle over morgellons,pi ware,\N,\N,\N,\N,skin deep: the battle over morgellons,pi ware,\N,skin deep: the battle over morgellons,pi ware,\N
tt1014766,the least of these,nathan scoggins,nathan scoggins,\N,\N,\N,the least of these,nathan scoggins,nathan scoggins,the least of these,nathan scoggins,nathan scoggins
tt10156586,snow black,robert d parham,robert d parham; trey mcintosh,\N,\N,\N,snow black,robert d parham,\N,snow black,robert d parham,robert d parham; trey mcintosh
tt10157574,galatta ganapathi,karthik kumar,\N,galatta ganapathy,\N,\N,galatta ganapathi,karthik kumar,\N,galatta ganapathi,karthik kumar,\N
tt10159866,\N,\N,\N,\N,\N,\N,the final run,\N,\N,\N,\N,\N
tt10174362,\N,\N,\N,\N,\N,\N,untitled indian wedding project,mindy kaling,dan goor; mindy kaling,\N,\N,\N
tt1018697,chermin,zarina abdullah,zarina abdullah,chermin,zarina abdullah,\N,chermin,zarina abdullah,zarina abdullah,chermin,zarina abdullah,zarina abdullah
tt10187780,meet the space guardians,james snider,bc fourteen,\N,\N,\N,meet the space guardians,james snider,\N,meet the space guardians,james snider,bc fourteen
tt1018924,quijote,mimmo paladino,corrado bologna,quijote,mimmo paladino,corrado bologna,quijote,mimmo paladino,corrado bologna; miguel de cervantes y saavedra; mimmo paladino,quijote,mimmo paladino,corrado bologna
tt10189414,\N,\N,\N,\N,\N,\N,switch reelz,david t sample,david t sample,\N,\N,\N
tt10195224,\N,\N,\N,\N,\N,\N,great friend -zhou enlai,chong song,shuyang su,\N,\N,\N
tt10195242,zhou enlai's diplomatic career,fu hongxing,fu hongxing,\N,\N,\N,zhou enlai's diplomatic career,fu hongxing,\N,zhou enlai's diplomatic career,fu hongxing,fu hongxing
tt10196532,\N,\N,\N,\N,\N,\N,silence on the riverbank,igor galuk,\N,\N,\N,\N
tt10199640,beanpole,kantemir balagov,alexander terekhov; kantemir balagov,beanpole,kantemir balagov,aleksandr terekhov; kantemir balagov,beanpole,kantemir balagov,aleksandr terekhov; kantemir balagov,beanpole,kantemir balagov,alexander terekhov; kantemir balagov
tt10201298,\N,\N,\N,\N,\N,\N,akujo no himegoto,kinya ogawa,\N,\N,\N,\N
tt1020946,el clown,emilio rodriguez; pedro adorno,emilio rodriguez; pedro adorno,\N,\N,\N,el clown,emilio rodriguez; pedro adorno,\N,el clown,emilio rodriguez; pedro adorno,emilio rodriguez; pedro adorno
tt10217578,\N,\N,\N,\N,\N,\N,chikan nimenso,sakae nitta,\N,\N,\N,\N
tt10236434,\N,\N,\N,\N,\N,\N,\N,\N,\N,\N,\N,\N
tt10255408,\N,\N,\N,\N,\N,\N,one way,roman mitichyan,katherine king,\N,\N,\N
tt10258650,seifuku kankin boko,yoshiho fukuoka,kazuo komizu,\N,\N,\N,seifuku kankin boko,yoshiho fukuoka,\N,seifuku kankin boko,yoshiho fukuoka,kazuo komizu
tt10263504,\N,\N,\N,\N,\N,\N,severed,\N,\N,\N,\N,\N
tt10277326,\N,\N,\N,\N,\N,\N,really bad scary movie,dominic giannetti,dominic giannetti,\N,\N,\N
tt10281188,\N,\N,\N,\N,\N,\N,damascus,dw mault,dw mault,\N,\N,\N
tt10283398,\N,\N,\N,\N,\N,\N,allison does shock stock 2019 vlog,allison albano knight,\N,\N,\N,\N
tt1029134,birds of america,craig lucas,elyse friedman,birds of america,craig lucas,\N,birds of america,craig lucas,elyse friedman,birds of america,craig lucas,elyse friedman
tt10295298,awesomely righteous & radical,dean houlihan; dustin ferguson; shane ryanreid,\N,\N,\N,\N,awesomely righteous & radical,dean houlihan; dustin ferguson; shane ryanreid,\N,awesomely righteous & radical,dean houlihan; dustin ferguson; shane ryanreid,\N
tt10323172,\N,\N,\N,\N,\N,\N,beat bugs: the movie,\N,josh wakely,\N,\N,\N
tt10324178,"sazae-san, the wayward wife",nobuo aoyagi,ryozo kasahara,"sazae-san, the wayward wife",nobuo aoyagi,\N,"sazae-san, the wayward wife",nobuo aoyagi,\N,"sazae-san, the wayward wife",nobuo aoyagi,ryozo kasahara
tt1033483,kandisha,jerome cohenolivar,jerome cohenolivar,kandisha,jerome cohenolivar,jerome cohenolivar,kandisha,jerome cohenolivar,jerome cohenolivar,kandisha,jerome cohenolivar,jerome cohenolivar
tt10341996,uno sguardo alla terra,peter marcias,peter marcias,\N,\N,\N,uno sguardo alla terra,peter marcias,\N,uno sguardo alla terra,peter marcias,peter marcias
tt1035522,infidelidad?,miguel oscar menassa,\N,\N,\N,\N,infidelidad?,miguel oscar menassa,cristina fernandez; miguel oscar menassa,infidelidad?,miguel oscar menassa,\N
tt10359228,behind the scenes of obscenity,satoru kobayashi,\N,\N,\N,\N,behind the scenes of obscenity,satoru kobayashi,\N,behind the scenes of obscenity,satoru kobayashi,\N
tt10368012,two stupid men,jinke lei,\N,\N,\N,\N,two stupid men,jinke lei,\N,\N,\N,\N
tt10375094,pada,kamal km,kamal km,pada,\N,\N,pada,kamal km,kamal km,pada,kamal km,kamal km
tt10387818,centurion: the dancing stallion,dana gonzales,boon collins,centurion: the dancing stallion,dana gonzales,\N,centurion: the dancing stallion,dana gonzales,boon collins,centurion: the dancing stallion,dana gonzales,boon collins
tt10399086,steps on the border,alecu deleu,\N,\N,\N,\N,steps on the border,alecu deleu,\N,steps on the border,alecu deleu,\N
tt10402300,\N,\N,\N,\N,\N,\N,hentai na joji,sakae nitta,\N,\N,\N,\N
tt10410188,\N,\N,\N,\N,\N,\N,the new reign: of lite and darke,\N,melisa ruscsak,\N,\N,\N
tt10417846,\N,\N,\N,\N,\N,\N,doubleteam,\N,jennifer berry,\N,\N,\N
tt1041829,the proposal,anne fletcher,peter chiarelli,the proposal,anne fletcher,pete chiarelli,the proposal,anne fletcher,peter chiarelli,the proposal,anne fletcher,peter chiarelli
tt10423600,\N,\N,\N,\N,\N,\N,super luigi thunder: the first epic movie,super luigi thunder,super luigi thunder,\N,\N,\N
tt1042526,\N,\N,\N,\N,\N,\N,manana,alejandro moya,alejandro moya; denis chiong,\N,\N,\N
tt10427034,\N,\N,\N,\N,\N,\N,kadina raja,at raghu,mp shankar; somu,\N,\N,\N
tt10427038,\N,\N,\N,\N,\N,\N,modalaindi ela,\N,\N,\N,\N,\N
tt10433204,\N,\N,\N,\N,\N,\N,the romanian jackal,\N,\N,\N,\N,\N
tt10443646,\N,\N,\N,\N,\N,\N,andre rieu's 2017 maastricht concert,\N,\N,\N,\N,\N
tt1045770,\N,\N,\N,\N,\N,\N,the foresome,mark s constance,paul musmecci,\N,\N,\N
tt1045882,the blind man from ghost cave: valley of the skeletons,ratno timoer,ganes th,si buta dari gua hantu,lilik sudjio; ratno timoer,\N,the blind man from ghost cave: valley of the skeletons,ratno timoer,\N,the blind man from ghost cave: valley of the skeletons,ratno timoer,ganes th
tt10464968,\N,\N,\N,\N,\N,\N,drogheda's trad roots,sean o cearrullain,sean o cearrullain,\N,\N,\N
tt10467336,\N,\N,\N,\N,\N,\N,the underwater adventures of sadko,\N,\N,\N,\N,\N
tt10467800,aleesha,rajendra talak,\N,aleesha,rajendra talak,damodar mauzo,aleesha,rajendra talak,\N,aleesha,rajendra talak,\N
tt1047006,\N,\N,\N,\N,\N,\N,yanagawa shohachi,\N,\N,\N,\N,\N
tt10470528,\N,\N,\N,\N,\N,\N,moj dedo spadol z marsu,\N,\N,\N,\N,\N
tt10476870,gore: all hallows' eve,jerry collins,oktober layne,\N,\N,\N,gore: all hallows' eve,jerry collins,\N,gore: all hallows' eve,jerry collins,oktober layne
tt10488782,follow me to hell,azhar kinoi lubis,fajar umbara,follow me to hell,\N,\N,follow me to hell,azhar kinoi lubis,\N,follow me to hell,azhar kinoi lubis,fajar umbara
tt10498388,\N,\N,\N,\N,\N,\N,vardo 1940,\N,cole henderson,\N,\N,\N
tt10499514,\N,\N,\N,\N,\N,\N,dvilypis meiluzis,\N,\N,\N,\N,\N
tt10500378,\N,\N,\N,\N,\N,\N,toks gyvenimas,\N,\N,\N,\N,\N
tt10500452,\N,\N,\N,\N,\N,\N,love in the city,\N,\N,\N,\N,\N
tt10500514,\N,\N,\N,\N,\N,\N,chanke nansheng,lixin liang,bao bei; liu yang; momo yun,\N,\N,\N
tt10507938,steampunk connection,annie deniel,\N,\N,\N,\N,steampunk connection,annie deniel,\N,steampunk connection,annie deniel,\N
tt10515480,vishwamitra,raaja kiran,raaja kiran,viswamitra,raj kiran,\N,viswamitra,raaja kiran; raj kiran,krishna akella; tajuddin syed,vishwamitra,raaja kiran,raaja kiran; vamsikrishna akella
tt1051829,revenge,damir manabaev,\N,\N,\N,\N,kek,damir manabai,smagul elubai,revenge,damir manabaev,\N
tt1052044,\N,\N,\N,\N,\N,\N,shock,brad osborne,brad osborne,\N,\N,\N
tt10522328,\N,\N,\N,\N,\N,\N,kids at sea,candice t cain,candice t cain,\N,\N,\N
tt10526266,\N,\N,\N,stambul garden,ilker catak,finnole heinrich,stambul garden,ilker catak,finnole heinrich; gabriele simon,blurred lines,ilker catak,gabriele simon
tt10533078,i'll go where you go,geraldine nakache,geraldine nakache; rebecca zlotowski; yoann gromb,i'll go where you go,geraldine nakache,geraldine nakache,j'irai ou tu iras,geraldine nakache,geraldine nakache; rebecca zlotowski; yoann gromb,i'll go where you go,geraldine nakache,geraldine nakache; rebecca zlotowski; yoann gromb
tt10534522,\N,\N,\N,\N,\N,\N,gold coast 2 ghorka,\N,\N,\N,\N,\N
tt1053914,\N,\N,\N,\N,\N,\N,ronin choji,\N,\N,\N,\N,\N
tt10540510,inu-oh,masaaki yuasa,akiko nogi,inu-oh,masaaki yuasa,akiko nogi,inu-oh,masaaki yuasa,akiko nogi; hideo furukawa,inu-oh,masaaki yuasa,akiko nogi
tt10557524,\N,\N,\N,brutus vs cesar,kheiron,kheiron,brutus vs cesar,kheiron,kheiron,brutus vs cesar,kheiron,kheiron
tt10559042,\N,\N,\N,\N,\N,\N,leash leader,mj watz,mj watz,\N,\N,\N
tt10559944,shimajiro and the flying ship,tomohiro kawamura,\N,\N,\N,\N,shimajiro and the flying ship,tomohiro kawamura,\N,shimajiro and the flying ship,tomohiro kawamura,\N
tt1056411,able danger,dave herman,\N,\N,\N,\N,able danger,dave herman,\N,able danger,dave herman,\N
tt1057892,cine negro,mariana wenger,\N,\N,\N,\N,cine negro,mariana wenger,\N,cine negro,mariana wenger,\N
tt10579432,\N,\N,\N,\N,\N,\N,johnny reno: demon hunter,\N,eric paul erickson,\N,\N,\N
tt1057948,nagin,khalil qaiser,aziz meeruti,nagin,khalil qaiser,\N,nagin,khalil qaiser,\N,nagin,khalil qaiser,aziz meeruti
tt10583446,\N,\N,\N,\N,\N,\N,kings sole,\N,marenacio banks,\N,\N,\N
tt10590148,ghost boxer iii,zhuang yubin,yu bin zhuang,ghost boxer iii,\N,\N,ghost boxer iii,zhuang yubin,\N,ghost boxer iii,zhuang yubin,yu bin zhuang
tt10605698,\N,\N,\N,\N,\N,\N,ekstasis,noah way,noah way,\N,\N,\N
tt10608624,veyil,sarath menon,sarath menon,veyil,\N,\N,veyil,sarath menon,\N,veyil,sarath menon,sarath menon
tt10616314,\N,\N,\N,\N,\N,\N,how we fight,scott clist,scott clist,\N,\N,\N
tt1063653,\N,\N,\N,\N,\N,\N,il segreto,enrico roma,\N,\N,\N,\N
tt1063660,\N,\N,\N,\N,\N,\N,la trovata dello sportmann,alberto carlo lolli,sante bargellini; umberto de maria,\N,\N,\N
tt1063670,\N,\N,\N,\N,\N,\N,wenn die rote heide bluht,hanna henning; rudi bach,\N,wenn die rote heide bluht,hanna henning; rudi bach,carl schneider
tt10645356,makmum,hadrah daeng ratu,alim sudio; riza pahlevi; vidya talisa ariestya,makmum,hadrah daeng ratu,alim sudio,makmum,hadrah daeng ratu,alim sudio; riza pahlevi; vidya talisa ariestya,makmum,hadrah daeng ratu,alim sudio; vidya t ariestya
tt10662764,\N,\N,\N,\N,\N,\N,bridge of the gaels (droichead na ngael),donal oceilleachair,\N,\N,\N,\N
tt10671328,\N,\N,\N,\N,\N,\N,angrej putt,shivam sharma,rishi malhi,\N,\N,\N
tt10673868,ullasam,jeevan jojo,praveen balakrishnan,ullasam,\N,\N,ullasam,jeevan jojo,\N,ullasam,jeevan jojo,praveen balakrishnan
tt10676080,"tanto monta, fernando ii de aragon",gracia querejeta,\N,\N,gracia querejeta,\N,"tanto monta, fernando ii de aragon",gracia querejeta,\N,"tanto monta, fernando ii de aragon",gracia querejeta,\N
tt1067913,ettore sottsass - der sinn der dinge,heinz butler,\N,\N,\N,\N,ettore sottsass - der sinn der dinge,heinz butler,\N,ettore sottsass - der sinn der dinge,heinz butler,\N
tt10682852,\N,\N,\N,\N,\N,\N,ramasethu,vk prakash,s suresh babu,\N,\N,\N
tt10685330,domestic warfare,bobby peoples; renee s warren peoples,renee s warren peoples,\N,\N,\N,domestic warfare,bobby peoples; renee s warren peoples,\N,domestic warfare,bobby peoples; renee s warren peoples,renee s warren peoples
tt10691892,\N,\N,\N,\N,\N,\N,fc rubin kazan vs liverpool football club,\N,\N,\N,\N,\N
tt10703902,metatitanic,hannaleena hauru,hannaleena hauru,\N,\N,\N,metatitanic,hannaleena hauru,\N,metatitanic,hannaleena hauru,hannaleena hauru
tt1070837,performance,steve scott,\N,\N,\N,\N,performance,steve scott,\N,performance,steve scott,\N
tt1071877,jelly,waleed moursi,\N,\N,\N,\N,jelly,waleed moursi,\N,jelly,waleed moursi,\N
tt10721500,galore,dylan tonk; lazlo tonk,\N,\N,\N,\N,galore,dylan tonk; lazlo tonk,\N,galore,dylan tonk; lazlo tonk,\N
tt1072627,\N,\N,\N,\N,\N,\N,la figlia del reggimento,giovanni enrico vidali,jeanfrancoisalfred bayard,\N,\N,\N
tt10726938,mulheres rurais em movimento,heloise prevost,\N,\N,\N,\N,mulheres rurais em movimento,heloise prevost,\N,mulheres rurais em movimento,heloise prevost,\N
tt10728764,nobody knows i'm here,gaspar antillo,enrique videla; gaspar antillo; josefina fernandez,nobody knows i'm here,gaspar antillo,\N,nobody knows i'm here,gaspar antillo,enrique videla; gaspar antillo; josefina fernandez,nobody knows i'm here,gaspar antillo,enrique videla; gaspar antillo; josefina fernandez
tt1073109,\N,\N,\N,\N,\N,\N,the death match,\N,stuart brennan,\N,\N,\N
tt10732598,\N,\N,\N,\N,\N,\N,daigaku no bankara shinshi,hideto hayafusa,\N,\N,\N,\N
tt10738472,\N,\N,\N,\N,\N,\N,wake me when it's over,the whiskey brothers,\N,\N,\N,\N
tt1074560,\N,\N,\N,\N,\N,\N,maternita,gino zaccaria,\N,\N,\N,\N
tt10746204,stripper: aiyoku no hibi,kinya ogawa,kinya ogawa,\N,\N,\N,stripper: aiyoku no hibi,kinya ogawa,\N,stripper: aiyoku no hibi,kinya ogawa,kinya ogawa
tt1075648,the night is young,lo chen,do boon,\N,\N,\N,the night is young,lo chen,\N,the night is young,lo chen,do boon
tt10761522,\N,\N,\N,\N,\N,\N,metamorphosis centenary edition,chris swanton,chris swanton; franz kafka,\N,\N,\N
tt10767144,\N,\N,\N,\N,\N,\N,tottenham hotspur football club vs queens park rangers,\N,\N,\N,\N,\N
tt10775192,\N,\N,\N,\N,\N,\N,black and white photo,rajesh prasad khatri,\N,\N,\N,\N
tt10778874,\N,\N,\N,\N,\N,\N,aldirma gonul,ulku erakalin,ulku erakalin,\N,\N,\N
tt10782946,anou banou or the daughters of utopia,edna politi,edna politi,\N,\N,\N,anou banou or the daughters of utopia,edna politi,\N,anou banou or the daughters of utopia,edna politi,edna politi
tt10782970,\N,\N,\N,\N,\N,\N,the ancestors,\N,catherine duskin; roger hanwehr,\N,\N,\N
tt10789662,\N,\N,\N,\N,\N,\N,burnley vs liverpool,\N,\N,\N,\N,\N
tt10791784,\N,\N,\N,\N,\N,\N,y+,nick peterson,nick peterson,\N,\N,\N
tt10794994,\N,\N,\N,\N,\N,\N,manchester city vs liverpool,\N,\N,\N,\N,\N
tt10795084,\N,\N,\N,\N,\N,\N,southampton vs tottenham hotspur,\N,\N,\N,\N,\N
tt10799690,trap house,michael dowse,gary scott thompson; tom oconnor,trap house,michael dowse,gary scott thompson,trap house,michael dowse,gary scott thompson; tom oconnor,trap house,michael dowse,gary scott thompson; tom oconnor
tt10799922,painkiller,mark savage,mark savage; tom parnell,\N,\N,\N,painkiller,mark savage,mark savage; tom parnell,painkiller,mark savage,mark savage; tom parnell
tt10800230,uwakizuma: nureta w furin,mototsugu watanabe,koji yamazaki,\N,\N,\N,uwakizuma: nureta w furin,mototsugu watanabe,\N,uwakizuma: nureta w furin,mototsugu watanabe,koji yamazaki
tt10800932,gimmick,b naganna,b naganna,gimmick,naganna,\N,gimmick,b naganna,\N,gimmick,b naganna,b naganna
tt10804106,\N,\N,\N,\N,\N,\N,the net,henry jollands,henry jollands,\N,\N,\N
tt10815452,\N,\N,\N,\N,\N,\N,love like the 80's,jedediah parker,christan van slyke; jedediah parker,\N,\N,\N
tt1081928,\N,\N,\N,\N,\N,\N,the antioch adventure,marc stone,asaad kelada; lawrence block; marc stone,\N,\N,\N
tt10822602,\N,\N,\N,\N,\N,\N,"pramustgalviai, pirmyn!",bronius busma,\N,\N,\N,\N
tt10827004,\N,\N,\N,\N,\N,\N,chakravyuh,satyen verma,jayesh trivedi,\N,\N,\N
tt10839484,carcereiros: o filme,jose eduardo belmonte,dennison ramalho; fernando bonassi; marcal aquino; marcelo starobinas,\N,\N,\N,\N,\N,\N,carcereiros: o filme,jose eduardo belmonte,dennison ramalho; fernando bonassi; marcal aquino; marcelo starobinas
tt10846408,\N,\N,\N,\N,\N,\N,frequency,\N,\N,\N,\N,\N
tt1084670,chateau de roses,hideki yamasaki,hideki yamasaki,chateau de roses,hideki yamasaki,\N,chateau de roses,hideki yamasaki,\N,chateau de roses,hideki yamasaki,hideki yamasaki
tt10849514,"this is not a burial, it's a resurrection",lemohang jeremiah mosese,lemohang jeremiah mosese,"this is not a burial, it's a resurrection",lemohang jeremiah mosese,lemohang jeremiah mosese,"this is not a burial, it's a resurrection",lemohang jeremiah mosese,lemohang jeremiah mosese,"this is not a burial, it's a resurrection",lemohang jeremiah mosese,lemohang jeremiah mosese
tt10855964,\N,\N,\N,\N,\N,\N,kola,mothi,\N,\N,\N,\N
tt1086695,consider it all joy,william mings,william mings,\N,\N,\N,consider it all joy,william mings,\N,consider it all joy,william mings,william mings
tt1086786,\N,\N,\N,\N,\N,\N,neither memory nor magic,hugo perez,hugo perez,\N,\N,\N
tt1086867,\N,\N,\N,\N,\N,\N,moyuru uzumaki gobu,tomiyasu ikeda,hanro kuga; shozan maeda,\N,\N,\N
tt10873326,my beloved stranger,truong chi binh,truong chi binh,\N,\N,\N,my beloved stranger,truong chi binh,\N,my beloved stranger,truong chi binh,truong chi binh
tt10875350,\N,\N,\N,\N,\N,\N,sakya,r punith arya,\N,\N,\N,\N
tt1087898,guys from mars,sergey osipyan,alexandr lungin; sergey osipyan,guys from mars,sergey osipyan,\N,guys from mars,sergey osipyan,\N,guys from mars,sergey osipyan,alexandr lungin; sergey osipyan
tt10883194,cornered,john henry westhead,john henry westhead,\N,\N,\N,cornered,john henry westhead,\N,cornered,john henry westhead,john henry westhead
tt10883296,\N,\N,\N,\N,\N,\N,lily,\N,polly courtney,\N,\N,\N
tt10889030,\N,\N,\N,\N,\N,\N,sana oyle hasretim ki,ulku erakalin,ulku erakalin,\N,\N,\N
tt1089677,god's puzzle,takashi miike,masaru nakamura; shinji kimoto,god's puzzle,takashi miike,\N,kamisama no pazuru,takashi miike,masa nakamura; shinji kimoto,god's puzzle,takashi miike,masaru nakamura; shinji kimoto
tt10896840,just like me,andreas thelander,andreas thelander,\N,\N,\N,just like me,andreas thelander,\N,just like me,andreas thelander,andreas thelander
tt1090754,come what may,george d escobar; manny edwards,david halbrook; george d escobar; manny edwards,come what may,manny edwards,\N,come what may,george d escobar; manny edwards,\N,come what may,george d escobar; manny edwards,david halbrook; george d escobar; manny edwards
tt10910282,\N,\N,\N,\N,\N,\N,yumemi shigetaro: kohen,hiromitsu karasawa,\N,\N,\N,\N
tt10914488,\N,\N,\N,\N,\N,\N,bks bts: props and projects,kailyn blanco,daniela drukteinis; jasmine damas; leilani fyffe,\N,\N,\N
tt10918410,keep a lid on it,onur tan,bahadr ozdener,aman reis duymasn,onur tan,bahadr ozdener,keep a lid on it,onur tan,bahadir ozdener,keep a lid on it,onur tan,bahadr ozdener
tt10920562,under spanish skies,nathan buck,nathan buck,\N,\N,\N,under spanish skies,nathan buck,\N,under spanish skies,nathan buck,nathan buck
tt10928774,\N,\N,\N,\N,\N,\N,ultimatum,shounak nayak,\N,\N,\N,\N
tt1093394,the vampire combat,wilson tong waishing,larry cheung hoiching,the vampire combat,\N,\N,the vampire combat,wilson tong waishing,\N,the vampire combat,wilson tong,larry cheung hoiching
tt10935014,selfie king,bishal sapkota,bishal sapkota,selfie king,\N,\N,selfie king,bishal sapkota,bishal sapkota,selfie king,bishal sapkota,bishal sapkota
tt10937110,\N,\N,\N,\N,\N,\N,jemand oder die passion zum widerstand,kaspar kasics,kaspar kasics,\N,\N,\N
tt10950040,\N,\N,\N,\N,\N,\N,new haven,rj maurer,rj maurer,\N,\N,\N
tt10955192,\N,\N,\N,\N,\N,\N,mars pirate,ren thackham,ren thackham,\N,\N,\N
tt10969622,\N,\N,\N,\N,\N,\N,angelena: light at the end of the tunnel - part iii,angelena bonet,angelena bonet,\N,\N,\N
tt10981070,sumesh & ramesh,sanoop thykoodam,joseph vijeesh; sanoop thykoodam,sumesh and ramesh,\N,\N,\N,\N,\N,sumesh & ramesh,sanoop thykoodam,joseph vijeesh; sanoop thykoodam
tt10983956,\N,\N,\N,\N,\N,\N,aayu - a misunderstanding,vishal ransh jaiswal,vishal ransh jaiswal,\N,\N,\N
tt10990768,\N,\N,\N,\N,\N,\N,babubhai sentimental,milan sharma,raj rathod,\N,\N,\N
tt10993838,\N,\N,\N,\N,\N,\N,kashi - the essence of india,anjanikumar tripathi,anjanikumar tripathi,\N,\N,\N
tt1099932,bianca beauchamp: all access,\N,\N,\N,\N,\N,bianca beauchamp: all access,martin perreault,\N,bianca beauchamp: all access,\N,\N
tt11003228,breeder,jens dahl,sissel dalsgaard thomsen,breeder,jens dahl,\N,breeder,jens dahl,sissel dalsgaard thomsen,breeder,jens dahl,sissel dalsgaard thomsen
tt11007176,once upon a family,sead sabotic,bojana radulovic; sead sabotic,\N,\N,\N,once upon a family,sead sabotic,\N,once upon a family,sead sabotic,bojana radulovic; sead sabotic
tt1101646,gold,bill desloge; bob levis,\N,\N,\N,\N,gold,bill desloge; bob levis,\N,gold,bill desloge; bob levis,\N
tt11026860,nezumi kozo jirokichi,kenji misumi,kaneto shindo,\N,\N,\N,nezumi kozo jirokichi,kenji misumi,\N,nezumi kozo jirokichi,kenji misumi,kaneto shindo
tt11035256,\N,\N,\N,\N,\N,\N,arashi no koji,hideo suzuki,\N,\N,\N,\N
tt11035364,\N,\N,\N,\N,\N,\N,ketanimura goyuden,hideo suzuki,\N,\N,\N,\N
tt11041018,the statement,callum wilkins,callum wilkins; hp lovecraft,\N,\N,\N,the statement,callum wilkins,\N,the statement,callum wilkins,callum wilkins; hp lovecraft
tt11058588,\N,\N,\N,\N,\N,\N,der sechste kontinent,benno maggi,benno maggi,\N,\N,\N
tt11058662,\N,\N,\N,\N,\N,\N,unwantable,logan hinson,\N,\N,\N,\N
tt1107389,yaneura no sanposha,mitsuhiro mihara,kishu izuchi,\N,\N,\N,yaneura no sanposha,mitsuhiro mihara,\N,yaneura no sanposha,mitsuhiro mihara,kishu izuchi
tt11076026,m,vardan tozija,darijan pejovski; vardan tozija,\N,vardan tozija,\N,m,vardan tozija,\N,m,vardan tozija,darijan pejovski; vardan tozija
tt11091572,rdx love,shankar bhanu,shankar bhanu,rdx love,\N,\N,rdx love,shankar bhanu,\N,rdx love,shankar bhanu,shankar bhanu
tt11091644,ellidde illi tanaka,trishul thejasvi,\N,ellidde illi tanaka,\N,\N,elleidde illi tanaka,thejasvi,\N,ellidde illi tanaka,trishul thejasvi,\N
tt11091996,\N,\N,\N,\N,\N,\N,claimed,\N,anthony guilianti,\N,\N,\N
tt11096026,am hoang,\N,\N,\N,\N,\N,am hoang,\N,\N,am hoang,\N,\N
tt11097506,\N,\N,\N,\N,\N,\N,harley,\N,\N,\N,\N,\N
tt11112072,\N,\N,\N,\N,\N,\N,hell can wait,\N,bob jennings,\N,\N,\N
tt11126046,\N,\N,\N,\N,\N,\N,weedman,ivan pagan,ivan pagan,\N,\N,\N
tt11129970,billy connolly: the sex life of bandages,\N,\N,\N,\N,\N,billy connolly: the sex life of bandages,\N,\N,billy connolly: the sex life of bandages,\N,\N
tt11150224,\N,\N,\N,\N,\N,\N,qahar,aanand d ghathraj,\N,\N,\N,\N
tt11153896,\N,\N,\N,\N,\N,\N,dansh,abhishek brahmachari; balmukund tripathi,balmukund tripathi; rashmi mishra,\N,\N,\N
tt11154008,\N,\N,\N,\N,\N,\N,kinsei dokufu-den meiji gonin onna,jiro yoshino,\N,\N,\N,\N
tt11161028,\N,\N,\N,\N,\N,\N,"my dad, my hero, the spy.",jeff joslin,jeff joslin,\N,\N,\N
tt11162952,ricky: nakalnya anak muda,achiel nasrun,marwan alkatiri,\N,\N,\N,ricky: nakalnya anak muda,achiel nasrun,\N,ricky: nakalnya anak muda,achiel nasrun,marwan alkatiri
tt11167484,\N,\N,\N,\N,\N,\N,cousins,martin khoshaba,martin khoshaba,\N,\N,\N
tt11183166,\N,\N,\N,\N,\N,\N,new moon,philippa ndisiherrmann,\N,\N,\N,\N
tt1118679,\N,\N,\N,\N,\N,\N,kolaskos,erik wiesbaum,erik wiesbaum; nils wiesbaum,\N,\N,\N
tt11187282,\N,\N,\N,\N,\N,\N,the ruins of europe,ira a goryainova,ira a goryainova,\N,\N,\N
tt11202668,\N,\N,\N,\N,\N,\N,la maquina aira,sergio wolf,sergio wolf,\N,\N,\N
tt11204146,\N,\N,\N,\N,\N,\N,sindoor khela,rabi kinagi,\N,\N,\N,\N
tt11209982,\N,\N,\N,\N,\N,\N,curfew order,zahoor hussain gilani,hazeen qadri,\N,\N,\N
tt11212886,\N,\N,\N,maryinogorsk researcher,mark veremeychik,mark veremeychik,maryinogorskiy issledovatel,mark veremeychik,\N,\N,\N,\N
tt11213140,england 79,goran olsson,goran olsson; tracey thorn,\N,\N,\N,england 79,goran olsson,\N,england 79,goran olsson,goran olsson; tracey thorn
tt1121986,art of submission,adam boster; kenneth chamitoff,kenneth chamitoff,the red canvas,adam boster; kenneth chamitoff,\N,money fight,adam boster; kenneth chamitoff,kenneth chamitoff,art of submission,adam boster; kenneth chamitoff,kenneth chamitoff
tt11231362,\N,\N,\N,\N,\N,\N,teru hi kumoru hi daiyonhen (ii),juko takahashi,\N,\N,\N,\N
tt11236226,\N,\N,\N,\N,\N,\N,night of wrestling the dead,\N,john caporusso,\N,\N,\N
tt11237874,roadkill,alexander whitrow,alexander whitrow,roadkill,\N,\N,roadkill,alexander whitrow,alexander whitrow,roadkill,alexander whitrow,alexander whitrow
tt11240506,nobody sleeps in the woods tonight,bartosz m kowalski,bartosz m kowalski; jan kwiecinski; mirella zaradkiewicz,nobody sleeps in the woods tonight,bartosz m kowalski,\N,nobody sleeps in the woods tonight,bartosz m kowalski,bartosz m kowalski; jan kwiecinski; mirella zaradkiewicz,nobody sleeps in the woods tonight,bartosz m kowalski,bartosz m kowalski; jan kwiecinski; mirella zaradkiewicz
tt11241932,\N,\N,\N,\N,\N,\N,christmas tales of ghostly trails: classic christmas ghost stories,liam dale,sue hosler,\N,\N,\N
tt1124374,gnomes and trolls: the secret chamber,robert rhodin,robert rhodin; salvatore cardoni,gnomes and trolls: the secret chamber,collette sunderman; robert rhodin,robert rhodin; salvatore cardoni,gnomes & trolls: the secret chamber,robert rhodin,robert rhodin; salvatore cardoni,gnomes and trolls: the secret chamber,robert rhodin,salvatore cardoni
tt11261532,the mannequin,john berardo,john berardo,the mannequin,john berardo,\N,the mannequin,john berardo,\N,the mannequin,john berardo,john berardo
tt11262238,\N,\N,\N,\N,\N,\N,koora w'ahlam,mohamed ali okbi,mohamed ali okbi; taoufik jebali,\N,\N,\N
tt11269912,\N,\N,\N,\N,\N,\N,"othello, blix and the coolest island in the world",luciano lagares,luciano lagares,\N,\N,\N
tt11274272,bird tears,carolin von petzholdt,carolin von petzholdt,\N,\N,\N,bird tears,carolin von petzholdt,\N,bird tears,carolin von petzholdt,carolin von petzholdt
tt11277648,\N,\N,\N,\N,\N,\N,imaginary friend,\N,madeline vail,\N,\N,\N
tt11284244,martin margiela: in his own words,reiner holzemer,reiner holzemer,martin margiela: in his own words,reiner holzemer,reiner holzemer,martin margiela: in his own words,reiner holzemer,reiner holzemer,martin margiela: in his own words,reiner holzemer,reiner holzemer
tt11296184,velleppam,praveen raj pookkadan,jeevan lal,velleppam,\N,\N,velleppam,praveen raj pookkadan,\N,velleppam,praveen raj pookkadan,jeevan lal
tt11310070,\N,\N,\N,\N,\N,\N,hometown: a moment without light,\N,carleton prince,\N,\N,\N
tt11310368,\N,\N,\N,\N,\N,\N,second chances,\N,\N,\N,\N,\N
tt11310746,\N,\N,\N,\N,\N,\N,grindadrap,oden roberts,\N,\N,\N,\N
tt11313190,\N,\N,\N,\N,\N,\N,milford green,\N,tom jolliffe,\N,\N,\N
tt11319484,\N,\N,\N,\N,\N,\N,unknown treasures,agne marcinkeviciute,\N,\N,\N,\N
tt1132168,\N,\N,\N,\N,\N,\N,"meidiaste, sas parakalo",vangelis melissinos,vangelis melissinos,\N,\N,\N
tt11356102,\N,\N,\N,\N,\N,\N,oblast vysokogo polyota,kapitonov vitaliy,kapitonov vitaliy; lev agarkov,\N,\N,\N
tt11356886,\N,\N,\N,\N,\N,\N,borghi e demoni,alessandro derviso,andrea cacciavillani; tonino di ciocco,\N,\N,\N
tt11377246,\N,\N,\N,\N,\N,\N,the witch and the wolf,blain watters,blain watters,\N,\N,\N
tt11379620,the last ride of the wolves,alberto de michele,\N,the last ride of the wolves,alberto de michele,\N,the last ride of the wolves,alberto de michele,\N,the last ride of the wolves,alberto de michele,\N
tt11380028,\N,\N,\N,\N,\N,\N,my invincible compass,matt miller,\N,\N,\N,\N
tt1139807,\N,\N,\N,\N,\N,\N,zookids - mentsuk meg az allatkertet!,p peter tromboczky,\N,\N,\N,\N
tt11401458,\N,\N,\N,\N,\N,\N,ada: kohen,shichinosuke oshimoto,\N,\N,\N,\N
tt11409394,\N,\N,\N,\N,\N,\N,les petits mozarts,guillaume de ginestel,guillaume de ginestel,\N,\N,\N
tt11417944,\N,\N,\N,\N,\N,\N,ein rennen durch die usa,jannik fischbach,\N,\N,\N,\N
tt11418016,\N,\N,\N,\N,\N,\N,amar kahani ravidas ji ki,arvind singh sirohi,\N,\N,\N,\N
tt11423582,\N,\N,\N,\N,\N,\N,the file,jonas karasek,peter balko,\N,\N,\N
tt11427142,\N,\N,\N,\N,\N,\N,arkavath,hemantha kumar,hemantha kumar,\N,\N,\N
tt1144021,katotohanan o guniguni?,armando de guzman; fely crisostomo; jose miranda cruz; tommy c david,\N,\N,\N,\N,katotohanan o guniguni?,armando de guzman; fely crisostomo; jose miranda cruz; tommy c david,\N,katotohanan o guniguni?,armando de guzman; fely crisostomo; jose miranda cruz; tommy c david,\N
tt1144578,dark side of heaven,\N,\N,\N,\N,\N,dark side of heaven,\N,\N,dark side of heaven,\N,\N
tt11450902,meanwhile on earth,carl olsson,\N,meanwhile on earth,carl olsson,\N,meanwhile on earth,carl olsson,\N,meanwhile on earth,carl olsson,\N
tt11459138,\N,\N,\N,\N,\N,\N,cat a dog's tale,nisha catron; sylvester bowen,sylvester bowen,\N,\N,\N
tt11460678,\N,\N,\N,\N,\N,\N,cold love,nicos beatty,marcal cebrian; nicos beatty; tirso calero,\N,\N,\N
tt11460862,"sometime, sometime",jacky yeap,jacky yeap,\N,\N,\N,"sometime, sometime",jacky yeap,\N,"sometime, sometime",jacky yeap,jacky yeap
tt11469732,\N,\N,\N,\N,\N,\N,thiru kural,prabhu,\N,\N,\N,\N
tt11470456,love: dashuri,dionis papadhimitri,dionis papadhimitri; irvin mucaj,\N,\N,\N,love: dashuri,dionis papadhimitri,\N,love: dashuri,dionis papadhimitri,dionis papadhimitri; irvin mucaj
tt11485294,\N,\N,\N,\N,\N,\N,colburn,logan mansberger,liliane colburn,\N,\N,\N
tt11486832,the wrong people,steven fierberg,\N,\N,\N,\N,the wrong people,steven fierberg,\N,the wrong people,steven fierberg,\N
tt11489038,vaadivaasal,vetrimaaran,vetrimaaran,vaadivaasal,\N,\N,vaadivaasal,vetrimaaran,\N,vaadivaasal,vetrimaaran,vetrimaaran
tt11492396,ou da... ou desce,jose vedovato,\N,\N,\N,\N,ou da... ou desce,jose vedovato,\N,ou da... ou desce,jose vedovato,\N
tt11497346,malgudi days,kishore moodbidri,\N,malgudi days,\N,\N,malgudi days,kishor moodbidri,kishor moodbidri,malgudi days,kishore moodbidri,\N
tt11502506,ghost train,akira nobuchi,hideo oguni,\N,\N,\N,ghost train,akira nobuchi,\N,ghost train,akira nobuchi,hideo oguni
tt11505550,tarantino's basterds: the homeless filmmakers of hollywood,bumdog torres,bumdog torres,\N,\N,\N,tarantino's basterds: the homeless filmmakers of hollywood,bumdog torres,\N,tarantino's basterds: the homeless filmmakers of hollywood,bumdog torres,bumdog torres
tt11508438,one for the road,nattawut poonpiriya,nattawut poonpiriya; nottapon boonprakob; puangsoi aksornsawang,one for the road,nattawut poonpiriya,\N,one for the road,baz poonpiriya,baz poonpiriya; nottapon boonprakob; puangsoi aksornsawang,one for the road,nattawut poonpiriya,nattawut poonpiriya; nottapon boonprakob; puangsoi aksornsawang
tt1151425,\N,\N,\N,\N,\N,\N,yajiuma sanbu,\N,\N,\N,\N,\N
tt1152287,socialmente pericolosi,fabrizio lazzaretti,fabrizio lazzaretti; stefano mencherini,\N,\N,\N,socialmente pericolosi,fabrizio lazzaretti,\N,socialmente pericolosi,fabrizio lazzaretti,fabrizio lazzaretti; stefano mencherini
tt1152830,the joneses,chris tyrrell,chris tyrrell; stacey cruwys,\N,\N,\N,the joneses,chris tyrrell,chris tyrrell; stacey cruwys,the joneses,chris tyrrell,chris tyrrell; stacey cruwys
tt1152840,racing dreams,marshall curry,marshall curry,racing dreams,marshall curry,marshall curry,racing dreams,marshall curry,marshall curry,racing dreams,marshall curry,marshall curry
tt11531530,varane avashyamund,anoop sathyan,anoop sathyan,varane avashyamund,\N,\N,varane avashyamund,anoop sathyan,anoop sathyan; sairam vishwa,varane avashyamund,anoop sathyan,anoop sathyan
tt11534386,\N,\N,\N,\N,\N,\N,choon abr dar baharan,saeed amirsoleimani,mohammad rahmanian; saeed amirsoleimani,\N,\N,\N
tt11543704,\N,\N,\N,\N,\N,\N,beta'a kulu,\N,\N,\N,\N,\N
tt1155527,a pillar in the stream,gerhard scheumann; walter heynowski,gerhard scheumann; walter heynowski,\N,\N,\N,a pillar in the stream,gerhard scheumann; walter heynowski,\N,a pillar in the stream,gerhard scheumann; walter heynowski,gerhard scheumann; walter heynowski
tt11557830,tales from the prison cell,abel visky,abel visky,\N,\N,\N,tales from the prison cell,abel visky,\N,tales from the prison cell,abel visky,abel visky
tt11558304,\N,\N,\N,\N,\N,\N,drawscale iinet,\N,saleem raza khan,\N,\N,\N
tt11559914,\N,\N,\N,holocaust: the revenge plot,\N,\N,holocaust: the revenge plot,\N,\N,\N,\N,\N
tt11561486,\N,\N,\N,\N,\N,\N,can i get there by candlelight,\N,elle rae morris,\N,\N,\N
tt1156442,dancing trees,anne wheeler,joseph nasser,dancing trees,anne wheeler,\N,dancing trees,anne wheeler,\N,dancing trees,anne wheeler,joseph nasser
tt11568032,\N,\N,\N,\N,\N,\N,one last mission,\N,joey camen,\N,\N,\N
tt11570158,\N,\N,\N,\N,\N,\N,thandagan,k mahendra,\N,\N,\N,\N
tt11570482,squeezed up - tales of polynesian pop and kustom kulture,\N,\N,\N,\N,\N,squeezed up - tales of polynesian pop and kustom kulture,\N,\N,squeezed up - tales of polynesian pop and kustom kulture,\N,\N
tt1157605,anvil! the story of anvil,sacha gervasi,sacha gervasi,anvil! the story of anvil,sacha gervasi,\N,anvil: the story of anvil,sacha gervasi,\N,anvil! the story of anvil,sacha gervasi,sacha gervasi
tt1158703,\N,\N,\N,\N,\N,\N,eiga ban mirai nikki,\N,\N,\N,\N,\N
tt1158710,groundwalk,gilitte leung,\N,\N,\N,\N,groundwalk,gilitte leung,\N,groundwalk,gilitte leung,\N
tt11591452,"look out, cow!",askar uzabaev,askar uzabaev,\N,\N,\N,"look out, cow!",askar uzabaev,\N,"look out, cow!",askar uzabaev,askar uzabaev
tt1159485,the butterfly,nayato fio nuala,titien wattimena,the butterfly,nayato fio nuala,\N,the butterfly,nayato fio nuala,titien wattimena,the butterfly,nayato fio nuala,titien wattimena
tt11602014,\N,\N,\N,\N,\N,\N,the channeling of alexander hamilton,larry stanley,larry stanley,\N,\N,\N
tt1160370,"the rise of diy art, craft, & design",faythe levine,\N,\N,\N,\N,handmade nation,faythe levine,\N,"the rise of diy art, craft, & design",faythe levine,\N
tt11606516,\N,\N,\N,\N,\N,\N,hansel & gretel: opera lyrique de montreal,francois lamoureux; pierre lamoureux,\N,\N,\N,\N
tt11614794,lee ufan: marking infinity,michael blackwood,\N,\N,\N,\N,lee ufan: marking infinity,michael blackwood,\N,lee ufan: marking infinity,michael blackwood,\N
tt1161798,oni azami,taizo fuyushima,taizo fuyushima,\N,\N,\N,oni azami,taizo fuyushima,\N,oni azami,taizo fuyushima,taizo fuyushima
tt1161992,\N,\N,\N,\N,\N,\N,ang dragon sa maskarang bakal,ronaldo p san juan,manuel ramirez,\N,\N,\N
tt11620908,\N,\N,\N,\N,ahmad reza darvish,ahmad reza darvish,akharin parvaz,ahmad reza darvish,ahmad reza darvish,\N,\N,\N
tt11628272,unfollow,arturo montenegro,arturo montenegro,\N,\N,\N,unfollow,arturo montenegro,\N,unfollow,arturo montenegro,arturo montenegro
tt11642302,#cats_the_mewvie,michael margolis,keely booth,\N,\N,\N,#cats_the_mewvie,michael margolis,\N,#cats_the_mewvie,michael margolis,keely booth
tt11643276,\N,\N,\N,\N,\N,\N,alice at the movies,\N,\N,\N,\N,\N
tt11643766,\N,\N,\N,\N,\N,\N,cold in the north,\N,neil jones,\N,\N,\N
tt11655942,kamar 207,chiska doppert,hotnida harahap,room 207,chiska doppert; nayato fio nuala,hotnida harahap,kamar 207,chiska doppert,\N,kamar 207,chiska doppert,hotnida harahap
tt11655996,\N,\N,\N,\N,\N,\N,reshmi rumal,jamil akhtar,\N,\N,\N,\N
tt1166810,fat people,daniel sanchez arevalo,daniel sanchez arevalo,fat people,daniel sanchez arevalo,daniel sanchez arevalo,fat people,daniel sanchez arevalo,daniel sanchez arevalo,fat people,daniel sanchez arevalo,daniel sanchez arevalo
tt11675352,cochin shadhi at chennai 03,manjith divakar,rijesh bhaskar,cochin shadhi at chennai 03,\N,\N,cochin shadhi at chennai 03,manjith divakar,\N,cochin shadhi at chennai 03,manjith divakar,rijesh bhaskar
tt11678154,\N,\N,\N,\N,\N,\N,reves de roulottes,jeanfrancois castell,\N,\N,\N,\N
tt1167819,\N,\N,\N,\N,\N,\N,l'amore di loredana,mario corsi,luciano zuccoli,\N,\N,\N
tt11689106,\N,\N,\N,\N,\N,\N,the passion,german de la fuente,\N,\N,\N,\N
tt11694180,arto lindsay 4d,andre lavaquial,\N,\N,\N,\N,arto lindsay 4d,andre lavaquial,\N,arto lindsay 4d,andre lavaquial,\N
tt11703314,\N,\N,\N,may 29,awal abdulfatai rahmat,\N,may 29,awal abdulfatai rahmat,ajifowoke kazeem dayo; samuel sheba,\N,\N,\N
tt1171264,the secret of marabou's code,maciej wojtyszko,maciej wojtyszko,the secret of the marabou cipher,maciej wojtyszko,maciej wojtyszko,the secret of marabou's code,maciej wojtyszko,\N,the secret of marabou's code,maciej wojtyszko,maciej wojtyszko
tt11714608,\N,\N,\N,\N,\N,\N,in schuld verstrickt,willy zeyn,\N,\N,\N,\N
tt1171498,almost there,joelle alexis; sigal yehuda,\N,\N,\N,\N,almost there,joelle alexis; sigal yehuda,\N,almost there,joelle alexis; sigal yehuda,\N
tt1171669,benek,robert glinski,irena morawska; jerzy morawski,benek,robert glinski,irena morawska,benek,robert glinski,irena morawska; jerzy morawski; pawel mossakowski,benek,robert glinski,irena morawska; jerzy morawski
tt1172193,\N,\N,\N,\N,\N,\N,naniwa kouta,tsutomu shigemune,yoshio muraoka,\N,\N,\N
tt11724164,desde las sombras,javier h,\N,\N,\N,\N,desde las sombras,javier h,\N,desde las sombras,javier h,\N
tt1172587,delhi safari,nikkhil advani,girish dhamija; nikkhil advani; suresh nair,delhi safari,nikhil advani,nikhil advani,delhi safari,nikkhil advani,girish dhamija; nikkhil advani; rahul awate,delhi safari,nikkhil advani,girish dhamija; milap zaveri; nikkhil advani; suresh nair
tt11729468,\N,\N,\N,\N,\N,\N,return to the playhouse by: crissy corvette,\N,paul reubens,\N,\N,\N
tt1173547,oona and me,nora meyer,\N,\N,\N,\N,oona and me,nora meyer,\N,oona and me,nora meyer,\N
tt1173941,contrato,nicolau breyner,alvaro romao; dinis machado; nicolau breyner; pedro bandeirafreire,el contrato,nicolau breyner,\N,el contrato,nicolau breyner,alvaro romao; dinis machado; pedro bandeirafreire,contrato,nicolau breyner,alvaro romao; dinis machado; nicolau breyner; pedro bandeirafreire
tt1174693,the four-faced liar,jacob chase,marjalewis ryan,the four-faced liar,jacob chase,marjalewis ryan,the four-faced liar,jacob chase,marjalewis ryan,the four-faced liar,jacob chase,marjalewis ryan
tt1175266,le voyage sans fin,anne faisandier,\N,\N,\N,\N,le voyage sans fin,anne faisandier,\N,le voyage sans fin,anne faisandier,\N
tt11766590,\N,\N,\N,\N,\N,\N,mamakrom,joseph pelegreen,\N,\N,\N,\N
tt1176726,cocaine cowboys 2,billy corben,\N,cocaine cowboys 2,billy corben,\N,cocaine cowboys 2,billy corben,\N,cocaine cowboys 2,billy corben,\N
tt11773648,bone marrow,hamid reza ghorbani,ali zarnegar,\N,\N,\N,bone marrow,hamid reza ghorbani,\N,bone marrow,hamid reza ghorbani,ali zarnegar
tt11778146,\N,\N,\N,\N,\N,\N,sisters of salvation,\N,angella dawne; joe raffa,\N,\N,\N
tt11785434,\N,\N,\N,\N,\N,\N,american exchange documentary,fabian siebecke,\N,\N,\N,\N
tt11786894,\N,\N,\N,\N,\N,\N,vonal felett,aniko maria nagy,ankio maria nagy,\N,\N,\N
tt11795394,light falls,phedon papamichael,sven dagones,\N,\N,\N,light falls,phedon papamichael,\N,light falls,phedon papamichael,sven dagones
tt11805802,\N,\N,\N,\N,\N,\N,danko danpei chinyuki,minoru ishiyama,\N,\N,\N,\N
tt11816226,\N,\N,\N,\N,\N,\N,the path of sacrifice - horigoskala,konstantinos gourgiotis,\N,\N,\N,\N
tt11817392,manuela,clara cullen,clara cullen,\N,\N,\N,manuela,clara cullen,\N,manuela,clara cullen,clara cullen
tt11821522,\N,\N,\N,\N,\N,\N,dark city of villains,conrad glover,conrad glover,\N,\N,\N
tt11827350,far east deep south,larissa lam,larissa lam,\N,\N,\N,far east deep south,larissa lam,\N,far east deep south,larissa lam,larissa lam
tt1184686,\N,\N,\N,\N,\N,\N,amore di ladro,gustavo serena,\N,\N,\N,\N
tt11847684,recep ibibik,oguz gozen,\N,\N,\N,\N,recep ibibik,oguz gozen,\N,recep ibibik,oguz gozen,\N
tt11852204,\N,\N,\N,\N,\N,\N,cinnamon girl,\N,\N,\N,\N,\N
tt11852794,under cover,sue thomson,sue thomson,\N,\N,\N,under cover,sue thomson,\N,under cover,sue thomson,sue thomson
tt11854142,v. silvestrov,serhii bukovskyi,serhii bukovskyi; victoria bondar,v.silvestrov,serhii bukovskyi,serhii bukovskyi; victoria bondar,v.silvestrov,sergey bukovsky,sergey bukovsky; victoria bondar,v. silvestrov,serhii bukovskyi,serhii bukovskyi; victoria bondar
tt11859952,\N,\N,\N,\N,\N,\N,ren sheng you xian gong si,\N,shincy lu,\N,\N,\N
tt1186656,swing,anton sivers,arkadiy tigay,kacheli,anton sivers,arkady tigay,kacheli,anton sivers,arkadiy tigay,swing,anton sivers,arkadiy tigay
tt11883994,\N,\N,\N,\N,\N,\N,ausencia,pedro belchior costa,pedro belchior costa,\N,\N,\N
tt1188740,\N,\N,\N,\N,\N,\N,rondini nel turbine,ettore piergiovanni,\N,\N,\N,\N
tt11892174,\N,\N,\N,\N,\N,\N,ana,junzo sone,\N,\N,\N,\N
tt1189349,a necessary death,daniel stamm,daniel stamm,\N,\N,\N,a necessary death,daniel stamm,\N,a necessary death,daniel stamm,daniel stamm
tt11896542,\N,\N,\N,\N,\N,\N,het laatste jaar van fc twente,geertjan lassche,geertjan lassche,\N,\N,\N
tt1190194,\N,\N,\N,\N,\N,\N,il sogno vuoto,emanuele bevilacqua; giorgio moser,emanuele bevilacqua; giorgio moser,\N,\N,\N
tt1190624,alyas phantom,paquito toledo,\N,alyas phantom,\N,\N,alyas phantom,paquito toledo,\N,alyas phantom,paquito toledo,\N
tt11908172,the kill room,nicol paone,jonathan jacobson,the kill room,nicol paone,\N,the kill room,nicol paone,jonathan jacobson,the kill room,nicol paone,jonathan jacobson
tt11918248,\N,\N,\N,\N,\N,\N,the making of ronaldo,\N,\N,\N,\N,\N
tt11924028,aghori,ds rajkumar,ds rajkumar,aghori,\N,\N,aghori,ds rajkumar,\N,aghori,ds rajkumar,ds rajkumar
tt11926388,\N,\N,\N,\N,\N,\N,kyoenroku,keigo kimura,\N,\N,\N,\N
tt11926944,\N,\N,\N,\N,\N,\N,invisible shackles,hafid abdelmoula,hafid abdelmoula; loos thorsten,\N,\N,\N
tt11933280,\N,\N,\N,\N,\N,\N,paradise,peter mackie burns,colin macdonald; peter broughan; tom sullivan,\N,\N,\N
tt1193616,\N,\N,\N,\N,\N,\N,le tristi passioni,salvo alberto salvini,\N,\N,\N,\N
tt11941834,\N,\N,\N,\N,\N,\N,yadorigi,rokuhei susukita,\N,\N,\N,\N
tt1194275,\N,\N,\N,\N,\N,\N,la notte che dormii sotto le stelle,giovanni zannini,\N,\N,\N,\N
tt11948256,\N,\N,\N,lift,vineeth varaprasad,\N,lift,vineeth varaprasad,vineeth varaprasad,lift,vineeth varaprasad,r k karthikeyan; vineeth varaprasad
tt11957016,1968: a greve de contagem,carlos pronzato,carlos pronzato,\N,\N,\N,1968: a greve de contagem,carlos pronzato,\N,1968: a greve de contagem,carlos pronzato,carlos pronzato
tt11958790,the prophet and the space aliens,yoav shamir,yoav shamir,the prophet and the space aliens,yoav shamir,yoav shamir,the prophet and the space aliens,yoav shamir,\N,the prophet and the space aliens,yoav shamir,yoav shamir
tt1196940,\N,\N,\N,\N,\N,\N,fork in the road,\N,denis hamill; kerry williamson,\N,\N,\N
tt11972016,\N,\N,\N,\N,\N,\N,demolition,aline holcman,aline holcman,\N,\N,\N
tt11980542,brain in a jar,martin sonntag,martin sonntag,\N,\N,\N,brain in a jar,martin sonntag,\N,brain in a jar,martin sonntag,martin sonntag
tt11981334,\N,\N,\N,\N,\N,\N,en no shiro,eiichi matsumoto,\N,\N,\N,\N
tt11981382,the punished,thierry chavrimootoo,thierry chavrimootoo,\N,\N,\N,the punished,thierry chavrimootoo,\N,the punished,thierry chavrimootoo,thierry chavrimootoo
tt11997368,\N,\N,\N,\N,\N,\N,vom umgang mit wellen,daniela vater,daniela vater,\N,\N,\N
tt12025582,\N,\N,\N,\N,\N,\N,la tete et le coeur,gael breton,\N,\N,\N,\N
tt12033844,\N,\N,\N,\N,\N,\N,nekkyu wa tobu,masao hattori,\N,\N,\N,\N
tt1204368,\N,\N,\N,\N,\N,\N,edo no akutaro,masahiro makino,yoshitake hisa,\N,\N,\N
tt12044426,dheet patangey,ravi adhikari,ravi adhikari,\N,\N,\N,dheet patangey,ravi adhikari,\N,dheet patangey,ravi adhikari,ravi adhikari
tt12053046,\N,\N,\N,\N,\N,\N,break & bend,\N,\N,\N,\N,\N
tt12056266,\N,\N,\N,\N,\N,\N,mori no ishimatsu,shichinosuke oshimoto,\N,\N,\N,\N
tt12065192,\N,\N,\N,\N,\N,\N,the santa box,spanky dustin ward,spanky dustin ward,the santa box,spanky dustin ward,spanky dustin ward
tt1207712,kunisada chuji: shinshu komoriuta,masahiro makino,daisuke ito; kyo chiji; masahiro makino,kunisada chuji shinshu komoriuta,masahiro makino,\N,kunisada chuji: shinshu komoriuta,masahiro makino,\N,kunisada chuji: shinshu komoriuta,masahiro makino,kyo chiji; masahiro makino
tt12077246,\N,\N,\N,\N,\N,\N,the hinsdale archives,ryan wefelmeyer,\N,\N,\N,\N
tt1207781,\N,\N,\N,\N,\N,\N,ultimatum,kifayat hussain bhatti,inayat hussain bhatti; kifayat hussain bhatti,\N,\N,\N
tt1208657,\N,\N,\N,\N,\N,\N,cutlass island,\N,tom wheeler,\N,\N,\N
tt12087874,\N,\N,\N,\N,\N,\N,cordelia,\N,kv taylor,\N,\N,\N
tt12089676,\N,\N,\N,\N,\N,\N,high stakes,\N,christan van slyke,\N,\N,\N
tt1209380,cop dog,john murlowski,steven palmer peterson,cop dog,john murlowski,\N,cop dog,john murlowski,steven palmer peterson,cop dog,john murlowski,steven palmer peterson
tt12095964,\N,\N,\N,\N,\N,\N,the redeemer,myles clohessy,myles clohessy,\N,\N,\N
tt1210117,impy's wonderland,holger tappe; reinhard klooss,oliver huzly; reinhard klooss; sven severin,impy's wonderland,holger tappe; reinhard klooss,\N,urmel voll in fahrt,holger tappe; reinhard klooss,max kruse; oliver huzly; reinhard klooss,impy's wonderland,holger tappe; reinhard klooss,oliver huzly; reinhard klooss; sven severin
tt1211803,\N,\N,\N,\N,\N,\N,ajnabi,afaaqi,\N,\N,\N,\N
tt12120020,\N,\N,\N,\N,\N,\N,blue birds,\N,elina richharris; kaleb richharris,\N,\N,\N
tt1212153,\N,\N,\N,sri ramulayya,nimmala shankar,\N,sri ramulayya,nimmala shankar,\N,sri ramulayya,nshankar,\N
tt1213709,\N,\N,\N,\N,\N,\N,die vampyre von new-york. 3. dagestan - paris,\N,\N,\N,\N,\N
tt12157084,\N,\N,\N,\N,\N,\N,first do no harm,jessica dromgoole,al smith,\N,\N,\N
tt1215899,\N,\N,\N,\N,\N,\N,il paese della paura,alfredo de antoni,\N,\N,\N,\N
tt12169216,\N,\N,\N,sister mary ignatius davis,\N,\N,sister ignatius: mother of ska,dovile kirvelaityte,\N,\N,\N,\N
tt1217022,\N,\N,\N,\N,\N,\N,dov'e la mia vita?,guglielmo braconcini,\N,\N,\N,\N
tt12182160,\N,\N,\N,\N,\N,\N,kaadhal enbathu saabama,bala ganapathi william,bala ganapathi william,\N,\N,\N
tt12186042,\N,\N,\N,\N,\N,\N,the ghost,\N,\N,\N,\N,\N
tt12208546,\N,\N,\N,\N,\N,\N,chosen ones,\N,\N,\N,\N,\N
tt12218052,longstay,maria mok; meral uslu,\N,\N,\N,\N,longstay,maria mok; meral uslu,\N,longstay,maria mok; meral uslu,\N
tt1223384,\N,\N,\N,\N,\N,\N,el tejedor de caminos,alberto becerril,\N,\N,\N,\N
tt12246218,\N,\N,\N,\N,\N,\N,call raid,\N,joe pomarico,\N,\N,\N
tt12247290,jolsobi,jaicheng jai dohutia,jaicheng jai dohutia,jolsobi,jaicheng jai dohutia,\N,jolsobi,jaicheng jai dohutia,\N,jolsobi,jaicheng jai dohutia,jaicheng jai dohutia
tt12247844,nature is the judge,yasujiro shimazu,yasujiro shimazu,\N,\N,\N,nature is the judge,yasujiro shimazu,\N,nature is the judge,yasujiro shimazu,yasujiro shimazu
tt12250946,my sweet grappa remedies,akiko ohku,\N,\N,\N,\N,my sweet grappa remedies,akiko ohku,\N,my sweet grappa remedies,akiko ohku,\N
tt1225292,insidious,jerry schram,\N,\N,\N,\N,insidious,jerry schram,jerry schram,insidious,jerry schram,\N
tt12255478,\N,\N,\N,\N,\N,\N,untitled 10th mountain division movie,bill holderman,bill holderman,\N,\N,\N
tt12275034,\N,\N,\N,\N,\N,\N,a carpenter's war,\N,john nicholas,\N,\N,\N
tt1227772,\N,\N,\N,\N,\N,\N,dan mintner: badass for hire,\N,chad kultgen,\N,\N,\N
tt12289966,\N,\N,\N,\N,\N,\N,contactus,edoardo viterbori,chiara mastroianni; filippo valentini; valentino guglielmetti,\N,\N,\N
tt12305786,\N,\N,\N,\N,\N,\N,the difference,\N,charles willeford; tony hagger,\N,\N,\N
tt12308738,\N,\N,\N,\N,\N,\N,born to be an influencer,diana hommes; janne schmidt,diana hommes; janne schmidt,\N,\N,\N
tt12313210,\N,\N,\N,\N,\N,\N,fly,sidney leoni,sidney leoni,\N,\N,\N
tt12323872,\N,\N,\N,\N,\N,\N,de strijd om het srebrenica museum,kay mastenbroek,kay mastenbroek,\N,\N,\N
tt12326862,\N,\N,\N,\N,\N,\N,ano-luz,felipe carrelli,\N,\N,\N,\N
tt1232759,\N,\N,\N,\N,\N,\N,when we were brothers - the peter norman story,matt norman,matt norman,\N,\N,\N
tt1233192,brighton rock,rowan joffe,rowan joffe,brighton rock,rowan joffe,rowan joffe,brighton rock,rowan joffe,graham greene; rowan joffe,brighton rock,rowan joffe,rowan joffe
tt1233331,nagareru hoshi wa ikiteiru,eiichi koishi,kennosuke tateoka,\N,\N,\N,nagareru hoshi wa ikiteiru,eiichi koishi,\N,nagareru hoshi wa ikiteiru,eiichi koishi,kennosuke tateoka
tt1233599,the juche idea,jim finn,jim finn,\N,\N,\N,the juche idea,jim finn,\N,the juche idea,jim finn,jim finn
tt12350140,karaoglan: bir ecevit belgeseli,\N,can dundar; rdvan akar,\N,\N,\N,karaoglan: bir ecevit belgeseli,\N,\N,karaoglan: bir ecevit belgeseli,\N,can dundar; rdvan akar
tt1235522,broken city,allen hughes,brian tucker,broken city,allen hughes,brian tucker,broken city,allen hughes,brian tucker,broken city,allen hughes,brian tucker
tt12358104,two,mar targarona,christian molina; cuca canals; mike hostench,two,mar targarona,christian molina; cuca canals,two,mar targarona,christian molina; cuca canals; mike hostench,two,mar targarona,christian molina; cuca canals; mike hostench
tt12358410,\N,\N,\N,\N,\N,\N,nice guys finish last,caroline sherwood; nicholas adler,caroline sherwood; nicholas adler,\N,\N,\N
tt12359018,\N,\N,\N,\N,\N,\N,die kerk geskiedenis,melissa verwey schultz,\N,\N,\N,\N
tt12367628,\N,\N,\N,\N,\N,\N,guerrero: memoria y verdad,carlos mendoza; pablo ramos; sara escobar,\N,\N,\N,\N
tt1237887,\N,\N,\N,\N,\N,\N,hashimoto sanai,eizo tanaka,eizo tanaka,\N,\N,\N
tt12381202,dress rehearsal,miron bilinskiy; pavel kolomoytsev,m oleynichenko,\N,\N,\N,dress rehearsal,miron bilinskiy; pavel kolomoytsev,\N,dress rehearsal,miron bilinskiy; pavel kolomoytsev,m oleynichenko
tt12403702,death toilet 3: doody calls,evan jacobs,evan jacobs; mike hartsfield,\N,\N,\N,death toilet 3: doody calls,evan jacobs,\N,death toilet 3: doody calls,evan jacobs,evan jacobs; mike hartsfield
tt12404448,\N,\N,\N,\N,\N,\N,the rapist king,ibiso nifeipiri,\N,\N,\N,\N
tt1240929,\N,\N,\N,\N,\N,\N,gagamba at si scorpio,george rowe,nestor redondo; virgilio redondo,\N,\N,\N
tt1240982,your highness,david gordon green,ben best; danny mcbride,your highness,david gordon green,ben best; danny mcbride,your highness,david gordon green,ben best; danny mcbride,your highness,david gordon green,ben best; danny mcbride
tt12419732,\N,\N,\N,\N,\N,\N,mosar,anil saini,\N,\N,\N,\N
tt1242517,"father, son & holy cow",radek wegrzyn,cezary iber; roberto gagnor,"father, son & holy cow",radek wegrzyn,radek wegrzyn; roberto gagnor,"father, son & holy cow",radek wegrzyn,\N,"father, son & holy cow",radek wegrzyn,cezary iber; roberto gagnor
tt12427618,wonder dogs,jason wright,bc fourteen,\N,\N,\N,wonder dogs,jason wright,\N,wonder dogs,jason wright,bc fourteen
tt12448982,\N,\N,\N,\N,\N,\N,postcard from the palace,maxime brulein,maxime brulein,\N,\N,\N
tt12452830,kaibatsu 0 meter,yoshiro kawazu,eibi motomochi; takao yanai,\N,yoshiro kawazu,\N,kaibatsu 0 meter,yoshiro kawazu,\N,kaibatsu 0 meter,yoshiro kawazu,eibi motomochi; takao yanai
tt12453186,\N,\N,\N,\N,\N,\N,olivier dazat ou l'amour du velo (carnet filme: 10 juillet 1996),gerard courant,gerard courant,\N,\N,\N
tt12454162,\N,\N,\N,\N,\N,\N,smoke & mirrors,\N,b patrick yates,\N,\N,\N
tt1245493,\N,\N,\N,\N,\N,\N,jeux de corps pour petites filles curieuses,joe de palmer,\N,\N,\N,\N
tt1245528,salami aleikum,ali samadi ahadi,arne nolting,salami aleikum,ali samadi ahadi,\N,salami aleikum,ali samadi ahadi,\N,salami aleikum,ali samadi ahadi,arne nolting
tt12456584,\N,\N,\N,\N,\N,\N,folds of honor: a fighter pilot's mission to deliver healing and hope to america,nick nanton,katie tschopp,\N,\N,\N
tt1245668,\N,\N,\N,\N,\N,\N,pretty lady,wayne calvin byrd,mediget teshome; wayne calvin byrd,\N,\N,\N
tt12462730,\N,\N,\N,\N,\N,\N,les restes d'un monde nouveau (carnet filme: 11 novembre 2005 - 22 novembre 2005),gerard courant,\N,\N,\N,\N
tt12464416,\N,\N,\N,\N,\N,\N,squidlings around the world,eric broomfield; matthew broomfield,eric broomfield; matthew broomfield,\N,\N,\N
tt1247246,\N,\N,\N,\N,\N,\N,miss allah rakhi,haider chaudhry,\N,\N,\N,\N
tt12478874,\N,\N,\N,\N,\N,\N,el viaje de jobaria,\N,\N,\N,\N,\N
tt1248235,\N,\N,\N,pape naa pranam,\N,\N,paape naa pranam,bv ramana,\N,\N,\N,\N
tt12482830,\N,\N,\N,\N,\N,\N,stardusk,bretten hannam,seth michael donsky,\N,\N,\N
tt1248957,dumping lisa,john oliver,\N,\N,\N,\N,dumping lisa,john oliver,rich docherty,dumping lisa,john oliver,\N
tt12490698,\N,\N,\N,\N,\N,\N,the motherhood manifesto,laura pacheco,joan blades; john de graaf; kristin rowefinkbeiner,\N,\N,\N
tt12492634,\N,\N,\N,\N,\N,\N,kali (3eme partie de la tetralogie les chemins cinetiques),gerard courant,gerard courant,\N,\N,\N
tt12511502,protege moi,robbie lopez,robbie lopez,\N,\N,\N,protege moi,robbie lopez,\N,protege moi,robbie lopez,robbie lopez
tt12512952,\N,\N,\N,\N,\N,\N,slipknot unmasked: all out life,ed coleman,\N,\N,\N,\N
tt1252488,haal-e-dil,anil devgan,dheeraj rattan,haaledil,anil devgan,dheeraj rattan,haal-e-dil,anil devgan,farhad bhiwandiwala; sajid ali; shabbir ahmed,haal-e-dil,anil devgan,dheeraj rattan
tt12526694,\N,\N,\N,\N,\N,\N,las letras de jordi,maider fernandez iriarte,maider fernandez iriarte; virginia garcia del pino,\N,\N,\N
tt1253596,midgets vs mascots,ron carlson,terry mann,midgets vs. mascots,ron carlson,\N,midgets vs. mascots,ron carlson,kevin andounian,midgets vs mascots,ron carlson,kevin andounian; terry mann
tt12537550,\N,\N,\N,\N,\N,\N,covid-19 uk 2020/1,tahirr aashhraf,tahirr aashhraf,\N,\N,\N
tt1253843,\N,\N,\N,\N,\N,\N,discovering the buffalo,adrain washington,adrain washington,\N,\N,\N
tt1253852,\N,\N,\N,\N,\N,\N,lexibaby,jon petro,josh petro,\N,\N,\N
tt12546578,mamoor 0008,ebrahim bagheri,ebrahim bagheri,\N,ebrahim bagheri,\N,mamoor 0008,ebrahim bagheri,\N,mamoor 0008,ebrahim bagheri,ebrahim bagheri
tt12557760,chef,mehmet gun,\N,\N,\N,\N,chef,mehmet gun,\N,chef,mehmet gun,mustafa kutlu
tt12565232,the bell affair,\N,\N,\N,\N,\N,the bell affair,\N,\N,the bell affair,\N,\N
tt12572710,lovers mystery,wong hang,lo lik; wong hang,\N,\N,\N,lovers mystery,wong hang,\N,lovers mystery,wong hang,wong hang
tt12592846,until i fly,kanishka sonthalia; siddesh shetty,\N,until i fly,\N,\N,until i fly,kanishka sonthalia; siddesh shetty,\N,until i fly,kanishka sonthalia; siddesh shetty,\N
tt12601334,the nothingness club,edgar pera,edgar pera; luisa costa gomes,\N,\N,\N,the nothingness club,edgar pera,\N,the nothingness club,edgar pera,edgar pera; luisa costa gomes
tt1260565,passport to love,victor vu,\N,passport to love,victor vu,\N,passport to love,victor vu,\N,passport to love,victor vu,\N
tt12606482,\N,\N,\N,\N,\N,\N,hua yue zheng hui,ji zhu,\N,\N,\N,\N
tt12623426,\N,\N,\N,\N,\N,\N,no identity land,prince j,prince j,\N,\N,\N
tt12626224,\N,\N,\N,\N,\N,\N,buried alive,\N,patricia cori,\N,\N,\N
tt12631534,rosie: the saffron chapter,vishal mishra,aabhar dadhich; vishal mishra,rosie: the saffron chapter,vishal mishra,aabhar dadhich; vishal mishra,rosie: the saffron chapter,vishal mishra,\N,rosie: the saffron chapter,vishal mishra,aabhar dadhich; vishal mishra
tt12632068,\N,\N,\N,\N,\N,\N,hua shen,kangshi mo,yukei lo,\N,\N,\N
tt1264100,\N,\N,\N,\N,\N,\N,once upon a time in harlem,\N,dc copeland,\N,\N,\N
tt1265616,the id proxy,matthew c dumond,matthew c dumond,\N,\N,\N,the id proxy,matthew c dumond,\N,the id proxy,matthew c dumond,matthew c dumond
tt1265619,port city,andy brown,andy brown,\N,\N,\N,port city,andy brown,\N,port city,andy brown,andy brown
tt1266545,chamku,kabeer kaushik,kabeer kaushik,chamku,kabeer kaushik,kabeer kaushik,chamku,kabeer kaushik,kabeer kaushik,chamku,kabeer kaushik,kabeer kaushik
tt12675106,nietzsche sils maria rochedo de surlej,julio bressane; rodrigo lima; rosa dias,julio bressane; rosa dias,\N,\N,\N,nietzsche sils maria rochedo de surlej,julio bressane; rodrigo lima; rosa dias,\N,nietzsche sils maria rochedo de surlej,julio bressane; rodrigo lima; rosa dias,julio bressane; rosa dias
tt1268884,\N,\N,\N,\N,\N,\N,lukaret,felino tanada,felino tanada,\N,\N,\N
tt1268922,virgins of bali,deane h dickason,\N,\N,\N,\N,virgins of bali,deane h dickason,\N,virgins of bali,deane h dickason,\N
tt12702586,\N,\N,\N,\N,\N,\N,alaves vs las palmas,\N,\N,\N,\N,\N
tt12724444,"war of human, gods and demons",liu hailiang,\N,\N,\N,\N,"war of human, gods and demons",liu hailiang,\N,"war of human, gods and demons",liu hailiang,\N
tt12728602,\N,\N,\N,\N,\N,\N,toast,\N,\N,\N,\N,\N
tt12728736,\N,\N,\N,\N,\N,\N,rivals of the deep turf,\N,\N,\N,\N,\N
tt12737292,\N,\N,\N,\N,\N,\N,real estate agent veronica avluv bbc double penetration,miles long,\N,\N,\N,\N
tt1274277,\N,\N,\N,\N,\N,\N,truly blessed,jerry jackson,jerry jackson,\N,\N,\N
tt1274284,\N,\N,\N,\N,\N,\N,amsterdam,ron fernandez,bixx gorski; ron fernandez,\N,\N,\N
tt1274297,weddings and other disasters,nina di majo,antonio leotti; francesco bruni; nina di majo,matrimoni e altri disastri,nina di majo,francesco bruni; nina di majo,weddings and other disasters,nina di majo,antonio leotti; francesco bruni; nina di majo,weddings and other disasters,nina di majo,antonio leotti; francesco bruni; nina di majo
tt12750524,\N,\N,\N,\N,\N,\N,the prospect,\N,ryan j lindsay,\N,\N,\N
tt12755550,\N,\N,\N,\N,\N,\N,the death parade,albert l rule,albert l rule,\N,\N,\N
tt12758204,samadhi road,daniel hey; julio hey,\N,\N,\N,\N,samadhi road,daniel hey; julio hey,\N,samadhi road,daniel hey; julio hey,\N
tt12759014,\N,\N,\N,\N,\N,\N,the lotus eaters,roger eaton,rikki tarascas; roger eaton,\N,\N,\N
tt1276420,rzeznia nr 1,dominik matwiejczyk,dominik matwiejczyk,\N,\N,\N,rzeznia nr 1,dominik matwiejczyk,\N,rzeznia nr 1,dominik matwiejczyk,dominik matwiejczyk
tt12764276,\N,\N,\N,\N,\N,\N,puenting,bibiana monje,bibiana monje,\N,\N,\N
tt12766012,\N,\N,\N,\N,\N,\N,freddy vs. jason: dreamscape,\N,cody huskins,\N,\N,\N
tt12767498,barbie: princess adventure,conrad helten,ann austen,barbie princess adventure,conrad helten,\N,barbie princess adventure,conrad helten,ann austen,barbie: princess adventure,conrad helten,ann austen
tt1277145,roxy: the last dance,phil allocco,\N,\N,\N,\N,roxy: the last dance,phil allocco,\N,roxy: the last dance,phil allocco,\N
tt12787498,"boeing, boeing",clare marie ritter; hamilton gibson,\N,\N,\N,\N,"boeing, boeing",clare marie ritter; hamilton gibson,\N,"boeing, boeing",clare marie ritter; hamilton gibson,\N
tt12793052,\N,\N,\N,\N,\N,\N,carter price legacy,alexander flores; hunter william vance,alexander daniel flores; hunter william vance,\N,\N,\N
tt1279492,the sister of the san-tung boxer,wang hungchang,chang hsinyi; yen chung,the sister of the san-tung boxer,hungchang wang,hsinyi chang; yen chung,the sister of the san-tung boxer,wang hungchang,\N,the sister of the san-tung boxer,wang hungchang,chang hsinyi; yen chung
tt12796236,the wake,gustavo arteaga,gustavo arteaga,\N,\N,\N,the wake,gustavo arteaga,\N,the wake,gustavo arteaga,gustavo arteaga
tt12806260,\N,\N,\N,\N,\N,\N,remember?,\N,\N,\N,\N,\N
tt12809302,\N,\N,\N,\N,\N,\N,la roulotte de tous les possibles,valentine cohen,\N,\N,\N,\N
tt12831818,mary,\N,\N,\N,\N,\N,mary,\N,\N,mary,\N,\N
tt12833678,\N,\N,\N,\N,\N,\N,the daughter of the volcano,\N,\N,\N,\N,\N
tt1283919,\N,\N,\N,\N,\N,\N,making the river,sarah del seronde,sarah del seronde,\N,\N,\N
tt12842922,\N,\N,\N,\N,\N,\N,untitled feature,\N,michael john fuller; toby osborne,\N,\N,\N
tt12845180,\N,\N,\N,\N,\N,\N,l'ame des chefs patissiers,lilou lemaire,\N,\N,\N,\N
tt1285219,ghosts don't exist,eric espejo,eric espejo,ghosts don't exist,eric espejo,\N,ghosts don't exist,eric espejo,eric espejo,ghosts don't exist,eric espejo,eric espejo
tt12875228,\N,\N,\N,\N,\N,\N,the never refugees,\N,\N,\N,\N,\N
tt12885748,\N,\N,\N,\N,\N,\N,"mom, interrupted",\N,radhika chaudhari,\N,\N,\N
tt12916150,noise of silence,saif baidya,abuwahab chodhry,\N,\N,\N,noise of silence,saif baidya,\N,noise of silence,saif baidya,abuwahab chodhry
tt12924790,\N,\N,\N,\N,\N,\N,affiliated,\N,\N,\N,\N,\N
tt12927956,my pig,sergey pryanishnikov,sergey pryanishnikov,\N,\N,\N,my pig,sergey pryanishnicov,\N,\N,\N,\N
tt12929238,\N,\N,\N,among nonbelievers,taner akcam,\N,onder ongelovigen,dorothee forma,\N,\N,\N,\N
tt1294215,\N,\N,\N,\N,\N,\N,spanking shakespeare,john stalberg jr,dan lagana; john stalberg jr; toby harvard,\N,\N,\N
tt12948832,\N,\N,\N,\N,\N,\N,muerte en berruecos,caupolican ovalles,caupolican ovalles; edgar narvaez,\N,\N,\N
tt12958516,\N,\N,\N,\N,\N,\N,5 south,christopher m boyd,christopher m boyd,\N,\N,\N
tt12969746,\N,\N,\N,\N,\N,\N,welcome to the day of the dead,james snider,bc fourteen,\N,\N,\N
tt12976188,\N,\N,\N,\N,\N,\N,he's watching you,joshua griffiths,joshua griffiths,\N,\N,\N
tt12978528,a stage of twilight,sarah t schwab,sarah t schwab,\N,\N,\N,a stage of twilight,sarah t schwab,\N,a stage of twilight,sarah t schwab,sarah t schwab
tt12980140,\N,\N,\N,\N,\N,\N,delta star,\N,lukas james linn,\N,\N,\N
tt12982368,\N,\N,\N,\N,\N,\N,persona,\N,\N,\N,\N,\N
tt12985862,\N,\N,\N,\N,\N,\N,the penny,michelle tomlinson,donald davenport; harry musselwhite,\N,\N,\N
tt12987672,a nice housekeeper,choi sungeun,\N,a nice housekeeper,choi sungeun,\N,a nice housekeeper,choi sungeun,\N,a nice housekeeper,choi sungeun,\N
tt12990578,\N,\N,\N,\N,\N,\N,against the grain,greg l hines,christopher t collins; greg l hines,\N,\N,\N
tt12993456,akhirat: a love story,jason iskandar,jason iskandar,akhirat: a love story,jason iskandar,jason iskandar,akhirat: a love story,jason iskandar,jason iskandar,akhirat: a love story,jason iskandar,jason iskandar
tt13007164,\N,\N,\N,\N,\N,\N,"the history of africa: diamonds, gold and greed",\N,\N,\N,\N,\N
tt13009768,\N,\N,\N,\N,\N,\N,kill virus,debbie sheridan,debbie sheridan; stephen durham,\N,\N,\N
tt13011896,\N,\N,\N,\N,\N,\N,amnesie internationale (journal intime),pascal magnin,\N,\N,\N,\N
tt13022816,the legend of zu,zeng xiaoyu,wang lifeng,\N,\N,\N,the legend of zu,zeng xiaoyu,\N,the legend of zu,zeng xiaoyu,wang lifeng
tt13034320,\N,\N,\N,\N,\N,\N,a fall as part of the flight,natalija ju,ala asovskaja; jurij scuckij; natalija ju,\N,\N,\N
tt13049952,\N,\N,\N,\N,\N,\N,olum ne yana duser usta,gul buyukbese,\N,\N,\N,\N
tt13058146,fucking bornholm,anna kazejak,anna kazejak; filip k kasperaszek,fucking bornholm,anna kazejakdawid,anna kazejakdawid,fucking bornholm,anna kazejak,\N,fucking bornholm,anna kazejak,anna kazejak; filip k kasperaszek
tt13061978,bakerz union,gin x,\N,\N,\N,\N,bakerz union,gin x,\N,bakerz union,gin x,\N
tt13074728,\N,\N,\N,\N,\N,\N,does this taste like degreaser to you?,billy rowlands,billy rowlands,\N,\N,\N
tt13093552,jumprava: the big happening,aigars grauba,aigars grauba,\N,\N,\N,jumprava: the big happening,aigars grauba,\N,jumprava: the big happening,aigars grauba,aigars grauba
tt1310674,vashti bunyan: from here to before,kieran evans,\N,\N,\N,\N,vashti bunyan: from here to before,kieran evans,\N,vashti bunyan: from here to before,kieran evans,\N
tt1311645,force 8,pierre sisser,\N,force 8,pierre sisser,\N,force 8,pierre sisser,\N,force 8,pierre sisser,\N
tt1312159,\N,\N,\N,\N,\N,\N,status: geduldet,silvana santamaria,silvana santamaria,\N,\N,\N
tt1314242,evil - in the time of heroes,yorgos noussias,petros nousias; yorgos noussias,evil: in the time of heroes,yorgos noussias,\N,to kako - stin epohi ton iroon,yorgos noussias,christos houliaras; claudio bolivar; themis katz,evil - in the time of heroes,yorgos noussias,petros nousias; yorgos noussias
tt1314246,takut: faces of fear,kimo stamboel; raditya sidharta; rako prijanto; ray nayoan; razka robby ertanto; riri riza; timo tjahjanto,brian yuzna; kimo stamboel; raditya sidharta; rako prijanto; ray nayoan; riri riza; timo tjahjanto,takut: faces of fear,ertanto robby soediskam; kimo stamboel; raditya sidharta; rako prijanto; ray nayoan; riri riza; timo tjahjanto,\N,takut: faces of fear,rako prijanto; ray nayoan; razka robby ertanto,rako prijanto; ray nayoan; riri riza,takut: faces of fear,kimo stamboel; raditya sidharta; rako prijanto; ray nayoan; razka robby ertanto; riri riza; timo tjahjanto,brian yuzna; kimo stamboel; raditya sidharta; rako prijanto; ray nayoan; riri riza; timo tjahjanto
tt13143218,\N,\N,\N,\N,\N,\N,under the sun,james kellogg,aliyu bala; austine osas,\N,\N,\N
tt13143488,girls with guts,becca kozak,\N,\N,\N,\N,girls with guts,becca kozak,\N,girls with guts,becca kozak,\N
tt1315424,\N,\N,\N,\N,\N,\N,viimeista paivaa,iiris harma; visa koisokanttila,visa koisokanttila,\N,\N,\N
tt13157732,\N,\N,\N,\N,\N,\N,we are alive,ching yau,\N,\N,\N,\N
tt13158292,toroboro: the name of the plants,manolo sarmiento,\N,\N,\N,\N,toroboro: the name of the plants,manolo sarmiento,\N,toroboro: the name of the plants,manolo sarmiento,\N
tt13161258,chekmate,\N,\N,\N,\N,\N,chekmate,\N,\N,chekmate,\N,\N
tt13167320,\N,\N,\N,\N,\N,\N,mama,bettina fainstein,bettina fainstein,\N,\N,\N
tt13178236,11 colours of the bird,vojtech kopecky,vojtech kopecky,\N,\N,\N,11 colours of the bird,vojtech kopecky,\N,11 colours of the bird,vojtech kopecky,vojtech kopecky
tt13195740,\N,\N,\N,\N,\N,\N,un dia incorrecto,juanjo martinez,juanjo martinez,\N,\N,\N
tt13196156,amityville scarecrow,jack peter mundy,shannon holiday,\N,\N,\N,amityville scarecrow,jack peter mundy,\N,amityville scarecrow,jack peter mundy,shannon holiday
tt13202854,the lobby,heinz emigholz,\N,\N,\N,\N,the lobby,heinz emigholz,\N,the lobby,heinz emigholz,\N
tt13203582,the specter of waves,mikael huot,mikael huot,\N,\N,\N,the specter of waves,mikael huot,\N,the specter of waves,mikael huot,mikael huot
tt1321874,\N,\N,\N,\N,\N,\N,zombies unleashed,richard givens,royce freeman,\N,\N,\N
tt13220764,return to the emerald city,aleksey andrianov,josh olson,\N,\N,\N,return to the emerald city,aleksey andrianov,\N,return to the emerald city,aleksey andrianov,josh olson
tt1322312,going the distance,nanette burstein,geoff latulippe,going the distance,nanette burstein,geoff latulippe,going the distance,nanette burstein,geoff latulippe,going the distance,nanette burstein,geoff latulippe
tt1325619,revue,sergei loznitsa,\N,revue,\N,\N,revue,sergei loznitsa,\N,revue,sergei loznitsa,\N
tt13266974,\N,\N,\N,\N,\N,\N,untitled netflix family comedy 2021,ritesh batra; steve carr,matthew flanagan; peter hoare; sumit arora,\N,\N,\N
tt1326799,\N,\N,\N,\N,\N,\N,it takes a village,ametra self,ametra self,\N,\N,\N
tt1326946,\N,\N,\N,\N,\N,\N,the likes of us,sandy jimenez,michael hew,\N,\N,\N
tt1327010,\N,\N,\N,\N,\N,\N,seniman desa,l inata,\N,\N,\N,\N
tt1327194,the lucky one,scott hicks,will fetters,the lucky one,scott hicks,nicholas sparks; will fetters,the lucky one,scott hicks,nicholas sparks; will fetters,the lucky one,scott hicks,will fetters
tt1327202,\N,\N,\N,\N,\N,\N,state of rock,anthony arkin,\N,\N,\N,\N
tt13272770,untitled rick famuyiwa project,rick famuyiwa,\N,\N,\N,\N,untitled rick famuyiwa project,rick famuyiwa,\N,untitled rick famuyiwa project,rick famuyiwa,\N
tt13276494,k9,vahid vakilifar,vahid vakilifar,\N,\N,\N,k9,vahid vakilifar,\N,k9,vahid vakilifar,vahid vakilifar
tt1328604,boys briefs 5: schoolboys,daniel ribeiro; dave snyder; jeff warden; lisa marie gamlem; magnus mork; soman chainani,\N,\N,\N,\N,boys briefs 5: schoolboys,lisa marie gamlem; magnus mork; soman chainani,\N,\N,\N,\N
tt1328615,\N,\N,\N,\N,\N,\N,demon joe,brian lee moore,brian lee moore; s thomas arthur,\N,\N,\N
tt13310936,thimmarusu: assignment vali,sharan koppisetty,mg srinivas; sharan koppisetty,thimmarusu,\N,\N,thimmarusu: assignment vali,sharan koppisetty,\N,thimmarusu: assignment vali,sharan koppisetty,sharan koppisetty; veda vyas
tt1332587,\N,\N,\N,\N,\N,\N,rowdilaki rowdeelu,ksr das,\N,\N,\N,\N
tt1333039,too dead to die,jason roth,jason roth,\N,\N,\N,too dead to die,jason roth,\N,too dead to die,jason roth,jason roth
tt1333631,art & copy,doug pray,\N,art & copy,doug pray,\N,art & copy,doug pray,gregory beauchamp; kirk souder; timothy j sexton,art & copy,doug pray,\N
tt13345130,\N,\N,\N,\N,\N,\N,portrait of a lesser brother,adam thom,adam thom; mark maxwell,\N,\N,\N
tt13345182,\N,\N,\N,\N,\N,\N,a christmas cheer,\N,charles dickens; clint ford,\N,\N,\N
tt13353520,\N,\N,\N,\N,\N,\N,life is family,yeeshai gross,matt scott; yeeshai gross,\N,\N,\N
tt13365078,\N,\N,\N,\N,caro lobig,\N,wildherz,caro lobig,\N,\N,\N,\N
tt13372218,\N,binzhu zhang; chuanguang zhu,\N,\N,\N,\N,\N,binzhu zhang; chuanguang zhu,\N,\N,binzhu zhang; chuanguang zhu,\N
tt1337635,\N,\N,\N,\N,\N,\N,i'd rather...,eric rywalski,eric rywalski,\N,\N,\N
tt1337644,\N,\N,\N,\N,\N,\N,isang lahi: pearls from the orient,jp tanchanco,ayee domingo; marthy angue; zoilo barrel,\N,\N,\N
tt1337678,operai,monica repetto; pietro balla,\N,\N,\N,\N,operai,monica repetto; pietro balla,\N,operai,monica repetto; pietro balla,\N
tt13378004,trondheim captured on film - part 3,\N,\N,\N,\N,\N,trondheim captured on film - part 3,\N,\N,trondheim captured on film - part 3,\N,\N
tt13387604,checkered ninja 2,anders matthesen; thorbjrn christoffersen,anders matthesen,checkered ninja 2,\N,\N,checkered ninja 2,anders matthesen; thorbjrn christoffersen,anders matthesen,checkered ninja 2,anders matthesen; thorbjrn christoffersen,anders matthesen
tt13387738,\N,\N,\N,\N,\N,\N,tottenham hotspur vs chelsea,\N,\N,\N,\N,\N
tt1339556,\N,\N,\N,\N,\N,\N,mandala - il simbolo,max leonida,giorgio biavati; max leonida,\N,\N,\N
tt13400076,\N,\N,\N,\N,\N,\N,jinjiimaa,\N,\N,\N,\N,\N
tt13400316,\N,\N,\N,\N,\N,\N,home james,\N,paul james houghton,\N,\N,\N
tt13404340,the phantoms,logan thomas,\N,\N,\N,\N,the phantoms,logan thomas,\N,the phantoms,logan thomas,\N
tt1341167,four lions,chris morris,chris morris; jesse armstrong; sam bain; simon blackwell,four lions,chris morris,chris morris; jesse armstrong; sam bain,four lions,christopher morris,christopher morris; jesse armstrong; sam bain,four lions,chris morris,chris morris; jesse armstrong; sam bain; simon blackwell
tt13416828,\N,\N,\N,\N,\N,\N,the heart breaker (zurkheer naadagch),\N,ganchimeg altanginj,\N,\N,\N
tt13417116,be my baby,yoo jongseok,yoo jongseok,\N,\N,\N,be my baby,yoo jongseok,\N,be my baby,yoo jongseok,yoo jongseok
tt1341732,in the shadows,dan glynn,\N,\N,\N,\N,in the shadows,dan glynn,\N,in the shadows,dan glynn,\N
tt13417396,\N,\N,\N,\N,\N,\N,los angeles football club vs real salt lake,\N,\N,\N,\N,\N
tt13417584,\N,\N,\N,\N,\N,\N,los 7 de lucifer,eduardo castejon,eduardo castejon,\N,\N,\N
tt1341809,\N,\N,\N,\N,\N,\N,sinbad,\N,john j mclaughlin,\N,\N,\N
tt13423490,\N,\N,\N,\N,\N,\N,lazio vs roma,\N,\N,\N,\N,\N
tt1342378,the girl,fredrik edfeldt,karin arrhenius,the girl,fredrik edfeldt,karin arrhenius,the girl,fredrik edfeldt,karin arrhenius,the girl,fredrik edfeldt,karin arrhenius
tt13428000,\N,\N,\N,\N,\N,\N,passport preachers,alejandro de hoyos,\N,\N,\N,\N
tt1343023,avoue que tu mens,serge roullet,serge roullet,\N,\N,\N,avoue que tu mens,serge roullet,\N,avoue que tu mens,serge roullet,serge roullet
tt1343089,the garden of sinners: oblivion recording,takahiro miura,masaki hiramatsu,the garden of sinners: oblivion recording,takahiro miura,\N,the garden of sinners: oblivion recording,takahiro miura,\N,the garden of sinners: oblivion recording,takahiro miura,masaki hiramatsu
tt13432938,meltdown,fredric golding,fredric golding,\N,\N,\N,meltdown,fredric golding,\N,meltdown,fredric golding,fredric golding
tt13438392,\N,\N,\N,\N,\N,\N,bullyproof,shane abbess,tim keen,\N,\N,\N
tt13438628,romance in the wilds,justin g dyck,james foti,\N,\N,\N,romance in the wilds,justin g dyck,\N,romance in the wilds,justin g dyck,james foti
tt1344662,\N,\N,\N,\N,\N,\N,simon girty: crossing over,anne marie goodfellow,\N,\N,\N,\N
tt1344690,\N,\N,\N,\N,\N,\N,between the water and the wood,molly busch; patty busch,patty busch,\N,\N,\N
tt13464586,\N,\N,\N,\N,\N,\N,muttina pallakki,md kaushik,keshava reddy,\N,\N,\N
tt13465976,9 fugas,fon cortizo,fon cortizo,\N,\N,\N,9 fugas,fon cortizo,\N,9 fugas,fon cortizo,fon cortizo
tt1346850,shrill cries: reshuffle,ataru oikawa,ataru oikawa,when they cry: reshuffle,ataru oikawa,\N,shrill cries: reshuffle,ataru oikawa,ataru oikawa; ryukishi07,shrill cries: reshuffle,ataru oikawa,ataru oikawa
tt1347175,\N,\N,\N,\N,\N,\N,night for day,russ camarda,russ camarda,\N,\N,\N
tt13496386,genesis impact,brett varvel,daniel a biddle,\N,\N,\N,genesis impact,brett varvel,\N,genesis impact,brett varvel,daniel a biddle
tt13502992,\N,\N,\N,\N,\N,\N,the far green country 2: at road's end,eli pyke,\N,\N,\N,\N
tt13503078,\N,\N,\N,\N,\N,\N,kothoka vintha,bv ramana,\N,\N,\N,\N
tt1350546,redemption,joseph p stachura,joseph p stachura,\N,\N,\N,redemption,joseph p stachura,joseph p stachura,redemption,joseph p stachura,joseph p stachura
tt1350908,\N,\N,\N,\N,\N,\N,bandhan,kazi zahir,\N,\N,\N,\N
tt1351653,\N,\N,\N,\N,\N,\N,moira orfei amore e fiori,carlo bevilacqua; francesco di loreto,carlo bevilacqua; francesco di loreto,\N,\N,\N
tt1351767,changes,tomas rehorek,tomas rehorek,promeny,tomas rehorek,tomas rehorek,changes,tomas rehorek,\N,changes,tomas rehorek,tomas rehorek
tt13531012,\N,\N,\N,\N,\N,\N,the unload,keenan wetzel,keenan wetzel,\N,\N,\N
tt13533622,zo in exile,dylan okeefe,dylan okeefe,\N,\N,\N,zo in exile,dylan okeefe,\N,zo in exile,dylan okeefe,dylan okeefe
tt1354030,\N,\N,\N,manku thimma,h r bhargava,chi udaya shankar,mankuthimma,bhargava,bhargava; chi udayashankar,\N,\N,\N
tt1354065,\N,\N,\N,\N,\N,\N,rustom jodi,k vijayan,\N,\N,\N,\N
tt13545702,karalahti,juuso syrja,joona louhivuori; mika karttunen,karalahti,juuso syrja,\N,karalahti,juuso syrja,joona louhivuori; mika karttunen,karalahti,juuso syrja,joona louhivuori; mika karttunen
tt13550894,yuna 3: everything erogenous/yuna ogura,\N,\N,\N,\N,\N,yuna 3: everything erogenous/yuna ogura,\N,\N,\N,\N,\N
tt13551400,\N,\N,\N,\N,\N,\N,youthful jiggly panic!? 2nd o airi shima,\N,\N,\N,\N,\N
tt13554922,manolino nguema,antonio grunfeld,\N,\N,\N,\N,manolino nguema,antonio grunfeld,\N,manolino nguema,antonio grunfeld,\N
tt13563504,krodham 2,prem menon,prem menon,krodham 2,prem menon,\N,krodham 2,prem menon,\N,krodham 2,prem menon,piraisoodan
tt13565016,\N,\N,\N,\N,\N,\N,the fall of berlin,\N,daniel diehl; mark donnelly,\N,\N,\N
tt13567080,\N,\N,\N,\N,\N,\N,derriere le paravent,ivan heidsieck,ivan heidsieck,\N,\N,\N
tt1356799,\N,\N,\N,\N,\N,\N,kakolyri 5/44... i istoria mias meras,stavros ioannou,afroditi pavlaki; stavros ioannou,\N,\N,\N
tt1356917,lost and found command: rebels without because,tony y reyes,felix e dalay; tony y reyes,\N,\N,\N,lost and found command: rebels without because,tony y reyes,\N,lost and found command: rebels without because,tony y reyes,felix e dalay; tony y reyes
tt1356982,\N,\N,\N,\N,\N,\N,the time traveller,christopher kilcullen; stephen kilcullen,christopher kilcullen; stephen kilcullen,\N,\N,\N
tt13570568,\N,\N,\N,\N,\N,\N,the allergy,jordan smith,jordan smith,\N,\N,\N
tt1358138,\N,\N,\N,\N,\N,\N,beyond the dream: the joey buran story,matt katsolis; nic mclean,matt katsolis; nic mclean,\N,\N,\N
tt13582408,\N,\N,\N,\N,\N,\N,boxing stories,alain tshinza,alain tshinza,\N,\N,\N
tt1360190,\N,\N,\N,\N,\N,\N,die nordend strasse,daniel bolda,\N,\N,\N,\N
tt13611066,\N,\N,\N,\N,\N,\N,super saints,\N,lester barrie,\N,\N,\N
tt13620762,\N,\N,\N,\N,\N,\N,madrid is it,antonio mendez esparza,clara roquet; juan jose millas,\N,\N,\N
tt13623020,\N,\N,\N,\N,\N,\N,control,ricky mk,ricky mk,\N,\N,\N
tt13624028,\N,\N,\N,\N,\N,\N,revenge of the exorcist,yoshi,yoshi,\N,\N,\N
tt13633730,\N,\N,\N,\N,\N,\N,awake,christian caputo,christian caputo; david grace,\N,\N,\N
tt13651860,\N,\N,\N,\N,\N,\N,cosmic sunday,\N,macmillan hedges,\N,\N,\N
tt1365451,drama,matias lira,eliseo altunaga; matias lira; sebastian arrau,drama,matias lira,\N,drama,matias lira,eliseo altunaga; matias lira; sebastian arrau,drama,matias lira,eliseo altunaga; matias lira; sebastian arrau
tt13656182,a beautiful day,danis karaisaridis; yorgos paterakis,\N,\N,\N,\N,a beautiful day,danis karaisaridis; yorgos paterakis,\N,a beautiful day,danis karaisaridis; yorgos paterakis,\N
tt13660452,\N,\N,\N,\N,\N,\N,born behind bars,malati rao,\N,\N,\N,\N
tt13661068,\N,\N,\N,\N,\N,\N,the truth and nothing but the truth,khashayar mostafavi,khashayar mostafavi,\N,\N,\N
tt13666282,song of the reed,wu hsiuching,\N,song of the reed,\N,\N,song of the reed,wu hsiuching,\N,song of the reed,wu hsiuching,\N
tt13670962,\N,\N,\N,\N,\N,\N,how to save your soul (living in the world of rock and roll),\N,kim jones; sharon paul,\N,\N,\N
tt13672900,\N,\N,\N,\N,\N,\N,the story of our journey,esther michela,csaba jevticsomlai; dylan findley; garrett wesley gibbons,\N,\N,\N
tt13676948,drifted in life,lianlian shen,lianlian shen; qianli sha; xinyi cao,\N,\N,\N,drifted in life,lianlian shen,\N,drifted in life,lianlian shen,lianlian shen; qianli sha; xinyi cao
tt13683442,\N,\N,\N,azhagiya asura,\N,\N,azhagiya asura,nagu,\N,\N,\N,\N
tt13684476,\N,\N,\N,\N,\N,\N,theenda theenda,ab mughan,ab mughan,\N,\N,\N
tt13685456,sangre en nueva york,jose antonio torres,edwin marcial,\N,\N,\N,sangre en nueva york,jose antonio torres,\N,sangre en nueva york,jose antonio torres,edwin marcial
tt13701810,\N,\N,\N,\N,\N,\N,kaali maati,hemantkumar mahale,anil raut; hemantkumar mahale,\N,\N,\N
tt13705684,\N,\N,\N,\N,\N,\N,chnchik,aram shahbazyan,ara mnatsakanyan; harutyun kbeyan; mariam asryan,\N,\N,\N
tt1370856,\N,\N,\N,\N,\N,\N,the gift of time,francis james,\N,\N,\N,\N
tt1370865,\N,\N,\N,\N,\N,\N,in color,joey poach,daniel satinoff; joey poach,\N,\N,\N
tt1373147,hombisilu,geethapriya,geethapriya,hombisilu,geethapriya,\N,hombisilu,geethapriya,\N,hombisilu,geethapriya,geethapriya
tt13733886,\N,\N,\N,\N,\N,\N,la paz,tomas pinzon lucena,tomas pinzon lucena,\N,\N,\N
tt13742930,soak,usama alshaibi,usama alshaibi,\N,\N,\N,soak,usama alshaibi,\N,soak,usama alshaibi,usama alshaibi
tt13745292,\N,\N,\N,\N,\N,\N,werewolf parallel,\N,roy gill,\N,\N,\N
tt13751060,\N,\N,\N,\N,\N,\N,absolute faith (the faith trilogy 3),\N,k cornell kellum; karis lamb,\N,\N,\N
tt13774330,\N,\N,\N,\N,\N,\N,arturo in love,\N,christine conrad,\N,\N,\N
tt13793498,nabab llb,anonno mamun,anonno mamun,nabab llb,anonno mamun,\N,nabab llb,anonno mamun; k m rasheduzzaman rafi,anonno mamun; dipankar dipon; k m rasheduzzaman rafi,nabab llb,anonno mamun,anonno mamun
tt13819898,\N,\N,\N,\N,\N,\N,elephant bill,\N,keith r clarke,\N,\N,\N
tt13834540,\N,\N,\N,\N,\N,\N,black america buried,roodmy poulard,arthur j evans; roodmy poulard,\N,\N,\N
tt13846540,red island,robin campillo,gilles marchand; robin campillo,red island,robin campillo,gilles marchand; robin campillo,red island,robin campillo,\N,red island,robin campillo,gilles marchand; robin campillo
tt1385612,ouija board,matt stone,matt stone,\N,\N,\N,ouija board,matt stone,matt stone,ouija board,matt stone,matt stone
tt13857702,\N,\N,\N,\N,\N,\N,directing remotely and filmmaking during the pandemic: the making of a wall away,kirk zeller; phil gorn,kirk zeller; phil gorn,\N,\N,\N
tt13857760,\N,\N,\N,\N,\N,\N,the ladyboy story,jane snijders,\N,\N,\N,\N
tt13858010,\N,\N,\N,\N,\N,\N,a musica do tempo - do sonho do imperio ao imperio do sonho,joao velho,\N,\N,\N,\N
tt13872098,\N,\N,\N,\N,\N,\N,this is not dying,wendi morrison,keith w merritt; wendi morrison,\N,\N,\N
tt13872466,tropical gothic,isabel sandoval,isabel sandoval,\N,\N,\N,tropical gothic,isabel sandoval,\N,tropical gothic,isabel sandoval,isabel sandoval
tt1387528,popieluszko: freedom is within us,rafa wieczynski,rafa wieczynski,popieluszko: freedom is within us,rafa wieczynski,\N,popieluszko. wolnosc jest w nas,rafal wieczynski,rafal wieczynski,popieluszko: freedom is within us,rafa wieczynski,rafa wieczynski
tt13882910,\N,\N,\N,\N,\N,\N,espectros,juan lopez lopez,\N,\N,\N,\N
tt13891048,the dream of the useless,jose marques de carvalho jr,jose marques de carvalho jr,\N,\N,\N,the dream of the useless,jose marques de carvalho jr,\N,the dream of the useless,jose marques de carvalho jr,jose marques de carvalho jr
tt13891744,\N,\N,\N,\N,\N,\N,quelle ile?,eric watt,\N,\N,\N,\N
tt1389504,\N,\N,\N,\N,\N,\N,jagath jentreelu,lakshmi deepak,\N,\N,\N,\N
tt1389510,jouissances garanties,alain payet,\N,\N,\N,\N,jouissances garanties,alain payet,\N,\N,\N,\N
tt13899440,\N,\N,\N,\N,\N,\N,the people who suspend,lukas k larson,lukas k larson,\N,\N,\N
tt13905508,\N,\N,\N,\N,\N,\N,sengo-ha oyaji,torajiro saito,rokusuke yu,\N,\N,\N
tt13907264,\N,\N,\N,sri naga shakthi,sai prakash,\N,sri naga shakthi,om sai prakash,gotoori; om sai prakash,\N,\N,\N
tt13913926,\N,\N,\N,\N,\N,\N,seb en papouasie,francis leduc,\N,\N,\N,\N
tt1392259,veeradhi veera,vijay reddy,m d sundar,veeradhi veera,c m vijay,\N,veeradhi veera,vijay reddy,\N,veeradhi veera,vijay reddy,m d sundar
tt13935548,\N,\N,\N,\N,\N,\N,work in progress,\N,elizabeth mihelich; joe cabello; shane hartline,\N,\N,\N
tt1396224,\N,\N,\N,siri raja siri,somaratne dissanayake,\N,siri raja siri,somaratne dissanayake,somaratne dissanayake,\N,\N,\N
tt13968022,\N,\N,\N,\N,\N,\N,zombie asylum,jason wright,\N,\N,\N,\N
tt13969962,\N,\N,\N,\N,\N,\N,kale v,glen david miller; gunnar garrett,gunnar garrett,\N,\N,\N
tt13973390,\N,\N,\N,\N,\N,\N,jane in love,elissa down,rachel givney,\N,\N,\N
tt13977868,georama boy panorama girl,natsuki seta,natsuki seta,\N,\N,\N,georama boy panorama girl,natsuki seta,\N,georama boy panorama girl,natsuki seta,natsuki seta
tt13982842,\N,\N,\N,\N,\N,\N,the sky is blue like an orange,caveh zahedi,arnold barkus; caveh zahedi,\N,\N,\N
tt13988386,3.30 pm,ludwig wust,ludwig wust,\N,\N,\N,3.30 pm,ludwig wust,\N,3.30 pm,ludwig wust,ludwig wust
tt13988678,bosco,alicia cano menoni,alicia cano menoni,\N,\N,\N,bosco,alicia cano menoni,\N,bosco,alicia cano menoni,alicia cano menoni
tt1398949,blank city,celine danhier,celine danhier,blank city,celine danhier,\N,blank city,celine danhier,\N,blank city,celine danhier,celine danhier
tt13993546,\N,\N,\N,\N,\N,\N,nada s.a.,caye casas,caye casas,\N,\N,\N
tt13998560,\N,\N,\N,\N,\N,\N,thomastown sharps,cameron james miller,peter gawler,\N,\N,\N
tt14008324,\N,\N,\N,\N,\N,\N,loving sara,\N,\N,\N,\N,\N
tt14017278,our lies and truths: documentary of keyakizaka46,eiki takahashi,\N,our lies and truths: documentary of keyakizaka46,eiki takahashi,\N,our lies and truths: documentary of keyakizaka46,eiki takahashi,\N,our lies and truths: documentary of keyakizaka46,eiki takahashi,\N
tt14018772,\N,\N,\N,\N,\N,\N,break hit - quand le geste defie l'espace,denis ramos; jerome decol,denis ramos; jerome decol,\N,\N,\N
tt14021922,\N,\N,\N,\N,\N,\N,a soldier's tale,mark miko,\N,\N,\N,\N
tt14022054,\N,\N,\N,\N,\N,\N,on the wall,denis ramos; jerome decol,denis ramos; jerome decol,\N,\N,\N
tt1402532,naba janma,sachin mukherjee,\N,naba janma,sachin mukherjee,\N,naba janma,sachin mukherjee,\N,naba janma,sachin mukherjee,\N
tt14033522,\N,\N,\N,\N,\N,\N,la profecia de el aguila y el condor,germano di mattia,germano di mattia,\N,\N,\N
tt14036690,\N,\N,\N,\N,\N,\N,palai palai,osman miraz,tarin rahman,\N,\N,\N
tt1403861,shadow play: the making of anton corbijn,josh whiteman,josh whiteman,\N,\N,\N,shadow play: the making of anton corbijn,josh whiteman,\N,shadow play: the making of anton corbijn,josh whiteman,josh whiteman
tt1404074,phera,parthasarathi joarddar,\N,phera,parthasarathi joardar,\N,phera,parthasarathi joarddar,\N,phera,parthasarathi joarddar,\N
tt14044046,\N,\N,\N,\N,\N,\N,the king and i,\N,margaret landon; oscar hammerstein ii; richard rodgers,\N,\N,\N
tt14054848,\N,\N,\N,\N,\N,\N,padaippalan,prabhuraja,prabhuraja,\N,\N,\N
tt14063668,dictionary,bratya basu,bratya basu; buddhadeb guha; ujjal chatterjee,\N,\N,\N,dictionary,bratya basu,\N,dictionary,bratya basu,bratya basu; buddhadeb guha; ujjal chatterjee
tt1407164,revenge of a lady fighter,jun aristorenas,greg macabenta,\N,\N,\N,revenge of a lady fighter,jun aristorenas,\N,revenge of a lady fighter,jun aristorenas,greg macabenta
tt1407226,\N,\N,\N,janmadata,\N,\N,janmadata,khd rao,prafulla rath,\N,\N,\N
tt1407251,mun tume o se,kumar anand,jayant kumar; kumar anand,mu tume o se,\N,\N,mun tume o se,kumar anand,\N,mun tume o se,kumar anand,kumar anand; rabi sadangi
tt14074042,\N,\N,\N,\N,\N,\N,"death, my darling",jarrod van hauen,jarrod van hauen; mike barkhoff,\N,\N,\N
tt14075518,\N,\N,\N,\N,\N,\N,ip lee han,\N,javier vera,\N,\N,\N
tt14077250,\N,\N,\N,\N,\N,\N,sewenetwa,sewmehon yismaw,\N,\N,\N,\N
tt1408086,\N,\N,\N,\N,\N,\N,shukradeshe,aruru pattabhi,\N,\N,\N,\N
tt14081126,"sangue, amor e neve",jeronimo geberlotti,jeronimo geberlotti,\N,\N,\N,"sangue, amor e neve",jeronimo geberlotti,\N,"sangue, amor e neve",jeronimo geberlotti,jeronimo geberlotti
tt14090546,\N,\N,\N,jamboo savari,\N,sudheer varma,jamboo savari,venugopal,sudheer varma,\N,\N,\N
tt1409815,\N,\N,\N,\N,\N,\N,we'll be out by christmas,\N,brian regan; kristen buckley,\N,\N,\N
tt1410246,the maharajah of bangmor,\N,\N,\N,\N,\N,the maharajah of bangmor,\N,\N,\N,\N,\N
tt14106290,\N,\N,\N,\N,\N,\N,panorama: a right royal shambles?,alice perman,\N,\N,\N,\N
tt14108010,\N,\N,\N,\N,\N,\N,deceptive,jay jones; kareem rich jr,jay jones; kareem rich jr,\N,\N,\N
tt14110690,vanakkamda mappilei,m rajesh,m rajesh,vanakkam da mappilei,m rajesh,\N,vanakkam da mappilei,m rajesh,m rajesh,vanakkamda mappilei,m rajesh,m rajesh
tt1411713,jaga hatare pagha,mohammad mohsin,mohammad mohsin,jaga hatare pagha,mohammad mohsin,mohammad mohsin,jaga hatare pagha,mohammad mohsin,\N,jaga hatare pagha,mohammad mohsin,mohammad mohsin; subodh pattnaik
tt14122278,cara vista,tricia grashaw,todd theman,\N,\N,\N,cara vista,tricia grashaw,\N,cara vista,tricia grashaw,todd theman
tt14125262,love thing,anika decker,anika decker,love thing,anika decker,\N,liebesdings,anika decker,anika decker,love thing,anika decker,anika decker
tt1412531,\N,\N,\N,\N,\N,\N,the adventures of noah sife: volume 1,david wendell boykins; noah sife,noah sife,\N,\N,\N
tt1412561,\N,\N,\N,\N,\N,\N,the separation on state street,robert st mary,robert st mary,\N,\N,\N
tt14126724,\N,\N,\N,\N,\N,\N,the empire of ebony,lisa cortes,\N,\N,\N,\N
tt14129454,you can never go home again,bobby peoples; renee s warren peoples,charles morris jr; harel goldstein; rebecca weaver,\N,\N,\N,you can never go home again,bobby peoples; renee s warren peoples,\N,you can never go home again,bobby peoples; renee s warren peoples,charles morris jr; harel goldstein; rebecca weaver
tt14130154,\N,\N,\N,\N,\N,\N,caribou village,roseita royce,roseita royce,\N,\N,\N
tt1413851,\N,\N,\N,\N,\N,\N,spanish woman's guide to finding a good man,jeffrey andre,badley alcime,\N,\N,\N
tt14140740,what killed maradona?,nick clarke powell,jeremy philips,\N,\N,\N,what killed maradona?,keely winstone; nick clarke powell,nick clarke powell,what killed maradona?,nick clarke powell,jeremy philips
tt14153584,\N,\N,\N,\N,\N,\N,cerro quemado,juan pablo ruiz,juan pablo ruiz,\N,\N,\N
tt14169156,\N,\N,\N,\N,\N,\N,anti bullying united documentary,chris john livermore; ross heath,\N,\N,\N,\N
tt1417034,the gift of pachamama,toshifumi matsushita,\N,el regalo de la pachamama,toshifumi matsushita,\N,el regalo de la pachamama,toshifumi matsushita,toshifumi matsushita,the gift of pachamama,toshifumi matsushita,\N
tt1417054,the odd one out,johan timmers,\N,the odd one out,johan timmers,maria goos,the odd one out,johan timmers,\N,the odd one out,johan timmers,\N
tt1418252,\N,\N,\N,\N,\N,\N,sanskara,udaya shankar das,\N,\N,\N,\N
tt14183024,\N,\N,\N,\N,\N,\N,horseplay: loving ponies,sandy lynn smith,arrow james,\N,\N,\N
tt14183904,\N,\N,\N,\N,\N,\N,death list,ronald koontz,ronald koontz,\N,\N,\N
tt14188294,\N,\N,\N,chamkaisi chindi udaysi,\N,\N,chamkaisi chindi udaisi,ar babu,manju mandavya,\N,\N,\N
tt14210948,\N,\N,\N,\N,\N,\N,dara,agha ga gul,\N,\N,\N,\N
tt14212580,fast fashion - les dessous de la mode a bas prix,edouard perrin; gilles bovon,\N,fast fashion: the real price of low-cost fashion,edouard perrin; gilles bovon,\N,fast fashion - les dessous de la mode a bas prix,edouard perrin; gilles bovon,\N,fast fashion - les dessous de la mode a bas prix,edouard perrin; gilles bovon,\N
tt14214940,\N,\N,\N,\N,\N,\N,the hit boys,frazier prince,phil jordan,\N,\N,\N
tt14216534,\N,\N,\N,\N,\N,\N,the unbeloved,amina harrar; marc bruynbroeklautal,marc bruynbroeklautal,\N,\N,\N
tt14217026,a santa joana dos matadouros,joao sousa cardoso,antonio preto; bertolt brecht; joao sousa cardoso,\N,\N,\N,a santa joana dos matadouros,joao sousa cardoso,\N,a santa joana dos matadouros,joao sousa cardoso,antonio preto; bertolt brecht; joao sousa cardoso; regina guimaraes
tt1422602,\N,yiorgos drossis,yiorgos drossis,\N,\N,\N,\N,yiorgos drossis,\N,\N,yiorgos drossis,yiorgos drossis
tt1422712,\N,\N,\N,\N,\N,\N,oi roma sti thraki,kostas koumaridis,thanasis houpis,\N,\N,\N
tt14230306,\N,\N,\N,\N,\N,\N,dil deewana,\N,\N,\N,\N,\N
tt14230740,\N,\N,\N,\N,\N,\N,malka,\N,\N,\N,\N,\N
tt14231706,\N,\N,\N,\N,\N,\N,ogo bideshini,joy mukherjee,\N,\N,\N,\N
tt14243068,\N,\N,\N,\N,\N,\N,medea instinct,heidi ann frick,heidi ann frick,\N,\N,\N
tt14246460,\N,\N,\N,\N,\N,\N,purana papi,\N,\N,\N,\N,\N
tt1424791,\N,\N,\N,\N,\N,\N,high or dry,brodie higgs,\N,\N,\N,\N
tt14250244,\N,\N,\N,\N,\N,\N,big tobasco: the enlightenment,\N,eric greenbaum; jake schick; kenny andrew,\N,\N,\N
tt14260794,\N,\N,\N,\N,\N,\N,sasuchi varat sunechya daarat,ns patil,\N,\N,\N,\N
tt14266488,\N,\N,\N,hathara varan,\N,\N,hathara waran,chathura perera; suresh kumarasinghecodirector,chathura perera dialogue; chathura perera screenplay; chathura perera story; suresh kumarasinghe screenplay,\N,\N,\N
tt14272136,\N,\N,\N,\N,\N,\N,nexus: la secta,nicolas iaciancio,nicolas iaciancio,\N,\N,\N
tt1427700,\N,\N,\N,\N,\N,\N,the asylum,armand kajangue,armand kajangwe,\N,\N,\N
tt14285460,\N,\N,\N,\N,\N,\N,agrahara,akshaya,akshaya,\N,\N,\N
tt1429409,\N,\N,\N,\N,\N,\N,une si jolie petite fille,jacques peroni,jacques peroni,\N,\N,\N
tt14296338,\N,\N,\N,blippi's snowflake scavenger hunt,\N,\N,blippi's snowflake scavenger hunt,bryce fishman,stevin john,\N,\N,\N
tt14308892,to the journey: looking back at star trek: voyager,david zappone,\N,\N,\N,\N,to the journey: looking back at star trek: voyager,david zappone,\N,to the journey: looking back at star trek: voyager,david zappone,\N
tt1431005,\N,\N,\N,\N,\N,\N,armi nostre,\N,\N,\N,\N,\N
tt1431108,\N,\N,\N,\N,\N,\N,maa voollo mahashivudu,\N,\N,maa voollo mahashivudu,\N,\N
tt1431142,in the name of the law,mukhtar dadashev,mukhtar dadashev,qanun namina,mukhtar dadashev,mukhtar dadashev,in the name of the law,mukhtar dadashev,\N,in the name of the law,mukhtar dadashev,mukhtar dadashev
tt14315640,trans los angeles,kase pena,kase pena,\N,\N,\N,trans los angeles,kase pena,\N,trans los angeles,kase pena,kase pena
tt14315814,\N,\N,\N,\N,\N,\N,worlds best holiday commericals 2,anthony hudson,\N,\N,\N,\N
tt14318244,\N,\N,\N,\N,\N,\N,deyta yarana wai,\N,\N,\N,\N,\N
tt1433528,henri-georges clouzot's inferno,ruxandra medrea; serge bromberg,serge bromberg,henri-georges clouzot's inferno,ruxandra medrea; serge bromberg,serge bromberg,henri-georges clouzot's inferno,ruxandra medrea; serge bromberg,ruxandra medrea; serge bromberg,henri-georges clouzot's inferno,ruxandra medrea; serge bromberg,serge bromberg
tt1433804,\N,\N,\N,\N,\N,\N,backward,max leonida,max leonida; randi ingerman,\N,\N,\N
tt14350480,\N,\N,\N,\N,\N,\N,faraib,\N,\N,\N,\N,\N
tt14362502,princess,roberto de paolis,roberto de paolis,princess,roberto de paolis,roberto de paolis,princess,roberto de paolis,roberto de paolis,princess,roberto de paolis,roberto de paolis
tt1436347,\N,\N,\N,\N,\N,\N,cockhammer,kevin strange,kevin strange,\N,\N,\N
tt14371752,\N,\N,\N,\N,\N,\N,jesus heist,\N,\N,\N,\N,\N
tt1437200,\N,\N,\N,\N,\N,\N,chronicle of a kidnap,nurit kedar,nurit kedar,\N,\N,\N
tt14389674,buns,oleg asadulin,konstantin trofimov; mikhail zubko,rolls,oleg asadulin,\N,buns,oleg asadulin,\N,buns,oleg asadulin,konstantin trofimov; mikhail zubko
tt14398828,el hombre que pudo salvar la vida de michael jackson por segunda vez,david chaumel,david chaumel; jorge chaumel,\N,\N,\N,el hombre que pudo salvar la vida de michael jackson por segunda vez,david chaumel,\N,el hombre que pudo salvar la vida de michael jackson por segunda vez,david chaumel,david chaumel; jorge chaumel
tt1440245,\N,\N,\N,mahanayak,debu pattnaik; sudhanshu mohan sahu,\N,mahanayak,debu pattnaik; sudhanshu sahu,debu pattnaik; subodh pattanaik,\N,\N,\N
tt14403860,\N,jingcheng pan,quanlai ma,\N,\N,\N,\N,jingcheng pan,\N,\N,jingcheng pan,quanlai ma
tt14404384,\N,\N,\N,\N,\N,\N,sonata del pajarillo,heitters diaz,heitters diaz; tony gonzalez,\N,\N,\N
tt14412532,the rapist,aparna sen,aparna sen,the rapist,aparna sen,\N,the rapist,aparna sen,aparna sen; hussain haidry; rohini ghosh,the rapist,aparna sen,aparna sen; hussain haidry
tt14416318,\N,\N,\N,\N,\N,\N,wan'e zhi fu,nam hoi sapsam long,nam hoi sapsam long,\N,\N,\N
tt1442012,\N,\N,\N,\N,\N,\N,beyond breast cancer: stories of survivors,vivian umino,\N,\N,\N,\N
tt1442223,the sandman and the lost sand of dreams,jesper mller; sinem sakaoglu,jan strathmann; katharina reschke,the sandman and the lost sand of dreams,jesper mller; sinem sakaoglu,jan strathmann; katharina reschke,das sandmannchen - abenteuer im traumland,helmut fischer; jesper mller; sinem sakaoglu,elke webermoore; jan strathmann; katharina reschke,the sandman and the lost sand of dreams,jesper mller; sinem sakaoglu,jan strathmann; katharina reschke
tt1442327,\N,\N,\N,\N,\N,\N,recordplay,simon assmann,simon assmann,\N,\N,\N
tt1444683,\N,\N,\N,\N,\N,\N,cross country,\N,paul fielding; timothy fielding,\N,\N,\N
tt14464238,\N,\N,\N,\N,\N,\N,ultimo cha,david kullock,\N,\N,\N,\N
tt14484750,\N,\N,\N,\N,\N,\N,maa ne vahlo dikaro dikrane vahali maa,batuk thakor,\N,\N,\N,\N
tt14484874,\N,\N,\N,\N,\N,\N,hunter,thriller manju,thriller manju,\N,\N,\N
tt1449384,\N,\N,\N,\N,\N,\N,der die das,sophie narr,\N,\N,\N,\N
tt14502682,\N,\N,\N,\N,\N,\N,kaydo,atul makwana,\N,\N,\N,\N
tt1450330,roadie,michael cuesta,gerald cuesta; michael cuesta,roadie,michael cuesta,\N,roadie,michael cuesta,gerald cuesta; michael cuesta,roadie,michael cuesta,gerald cuesta; michael cuesta
tt1451747,\N,\N,\N,\N,\N,\N,women in horseracing: the bettye gabriel story,margaret j orlando,\N,\N,\N,\N
tt14521374,\N,\N,\N,\N,\N,\N,inka emi anukoleduu,sreekarababu,\N,\N,\N,\N
tt14532686,\N,\N,\N,\N,\N,\N,a semi serious time,\N,marissa lessman; melanie field,\N,\N,\N
tt14548836,\N,\N,\N,\N,\N,\N,grimy season,\N,\N,\N,\N,\N
tt14550270,urge,peter mcneil,peter mcneil,\N,\N,\N,urge,peter mcneil,\N,urge,peter mcneil,peter mcneil
tt14577870,\N,\N,\N,\N,\N,\N,hang hang chu zhuang yuan,chung sun,tienyung hsu,\N,\N,\N
tt14579368,\N,\N,\N,\N,\N,\N,zygmunt hubner. gra z rzeczywistoscia,edyta wroblewska,edyta wroblewska,\N,\N,\N
tt14583986,\N,\N,\N,\N,\N,\N,zombie!,jon cross,jon cross,\N,\N,\N
tt14586500,kylie jenner: billion dollar baby,danielle winter,\N,\N,\N,\N,kylie jenner: billion dollar baby,danielle winter,\N,kylie jenner: billion dollar baby,danielle winter,danielle winter
tt1459219,the actresses,e jyong,e jyong,actresses,jeyong lee,jeyong lee,the actresses,e jyong,\N,the actresses,e jyong,choi jiwoo; e jyong; go hyunjung; kim minhee; kim okvin; lee misook; shin jeonggoo; youn yuhjung
tt14599504,the hum of holland,stella van voorst van beest,\N,\N,\N,\N,the hum of holland,stella van voorst van beest,\N,the hum of holland,stella van voorst van beest,\N
tt14599606,suzana de moraes,suely rolnik,\N,\N,\N,\N,suzana de moraes,suely rolnik,\N,suzana de moraes,suely rolnik,\N
tt14611642,marionnettes de tous les pays: festival international de charleville-mezieres,\N,\N,\N,\N,\N,marionnettes de tous les pays: festival international de charleville-mezieres,\N,\N,marionnettes de tous les pays: festival international de charleville-mezieres,\N,\N
tt14617336,ruins,\N,\N,\N,\N,\N,ruins,\N,\N,ruins,\N,\N
tt14625692,\N,\N,\N,\N,\N,\N,tomodachi yameta,ayako imamura,shinichi yamada,\N,\N,\N
tt14631360,\N,\N,\N,\N,\N,\N,cordes sensibles,vincent lebrun,vincent lebrun,\N,\N,\N
tt1464344,\N,\N,\N,\N,\N,\N,zwyczajny marzec,maria zmarzkoczanowicz,maria zmarzkoczanowicz,\N,\N,\N
tt14643640,otiti,ema edosio,chijioke ononiwu,otiti,\N,\N,otiti,ema edosio,\N,otiti,ema edosio,chijioke ononiwu
tt1464605,the everlasting glory,ting shanhsi,ting shanhsi,everlasting glory,ting shanhsi,\N,the everlasting glory,ting shanhsi,\N,the everlasting glory,ting shanhsi,ting shanhsi
tt14655354,\N,\N,\N,\N,\N,\N,strata,andrea pagnes; verena stenke,andrea pagnes; verena stenke,\N,\N,\N
tt14657212,small town pride,chelle turingan; riley sparks,chelle turingan; riley sparks,\N,\N,\N,small town pride,chelle turingan; riley sparks,\N,small town pride,chelle turingan; riley sparks,chelle turingan; riley sparks
tt14658160,\N,\N,\N,\N,\N,\N,la 25eme heure,dollestin bazza,dollestin bazza,\N,\N,\N
tt1465840,the forbidden legend: sex & chopsticks 2,cash chin mankei,cash chin mankei,the forbidden legend sex & chopsticks 2,chin mankei,\N,the forbidden legend: sex & chopsticks 2,mankei chin,hermit sage,the forbidden legend: sex & chopsticks 2,cash chin mankei,cash chin mankei
tt14669722,moments of youth,gregory pellerito,gregory pellerito,\N,\N,\N,moments of youth,gregory pellerito,\N,moments of youth,gregory pellerito,gregory pellerito
tt1467061,dusk,hanro smitsman,anjet daanje,schemer,hanro smitsman,anjet daanje,dusk,hanro smitsman,anjet daanje,dusk,hanro smitsman,anjet daanje
tt14677540,\N,\N,\N,\N,\N,\N,cheluve ondu heltheeni,saigopal,\N,\N,\N,\N
tt14682084,isewan taifuu monogatari,seijiro koyama,seijiro koyama,isewan taifu monogatari,seijiro koyama,\N,isewan taifuu monogatari,seijiro koyama,\N,isewan taifuu monogatari,seijiro koyama,seijiro koyama
tt14713164,\N,\N,\N,\N,\N,\N,wuming dao,tieli xie,bingru du; kai wang; shinan guan,\N,\N,\N
tt14714980,poker face,russell crowe,russell crowe; stephen m coates,poker face,russell crowe,\N,poker face,russell crowe,russell crowe; stephen m coates,poker face,russell crowe,russell crowe; stephen m coates
tt1472459,\N,\N,\N,\N,\N,\N,longwood,\N,matthew c dumond,\N,\N,\N
tt14726550,kimmapiiyipitssini: the meaning of empathy,ellemaija tailfeathers,ellemaija tailfeathers,kimmapiiyipitssini: the meaning of empathy,ellemaija tailfeathers,\N,kimmapiiyipitssini: the meaning of empathy,ellemaija tailfeathers,ellemaija tailfeathers,kimmapiiyipitssini: the meaning of empathy,ellemaija tailfeathers,ellemaija tailfeathers
tt1473002,aparichita,\N,\N,aparichita,sadhu meher,\N,aparichita,\N,\N,aparichita,\N,\N
tt14734066,half virgin,seiichiro uchikawa,matsuo kishi; nagayoshi akasaka,\N,\N,\N,half virgin,seiichiro uchikawa,\N,half virgin,seiichiro uchikawa,matsuo kishi; nagayoshi akasaka
tt14752690,\N,\N,\N,\N,\N,\N,u can't hurry love,lucien olembo,lucien olembo,\N,\N,\N
tt1475350,line of beauty and grace - a documentary about jock sturges,christian e klinger,\N,\N,\N,\N,line of beauty and grace: a documentary about jock sturges,christian klinger; daniela krien,christian klinger; daniela krien,line of beauty and grace - a documentary about jock sturges,christian e klinger,\N
tt14760250,\N,\N,\N,\N,\N,\N,michael jackson: unmasked,sonia anderson,\N,\N,\N,\N
tt14764922,\N,\N,\N,\N,\N,\N,the hanging gardens of santa emilia,floor kooij; sibel bilgin,\N,\N,\N,\N
tt14765176,\N,\N,\N,\N,\N,\N,remix em pessoa,bete coelho,\N,\N,\N,\N
tt14770814,\N,\N,\N,\N,\N,\N,the complex,jonathan kutner,jonathan kutner,\N,\N,\N
tt14772926,\N,\N,\N,\N,\N,\N,qi shi ba ming jiu ren tou,fung fung,fung fung,\N,\N,\N
tt14779420,we used to live here,\N,\N,\N,\N,\N,we used to live here,\N,\N,\N,\N,\N
tt14782096,\N,\N,\N,\N,\N,\N,merry wives,oskar eustis; saheem ali,jocelyn bioh,\N,\N,\N
tt14796672,\N,\N,\N,\N,\N,\N,a merry nutcracker christmas,\N,gina simms,\N,\N,\N
tt14812544,\N,\N,\N,\N,\N,\N,wacky weasels,leon ding,tommy wu,\N,\N,\N
tt1482461,the mulberry tree,mark heller,\N,\N,\N,\N,the mulberry tree,mark heller,\N,the mulberry tree,mark heller,\N
tt1482882,\N,\N,\N,\N,\N,\N,invasion of the porcupines!,jgm davi,\N,\N,\N,\N
tt1482916,\N,\N,\N,\N,\N,\N,light boxes,ellen frances,shane jones,\N,\N,\N
tt14831488,\N,\N,\N,\N,\N,\N,homeless,lawrence moran,lawrence moran,\N,\N,\N
tt1483345,groper train: when a woman becomes a woman,masanori kudo,masanori kudo,\N,\N,\N,groper train: when a woman becomes a woman,masanori kudo,\N,groper train: when a woman becomes a woman,masanori kudo,masanori kudo
tt1485096,the prodigy,robert d hanna,robert d hanna,\N,\N,\N,the prodigy,robert d hanna,robert d hanna,the prodigy,robert d hanna,robert d hanna
tt14851344,#viral prapancham,brijesh tangi,\N,viral prapancham,\N,\N,#viral prapancham,brijesh tangi,\N,#viral prapancham,brijesh tangi,\N
tt14852596,\N,\N,\N,\N,\N,\N,dadas rifat geliyor,birsen kaya,ali fuat kalkan; aytekin akkaya,\N,\N,\N
tt1485804,\N,\N,\N,\N,\N,\N,the end,fabricio correa,\N,\N,\N,\N
tt14858290,\N,\N,\N,\N,\N,\N,the fight inside,gina rodriguez,bernardo cubria; gina rodriguez,\N,\N,\N
tt14887922,\N,\N,\N,\N,\N,\N,ormond discovery,danny miller,danny miller,\N,\N,\N
tt1489921,\N,\N,\N,\N,\N,\N,myloi sto perasma tou hronou,panagiotis kakavias,panagiotis kakavias,\N,\N,\N
tt14899598,\N,\N,\N,\N,\N,\N,we did it,alec elliot,alec elliot,\N,\N,\N
tt14905256,\N,\N,\N,\N,\N,\N,disaster at devil's jaw,jeffrey gold; lee abbott; verena puhm,jeffrey gold; lee abbott; william mors,\N,\N,\N
tt14909010,\N,\N,\N,\N,boris maftsir,\N,the road to babi yar,boris maftsir,\N,\N,\N,\N
tt14914580,ramekins: ramekin ii,cody clarke,cody clarke,\N,\N,\N,ramekins: ramekin ii,cody clarke,\N,ramekins: ramekin ii,cody clarke,cody clarke
tt14927306,today is a beautiful day,neveen shalaby,\N,\N,neveen shalaby,\N,today is a beautiful day,neveen shalaby,\N,today is a beautiful day,neveen shalaby,\N
tt1492755,\N,\N,\N,\N,\N,\N,bullet bullodu,tn balu,\N,\N,\N,\N
tt14927880,sublime,mariano biasin,mariano biasin,sublime,mariano biasin,mariano biasin,sublime,mariano biasin,mariano biasin,sublime,mariano biasin,mariano biasin
tt14935928,a turma do perere.doc,ricardo favilla,laura malin; ricardo favilla,\N,\N,\N,a turma do perere.doc,ricardo favilla,\N,a turma do perere.doc,ricardo favilla,laura malin; ricardo favilla
tt14949320,\N,\N,\N,\N,\N,\N,a new cry from a broken heart,\N,ryan huang,\N,\N,\N
tt14967958,"goodbye, don glees!",atsuko ishizuka,atsuko ishizuka,"goodbye, don glees!",atsuko ishizuka,atsuko ishizuka,"goodbye, don glees!",atsuko ishizuka,atsuko ishizuka,"goodbye, don glees!",atsuko ishizuka,atsuko ishizuka
tt14985068,\N,\N,\N,\N,\N,\N,el huesped del potro,manuela guillen,manuela guillen,\N,\N,\N
tt14998596,the secret 2: mystery of villa 666,bambang drias,yaseer alghazali,the secret 2: mystery of villa 666,\N,\N,the secret 2: mystery of villa 666,bambang drias,\N,the secret 2: mystery of villa 666,bambang drias,yaseer alghazali
tt14999604,\N,\N,\N,\N,\N,\N,cassadaga,\N,\N,\N,\N,\N
tt15000226,\N,\N,\N,\N,\N,\N,dazed: a new musical,cayden larrosa,morgan smith,\N,\N,\N
tt1502407,halloween,david gordon green,danny mcbride; david gordon green; jeff fradley,halloween,david gordon green,david gordon green,halloween,david gordon green,debra hill; jeff fradley; john carpenter,halloween,david gordon green,danny mcbride; david gordon green; jeff fradley
tt1502418,\N,\N,\N,\N,\N,\N,shake,\N,derek haas,\N,\N,\N
tt1503121,\N,\N,\N,\N,\N,\N,"horno 3, el despertar de un gigante",brenda mendoza; diego nevarez,brenda mendoza; diego nevarez,\N,\N,\N
tt15036426,\N,\N,\N,\N,\N,\N,mahassar,vivek asok,praveen padmanabhan,\N,\N,\N
tt15043114,\N,\N,\N,\N,\N,\N,flesh for cristina,\N,chris alexander,\N,\N,\N
tt15054124,one passed through hell,satoru ainoda,shinzo nakazawa,\N,\N,\N,one passed through hell,satoru ainoda,\N,one passed through hell,satoru ainoda,shinzo nakazawa
tt15060436,\N,\N,\N,\N,\N,\N,adrenal fatigue: stress maladaptation syndrome,stephen weese,\N,\N,\N,\N
tt15079852,field of operations: the war in the mediterranean,\N,\N,field of operations: the war in the mediterranean,christopher pugsley,\N,field of operations: the war in the mediterranean,\N,\N,field of operations: the war in the mediterranean,\N,\N
tt15082132,\N,\N,\N,\N,\N,\N,moments with mujica,ken mcmullen,\N,\N,\N,\N
tt1508952,\N,\N,\N,\N,\N,\N,"buenos dias, seguimos en guerra",anita blumer,\N,\N,\N,\N
tt15096980,the orange grove,jotta dubio,jotta dubio,\N,\N,\N,the orange grove,jotta dubio,\N,the orange grove,jotta dubio,jotta dubio
tt1510777,kanaka durga pooja mahima,\N,\N,\N,\N,\N,kanaka durga pooja mahima,\N,\N,kanaka durga pooja mahima,\N,\N
tt15108182,\N,\N,\N,\N,\N,\N,ashes to ashes,anthony moffat,anthony moffat; jimmy montgomery,\N,\N,\N
tt1512149,\N,\N,\N,hammamet village,nini grassia,nini grassia,hammamet village,nini grassia,claudio natili; nini grassia,\N,\N,\N
tt1512732,braille,matthew chuang,joe capelo; matthew chuang,\N,\N,\N,braille,matthew chuang,joe capelo; matthew chuang,braille,matthew chuang,matthew chuang
tt15128468,\N,\N,\N,\N,\N,\N,real! a ghostbusters tale,cristian calabretta; edoardo stoppacciaro,cristian calabretta; edoardo stoppacciaro; valerio albasini di giorgio,\N,\N,\N
tt15128794,\N,\N,\N,\N,\N,\N,the little jackal,alison deegan,alison deegan,\N,\N,\N
tt15129798,\N,\N,\N,\N,\N,\N,une idee simple et revolutionnaire,laetitia moreau,laetitia moreau,\N,\N,\N
tt15137580,wheel chair romeo,g nataraj,\N,wheelchair romeo,\N,\N,wheel chair romeo,g nataraj,\N,wheel chair romeo,g nataraj,\N
tt15138438,\N,\N,\N,\N,\N,\N,do it for exposure,nasir malik,\N,\N,\N,\N
tt15144532,\N,\N,\N,\N,\N,\N,the crystal sea,\N,jennifer goodridge; jordan asher cruz,\N,\N,\N
tt15150318,\N,\N,\N,\N,\N,\N,jogo cego,cleber zerbielli; erick monstavicius,erick monstavicius,\N,\N,\N
tt1517197,\N,\N,\N,\N,\N,\N,il silenzio,vitold krysinsky,pippo delbono,\N,\N,\N
tt1517509,the battleship yamato,yutaka abe,toshio yasumi,battleship yamato,yutaka abe,toshio yasumi,the battleship yamato,yutaka abe,\N,the battleship yamato,yutaka abe,toshio yasumi
tt15181334,last night i conquered the city of thebes,gabriel azorin,celso gimenez; gabriel azorin,last night i conquered the city of thebes,gabriel azorin,\N,last night i conquered the city of thebes,gabriel azorin,\N,last night i conquered the city of thebes,gabriel azorin,celso gimenez; gabriel azorin
tt15181422,\N,\N,\N,\N,\N,\N,sandhur (sisan ngedhur),rizki mei kurniawan,rizki mei kurniawan,\N,\N,\N
tt15197044,\N,\N,\N,\N,\N,\N,o anel - alaide costa canta jose miguel wisnik,daniel augusto,\N,\N,\N,\N
tt1521698,thin ice,vitold vidic,\N,\N,\N,\N,thin ice,vitold vidic,\N,thin ice,vitold vidic,\N
tt15223056,inside antifa,elliott welles,\N,\N,\N,\N,inside antifa,elliott welles,\N,inside antifa,elliott welles,\N
tt15225256,100 minutes,gleb panfilov,gleb panfilov,100 minutes from the life of ivan denisovich,gleb panfilov,aleksandr solzhenitsyn; gleb panfilov,100 minutes,gleb panfilov,aleksandr solzhenitsyn; gleb panfilov,100 minutes,gleb panfilov,gleb panfilov
tt1524144,\N,\N,\N,\N,\N,\N,"a dot and a line, a fade",tom zapiecki,\N,\N,\N,\N
tt15250962,\N,\N,\N,\N,\N,\N,the old mafia guy,nick millard,\N,\N,\N,\N
tt15251228,tourist,andrey batov,\N,tourist,\N,\N,tourist,andrey shcherbinin,vladimir izmailov,tourist,andrey batov,\N
tt15257034,\N,\N,\N,\N,\N,\N,jupiter jam,\N,\N,\N,\N,\N
tt15257396,\N,\N,\N,\N,\N,\N,interstate,shari hamrick,a everett howe,\N,\N,\N
tt15257920,\N,\N,\N,\N,\N,\N,dark deal,david h ferguson,braden d white,\N,\N,\N
tt15260402,8mm boys,ryan a renfro,\N,\N,\N,\N,8mm boys,ryan a renfro,\N,8mm boys,ryan a renfro,\N
tt15262024,doll killer 2,dustin ferguson,dustin ferguson,\N,\N,\N,doll killer 2,dustin ferguson,\N,doll killer 2,dustin ferguson,dustin ferguson
tt1527054,\N,\N,\N,\N,\N,\N,ai no mukuro,norimasa kaeriyama,\N,\N,\N,\N
tt15273728,junk food,nicholas jensen,nicholas jensen,\N,\N,\N,junk food,nicholas jensen,\N,junk food,nicholas jensen,nicholas jensen
tt1527641,jambo jumbo,\N,\N,\N,\N,\N,jambo jumbo,\N,\N,jambo jumbo,\N,\N
tt15281654,\N,\N,\N,\N,\N,\N,black moon lilith,celina biurrun; ethan harrisriggs,ethan harrisriggs,\N,\N,\N
tt1528284,\N,\N,\N,\N,\N,\N,chandmani,henri servomaa; takeshi kamei; takuji yamazaki,takeshi kamei,\N,\N,\N
tt15287220,\N,\N,\N,\N,\N,\N,far behind: the candlebox story,jack piatt,jack piatt,\N,\N,\N
tt1530497,\N,\N,\N,malyavkin and company,yury kuzmenko,yuri yakovlev,malyavkin i kompaniya,yuri kuzmenko,yuriy yakovlev,\N,\N,\N
tt15310750,\N,\N,\N,\N,\N,\N,under a southern sky,john klaic,john klaic,\N,\N,\N
tt15313304,gold medal,uday kumar muntha,uday kumar muntha,\N,\N,\N,gold medal,uday kumar muntha,\N,gold medal,uday kumar muntha,uday kumar muntha
tt15327042,\N,\N,\N,\N,\N,\N,xxl,\N,\N,\N,\N,\N
tt15327088,kantara,rishab shetty,rishab shetty,kantara,rishab shetty,\N,kantara,rishab shetty,anirudh mahesh; manish bhawan; shanil guru,kantara,rishab shetty,anirudh mahesh; prakash tuminadu; raj b shetty; rishab shetty
tt1532958,battle of the year,benson lee,brin hill; chris parker,battle of the year,benson lee,\N,battle of the year,benson lee,benson lee; brin hill; chris parker,battle of the year,benson lee,brin hill; chris parker
tt1533966,\N,\N,\N,\N,\N,\N,a documentary,richard may,\N,\N,\N,\N
tt15358226,new york ninja,john liu; kurtis spieler,arthur schweitzer; john liu; kurtis spieler,new york ninja,john liu,\N,new york ninja,john liu; kurtis spieler,arthur schweitzer; john liu; kurtis spieler,new york ninja,john liu; kurtis spieler,arthur schweitzer; john liu; kurtis spieler
tt1537797,\N,\N,\N,\N,\N,\N,il delitto della villa delle sfingi,\N,\N,\N,\N,\N
tt15385626,son of the streets,mohammed almughanni,\N,\N,\N,\N,son of the streets,mohammed almughanni,\N,son of the streets,mohammed almughanni,\N
tt1538872,\N,\N,\N,\N,\N,\N,music farmers,christopher mcfall,\N,\N,\N,\N
tt1539995,\N,\N,\N,\N,\N,\N,jitters,mike mitchell,marc haimes,\N,\N,\N
tt1541020,\N,\N,\N,\N,\N,\N,the life,robert reini,robert reini,\N,\N,\N
tt1541083,the basement,jeff trujillo,\N,\N,\N,\N,the basement,jeff trujillo,\N,the basement,jeff trujillo,\N
tt15415924,agilan,n kalyanakrishnan,arun rajagopalan; n kalyanakrishnan; sai tamil,agilan,\N,\N,agilan,n kalyanakrishnan,n kalyanakrishnan,agilan,n kalyanakrishnan,arun rajagopalan; n kalyanakrishnan; sai tamil
tt15417396,\N,\N,\N,\N,\N,\N,wailing in the stone,lorin davis,lorin davis,\N,\N,\N
tt15423326,second sun,rinat tashimov,rinat tashimov,second sun,rinat tashimov,rinat tashimov,second sun,rinat tashimov,rinat tashimov,second sun,rinat tashimov,rinat tashimov
tt15434142,whatever,keith albert tedesco,\N,\N,\N,\N,whatever,keith albert tedesco,\N,whatever,keith albert tedesco,\N
tt1543666,\N,\N,\N,\N,\N,\N,poisoned chalice: the un in iraq,francis mead,francis mead,\N,\N,\N
tt15438266,\N,\N,\N,\N,\N,\N,selfie,\N,elisa eliot,\N,\N,\N
tt15440496,\N,\N,\N,\N,\N,\N,we're never getting out of this,martin hroch,martin hroch; nancy stewart,\N,\N,\N
tt15445726,\N,\N,\N,\N,\N,\N,ghost train,lee cronin,lee cronin,\N,\N,\N
tt15446344,spiritual paranoia,pia justine cruz,cleveland o mcleish; pia justine cruz,\N,\N,\N,spiritual paranoia,pia justine cruz,\N,spiritual paranoia,pia justine cruz,cleveland o mcleish; pia justine cruz
tt15458686,\N,\N,\N,\N,\N,\N,kylie minogue: showtime,billy simpson,billy simpson,\N,\N,\N
tt15458880,louis tomlinson: riding high,billy simpson,billy simpson,\N,\N,\N,louis tomlinson: riding high,billy simpson,\N,louis tomlinson: riding high,billy simpson,billy simpson
tt15464490,shyam's mother,sujay dahake,sunil sukthankar,shyamchi aai,sujay dahake,\N,shyam's mother,sujay dahake,\N,shyam's mother,sujay dahake,sunil sukthankar
tt15465382,\N,\N,\N,\N,\N,\N,situationship,akintijani balogun,ucheoma onwutuebe,\N,\N,\N
tt15475322,the legend of sambo,andrey bogatyrev,giorgi shengelia,legends of sambo,andrei bogatyryov,\N,the legend of sambo,andrey bogatyrev,\N,the legend of sambo,andrey bogatyrev,giorgi shengelia
tt15477966,parisa,mohamad reza rahmani,\N,\N,\N,\N,parisa,mohamad reza rahmani,\N,parisa,mohamad reza rahmani,\N
tt1548547,\N,\N,\N,\N,\N,\N,concrete and steel,hendrik ball; matt forrest,\N,\N,\N,\N
tt1548648,ghost ship part 1,sadatsugu matsuda,katsuya susaki,\N,\N,\N,ghost ship part 1,sadatsugu matsuda,\N,ghost ship part 1,sadatsugu matsuda,katsuya susaki
tt15490192,\N,\N,\N,\N,\N,\N,nahi re chute taro saath,ashok ghosh,sangeeta prajapati,\N,\N,\N
tt1549779,embargo,antonio ferreira,tiago sousa,embargo,antonio ferreira,\N,embargo,antonio ferreira,antonio ferreira; jose saramago; tiago sousa,embargo,antonio ferreira,tiago sousa
tt15507514,holes,shirly berkovitz,niv hachlili,\N,\N,\N,holes,shirly berkovitz,\N,holes,shirly berkovitz,niv hachlili
tt15516104,\N,\N,\N,\N,\N,\N,the vampires (uncut),daniele marchioni,daniele marchioni,\N,\N,\N
tt15528342,\N,\N,\N,\N,\N,\N,hum hai dulha hindustani,aslam sheikh; ishtiyaque sheikh,ishtiyaque sheikh,\N,\N,\N
tt1553136,\N,\N,\N,\N,\N,\N,onset i offset,bernd schoch,bernd schoch,\N,\N,\N
tt15534668,\N,\N,\N,\N,\N,\N,cut! (or) what you will,jesse salmeron,jesse salmeron,\N,\N,\N
tt15551988,\N,\N,\N,\N,\N,\N,the 5th,\N,andrew oliveri; roberts jekabsons,\N,\N,\N
tt15554928,oorkuruvi,arun patrician,arun patrician,\N,\N,\N,oorkuruvi,arun patrician,\N,\N,\N,\N
tt15559652,\N,\N,\N,\N,\N,\N,benny,\N,jessica landry,\N,\N,\N
tt1556012,\N,\N,\N,\N,\N,\N,per la felicita di suo figlio,\N,\N,\N,\N,\N
tt15564666,\N,\N,\N,\N,\N,\N,levi bellfield: getting away with murder?,alex nott,\N,\N,\N,\N
tt1556613,\N,\N,\N,\N,\N,\N,dead letters,charley pavlosky,charley pavlosky; micha rice,\N,\N,\N
tt1558247,\N,\N,\N,\N,\N,\N,air,jonathan w stokes,jonathan w stokes,\N,\N,\N
tt1558827,\N,\N,\N,\N,\N,\N,model culture: one + night in bangkok,dave cote,dave cote,\N,\N,\N
tt1563135,\N,\N,\N,\N,\N,\N,hot rods across america: part 2,michael hawkins,\N,\N,\N,\N
tt1564007,\N,\N,\N,arctic cliffhangers,julia margaret; stephen a smith,\N,arctic cliffhangers,julia margaret; julia szucs; stephen a smith,julia margaret; stephen a smith,\N,\N,\N
tt15654716,daktar kaku,pavel bhattacharjee,\N,\N,\N,\N,daktar kaku,pavel bhattacharjee,\N,daktar kaku,pavel bhattacharjee,\N
tt15655194,singing in the dark: erasing the disabled of okinawa,yoshikazu hara,\N,\N,\N,\N,singing in the dark: erasing the disabled of okinawa,yoshikazu hara,\N,singing in the dark: erasing the disabled of okinawa,yoshikazu hara,\N
tt15656662,\N,\N,\N,\N,\N,\N,los domirriquenos 3,eduardo ortiz,\N,\N,\N,\N
tt15662636,\N,\N,\N,\N,\N,\N,napoli vs juventus,\N,\N,\N,\N,\N
tt15663290,gypsy,shashi chandrakant khandare,\N,\N,\N,\N,gypsy,shashi chandrakant khandare,\N,gypsy,shashi chandrakant khandare,\N
tt15663618,"le poete illumine, germain nouveau (1851-1920)",christian philibert,christian philibert,\N,\N,\N,"le poete illumine, germain nouveau (1851-1920)",christian philibert,\N,"le poete illumine, germain nouveau (1851-1920)",christian philibert,christian philibert
tt1568153,papa a la chasse aux lagopedes,robert morin,\N,daddy goes ptarmigan hunting,robert morin,robert morin,papa a la chasse aux lagopedes,robert morin,robert morin,papa a la chasse aux lagopedes,robert morin,\N
tt15684798,\N,\N,\N,\N,\N,\N,mind dates,thierry brouard,andrew abdou; glenn lawrence,\N,\N,\N
tt15686992,\N,\N,\N,\N,\N,\N,untitled bass reeves story,\N,j michael smith,\N,\N,\N
tt1570409,\N,\N,\N,\N,\N,\N,a cry for madiom: on going genocide in the sudan,erez t yanuv barzilay,erez t yanuv barzilay,\N,\N,\N
tt15707246,\N,\N,\N,\N,\N,\N,myougidou: sono kattou,kazuhiko yoshino,\N,\N,\N,\N
tt15711402,lords of scam,guillaume nicloux,\N,\N,\N,\N,lords of scam,guillaume nicloux,olivier bouchara,lords of scam,guillaume nicloux,\N
tt15716784,\N,\N,\N,\N,\N,\N,kinaare,udai k ambastha,chirag nagpal,\N,\N,\N
tt15717226,\N,\N,\N,oye anjali,\N,\N,oye anjali,ramashankar,ramashankar,\N,\N,\N
tt15717242,kanjoos makhichoos,vipul mehta,vipul mehta,kanjoos makhichoos,vipul mehta,\N,kanjoos makhichoos,vipul mehta,abhinay trivedi; vipul mehta,kanjoos makhichoos,vipul mehta,vipul mehta
tt15719874,\N,\N,\N,\N,\N,\N,the way,\N,austin chunn; richard sanborn,\N,\N,\N
tt15720814,life from ash and ice,\N,\N,\N,\N,\N,life from ash and ice,\N,\N,life from ash and ice,\N,\N
tt15727598,\N,\N,\N,\N,\N,\N,life on the vertical,monty bassett,monty bassett,\N,\N,\N
tt15727792,after narodnaya,vadim kostrov,\N,\N,\N,\N,after narodnaya,vadim kostrov,\N,after narodnaya,vadim kostrov,\N
tt1574610,\N,\N,\N,\N,\N,\N,jason bateman thinks i'm dead,amy keating rogers,\N,jason bateman thinks i'm dead,amy keating rogers,amy keating rogers
tt1575705,\N,\N,\N,\N,\N,\N,vechivunta,murthy sriram,\N,\N,\N,\N
tt1576702,\N,\N,\N,\N,\N,\N,skin trade,shannon keith,shannon keith,\N,\N,\N
tt15767726,ram asur,triparna venkatesh,triparna venkatesh,ram asur,\N,\N,ram asur,triparna venkatesh,\N,ram asur,triparna venkatesh,triparna venkatesh
tt1577064,seeing heaven,ian powell,ian powell,\N,\N,\N,seeing heaven,ian powell,ian powell,seeing heaven,ian powell,ian powell
tt15799564,wild horse nine,martin mcdonagh,martin mcdonagh,wild horse nine,martin mcdonagh,martin mcdonagh,wild horse nine,martin mcdonagh,\N,wild horse nine,martin mcdonagh,martin mcdonagh
tt1580021,silver tongues,simon arthur,simon arthur,silver tongues,simon arthur,\N,silver tongues,simon arthur,\N,silver tongues,simon arthur,simon arthur
tt1580391,\N,\N,\N,\N,\N,\N,sour grapes of wrath,jason holborn; jonathan k wexler,jason holborn; jonathan k wexler,\N,\N,\N
tt15807024,\N,\N,\N,\N,\N,\N,allapu gedara,m masthan,hugo fernando; kurunaratne abeysekera,\N,\N,\N
tt1580798,inspector spack,fredde granberg,alex kantsjo; daniel ottosson,kommissarie spack,fredde granberg,alex kantsjo,kommissarie spack,fredde granberg,alexander kantsjo; daniel ottosson,inspector spack,fredde granberg,alex kantsjo; daniel ottosson
tt15809210,famille fc,andre valentim almeida,\N,\N,\N,\N,famille fc,andre valentim almeida,\N,famille fc,andre valentim almeida,\N
tt15831226,tom and jerry cowboy up!,darrell van citters,will finn,tom and jerry: cowboy up!,darrell van citters,william waldner,tom and jerry: cowboy up!,darrell van citters,will finn; william hanna; william waldner,tom and jerry cowboy up!,darrell van citters,william waldner
tt15834104,\N,\N,\N,the special atmosphere,pavlo cherepin,\N,the special atmosphere,pavlo cherepin,\N,\N,\N,\N
tt15838536,\N,\N,\N,\N,\N,\N,halloween party,\N,annie harnick; nick cion,\N,\N,\N
tt15850292,some women,quen wong,quen wong,\N,\N,\N,some women,quen wong,\N,some women,quen wong,quen wong
tt15858100,\N,\N,\N,\N,\N,\N,fragments of a ghoulish mind,jeff hayes,jeff hayes,\N,\N,\N
tt1587107,rinko eighteen: find a new actress!,hideo jojo,taka matsumoto,\N,\N,\N,rinko eighteen: find a new actress!,hideo jojo,\N,rinko eighteen: find a new actress!,hideo jojo,\N
tt1587285,the colour of your socks: a year with pipilotti rist,michael hegglin,michael hegglin,\N,\N,\N,the colour of your socks: a year with pipilotti rist,michael hegglin,\N,the colour of your socks: a year with pipilotti rist,michael hegglin,michael hegglin
tt15873982,\N,\N,\N,\N,\N,\N,purebloods,lisa bagby,lisa bagby,\N,\N,\N
tt1587738,\N,\N,\N,\N,\N,\N,amar prithibi,bimal bhowmick,bimal bhowmick; mihir sen; siddhartha dutta,\N,\N,\N
tt1587863,\N,\N,\N,\N,\N,\N,swarga sukh,bablu samaddar,\N,\N,\N,\N
tt1587890,ultimos testigos,jose luis lopezlinares; manuel martin cuenca,\N,ultimos testigos,jose luis lopezlinares; manuel martin cuenca,jose luis lopezlinares; manuel martin cuenca; manuel milian mestre,ultimos testigos,jose luis lopezlinares; manuel martin cuenca,\N,ultimos testigos,jose luis lopezlinares; manuel martin cuenca,\N
tt15880220,\N,\N,\N,\N,\N,\N,exalted,\N,alexander j baxter,\N,\N,\N
tt1590026,facing genocide: khieu samphan and pol pot,david aronowitsch; staffan lindberg,\N,facing genocide khieu samphan and pol pot,david aronowitsch; staffan lindberg,\N,facing genocide: khieu samphan and pol pot,david aronowitsch; staffan lindberg,\N,facing genocide: khieu samphan and pol pot,david aronowitsch; staffan lindberg,\N
tt1592530,the guide,zacharias mavroeidis,zacharias mavroeidis,the guide,\N,\N,the guide,zacharias mavroeidis,\N,the guide,zacharias mavroeidis,zacharias mavroeidis
tt15939748,\N,\N,\N,\N,\N,\N,simply the best ayrton senna,\N,\N,\N,\N,\N
tt15944872,phulrani,vishwas joshi,guru thakur; vishwas joshi,phulrani,\N,\N,phulrani,vishwas joshi,guru thakur; vishwas joshi,phulrani,vishwas joshi,guru thakur; vishwas joshi
tt15979716,petting monster: kairaku kui makuri,daisuke yamanouchi,daisuke yamanouchi,petting monster: kairaku kui makuri,daisuke yamanouchi,daisuke yamanouchi,petting monster: kairaku kui makuri,daisuke yamanouchi,\N,petting monster: kairaku kui makuri,daisuke yamanouchi,daisuke yamanouchi
tt1598432,\N,\N,\N,\N,\N,\N,asahina saburo,jiro yoshino,\N,\N,\N,\N
tt1601817,\N,\N,\N,\N,\N,\N,chinzei hachiro tametomo,jiro yoshino,\N,\N,\N,\N
tt16024470,\N,\N,\N,nelia,\N,\N,nelia,lester dimaranan,melanie honey quino,\N,\N,\N
tt1606839,\N,\N,\N,\N,camillo bruto bonzi; nino giannini,camillo bruto bonzi,tutto nel mondo e burla,camillo bruto bonzi; nino giannini,\N,\N,\N,\N
tt16073660,\N,\N,\N,\N,\N,\N,the promise,\N,chris j adams,\N,\N,\N
tt16078266,rosh,jayveer panghaal,\N,rosh,\N,\N,rosh,jayveer panghaal,\N,rosh,jayveer panghaal,\N
tt16124388,\N,\N,\N,\N,\N,\N,the space speaks (to be heard),oscar robinson,georgia rose stewart; oscar robinson,\N,\N,\N
tt1613045,\N,\N,\N,\N,\N,\N,searching for evidence,ted pfeifer,ted pfeifer,\N,\N,\N
tt1613060,the show so gay,chris durant; garrett vang; mark stearns,\N,\N,\N,\N,the show so gay,chris durant; garrett vang; mark stearns,\N,the show so gay,chris durant; garrett vang; mark stearns,\N
tt1613791,\N,\N,\N,\N,\N,\N,sansho hanshichi,jiro yoshino,\N,\N,\N,\N
tt16142000,\N,\N,\N,\N,\N,\N,dark seeker (the silent whispers),pete peter,pam,\N,\N,\N
tt16151968,\N,\N,\N,\N,\N,\N,veronica,maurice challiot,maurice challiot; mayi elissague,\N,\N,\N
tt1616169,\N,\N,\N,\N,\N,\N,bad sisters,adam b stein,lennox wiseley,\N,\N,\N
tt16226392,\N,\N,\N,\N,\N,\N,whiskey's women,\N,elle marlow,\N,\N,\N
tt16227608,disappear: cover your online tracks,marc meillassoux,\N,\N,\N,\N,disappear: cover your online tracks,marc meillassoux,\N,disappear: cover your online tracks,marc meillassoux,\N
tt1622981,\N,\N,\N,\N,\N,\N,for honor with valor,kevin mcelroy,\N,\N,\N,\N
tt1623651,\N,\N,\N,\N,\N,\N,documentary zuno keisatsu part ii,takahisa zeze,\N,\N,\N,\N
tt16243818,zzz: journal about zelimir zilnik,janko baljak,janko baljak,\N,\N,\N,zzz: journal about zelimir zilnik,janko baljak,\N,zzz: journal about zelimir zilnik,janko baljak,janko baljak
tt16250242,\N,\N,\N,\N,\N,\N,victoria 2030,manuel garcia serrano,cristina linares,\N,\N,\N
tt16265420,besieged,ike nnaebue,jane gamdede,\N,\N,\N,besieged,ike nnaebue,\N,besieged,ike nnaebue,jane gamdede
tt16270504,\N,\N,\N,\N,\N,\N,the seventh commandment,\N,matt ackels,\N,\N,\N
tt1627065,\N,\N,\N,\N,\N,\N,jotei,junichi suzuki,ikko shimizu; junichi suzuki,\N,\N,\N
tt1627124,\N,\N,\N,\N,\N,\N,uchuu de 1-ban wagamama na hoshi,hiroaki ito,makoto ueda; mitsuyoshi takasu; takuro oikawa,\N,\N,\N
tt16278434,crossfire,yadu krishnan,yadu krishnan,crossfire,\N,\N,crossfire,yadhu krishnan,yadhu krishnan,crossfire,yadu krishnan,yadu krishnan
tt1627892,flood streets,joseph meissner,helen krieger,flood streets,\N,\N,flood streets,joseph meissner,\N,flood streets,joseph meissner,\N
tt1628039,ghosted,craig viveiros,craig viveiros,ghosted,craig viveiros,\N,ghosted,craig viveiros,craig viveiros,ghosted,craig viveiros,craig viveiros
tt16280816,ghost trader,eric daniel,jason campbell,\N,\N,\N,ghost trader,eric daniel,\N,ghost trader,eric daniel,jason campbell
tt16281758,\N,\N,\N,\N,\N,\N,digging billy,michael anthony giudicissi,michael anthony giudicissi,\N,\N,\N
tt16288228,\N,\N,\N,\N,\N,\N,when love beckons,nonso emekaekwue,adaeze ibechukwu,\N,\N,\N
tt16298782,phil lynott: the long goodbye,remarni ramchaitarjackman,\N,\N,\N,\N,phil lynott: the long goodbye,remarni ramchaitarjackman,\N,phil lynott: the long goodbye,remarni ramchaitarjackman,\N
tt16303830,nothing serious,jeong gayoung,jeong gayoung; wang hyeji,nothing serious,jeong gayoung,jeong gayoung; wang hyeji,nothing serious,jeong gayoung,\N,nothing serious,jeong gayoung,jeong gayoung; wang hyeji
tt16305150,o certovi a jine vanocni pohadky,\N,\N,\N,\N,\N,o certovi a jine vanocni pohadky,\N,\N,o certovi a jine vanocni pohadky,\N,\N
tt1634007,doman seman,go shibata,\N,\N,\N,\N,doman seman,go shibata,\N,doman seman,go shibata,\N
tt1634127,\N,\N,\N,\N,\N,\N,living it forever,ann chatillon,ann chatillon,\N,\N,\N
tt1634288,\N,\N,\N,\N,\N,\N,jatkosodan viimeiset sotilaat,enn sade,\N,\N,\N,\N
tt1634557,\N,\N,\N,\N,\N,\N,kool - dancing in my mind,richard rutkowski; robert wilson,carla blank; richard rutkowski; robert wilson,\N,\N,\N
tt16346544,report to kapodistrias,yannis smaragdis,yannis smaragdis,\N,\N,\N,report to kapodistrias,yannis smaragdis,\N,report to kapodistrias,yannis smaragdis,yannis smaragdis
tt16347498,\N,\N,\N,\N,\N,\N,im zentrum der lederhose,\N,\N,\N,\N,\N
tt16349772,\N,\N,\N,\N,\N,\N,38 minutes,paul lacovara,paul lacovara,\N,\N,\N
tt16354426,\N,\N,\N,\N,\N,\N,elizabeth bishop and the art of losing,john d scott,john d scott,\N,\N,\N
tt16358260,pooka,cathal fitzpatrick,cathal fitzpatrick,\N,\N,\N,pooka,cathal fitzpatrick,\N,pooka,cathal fitzpatrick,cathal fitzpatrick
tt16369412,\N,\N,\N,\N,\N,\N,aporia,omar ahmad,omar ahmad,\N,\N,\N
tt16374466,a guide to love and fighting capitalism,basile carreagostini,\N,a guide to love and fighting capitalism,basile carreagostini,\N,a demain mon amour,basile carreagostini,basile carreagostini,a guide to love and fighting capitalism,basile carreagostini,\N
tt16377980,the mission,tania anderson,tania anderson,the mission,tania anderson,\N,the mission,tania anderson,\N,the mission,tania anderson,tania anderson
tt16384960,lot lizards,robert l parker iii,andrea parker,\N,\N,\N,lot lizards,robert l parker iii,andrea parker,lot lizards,robert l parker iii,andrea parker
tt1639081,madoff: made off with america,edmund druilhet,edmund druilhet,madoff: made off with america,edmund druilhet,\N,"the banksters, madoff with america",edmund druilhet,edmund druilhet,madoff: made off with america,edmund druilhet,edmund druilhet
tt1640401,andartu terlampau 21 hari mencari suami,din cj,\N,\N,\N,\N,andartu terlampau 21 hari mencari suami,din cj,\N,andartu terlampau 21 hari mencari suami,din cj,\N
tt16424542,\N,\N,\N,\N,\N,\N,welcome to morrow,\N,kelley mack; kristen mack,\N,\N,\N
tt16432094,\N,\N,\N,\N,\N,\N,the unbound,\N,sam west,\N,\N,\N
tt1648050,\N,\N,\N,\N,\N,\N,crazy like looking,brian eisener,brian eisener,\N,\N,\N
tt16481022,\N,\N,\N,\N,arantza diez,\N,la gemma te un pla,arantza diez,arantza diez,\N,\N,\N
tt1648214,\N,\N,\N,\N,\N,\N,switchback,lori bailey,lori bailey,\N,\N,\N
tt16492910,\N,\N,\N,\N,\N,\N,palkhi,vinod kumar singh,abhijit joshi; shantanu ganesh rode,\N,\N,\N
tt1650524,\N,\N,\N,\N,\N,\N,viet nam: then and again,brian wizard,brian wizard,\N,\N,\N
tt16531964,\N,\N,\N,\N,\N,\N,unwilling,uduakobong patrick,adaeze ibechukwu,\N,\N,\N
tt1653850,the drifter,tatjana turanskyj,tatjana turanskyj,the drifter,tatjana turanskyj,tatjana turanskyj,the drifter,tatjana turanskyj,\N,the drifter,tatjana turanskyj,tatjana turanskyj
tt1654054,a thousand fools,ventura pons,ventura pons,mil cretins,ventura pons,quim monzo; ventura pons,a thousand fools,ventura pons,\N,a thousand fools,ventura pons,ventura pons
tt1660529,\N,\N,\N,the ragpicker of paris,hans otto lowenstein,\N,der lumpensammler von paris,hans otto,\N,\N,\N,\N
tt16608516,\N,\N,\N,\N,\N,\N,teeja punjab 2,amberdeep singh,amberdeep singh,\N,\N,\N
tt16611924,the burdened,amr gamal,amr gamal; mazen refaat,the burdened,amr gamal,\N,the burdened,amr gamal,amr gamal; mazen refaat,the burdened,amr gamal,amr gamal; mazen refaat
tt1661862,no rest for the wicked,enrique urbizu,enrique urbizu; michel gaztambide,no rest for the wicked,enrique urbizu,enrique urbizu; michel gaztambide,no rest for the wicked,enrique urbizu,enrique urbizu; michel gaztambide,no rest for the wicked,enrique urbizu,enrique urbizu; michel gaztambide
tt16636178,the trip 6,rodrigo triana,dago garcia,el paseo 6,rodrigo triana,dago garcia,el paseo 6,rodrigo triana,dago garcia,the trip 6,rodrigo triana,dago garcia
tt1663659,\N,\N,\N,\N,\N,\N,of all the things,\N,john francis daley; jonathan goldstein,\N,\N,\N
tt1669228,siti muslihat,dhiresh ghosh,\N,siti muslihat,\N,\N,siti muslihat,dhiresh ghosh,\N,siti muslihat,dhiresh ghosh,\N
tt1669648,corrode,karan gour,karan gour,kshay,karan gour,\N,corrode,karan gour,karan gour,corrode,karan gour,karan gour
tt1672847,tanah air beta,ari sihasale,armantono,tanah air beta,ari sihasale,\N,tanah air beta,ari sihasale,\N,tanah air beta,ari sihasale,armantono
tt16758012,\N,\N,\N,\N,\N,\N,cursed gift,goodnews erico isika,saninye alasia,\N,\N,\N
tt16790672,freedom street,alfred darren pek,\N,\N,\N,\N,freedom street,alfred darren pek,\N,freedom street,alfred darren pek,\N
tt1680051,alyce kills,jay lee,jay lee,alyce kills,jay lee,jay lee,alyce kills,jay lee,jay lee,alyce kills,jay lee,jay lee
tt1680101,monster heroes,danny cistone,brent tarnol; josh cole,\N,\N,\N,monster heroes,danny cistone,\N,monster heroes,danny cistone,brent tarnol
tt1680121,\N,\N,\N,\N,\N,\N,"thomas koschat, der sanger der liebe",\N,\N,\N,\N,\N
tt1682978,the house in the park,hercli bundi,hercli bundi,\N,\N,\N,the house in the park,hercli bundi,\N,the house in the park,hercli bundi,hercli bundi
tt1683944,\N,\N,\N,\N,\N,\N,richard ma: actionmaker,darren heroux; ian kenji barbour,\N,\N,\N,\N
tt1684552,\N,\N,\N,\N,\N,\N,davidan dar mian abr-ha,amin farajpour,amin farajpour,\N,\N,\N
tt1686099,\N,\N,\N,\N,\N,\N,tamazight ouffela,mohamed mernich,ahmed amal,\N,\N,\N
tt16868486,\N,\N,\N,\N,\N,\N,maryada krishnayya,vn aditya,\N,\N,\N,\N
tt1686862,the pier of apolonovka,andrej schwartz,\N,\N,andrei schwartz,\N,the pier of apolonovka,andrej schwartz,\N,the pier of apolonovka,andrej schwartz,\N
tt1687856,city state,olaf de fleur johannesson,hrafnkell stefansson; olaf de fleur johannesson,city state,olaf de fleur,\N,city state,olaf de fleur johannesson,hrafnkell stefansson; olaf de fleur johannesson,city state,olaf de fleur johannesson,hrafnkell stefansson; olaf de fleur johannesson
tt1688421,breaking through the clouds,heather taylor,heather taylor,\N,\N,\N,breaking through the clouds,heather taylor,\N,breaking through the clouds,heather taylor,heather taylor
tt16897764,\N,\N,\N,\N,\N,\N,hit and run,daniel oriahi,lois truly,\N,\N,\N
tt16900304,reroute,lawrence fajardo,lawrence fajardo; roy bryant,reroute,\N,\N,reroute,lawrence fajardo,\N,reroute,lawrence fajardo,roy bryant
tt1690197,mayohan,dan villegas,paul sta ana,\N,\N,\N,mayohan,dan villegas,\N,mayohan,dan villegas,paul sta ana
tt16913072,fallen,nicolo fumero,francesco lucci; nicolo fumero; simone chiattone,\N,\N,\N,fallen,nicolo fumero,francesco lucci; nicolo fumero; simone chiattone,fallen,nicolo fumero,francesco lucci; nicolo fumero; simone chiattone
tt1691439,\N,\N,\N,\N,\N,\N,untitled dr. s. allen counter project,\N,farhad safinia,\N,\N,\N
tt1694524,\N,\N,\N,\N,\N,\N,children of a nation,peter marra,peter marra,\N,\N,\N
tt1695804,\N,\N,\N,\N,\N,\N,slugger,\N,jimmy miller,\N,\N,\N
tt1696208,pietro,daniele gaglianone,daniele gaglianone,\N,daniele gaglianone,daniele gaglianone,pietro,daniele gaglianone,\N,pietro,daniele gaglianone,daniele gaglianone
tt16978294,\N,\N,\N,\N,\N,\N,omapando,desiree kahikopomeiffret; vickson hangula,desiree kahikopomeiffret; vickson hangula,\N,\N,\N
tt16982950,the beast must die: revenge,masato hironishi,toshiyuki morioka,\N,\N,\N,the beast must die: revenge,masato hironishi,\N,the beast must die: revenge,masato hironishi,toshiyuki morioka
tt17008100,\N,\N,\N,\N,\N,\N,the end of ethics,stephen french,\N,\N,\N,\N
tt17044536,\N,\N,\N,\N,\N,\N,baltrum tatort: der letzte container,peter meyer,\N,\N,\N,\N
tt1705877,kochikame - the movie: save the kachidoki bridge!,taisuke kawamura,\N,kochikame the movie save the kachidoki bridge,taisuke kawamura,\N,kochikame - the movie: save the kachidiki bridge!,taisuke kawamura; yasuhiro kawamura,osamu akimoto,kochikame - the movie: save the kachidoki bridge!,taisuke kawamura,\N
tt1706591,the devil's bride,zdenek troska,marek kalis; zdenek troska,the devil's bride,zdenek troska,marek kalis; zdenek troska,the devil's bride,zdenek troska,bozena nemcova; marek kalis; zdenek troska,the devil's bride,zdenek troska,marek kalis; zdenek troska
tt1707238,\N,\N,\N,link,\N,\N,link,woody han,edward song; woody han,\N,\N,\N
tt17079116,diary of a bride of christ,marta smerechynska,marta smerechynska,diary of a bride of christ,marta smerechynska,marta smerechynska,diary of a bride of christ,marta smerechynska,\N,diary of a bride of christ,marta smerechynska,marta smerechynska
tt17080412,survive,mark pellington,alex morel; jeremy ungar; richard abate,survive,mark pellington,jeremy ungar,survive,mark pellington,alex morel; jeremy ungar; richard abate,survive,mark pellington,alex morel; jeremy ungar; richard abate
tt1711507,the legend of action man,andy young,andy young; derek papa,\N,\N,\N,\N,\N,\N,the legend of action man,andy young,andy young; derek papa
tt1712088,\N,\N,\N,\N,\N,\N,seed swap,zachariah mccannon,brian campbell; zachariah mccannon,\N,\N,\N
tt1712215,out of focus,jim cocoliato,brian beavers; jason chau; peter calciano,\N,\N,\N,out of focus,jim cocoliato,\N,out of focus,jim cocoliato,brian beavers; jason chau; peter calciano
tt17145106,\N,\N,\N,\N,\N,\N,droga wilka,ewa banaszkiewicz,ewa banaszkiewicz,\N,\N,\N
tt1714721,solidarnosc,serge poljinsky,\N,solidarnosc,serge poljinsky,\N,solidarnosc,serge poljinsky,\N,solidarnosc,serge poljinsky,\N
tt1714850,star watching dog,tomoyuki takimoto,hiroshi hashimoto,hoshi mamoru inu,tomoyuki takimoto,\N,star watching dog,tomoyuki takimoto,hiroshi hashimoto; takashi murakami,star watching dog,tomoyuki takimoto,hiroshi hashimoto
tt1714872,nocturnos,aya koretzky; rodrigo barros,aya koretzky; rodrigo barros,\N,\N,\N,nocturnos,aya koretzky; rodrigo barros,\N,nocturnos,aya koretzky; rodrigo barros,aya koretzky; rodrigo barros
tt1718766,pg 16...,andrey kavun,oleg malovichko,skipped parts,andrei kavun,\N,detyam do 16...,andrey kavun,oleg malovichko,pg 16...,andrey kavun,oleg malovichko
tt1719581,\N,\N,\N,\N,\N,\N,petals: vagina dialogues,beck peacock,beck peacock; nick karras,\N,\N,\N
tt17196124,grimcutty,john ross,john ross,grimcutty,john ross,john ross,grimcutty,john ross,john ross,grimcutty,john ross,john ross
tt1720081,\N,\N,\N,\N,\N,\N,dehati babu,bali,bali; dharmendra ohja; manoj tiwari,\N,\N,\N
tt1721051,the weather in august,lucija locmele,vladimir alenikov,pogoda na avgust,lucija locmele,\N,the weather in august,lucija locmele,\N,the weather in august,lucija locmele,vladimir alenikov
tt1721495,\N,\N,\N,\N,\N,\N,glendragon,\N,darren bender; gary young,\N,\N,\N
tt17220950,\N,\N,\N,\N,\N,\N,transpac: more than a race,\N,gareth kelly,\N,\N,\N
tt1723738,\N,\N,\N,\N,\N,\N,brot kost' geld,claudia kramer,\N,\N,\N,\N
tt1728218,zduhac means adventure,milorad milinkovic,milorad milinkovic,zduhac znaci avantura,milorad milinkovic,\N,zduhac means adventure,milorad milinkovic,\N,zduhac means adventure,milorad milinkovic,milorad milinkovic
tt1728971,best little whorehouse in rochdale,ian vernon,ian vernon,\N,\N,\N,best little whorehouse in rochdale,ian vernon,\N,best little whorehouse in rochdale,ian vernon,ian vernon
tt1729204,ken arok - ken dedes,djun saptohadi,djoko s koesdiman; wijono soewardjo,\N,\N,\N,ken arok - ken dedes,djun saptohadi,\N,ken arok - ken dedes,djun saptohadi,djoko s koesdiman; wijono soewardjo
tt1730764,supernova,tamar van den dop,tamar van den dop,supernova,tamar van den dop,\N,supernova,tamar van den dop,tamar van den dop,supernova,tamar van den dop,tamar van den dop
tt1731706,\N,\N,\N,\N,\N,\N,the day of the triffids,mike newell,john wyndham; neil cross,the day of the triffids,mike newell,\N
tt1732602,\N,\N,\N,\N,\N,\N,confession,michael keerdodawson,michael keerdodawson,\N,\N,\N
tt17342614,\N,\N,\N,\N,\N,\N,"dimitris, nikos... and the uncertainty principle",costas aenian,costas aenian; vangelis papadakis,\N,\N,\N
tt1737110,the actor,jon osman,jon osman; sam sherman,\N,\N,\N,the terrorist,jon osman,jon osman; sam sherman,the actor,jon osman,jon osman; sam sherman
tt17372192,\N,\N,\N,\N,\N,\N,letargo,gerardo encinas,gerardo encinas,\N,\N,\N
tt1737268,yanoosak,alexandre monnier; elie khalife,\N,\N,\N,\N,yanoosak,alexandre monnier; elie khalife,\N,yanoosak,alexandre monnier; elie khalife,\N
tt1740007,nobody,christos nikoleris,panagiotis iosifelis,kanenas (nobody),\N,\N,nobody,hristos nikoleris,panagiotis iosifelis,nobody,christos nikoleris,panagiotis iosifelis
tt1740790,kundalini,\N,\N,\N,\N,\N,kundalini,nitin adsul,\N,kundalini,\N,\N
tt1740799,my reincarnation,jennifer fox,jennifer fox,my reincarnation,jennifer fox,\N,my reincarnation,jennifer fox,\N,my reincarnation,jennifer fox,jennifer fox
tt1740812,\N,\N,\N,\N,\N,\N,luz de amor,marcelo grion,marcelo grion,\N,\N,\N
tt1740813,\N,\N,\N,\N,\N,\N,much ado about mars,\N,alex burke,\N,\N,\N
tt17423814,\N,\N,\N,\N,\N,\N,unplanned,shittu taiwo,chino marchie,\N,\N,\N
tt1747993,\N,\N,\N,\N,\N,\N,dreaming uphill,odin ozdil,\N,\N,\N,\N
tt17489070,\N,\N,\N,\N,\N,\N,varsity squad,brent stainer,brent stainer,\N,\N,\N
tt17490838,the young general: reflections on michael reeves,calum waddell,\N,\N,\N,\N,the young general: reflections on michael reeves,calum waddell,\N,the young general: reflections on michael reeves,calum waddell,\N
tt17491834,\N,\N,\N,\N,\N,\N,daluchi,tope alake,titilope oludipe orire,\N,\N,\N
tt17512182,lone wolf,eiichi koishi,ryuichiro yagi,\N,\N,\N,lone wolf,eiichi koishi,\N,lone wolf,eiichi koishi,ryuichiro yagi
tt17519334,\N,\N,\N,\N,\N,\N,kizu-darake no otoko,masahiro makino,toshio yasumi,\N,\N,\N
tt1753546,\N,\N,\N,\N,\N,\N,broken,roger conway; toy spears,lynda stein,\N,\N,\N
tt1753880,\N,\N,\N,\N,\N,\N,gui fen,dao yang,yi ting,\N,\N,\N
tt17543482,\N,\N,\N,\N,\N,\N,flying with eagles,remi thevenart,\N,\N,\N,\N
tt17544562,\N,\N,\N,\N,\N,\N,a vision of the mountains,neil riha,\N,\N,\N,\N
tt1754648,the lamp,tracy trost,jeff huston,the lamp,tracy trost,\N,the lamp,tracy trost,jeffrey huston; jim stovall; tracy trost,the lamp,tracy trost,jeff huston
tt1756426,\N,\N,\N,black over white,tomer heymann,\N,black over white,tomer heymann,tomer heymann,\N,\N,\N
tt1758576,bombay beach,alma harel,\N,bombay beach,alma harel,\N,bombay beach,alma harel,\N,bombay beach,alma harel,\N
tt1758741,\N,\N,\N,\N,\N,\N,people like us,baron norris; christina norris,baron norris; christina norris,\N,\N,\N
tt1759674,"john frum, he will come",\N,\N,\N,\N,\N,"john frum, he will come",\N,\N,"john frum, he will come",\N,\N
tt1763211,\N,\N,\N,\N,\N,\N,dilbar jani,riaz bokhari,\N,\N,\N,\N
tt1764667,\N,\N,\N,\N,\N,\N,the lonely road,lance j reha,tom bragg,\N,\N,\N
tt17676518,\N,\N,\N,\N,\N,\N,"l'epopee du mahabharata, theatre danse kathakali.",jacques oger,jacques oger; milena salvini,\N,\N,\N
tt1770670,\N,\N,\N,\N,\N,\N,did you kiss anyone?,mike vogel,mike vogel,\N,\N,\N
tt1772958,lover's discourse,derek tsang kwokcheung; wan chiman,derek tsang kwokcheung; wan chiman,lover's discourse,derek tsang,\N,lover's discourse,derek tsang kwokcheung; wan chiman,\N,lover's discourse,derek tsang kwokcheung; wan chiman,derek tsang kwokcheung; wan chiman
tt1773578,my father is a cleaning lady,saphia azzedine,saphia azzedine,mon pere est femme de menage,saphia azzeddine,saphia azzeddine,my father is a cleaning lady,saphia azzeddine,saphia azzeddine,my father is a cleaning lady,saphia azzedine,saphia azzedine
tt1773594,\N,\N,\N,\N,\N,\N,normalnykh muzhikov ne byvaet 2,dmitry taran,dmitriy taran,\N,\N,\N
tt17736454,\N,\N,\N,\N,\N,\N,blood match,\N,giorgio serafini,\N,\N,\N
tt1776325,found footage festival volume 5: live in milwaukee,andrew swant,\N,\N,\N,\N,found footage festival volume 5: live in milwaukee,andrew swant,\N,\N,\N,\N
tt1781922,no escape,john erick dowdle,drew dowdle; john erick dowdle,no escape,john erick dowdle,drew dowdle; john erick dowdle,no escape,john erick dowdle,drew dowdle; john erick dowdle,no escape,john erick dowdle,drew dowdle; john erick dowdle
tt1785386,love addiction,nobuteru uchida,nobuteru uchida,\N,\N,\N,love addiction,nobuteru uchida,\N,love addiction,nobuteru uchida,nobuteru uchida
tt1785669,vikingdom,yusry abdul halim,james coyne,vikingdom,yusry bin abdul halim,james coyne,vikingdom,yusry abd halim,james coyne,vikingdom,yusry abdul halim,james coyne
tt1786756,\N,\N,\N,\N,\N,\N,vivian bullwinkel: an australian heroine,eleanor sharpe; nickolas bird,eleanor sharpe,\N,\N,\N
tt17889522,\N,\N,\N,\N,\N,\N,living in the process,joana linhares,\N,\N,\N,\N
tt17889892,\N,\N,\N,\N,\N,\N,the return of jamal,eddie seddoh; mortinno morton,\N,\N,\N,\N
tt17902464,\N,\N,\N,\N,\N,\N,tor bina,binod mahli,ajit kumar bhagat; pawan roy,\N,\N,\N
tt1792797,\N,\N,\N,\N,\N,\N,"my brother lives in china, part 1: canton sunday",matthiew klinck,\N,\N,\N,\N
tt1793217,\N,\N,\N,\N,\N,\N,e hedsod padedsuk,\N,\N,\N,\N,\N
tt1793229,\N,\N,\N,\N,\N,\N,hood,\N,cory goodman; jeremy lott,\N,\N,\N
tt1800325,\N,\N,\N,\N,\N,\N,la date fixee,\N,\N,\N,\N,\N
tt1801061,me & you,bernardo bertolucci,bernardo bertolucci; francesca marciano; niccolo ammaniti; umberto contarello,me and you,bernardo bertolucci,bernardo bertolucci; francesca marciano; niccolo ammaniti; umberto contarello,me and you,bernardo bertolucci,francesca marciano; niccolo ammaniti; umberto contarello,me & you,bernardo bertolucci,bernardo bertolucci; francesca marciano; niccolo ammaniti; umberto contarello
tt1805318,making dances: seven post-modern choreographers,michael blackwood,\N,\N,\N,\N,making dances: seven post-modern choreographers,michael blackwood,\N,making dances: seven post-modern choreographers,michael blackwood,\N
tt1805471,\N,\N,\N,the talgai skull,thomas william haydon,\N,the talgai skull: an investigation into the origin of the australian aborigines,tom haydon,\N,\N,\N,\N
tt1805506,\N,\N,\N,\N,\N,\N,waterwalker,joey lansdale,maigan mcpherson; roger rohatgi,\N,\N,\N
tt18069474,\N,\N,\N,\N,\N,\N,the hostage,ifeanyi ikpoenyi,\N,\N,\N,\N
tt1807954,veuve et nymphomane,georges gueret; jeanclaude stromme,sergealain fayola,\N,\N,\N,veuve et nymphomane,georges gueret; jeanclaude stromme,sergealain fayola,\N,\N,\N
tt18114570,a time to remember,hwang kyungsung,\N,time of memory,\N,\N,a time to remember,hwang kyungsung,\N,a time to remember,hwang kyungsung,\N
tt1813140,\N,\N,\N,\N,\N,\N,a nossa vida,alexander scheiter; michael viehweg,alexander scheiter; michael viehweg,\N,\N,\N
tt1813361,how are you,jannik splidsboel,\N,how are you,jannik splidsboel,jannik splidsboel,how are you,jannik splidsboel,\N,how are you,jannik splidsboel,\N
tt1813458,les derniers survivants,arnaud toussaint,\N,les derniers survivants,arnaud toussaint,\N,les derniers survivants,arnaud toussaint,arnaud toussaint,les derniers survivants,arnaud toussaint,\N
tt1816068,\N,\N,\N,\N,\N,\N,why robert?,leslie delano,\N,\N,\N,\N
tt18161052,\N,\N,\N,\N,\N,\N,bleu york,\N,\N,\N,\N,\N
tt1817092,\N,\N,\N,from the dawn,jillali ferhati,jillali ferhati,des l'aube,jillali ferhati,jillali ferhati,\N,\N,\N
tt1817779,one heart one spirit,mun yiuwah,\N,\N,\N,\N,one heart one spirit,mun yiuwah,\N,one heart one spirit,mun yiuwah,\N
tt1818388,kent nagano: montreal symphony,bettina ehrhardt,\N,kent nagano - montreal symphony,bettina ehrhardt,\N,kent nagano: montreal symphony,bettina ehrhardt,\N,kent nagano: montreal symphony,bettina ehrhardt,\N
tt18184298,\N,\N,\N,\N,\N,\N,ultimatum: rise of a hero,djakis diarra,djakis diarra,\N,\N,\N
tt1819601,miss dial,david h steinberg,david h steinberg,miss dial,david h steinberg; david steinberg,david h steinberg,miss dial,david h steinberg,david h steinberg,miss dial,david h steinberg,david h steinberg
tt1820611,\N,\N,\N,\N,\N,\N,profumo di lumia,joel stangle,esther stangle translation; joel stangle,\N,\N,\N
tt1821663,\N,\N,\N,\N,\N,\N,the philadelphia orchestra concert series live in hd: spano conducts sibelius,greg sharrow,tim ribchester,\N,\N,\N
tt18224832,\N,\N,\N,\N,\N,\N,avalanche,tissy nnachi,felix nyemike nkadi,\N,\N,\N
tt18244208,\N,\N,\N,\N,\N,\N,kaito-den,santaro marune,fuji yahiro; kikuo tsunoda,\N,\N,\N
tt18245480,la tajada,donald whittier,\N,\N,\N,\N,la tajada,donald whittier,\N,la tajada,donald whittier,\N
tt18254562,if we were lucky,\N,\N,\N,\N,\N,if we were lucky,\N,\N,if we were lucky,\N,\N
tt18255028,\N,\N,\N,\N,\N,\N,el ano del tigre,yasser michelen,\N,\N,\N,\N
tt1825646,after the apocalypse,antony butts,\N,\N,\N,\N,after the apocalypse,antony butts,\N,after the apocalypse,antony butts,\N
tt18256970,\N,\N,\N,\N,\N,\N,papao 54,alexandre derlam,adriana oliveira; voltaire barbieri,\N,\N,\N
tt18263516,\N,\N,\N,\N,\N,\N,the true history of indigenous americans,\N,\N,\N,\N,\N
tt18263854,the christmas games,salvador suarez obregon,constanza boquet,navidad en vivo,salvador suarez obregon,\N,the christmas games,salvador suarez obregon,\N,the christmas games,salvador suarez obregon,constanza boquet
tt1826577,14 americans: directions of the 1970s,michael blackwood; nancy rosen,\N,\N,\N,\N,14 americans: directions of the 1970s,michael blackwood; nancy rosen,\N,14 americans: directions of the 1970s,michael blackwood; nancy rosen,\N
tt18286640,bubblegum,jeffrey garcia,jeffrey garcia,\N,\N,\N,bubblegum,jeffrey garcia,\N,bubblegum,jeffrey garcia,jeffrey garcia
tt18302002,the case for heaven,mani sandoval,\N,\N,\N,\N,the case for heaven,mani sandoval,\N,the case for heaven,mani sandoval,\N
tt18306296,\N,\N,\N,\N,\N,\N,clowns vs. spiders,\N,jeff strand,\N,\N,\N
tt18310176,\N,\N,\N,\N,\N,\N,ivan in karla,alma lapajne,alma lapajne; matjaz lunacek,\N,\N,\N
tt18312964,\N,\N,\N,\N,\N,\N,the club ii,tony cole,tony cole,\N,\N,\N
tt18313002,say it thrice,kautuk saksena,kautuk saksena,\N,\N,\N,say it thrice,kautuk saksena,\N,say it thrice,kautuk saksena,kautuk saksena
tt18314066,tip-off,vyacheslav fedorov,igor safronov; vyacheslav fedorov,\N,\N,\N,tip-off,vyacheslav fedorov,\N,tip-off,vyacheslav fedorov,igor safronov; vyacheslav fedorov
tt1832420,the war and the wedding,zaza kolelishvili,paata berikashvili; tengiz tkhilava; zaza kolelishvili,\N,\N,\N,the war and the wedding,zaza kolelishvili,\N,the war and the wedding,zaza kolelishvili,paata berikashvili; tengiz tkhilava; zaza kolelishvili
tt18327822,\N,\N,\N,\N,\N,\N,sabotage,simon peacemaker,victory mba,\N,\N,\N
tt18334770,\N,\N,\N,\N,\N,\N,pedro undercover,robert rodriguez,alejandro cabral,\N,\N,\N
tt18336384,\N,\N,\N,\N,\N,\N,martin fruwein osmadvacaty odsouzeny,vaclav kristek,marie sediva koldinska; vaclav kristek,\N,\N,\N
tt1836016,kantor,andrzej sapija,\N,\N,\N,\N,kantor,andrzej sapija,\N,kantor,andrzej sapija,\N
tt1836220,\N,\N,\N,\N,\N,\N,whiskey,rich flores,rich flores,\N,\N,\N
tt1837701,\N,\N,\N,\N,\N,\N,unexpected,\N,ian deitchman; kristin rusk robinson,\N,\N,\N
tt1839684,\N,\N,\N,\N,\N,\N,untitled space adventure project,\N,jon spaihts,\N,\N,\N
tt1840930,\N,\N,\N,oleg,mads koudal,mads koudal,oleg,mads koudal,mads koudal,\N,\N,\N
tt1841513,bakroman,gianluca de serio; massimiliano de serio,\N,\N,\N,\N,bakroman,gianluca de serio; massimiliano de serio,\N,bakroman,gianluca de serio; massimiliano de serio,\N
tt1841781,orillas,pablo cesar,\N,\N,pablo cesar,\N,orillas,pablo cesar,\N,orillas,pablo cesar,\N
tt1842477,\N,\N,\N,\N,\N,\N,stainless steel,lorna davis,lorna davis,\N,\N,\N
tt1843107,assisted fishing,joe crouch,joe crouch,\N,\N,\N,assisted fishing,joe crouch,\N,assisted fishing,joe crouch,joe crouch
tt1844205,\N,\N,\N,\N,\N,\N,pride and joy,nick luciano,nolan purvis,\N,\N,\N
tt1844735,mekong hotel,apichatpong weerasethakul,apichatpong weerasethakul,mekong hotel,apichatpong weerasethakul,apichatpong weerasethakul,mekong hotel,apichatpong weerasethakul,apichatpong weerasethakul,mekong hotel,apichatpong weerasethakul,apichatpong weerasethakul
tt1845789,die tigerentenbande - der film,irina probost,\N,\N,irina probost,\N,die tigerentenbande - der film,irina probost,\N,die tigerentenbande - der film,irina probost,\N
tt1846733,\N,\N,\N,\N,\N,\N,shiti boizu no film noir,shuichi okita,shuichi okita,\N,\N,\N
tt1846803,troubleshooter,kwon hyeokjae,kim jeongmin; kwon hyeokjae; ryoo seungwan,hae-gyeol-sa,\N,\N,troubleshooter,hyeokjae kwon,ryoo seungwan,troubleshooter,kwon hyeokjae,kim jeongmin; kwon hyeokjae; ryoo seungwan
tt18469754,\N,\N,\N,\N,\N,\N,number 8,azar faramarzi,azar faramarzi,\N,\N,\N
tt1847641,masters of modern sculpture part i: the pioneers,michael blackwood,\N,\N,\N,\N,masters of modern sculpture part i: the pioneers,michael blackwood,\N,masters of modern sculpture part i: the pioneers,michael blackwood,\N
tt1847651,\N,\N,\N,\N,\N,\N,my anniston edward wood,stan arthur,\N,\N,\N,\N
tt1848999,\N,\N,\N,melati van agam,tan tjoei hock,\N,melati van agam,tan tjoei hock,parada harahap,\N,\N,\N
tt1849884,\N,\N,\N,\N,\N,\N,the wisdom of solomon,elliott eddie,elliott eddie,\N,\N,\N
tt1853550,"echo of the elephants, the story of an elephant family",\N,\N,\N,\N,\N,"silvio rodriguez, ojala",nicolas garcia,\N,"echo of the elephants, the story of an elephant family",\N,\N
tt1853614,a letter to momo,hiroyuki okiura,hiroyuki okiura,a letter to momo,hiroyuki okiura,hiroyuki okiura,a letter to momo,hiroyuki okiura,hiroyuki okiura,a letter to momo,hiroyuki okiura,hiroyuki okiura
tt1854279,\N,\N,\N,\N,\N,\N,from the quarters to lincoln heights,mark oliver,\N,\N,\N,\N
tt18547228,"amen, amen, amen: a story for our times",tom gallagher,\N,\N,\N,\N,"amen, amen, amen: a story for our times",tom gallagher,\N,"amen, amen, amen: a story for our times",tom gallagher,\N
tt1855161,\N,\N,\N,\N,\N,\N,crazy rides a sawhorse,josh thurm; russell mcculloch,josh thurm; russell mcculloch,crazy rides a sawhorse,josh thurm; russell mcculloch,josh thurm; russell mcculloch
tt18561466,gajab thai gayo!,neeraj joshi,neeraj joshi,gajab thai gayo!,\N,\N,gajab thai gayo !,neeraj joshi,neeraj joshi,\N,\N,\N
tt1860371,the blind hero fighting evil wolf,lee ying,ku chun,\N,\N,\N,the blind hero fighting evil wolf,lee ying,\N,the blind hero fighting evil wolf,lee ying,ku chun
tt1863157,ates parcas,ylmaz atadeniz,recep filiz,\N,\N,\N,ates parcas,ylmaz atadeniz,\N,ates parcas,ylmaz atadeniz,recep filiz
tt1864428,navigate this maze,matthew scheller,matthew scheller,\N,\N,\N,navigate this maze,matthew scheller,\N,navigate this maze,matthew scheller,matthew scheller
tt1866079,\N,\N,\N,\N,\N,\N,17 jahre spater,hendrik reichel,eva lia reinegger; hendrik reichel,\N,\N,\N
tt18690318,\N,\N,\N,\N,\N,\N,the perfect illusion,kurt ken kaminaka; lymari graciano,kurt ken kaminaka,\N,\N,\N
tt18693144,\N,\N,\N,\N,\N,\N,apollo hotel,\N,nickson kamau,\N,\N,\N
tt1870484,somewhere else,kjellake andersson,hans gunnarsson,nagon annanstans i sverige,kjellake andersson,hans gunnarsson,nagon annanstans i sverige,kjellake andersson,hans gunnarsson,somewhere else,kjellake andersson,hans gunnarsson
tt1871434,\N,\N,\N,\N,\N,\N,viajes del bicentenario: malvinas,julio cardoso,julio cardoso,\N,\N,\N
tt1874820,witchcraft: the magick rituals of the coven,karen frandsen,karen frandsen,\N,\N,\N,witchcraft: the magick rituals of the coven,karen frandsen,\N,witchcraft: the magick rituals of the coven,karen frandsen,karen frandsen
tt1874821,\N,\N,\N,\N,\N,\N,you can reach me today at...,\N,\N,\N,\N,\N
tt1876415,\N,\N,\N,\N,\N,\N,paul klee: the silence of the angel,michael gaumnitz,\N,paul klee: the silence of the angel,michael gaumnitz,stephane levykuentz
tt1880204,\N,\N,\N,\N,\N,\N,frog hair,robert selby,richard j davis; robert selby,\N,\N,\N
tt1881015,\N,\N,\N,\N,\N,\N,moose on the loose,johnny j sullivan,johnny j sullivan,\N,\N,\N
tt18810706,rise above: the carl jackson story,maryilene blondell,maryilene blondell,\N,\N,\N,rise above: the carl jackson story,maryilene blondell,\N,rise above: the carl jackson story,maryilene blondell,maryilene blondell
tt1884414,shakespeare high,alex rotaru,\N,\N,\N,\N,shakespeare high,alex rotaru,\N,shakespeare high,alex rotaru,\N
tt1887919,\N,\N,\N,this is my land... hebron,giulia amati,\N,this is my land... hebron,giulia amati; stephen natanson,marie natanson; stephen natanson,\N,\N,\N
tt1894537,japanese salaryman neo,teruyuki yoshida,daisuke habara; teruyuki yoshida,\N,\N,\N,japanese salaryman neo,teruyuki yoshida,\N,japanese salaryman neo,teruyuki yoshida,daisuke habara; teruyuki yoshida
tt18950346,the marriage fixer,toka mcbaror,darlington chukwunyere,\N,\N,\N,the marriage fixer,toka mcbaror,\N,the marriage fixer,toka mcbaror,darlington chukwunyere
tt18952116,\N,\N,\N,\N,\N,\N,hacer mucho con poco,katerina kliwadenko; mario novas,katerina kliwadenko; mario novas,\N,\N,\N
tt1895562,\N,\N,\N,\N,\N,\N,the bullfighter,russell friedenberg,randy redroad; russell friedenberg,\N,\N,\N
tt18974288,\N,\N,\N,\N,\N,\N,pasaporta,jay ferguson,valmira baruti,\N,\N,\N
tt1899100,19 doors,bruce koehler,jacqueline druga,\N,\N,\N,american ouija,bruce koehler,jacqueline druga,19 doors,bruce koehler,jacqueline druga
tt19045420,\N,\N,\N,dangerous sex,lee jun,\N,wiheomhan sekseu,\N,\N,\N,\N,\N
tt19063724,\N,\N,\N,\N,\N,\N,jade fury,frank vu,frank vu,\N,\N,\N
tt1908455,among the fallen,jay shatzer,jay shatzer,\N,\N,\N,among the fallen,jay shatzer,\N,among the fallen,jay shatzer,jay shatzer
tt1908471,catching hell,alex gibney,alex gibney,\N,\N,\N,catching hell,alex gibney,alex gibney,catching hell,alex gibney,alex gibney
tt1913178,the crown and the dragon,anne k black,anne k black; justin partridge; kynan griffin,the crown and the dragon,anne k black,\N,the crown and the dragon,anne k black,anne k black; justin partridge; kynan griffin,the crown and the dragon,anne k black,anne k black; justin partridge; kynan griffin
tt1918750,\N,\N,\N,\N,\N,\N,controlling love,benjamin israel,benjamin israel,\N,\N,\N
tt1918892,\N,\N,\N,\N,\N,\N,kino moje malo,arminio grgic; zvonimir karakatic,arminio grgic; zvonimir karakatic,\N,\N,\N
tt1920816,\N,\N,\N,\N,\N,\N,'cuda,jeremy torrie,jeremy torrie,\N,\N,\N
tt1920870,\N,\N,\N,\N,\N,\N,collecting dust,kailee mcgee; rich costales,kailee mcgee,\N,\N,\N
tt1920996,the star making machine,esteban echeverria,\N,the star maker,\N,\N,the star making machine,esteban echeverria,\N,the star making machine,esteban echeverria,\N
tt1921143,to paradise,\N,\N,\N,\N,\N,to paradise,\N,\N,\N,\N,\N
tt19243810,\N,\N,\N,\N,\N,\N,being,dominic m carola; kevin lang,dominic m carola; jeff hand,\N,\N,\N
tt19246224,\N,\N,\N,\N,\N,\N,waiting for the apocalypse,\N,naomi lisner,\N,\N,\N
tt19265480,manmatha leelai,venkat prabhu,manivannan balasubramaniam; venkat prabhu,manmadha leelai,venkat prabhu,\N,manmadha leelai,venkat prabhu,manivannan balasubramaniam; venkat prabhu,manmatha leelai,venkat prabhu,manivannan balasubramaniam; venkat prabhu
tt19269042,city of a dream,annabel loyola,annabel loyola,city of a dream,annabel loyola,annabel loyola,la ville d'un reve (city of a dream),annabel loyola,annabel loyola,city of a dream,annabel loyola,annabel loyola
tt1927012,dead shadows,david cholewa,vincent jule,dead shadows,david cholewa,\N,dead shadows,david cholewa,sean whitley; vincent jule,dead shadows,david cholewa,vincent jule
tt1927025,trash,benoit pilon,\N,trash,benoit pilon,benoit pilon; pierre szalowski,trash,benoit pilon,\N,trash,benoit pilon,benoit pilon; pierre szalowski
tt1927055,hell of a day,daniele misischia,claudio camilli; daniele misischia,\N,\N,\N,hell of a day,daniele misischia,\N,hell of a day,daniele misischia,claudio camilli; daniele misischia
tt1928172,frontalwatte,jakob lass,jakob lass,a mouth full of bandages,jakob lass,jakob lass,frontalwatte,jakob lass,\N,frontalwatte,jakob lass,jakob lass
tt1931386,bali: life is an offering,\N,\N,\N,\N,\N,bali: life is an offering,\N,\N,bali: life is an offering,\N,\N
tt1935254,the adventists,\N,\N,\N,\N,\N,the adventists,\N,\N,the adventists,\N,\N
tt19353638,why we fight?,alain platel; mirjam devriendt,alain platel; mirjam devriendt,\N,\N,\N,why we fight?,alain platel; mirjam devriendt,\N,why we fight?,alain platel; mirjam devriendt,alain platel; mirjam devriendt
tt19355752,\N,\N,\N,\N,\N,\N,new works-in-progress: session two - broadcast,axel danielson; maximilien van aertryck,\N,\N,\N,\N
tt19365512,\N,\N,\N,\N,\N,\N,kofo the first lady,rasaq ajao; saheed abioye; sunday ogunyemi,\N,\N,\N,\N
tt19370932,paris and love,mohamed salman,mohamed salman,paris and love,mohamed salman,\N,paris and love,mohamed salman,\N,paris and love,mohamed salman,mohamed salman
tt19371340,spread: pigs to slaughter,robert christopher smith,kurt belcher; robert christopher smith,\N,\N,\N,spread: pigs to slaughter,robert christopher smith,\N,spread: pigs to slaughter,robert christopher smith,kurt belcher; robert christopher smith
tt19371532,\N,\N,\N,\N,\N,\N,feature screenplay movie: the surge,matthew toffolo,david c cooper,\N,\N,\N
tt1937326,\N,\N,\N,\N,\N,\N,slashdance,cindy baer,matthew irving,\N,\N,\N
tt1937386,\N,\N,\N,\N,\N,\N,the machine,\N,alfred gough; robert ben garant,\N,\N,\N
tt19380758,\N,\N,\N,\N,\N,\N,supertempo,daniel kemeny,daniel kemeny; laura marzi; silvestro maccariello,\N,\N,\N
tt19392202,quem matou laura paula,joao capela,carlos morais,\N,\N,\N,quem matou laura paula,joao capela,\N,quem matou laura paula,joao capela,carlos morais
tt19397296,jackpot,emil krizka,albert cuba; vladimir polak,three tigers in the movie: jackpot,emil krizka,albert cuba; vladimir polak,tri tygri ve filmu: jackpot,emil krizka,albert cuba; vladimir polak,jackpot,emil krizka,albert cuba; vladimir polak
tt19409960,songs above clouds,rafael gasparyants; yuriy gorkovenko,maksim gettuyev; yuriy gorkovenko,\N,\N,\N,songs above clouds,rafael gasparyants; yuriy gorkovenko,\N,songs above clouds,rafael gasparyants; yuriy gorkovenko,maksim gettuyev; yuriy gorkovenko
tt1941585,les mythos,denis thybaud,beatrice fournera; cherif sais; samir oubechou,les mythos,denis thybaud,\N,les mythos,denis thybaud,beatrice fournera; cherif sais; samir oubechou,les mythos,denis thybaud,beatrice fournera; cherif sais; samir oubechou
tt1941686,\N,\N,\N,\N,\N,\N,the game house,\N,\N,\N,\N,\N
tt19429498,\N,\N,\N,\N,\N,\N,the forgotten rounds,\N,adam aalderks,\N,\N,\N
tt1945228,voyage of time: life's journey,terrence malick,terrence malick,voyage of time,terrence malick,terrence malick,voyage of time,terrence malick,terrence malick,voyage of time: life's journey,terrence malick,terrence malick
tt1948198,transnationalmannschaft,philipp kohl,ali badakhshan rad,transnational squad,ali badakhshan rad; phillip kohl,ali badakhshan rad; phillip kohl,transnationalmannschaft,philipp kohl,\N,transnationalmannschaft,philipp kohl,ali badakhshan rad
tt1948629,tatooreh,kiumars pourahmad,kiumars pourahmad; mohammad reza safdari,tatooreh,kiumars pourahmad,kiumars pourahmad,tatooreh,kiumars pourahmad,\N,tatooreh,kiumars pourahmad,kiumars pourahmad
tt1949605,who gets the dog?,huck botko,matt jl wheeler; rick rapoza,who gets the dog?,huck botko,\N,who gets the dog?,huck botko,matt jl wheeler; rick rapoza,who gets the dog?,huck botko,matt jl wheeler; rick rapoza
tt1950178,freedom from famine: the norman borlaug story,\N,\N,\N,\N,\N,freedom from famine: the norman borlaug story,\N,\N,freedom from famine: the norman borlaug story,\N,\N
tt19512418,brillantes,sylvie gautier,sylvie gautier,brillantes,\N,\N,brillantes,sylvie gautier,\N,brillantes,sylvie gautier,sylvie gautier
tt1954433,\N,\N,\N,\N,\N,\N,fanoos-e siah,mehdi madanian,mehdi madanian,\N,\N,\N
tt1954714,osage tribal murders,sherwood ball,celia xavier,\N,\N,\N,osage tribal murders,sherwood ball,\N,osage tribal murders,sherwood ball,celia xavier
tt1956603,postales colombianas,ricardo coraldorado,ricardo coraldorado,colombian postcards,ricardo coral dorado,\N,postales colombianas,ricardo coral,\N,postales colombianas,ricardo coraldorado,ricardo coraldorado
tt1956648,\N,\N,\N,\N,\N,\N,the chocolate seller,emma calveley; richard riddiford; robyn scottvincent,\N,\N,\N,\N
tt1957896,\N,\N,\N,\N,\N,\N,enjoy your life,\N,\N,\N,\N,\N
tt1959528,secos & molhados,armando mendz,\N,\N,\N,\N,secos & molhados,armando mendz,\N,secos & molhados,armando mendz,\N
tt19637712,\N,\N,\N,\N,\N,\N,solser en hesse,\N,jw merkelbach; mh ladde,\N,\N,\N
tt1964495,\N,\N,\N,\N,\N,\N,antitrust,\N,douglas kennedy,\N,\N,\N
tt1964850,\N,\N,\N,\N,\N,\N,kuttulasta katmanduun,lilli riihiranta,lilli riihiranta,\N,\N,\N
tt1965250,\N,\N,\N,\N,\N,\N,trackers,r ellis frazier,christopher m don,\N,\N,\N
tt19662422,\N,\N,\N,\N,\N,\N,death of an elephant,aditya vikram sengupta,\N,\N,\N,\N
tt1966368,bhalobaslei ghor bandha jay na,jakir hossain raju,\N,bhalobaslei ghor bandha jay na,jakir hossain raju,\N,bhalobaslei ghor bandha jay na,jakir hossain raju,\N,bhalobaslei ghor bandha jay na,jakir hossain raju,\N
tt1969062,infinitely polar bear,maya forbes,maya forbes,infinitely polar bear,maya forbes,maya forbes,infinitely polar bear,maya forbes,maya forbes,infinitely polar bear,maya forbes,maya forbes
tt19719162,distant thunder,takayuki ohashi,takayuki ohashi,\N,\N,\N,distant thunder,takayuki ohashi,\N,distant thunder,takayuki ohashi,takayuki ohashi
tt19721964,\N,\N,\N,\N,\N,\N,la furia,frank benitez pena,frank benitez pena,\N,\N,\N
tt19753920,\N,\N,\N,\N,\N,\N,dogs for defense,\N,lori tanner,\N,\N,\N
tt1975987,\N,\N,\N,\N,\N,\N,xin zi bao miao tan,raymond si,raymond si,\N,\N,\N
tt19796546,\N,\N,\N,\N,\N,\N,the almighty yes,\N,\N,\N,\N,\N
tt19798294,volodarka,nathalie vannereau,nathalie vannereau,\N,\N,\N,volodarka,nathalie vannereau,\N,volodarka,nathalie vannereau,nathalie vannereau
tt1980056,children of the revolution,shane osullivan,\N,children of the revolution,shane osullivan,\N,children of the revolution,shane osullivan,\N,children of the revolution,shane osullivan,\N
tt1981129,untitled fbi wedding sting film,\N,jonathan tropper,\N,\N,\N,untitled fbi wedding sting film,\N,\N,\N,\N,\N
tt19830276,\N,\N,\N,\N,\N,\N,nahle pe dahla,\N,\N,\N,\N,\N
tt19845648,tesseract: portals,richard oakes,\N,\N,\N,\N,tesseract: portals,richard oakes,\N,tesseract: portals,richard oakes,\N
tt19847338,reel rock 16,\N,\N,\N,\N,\N,reel rock 16,\N,\N,\N,\N,\N
tt19848774,\N,\N,\N,\N,\N,\N,boss down,desmond elliot,doris ariole,\N,\N,\N
tt19850564,saving ana,june daguiso,\N,\N,\N,\N,saving ana,june daguiso,\N,saving ana,june daguiso,\N
tt19852570,\N,\N,\N,\N,\N,\N,the haunting of the midshipman,aidan j crowley,aidan j crowley,\N,\N,\N
tt19859820,\N,\N,\N,\N,\N,\N,ab hogi hamri hukumat,amar betaab,amar betaab; durga prasad upadhay abhiraj; rameshwar sharma,\N,\N,\N
tt19872762,the olive tree of boul'hivet,mohamed nadir azizi,khaled benmiloud,l'olivier de boulhilet,\N,\N,the olive tree of boul'hivet,mohamed nadir azizi,\N,the olive tree of boul'hivet,mohamed nadir azizi,khaled benmiloud
tt19882472,parde mein rehne do,wajahat rauf,mohsin ali,parde mein rehne do,wajahat rauf,\N,parde mein rehne do,wajahat rauf,\N,parde mein rehne do,wajahat rauf,mohsin ali
tt1990235,\N,\N,\N,\N,\N,\N,ghaliye iroonie maa,massoud bakhshi,massoud bakhshi,\N,\N,\N
tt1995385,\N,\N,\N,\N,\N,\N,"nikutai dourousha ga sora o tobu toki, madogiwa no kochan ni kyoufu no an'yakudan ga semaru!!",yukitsugi nishijiri,\N,\N,\N,\N
tt1995445,swantham bharya zindabad,biju vattappara,biju vattappara,swantham bharya zindabad,\N,\N,swantham bharya zindabad,biju vattappara,biju vattappara; rafi mathira,swantham bharya zindabad,biju vattappara,biju vattappara
tt1995458,the bang bang brokers,david n donihue,david n donihue,\N,\N,\N,the bang bang brokers,david n donihue,david n donihue,the bang bang brokers,david n donihue,david n donihue
tt1996398,\N,\N,\N,\N,\N,\N,tamashii no kyouiku,tetsu shiratori,\N,\N,\N,\N
tt1999998,jade hairpin alliance,chengda tang,lungsheng wo,\N,\N,\N,jade hairpin alliance,chengda tang,\N,jade hairpin alliance,chengda tang,lungsheng wo
tt2002759,perfectmatch,chad eddy,chad eddy,\N,\N,\N,perfectmatch,chad eddy,chad eddy,perfectmatch,chad eddy,chad eddy
tt2006056,\N,\N,\N,\N,\N,\N,anak sa labas,eddie rodriguez,bert r mendoza; eddie rodriguez,\N,\N,\N
tt2007403,mendelsohn's incessant visions,duki dror,\N,mendelsohn's incessant visions,duki dror,\N,mendelsohn's incessant visions,duki dror,\N,mendelsohn's incessant visions,duki dror,\N
tt2007954,barefoot gen's hiroshima,ishida yuko,\N,\N,\N,\N,barefoot gen's hiroshima,ishida yuko,\N,barefoot gen's hiroshima,ishida yuko,\N
tt2009419,\N,\N,\N,\N,\N,\N,archipelagi celluloidu,claudio pazienza,claudio pazienza,\N,\N,\N
tt20118266,"aku jati, aku asperger",fajar bustomi,fikra fadilla; rinipta swasti simson,\N,fajar bustomi,\N,"aku jati, aku asperger",fajar bustomi,\N,"aku jati, aku asperger",fajar bustomi,andreas ohman; fikra fadilla; jonathan sjoberg; rinipta swasti simson
tt2014191,chapman,justin owensby,justin owensby,chapman,\N,\N,chapman,justin owensby,justin owensby,chapman,justin owensby,justin owensby
tt20149536,demons,nataliia vorozhbyt,nataliia vorozhbyt,demons,natalya vorozhbit,natalya vorozhbit,demons,nataliia vorozhbyt,\N,demons,nataliia vorozhbyt,nataliia vorozhbyt
tt2016221,\N,\N,\N,\N,\N,\N,kapantay ay langit,eddie rodriguez,\N,\N,\N,\N
tt2016282,karate from shaolin temple,hideo nanbu,hideo nanbu; hiroshi nagao; kengo inomata,\N,\N,\N,karate from shaolin temple,hideo nanbu,\N,karate from shaolin temple,hideo nanbu,hideo nanbu; hiroshi nagao; kengo inomata
tt20204588,\N,\N,\N,\N,\N,\N,angel baby,alexandra davies,\N,\N,\N,\N
tt20214260,\N,\N,\N,\N,\N,\N,modern antiquities,eric parkinson,eric parkinson,\N,\N,\N
tt20215968,hit man,richard linklater,glen powell; richard linklater,hit man,richard linklater,glen powell; richard linklater,hit man,richard linklater,glen powell; richard linklater; skip hollandsworth,hit man,richard linklater,glen powell; richard linklater
tt20222484,\N,\N,\N,\N,\N,\N,hatchet boy and cigarette girl,\N,craig lew,\N,\N,\N
tt20223758,\N,\N,\N,\N,\N,\N,punctured,shari hamrick grewal,karl williams; shari hamrick grewal,\N,\N,\N
tt2022497,play,nam dajung,nam dajung,play,\N,\N,play,nam dajung,\N,play,nam dajung,nam dajung
tt20237930,\N,\N,\N,could you don't leave me,\N,\N,ke bu ke yi bu yao li kai wo,fei xiao; ziming wang,fei xiao,\N,\N,\N
tt20239280,zoku santo juyaku,hideo suzuki,kenro matsuura,\N,\N,\N,zoku santo juyaku,hideo suzuki,\N,zoku santo juyaku,hideo suzuki,kenro matsuura
tt2024463,the sea at the time of the eclipse,jure pervanje,jure pervanje,\N,jure pervanje,\N,the sea at the time of the eclipse,jure pervanje,\N,the sea at the time of the eclipse,jure pervanje,jure pervanje
tt20255394,wizards!,david michod,david michod; joel edgerton,wizards!,david michod,david michod,wizards!,david michod,\N,wizards!,david michod,david michod
tt2025702,\N,\N,\N,\N,\N,\N,the wash,seth harden,vered blonstein,\N,\N,\N
tt20318392,\N,\N,\N,\N,\N,\N,i am new york,\N,eliyas qureshi,\N,\N,\N
tt2033965,\N,\N,\N,\N,\N,\N,cast alaska,kevin morris; sean morris,sean morris,\N,\N,\N
tt2035462,\N,\N,\N,\N,\N,\N,being bin laden,lloyd dsouza,ricky blitt,\N,\N,\N
tt2040553,the love of beer,alison grayson,alison grayson,\N,\N,\N,the love of beer,alison grayson,\N,the love of beer,alison grayson,alison grayson
tt2041463,\N,\N,\N,\N,\N,\N,school of rock: zombie etiquette,lawrence r greenberg,deborah twiss; lawrence r greenberg,\N,\N,\N
tt2043938,"ocana, la memoria del sol",juan j moreno,\N,"ocana, la memoria del sol",juan j moreno,juan j moreno,"ocana, la memoria del sol",juan j moreno,\N,"ocana, la memoria del sol",juan j moreno,\N
tt2044014,\N,\N,\N,\N,\N,\N,tasogare no owarigoro,katsuyuki hirano,\N,\N,\N,\N
tt20447894,\N,\N,\N,\N,\N,\N,"el destino, triptico del porvenir",ana lucia rodriguez,ana lucia rodriguez,\N,\N,\N
tt2046116,lost years,\N,\N,lost years: a people's struggle for justice,kenda gee; tom radford,\N,lost years,\N,\N,lost years,\N,\N
tt2048778,\N,\N,\N,\N,\N,\N,determined sam,sebastien grousset,jose carlos ruiz; virginia yague,\N,\N,\N
tt2048929,\N,\N,\N,\N,\N,\N,yasashii musume,akihiko shiota,\N,\N,\N,\N
tt20517442,red herring,kit vincent,\N,\N,\N,\N,red herring,kit vincent,\N,red herring,kit vincent,\N
tt2055767,the fourth reich,manie van rensburg,malcolm kohll,the fourth reich,manie van rensburg,\N,the fourth reich,manie van rensburg,\N,the fourth reich,manie van rensburg,malcolm kohll
tt20563492,\N,\N,\N,\N,\N,\N,lifeistooshort,hetparekh,hetparekh,\N,\N,\N
tt2057956,crocodile in the yangtze,porter erisman,\N,\N,\N,\N,crocodile in the yangtze,porter erisman,\N,crocodile in the yangtze,porter erisman,\N
tt2058092,\N,\N,\N,the book of mormon,casey nicholaw; trey parker,\N,the book of mormon,\N,matt stone; trey parker,\N,\N,\N
tt20600384,benediction,kabat esosa egbon,\N,\N,\N,\N,benediction,kabat esosa egbon,\N,benediction,kabat esosa egbon,\N
tt20600404,\N,\N,\N,\N,\N,\N,mahi,suresh kuttyadi,ushanth thavath,\N,\N,\N
tt2062606,\N,\N,\N,\N,\N,\N,os japoneses no vale do ribeira,chico guariba,claudio yosida,\N,\N,\N
tt20628954,goffredo e l'italia chiamo,angelo antonucci,angelo antonucci; ekaterina khudenkikh,\N,\N,\N,goffredo e l'italia chiamo,angelo antonucci,\N,goffredo e l'italia chiamo,angelo antonucci,angelo antonucci; ekaterina khudenkikh
tt2063013,the assassins,zhao linshan,wang bin; wang hailin,the assassins,linshan zhao,wang bin,the assassins,linshan zhao,bin wang,the assassins,zhao linshan,wang bin; wang hailin
tt2064761,the house of the wind,vyacheslav zlatopolskiy,aleksei timm,dom vetra,vyacheslav zlatopolskiy,\N,the house of the wind,vyacheslav zlatopolskiy,\N,the house of the wind,vyacheslav zlatopolskiy,aleksei timm
tt2064960,the great flood,bill morrison,\N,\N,\N,\N,the great flood,bill morrison,bill morrison,the great flood,bill morrison,\N
tt20673400,\N,\N,\N,\N,\N,\N,piss on a sunflower,\N,blair johnson; denisha hardeman; zane nixon,\N,\N,\N
tt2072983,\N,\N,\N,\N,\N,\N,great grandfather's drum,cal lewin,cal lewin; victoria lewin,\N,\N,\N
tt20765824,herman the clown and the hypnotist,timo koivusalo,timo koivusalo,herman the clown and the hypnotist,timo koivusalo,\N,herman the clown and the hypnotist,timo koivusalo,\N,herman the clown and the hypnotist,timo koivusalo,timo koivusalo
tt20766126,vivaha avahanam,sajan alummoottil,nitaarah nadhine,\N,\N,\N,vivaha avahanam,sajan alummoottil,\N,vivaha avahanam,sajan alummoottil,nitaarah nadhine; sajan alummoottil; sangeeth senan
tt20766136,\N,\N,\N,\N,\N,\N,justin bieber: teen idol,maureen goldthorpe,\N,\N,\N,\N
tt20770330,the roping fools,will fitzpatrick,\N,\N,\N,\N,the roping fools,will fitzpatrick,\N,the roping fools,will fitzpatrick,\N
tt2077772,hush,jyri kahonen,tuomas parviainen,ja saapuu oikea yo,jyri kahonen,\N,hush,jyri kahonen,\N,hush,jyri kahonen,tuomas parviainen
tt2077908,zarafa,jeanchristophe lie; remi bezancon,alexander abela; remi bezancon,zarafa,jeanchristophe lie; remi bezancon,alexander abela; remi bezancon,zarafa,jeanchristophe lie; remi bezancon,alexander abela; remi bezancon,zarafa,jeanchristophe lie; remi bezancon,alexander abela; remi bezancon
tt20781372,\N,\N,\N,\N,\N,\N,folly,alex mouth,patrick nnamani,\N,\N,\N
tt20783246,\N,\N,\N,\N,\N,\N,lovecraft: going to the call of cthulhu,alexey kotolevskiy,alexey kotolevskiy,\N,\N,\N
tt2081361,\N,\N,\N,\N,iksan lahardi,\N,seribu janji kumenanti,iksan lahardi,usman effendy,\N,\N,\N
tt2082463,\N,\N,\N,\N,\N,\N,the last shamans,mattias low,mattias low,\N,\N,\N
tt2084832,fight to live,\N,\N,\N,\N,\N,fight to live,\N,\N,fight to live,\N,\N
tt20868642,the ex obsession,michael civille,ellen huggins,\N,\N,\N,the ex obsession,michael civille,\N,the ex obsession,michael civille,ellen huggins
tt20880118,\N,\N,\N,\N,\N,\N,the sandbox has no limits,alex bijan zandi,alex bijan zandi,\N,\N,\N
tt20880676,i got problemz,christopher nolen,\N,\N,\N,\N,i got problemz,christopher nolen,jermel howard,i got problemz,christopher nolen,\N
tt2093044,knock knock 2,chris sheng,chris sheng,\N,\N,\N,knock knock 2,chris sheng,chris sheng,knock knock 2,chris sheng,chris sheng
tt2094921,quartieri popolari di roma,alfredo leonardi; anna lajolo; guido lombardi,anna lajolo,\N,\N,\N,quartieri popolari di roma,alfredo leonardi; anna lajolo; guido lombardi,\N,quartieri popolari di roma,alfredo leonardi; anna lajolo; guido lombardi,anna lajolo
tt2099649,\N,\N,\N,\N,\N,\N,keiji aiueondo,\N,\N,\N,\N,\N
tt2100686,\N,\N,\N,the professional killer,chunliang chen,\N,zhi ye xiong shou,chunliang chen,chingkang yao; feimeng li,\N,\N,\N
tt2101424,\N,\N,\N,\N,\N,\N,sa ibabaw ng lahat,nilo saez,ding m de jesus; jose flores sibal,\N,\N,\N
tt2102353,kohi... mero,alok nembang,alok nembang; prawin adhikari,kohi mero,alok nembang,\N,kohi... mero,alok nembang,\N,kohi... mero,alok nembang,prawin adhikari
tt2102360,a night when the moon cried,ahmed yehia,farouk sabry,a night when the moon cried,ahmed yehia,farouk sabry,a night when the moon cried,ahmed yehia,\N,a night when the moon cried,ahmed yehia,farouk sabry
tt2103281,dawn of the planet of the apes,matt reeves,amanda silver; mark bomback; rick jaffa,dawn of the planet of the apes,matt reeves,amanda silver; mark bomback; rick jaffa; scott z burns,dawn of the planet of the apes,matt reeves,amanda silver; mark bomback; rick jaffa,dawn of the planet of the apes,matt reeves,amanda silver; mark bomback; rick jaffa
tt21040632,living wine,lori miller,\N,\N,\N,\N,living wine,lori miller,\N,living wine,lori miller,\N
tt21046632,\N,\N,\N,\N,\N,\N,georg baselitz,heinz peter schwerfel,heinz peter schwerfel,\N,\N,\N
tt2105018,\N,\N,\N,\N,\N,\N,the sleeping bear,richard cameron white,richard cameron white; ryan bradley,\N,\N,\N
tt21051906,a family affair,richard lagravenese,carrie solomon,a family affair,richard lagravenese,carrie solomon,a family affair,richard lagravenese,carrie solomon,a family affair,richard lagravenese,carrie solomon
tt21055152,\N,\N,\N,\N,\N,\N,lontano da tutti,andrea sbarretti,\N,\N,\N,\N
tt21056360,\N,\N,\N,\N,\N,\N,face the night,\N,alan lastufka,\N,\N,\N
tt21058548,\N,\N,\N,\N,\N,\N,mommy munchhausen,\N,cathy carlson,\N,\N,\N
tt21059520,girl in the picture,skye borgman,\N,girl in the picture,skye borgman,\N,girl in the picture,skye borgman,matt birkbeck,girl in the picture,skye borgman,\N
tt21066478,\N,\N,\N,\N,\N,\N,8hrs,hanna morra,ali jacko,\N,\N,\N
tt2108510,\N,\N,\N,\N,\N,\N,drylands,\N,peter yeldham,\N,\N,\N
tt21087360,president dia,ousmane william mbaye,\N,\N,\N,\N,president dia,ousmane william mbaye,\N,president dia,ousmane william mbaye,\N
tt21088430,\N,\N,\N,\N,\N,\N,jdi dal,\N,\N,\N,\N,\N
tt21104132,liebe angst,sandra prechtel,kim seligsohn; sandra prechtel,liebe angst,sandra prechtel,\N,liebe angst,sandra prechtel,\N,liebe angst,sandra prechtel,kim seligsohn; sandra prechtel
tt21110648,\N,\N,\N,\N,\N,\N,eric,\N,\N,\N,\N,\N
tt2112303,the rocka,robert nss,hans bastian borg; robert nss,\N,\N,\N,the rocka,robert nss,\N,the rocka,robert nss,hans bastian borg; robert nss
tt2113021,\N,\N,\N,\N,\N,\N,online secrets,rouven blankenfeld,timm koch,\N,\N,\N
tt21137264,\N,\N,\N,\N,\N,\N,sudoku'n 2022,k ajayakumar,c r ajayakumar,\N,\N,\N
tt2113753,sakuragi rui: gushonure kahanshin,sachi hamano,kuninori yamazaki,\N,\N,\N,sakuragi rui: gushonure kahanshin,sachi hamano,\N,sakuragi rui: gushonure kahanshin,sachi hamano,kuninori yamazaki
tt2113817,\N,\N,\N,\N,\N,\N,unos sa dalampasigan,chito b tapawan,\N,\N,\N,\N
tt21141632,\N,\N,\N,\N,\N,\N,tricks and treats,\N,\N,\N,\N,\N
tt21141904,\N,\N,\N,\N,\N,\N,"betty boop, m.d.",\N,\N,\N,\N,\N
tt2114410,it looks pretty from a distance,anka sasnal; wilhelm sasnal,anka sasnal,it looks pretty from a distance,wilhelm sasnal,\N,it looks pretty from a distance,anka sasnal; wilhelm sasnal,\N,it looks pretty from a distance,anka sasnal; wilhelm sasnal,anka sasnal
tt2115426,penny pinchers,kim junghwan,kim junghwan,penny pinchers,junghwan kim,\N,penny pinchers,kim junghwan,\N,penny pinchers,kim junghwan,kim junghwan
tt21159214,impuros: o filme,rene sampaio,\N,\N,\N,\N,impuros: o filme,rene sampaio,\N,impuros: o filme,rene sampaio,\N
tt2117840,canary brothers of tondo,\N,\N,\N,\N,\N,canary brothers of tondo,\N,\N,canary brothers of tondo,\N,\N
tt21190500,\N,\N,\N,\N,\N,\N,4 days to empower women,christopher lavoie,\N,\N,\N,\N
tt21201256,\N,\N,\N,\N,\N,\N,love in a valley,yemi morafa,adaeze ibechukwu,\N,\N,\N
tt21204904,\N,\N,\N,\N,\N,\N,"the lane, the finale: farewell ceremony",\N,\N,\N,\N,\N
tt21210354,\N,\N,\N,\N,\N,\N,a orillas del rio,francisco ruiz diaz,martin delcasse,\N,\N,\N
tt21214474,\N,\N,\N,\N,\N,\N,sweet little piece,jacques aldridge,\N,\N,\N,\N
tt21217722,tales of terror: g men isolated island,hirokatsu kihara; kohei taniguchi,\N,\N,\N,\N,tales of terror: g men isolated island,hirokatsu kihara; kohei taniguchi,\N,tales of terror: g men isolated island,hirokatsu kihara; kohei taniguchi,\N
tt21222534,\N,kenkichi hara,takao yanai,\N,\N,\N,\N,kenkichi hara,\N,\N,kenkichi hara,takao yanai
tt2124881,\N,\N,\N,\N,\N,\N,positive generation. voces por un futuro sin sida,david trueba,\N,\N,\N,\N
tt2125430,an american in hollywood,sai varadan,sai varadan,\N,\N,\N,an american in hollywood,sai varadan,sai varadan,an american in hollywood,sai varadan,sai varadan
tt2125467,charles bradley: soul of america,poull brien,\N,\N,\N,\N,charles bradley: soul of america,poull brien,\N,charles bradley: soul of america,poull brien,\N
tt21255232,\N,\N,\N,\N,\N,\N,donut secret,jaleel sampay,jaleel sampay,\N,\N,\N
tt21263500,contorted,kang donghun,kang donghun,contorted,kang dong hun,\N,contorted,kang dong hun,jeon gunwoo; kang dong hun,contorted,kang donghun,kang donghun
tt21264854,\N,\N,\N,\N,\N,\N,bad luck,jeanlouis uzan,jeanlouis uzan,\N,\N,\N
tt21278536,\N,\N,\N,\N,\N,\N,taqatbar,sunil bista gauli,\N,\N,\N,\N
tt21281018,\N,\N,\N,\N,\N,\N,i wish i knew what christmas was,\N,joel parkes,\N,\N,\N
tt21294164,\N,\N,\N,\N,\N,\N,battle tides,\N,sam dehghani,\N,\N,\N
tt21295236,\N,\N,\N,\N,\N,\N,matar mutum,yaseen auwal,yakubo m kumo,\N,\N,\N
tt21300748,la llave mortal,francisco guerrero,carlos valdemar; mil mascaras,\N,\N,\N,la llave mortal,francisco guerrero,\N,la llave mortal,francisco guerrero,carlos valdemar; mil mascaras
tt2130127,\N,\N,\N,\N,\N,\N,"mga biyuting pasahero, sa pilyong kutsero",joseph villamor,enrique de jesus,\N,\N,\N
tt21308094,\N,\N,\N,kollura sri mookambika,renuka sharma,chi udaya shankar,kollura sri mookambika,renuka sharma,\N,\N,\N,\N
tt21319196,\N,\N,\N,\N,\N,\N,vsegda gotov,amasi martirosyan; levon kalantar,amasi martirosyan; levon kalantar,\N,\N,\N
tt21331844,\N,\N,\N,\N,\N,\N,battle of social networks,david fontseca,cris castilla; marc comas,\N,\N,\N
tt21337988,\N,\N,\N,\N,\N,\N,five nights at freddy's 2 roblox film,jtdiger1 games,\N,\N,\N,\N
tt2134077,it was fifty years ago today! the beatles: sgt. pepper & beyond,alan g parker,\N,it was fifty years ago today! the beatles: sgt. pepper & beyond,alan parker,\N,it was fifty years ago today! the beatles: sgt. pepper & beyond,alan g parker,\N,it was fifty years ago today! the beatles: sgt. pepper & beyond,alan g parker,\N
tt21367028,\N,\N,\N,\N,\N,\N,devil's angel,charles uwagbai,saviour kings bob,\N,\N,\N
tt2136728,\N,\N,\N,\N,\N,\N,ambrosia,hiroki iwatani,hiroki iwatani,\N,\N,\N
tt2137184,one hour to die,philip gardiner,philip gardiner,\N,\N,\N,one hour to die,philip gardiner,philip gardiner,one hour to die,philip gardiner,philip gardiner
tt21373190,\N,\N,\N,\N,\N,\N,l.a. for pedestrians,daniel kremer,daniel kremer,\N,\N,\N
tt2137406,\N,\N,\N,\N,\N,\N,thinking with richard,peter graham,peter graham,\N,\N,\N
tt21374990,\N,\N,\N,\N,\N,\N,interview with gordon courcha,\N,\N,\N,\N,\N
tt21377362,\N,\N,\N,\N,\N,\N,footsteps of my father,\N,erik v wolter,\N,\N,\N
tt21382750,\N,\N,\N,\N,\N,\N,2 & 2,vladimir perovic,vladimir perovic,\N,\N,\N
tt21387888,\N,\N,\N,\N,\N,\N,crazy broke caucasian,\N,geoff browne,\N,\N,\N
tt2139725,cal,christian martin,christian martin,cal,christian martin,\N,cal,christian martin,christian martin,cal,christian martin,christian martin
tt2140087,\N,\N,\N,\N,\N,\N,leaving pete,\N,ali waller; morgan murphy,\N,\N,\N
tt21405534,retribution: venganza,gordon scott venters,gordon scott venters,\N,\N,\N,retribution: venganza,gordon scott venters,\N,retribution: venganza,gordon scott venters,gordon scott venters
tt21419188,the chicago mob: deadly associates,\N,\N,\N,\N,\N,the chicago mob: deadly associates,\N,\N,the chicago mob: deadly associates,\N,\N
tt2142055,xingu,cao hamburger,anna muylaert; cao hamburger; elena soarez,xingu,cao hamburger,anna muylaert; cao hamburger,xingu,cao hamburger,anna muylaert; cao hamburger; elena soarez,xingu,cao hamburger,anna muylaert; cao hamburger; elena soarez
tt21423510,\N,\N,\N,\N,\N,\N,jersey birdies,matthew ruf,michelle bergamo,\N,\N,\N
tt2142711,berlin kaplan,hakan algul,ata demirer,berlin kaplani,hakan algul,ata demirer,berlin kaplani,hakan algul,ata demirer,berlin kaplan,hakan algul,ata demirer
tt21427598,silent,shemi zarhin,\N,\N,shemi zarhin,shemi zarhin,silent,shemi zarhin,\N,silent,shemi zarhin,\N
tt2142815,life? or theatre?,frans weisz,\N,\N,frans weisz,\N,life? or theatre?,frans weisz,\N,life? or theatre?,frans weisz,\N
tt2142889,\N,\N,\N,when heroes lie,arto halonen,arto halonen,when heroes lie,arto halonen,\N,when heroes lie,arto halonen,arto halonen; jouni kemppainen; kevin frazier
tt2142921,\N,\N,\N,\N,\N,\N,the planets,john sanborn,john sanborn,\N,\N,\N
tt2144110,monk tang cho - virgin power,ah bu,kai man,\N,\N,\N,monk tang cho - virgin power,ah bu,\N,monk tang cho - virgin power,ah bu,kai man
tt21444536,guru ngaji,erwin arnada,alim sudio,\N,\N,\N,guru ngaji,erwin arnada,\N,guru ngaji,erwin arnada,alim sudio
tt21446550,\N,\N,\N,\N,\N,\N,na relsakh,aleksandr ivanov; ivan khudoleyev,mikhail borisoglebsky,\N,\N,\N
tt2144820,stand your ground,michael mcclendon,michael mcclendon,\N,\N,\N,stand your ground,michael mcclendon,\N,stand your ground,michael mcclendon,michael mcclendon
tt2145788,\N,\N,\N,\N,\N,\N,behind the paint,james anthony mcelligott,\N,\N,\N,\N
tt2146550,musgo,gami orbegoso,gami orbegoso,\N,\N,\N,musgo,gami orbegoso,\N,musgo,gami orbegoso,gami orbegoso
tt21479726,\N,\N,\N,\N,\N,\N,old lincoln days,scott hester,\N,\N,\N,\N
tt2148320,back streets,kamal atteya,abd el rahman el sharqawy,\N,kamal attia,\N,back streets,kamal atteya,\N,back streets,kamal atteya,abd el rahman el sharqawy
tt2148821,\N,\N,\N,\N,\N,\N,a tempo real,francisco willumsen,francisco willumsen,\N,\N,\N
tt2151764,nameless stars,kim kangyun,keumdong choi,\N,\N,\N,nameless stars,kim kangyun,\N,nameless stars,kim kangyun,keumdong choi
tt2155310,people in motion,\N,\N,\N,\N,\N,people in motion,\N,\N,people in motion,\N,\N
tt2156791,\N,\N,\N,\N,\N,\N,gone,will wallace,madison palasini; virginia novello,\N,\N,\N
tt21599566,\N,\N,\N,\N,\N,\N,xita,luis carlos galvan,\N,\N,\N,\N
tt21600328,\N,\N,\N,\N,\N,\N,c.o.l.d,bakia t thomas,\N,\N,\N,\N
tt21600782,song of spring,vladimir gardin,ales lezhnevich; vladimir gardin,\N,\N,\N,song of spring,vladimir gardin,\N,song of spring,vladimir gardin,ales lezhnevich; vladimir gardin
tt21603304,\N,\N,\N,\N,\N,\N,lust love & money: cali luv,cassiphias guerrero; latavious flournoy,carlos menzies; latavious flournoy; wileshia robinson flournoy,\N,\N,\N
tt21603806,\N,\N,\N,\N,\N,\N,potomok araba,yakov morin,mykola shpykovskyi,\N,\N,\N
tt21607880,\N,\N,\N,\N,\N,\N,oyun,hasan karci,hasan karci,\N,\N,\N
tt21609046,\N,\N,\N,\N,\N,\N,last days of innocence,douglas downing iii,douglas downing iii,\N,\N,\N
tt21615422,\N,\N,\N,\N,\N,\N,misfired - law and loyalty,devon v collins,wesley h crump,\N,\N,\N
tt21627390,believers,hideo jojo,hideo jojo,\N,\N,\N,believers,hideo jojo,\N,believers,hideo jojo,hideo jojo
tt21630100,\N,\N,\N,\N,yuri tarich,\N,"vysota 88,5",yuri tarich,boris verkhovsiy; y berman,\N,\N,\N
tt2163594,\N,\N,\N,\N,\N,\N,khoob asti afghanistan?,soumitra ranade,soumitra ranade,\N,\N,\N
tt21637810,\N,\N,\N,\N,\N,\N,\N,\N,\N,\N,\N,\N
tt21639500,\N,\N,\N,\N,\N,\N,rifftrax: stone cold,\N,\N,\N,\N,\N
tt2164468,dragonwolf,raimund huber,johan kirsten; raimund huber,\N,\N,\N,dragonwolf,raimund huber,johan kirsten; raimund huber,dragonwolf,raimund huber,johan kirsten
tt21651358,elipsis,\N,\N,\N,\N,\N,elipsis,\N,\N,elipsis,\N,\N
tt21653102,\N,\N,\N,\N,\N,\N,the chief,aundra segrest,aundra segrest,\N,\N,\N
tt2167715,it's all so quiet,nanouk leopold,nanouk leopold,it's all so quiet,nanouk leopold,gerbrand bakker; nanouk leopold,it's all so quiet,nanouk leopold,gerbrand bakker; nanouk leopold,it's all so quiet,nanouk leopold,nanouk leopold
tt2170004,\N,\N,\N,\N,\N,\N,fishy stones,tonie van der merwe,\N,fishy stones,tonie van der merwe,ilza oosthuizen
tt2170626,groper's last train,akira fukamachi,shoichi ikeda,\N,\N,\N,groper's last train,akira fukamachi,\N,groper's last train,akira fukamachi,shoichi ikeda
tt2171761,nightfall in india,chema rodriguez,\N,nightfall in india,chema rodriguez,chema rodriguez; david planell,nightfall in india,chema rodriguez,chema rodriguez; david planell; pablo burgues,nightfall in india,chema rodriguez,\N
tt2174027,\N,\N,\N,\N,\N,\N,hunger season,\N,\N,\N,\N,\N
tt2175685,hakuchu no hitozuma: okarareru kyonyu,tetsuya takehora,kosuke komatsu,\N,\N,\N,hakuchu no hitozuma: okarareru kyonyu,tetsuya takehora,\N,hakuchu no hitozuma: okarareru kyonyu,tetsuya takehora,kosuke komatsu
tt2177884,a guide to dating at the end of the world,samuel gay,samuel gay; stewart klein,a guide to dating at the end of the world,\N,\N,a guide to dating at the end of the world,samuel gay,\N,a guide to dating at the end of the world,samuel gay,samuel gay; stewart klein
tt21807858,\N,\N,\N,\N,\N,\N,mr. paradise,thora birch,elmore leonard; george t cowan,\N,\N,\N
tt21812016,\N,\N,\N,\N,\N,\N,the mass,\N,jeff hupp,\N,\N,\N
tt21818548,\N,\N,\N,\N,\N,\N,majha bandhu makrand,sanjay niranjan,sanjay niranjan,\N,\N,\N
tt2182259,\N,\N,\N,\N,\N,\N,ying xiong hou dai,chuanchuan chen; shin hui,shin hui,\N,\N,\N
tt21830540,nairobby,jennifer gatero,\N,nairobby,\N,\N,nairobby,jennifer gatero,\N,nairobby,jennifer gatero,\N
tt21839348,\N,\N,\N,\N,\N,\N,crazy little dreams,\N,ricky su,\N,\N,\N
tt21843880,\N,\N,\N,\N,\N,\N,isa,alex hugo,alex hugo; snipe slugz,\N,\N,\N
tt21853564,\N,\N,\N,maia,\N,\N,maia,pever bem,echobu michael garuba; emil garuba,\N,\N,\N
tt2185427,\N,\N,\N,\N,\N,\N,kimi ni arigatou,daisuke yamaoka,\N,\N,\N,\N
tt21861984,the enchanted,elena trape,elena trape; miguel ibanez monroy,els encantats,elena trape,\N,els encantats,elena trape,elena trape; miguel ibanez monroy,the enchanted,elena trape,elena trape; miguel ibanez monroy
tt2186858,empty hands,abholghassem talebi,abholghassem talebi,\N,\N,\N,empty hands,abholghassem talebi,\N,empty hands,abholghassem talebi,abholghassem talebi
tt2187071,seeking dolly parton,michael worth,michael worth,seeking dolly parton,michael worth,\N,seeking dolly parton,michael worth,michael worth,seeking dolly parton,michael worth,michael worth
tt2187149,sword of the assassin,victor vu,oan nhat nam; victor vu,blood letter,victor vu,\N,sword of the assassin,victor vu,victor vu,sword of the assassin,victor vu,oan nhat nam; victor vu
tt21871754,all i want for christmas,armani martin,\N,\N,\N,\N,all i want for christmas,armani martin,\N,all i want for christmas,armani martin,\N
tt2188741,faro,fredrik edfeldt,karin arrhenius,faro,fredrik edfeldt,karin arrhenius,faro,fredrik edfeldt,karin arrhenius,faro,fredrik edfeldt,karin arrhenius
tt2190364,\N,\N,\N,\N,\N,\N,o fado da bia,diogo varela silva,diogo varela silva,\N,\N,\N
tt21905942,\N,\N,\N,\N,\N,\N,bergamo alta suggestioni,roger a fratter,\N,\N,\N,\N
tt21923314,jiaoren of the south china sea,\N,\N,\N,\N,\N,jiaoren of the south china sea,\N,\N,jiaoren of the south china sea,\N,\N
tt2193183,\N,\N,\N,\N,\N,\N,rebels of the 3rd age,dean pollack; richard bever,\N,\N,\N,\N
tt21938272,\N,\N,\N,why are the flowers so red,\N,\N,why are the flowers so red,abdukerim abliz,huanggang gao,\N,\N,\N
tt21939168,\N,\N,\N,\N,\N,\N,baopilong,qilin jiang; zaixi zhang,\N,\N,\N,\N
tt21941472,\N,\N,\N,\N,\N,\N,jamme naal de,\N,\N,\N,\N,\N
tt21945108,\N,\N,\N,\N,\N,\N,separate lives,pascal amanfo,folake amanfo; pascal amanfo,\N,\N,\N
tt21953824,\N,\N,\N,\N,\N,\N,we the free,\N,patrick greene,\N,\N,\N
tt21960166,\N,\N,\N,\N,\N,\N,7 days in a coma,henry prosper,\N,\N,\N,\N
tt2197068,\N,\N,\N,\N,\N,\N,treacherous heart,kathryn fasegha,kathryn fasegha,\N,\N,\N
tt21981936,\N,\N,\N,\N,\N,\N,hildegard spricht,michael m conti,annette esser,\N,\N,\N
tt21983552,\N,\N,\N,\N,\N,\N,a night stand,gardea mayon,amakirita bobmanuel,\N,\N,\N
tt21986454,\N,\N,\N,\N,\N,\N,"cereza, decanted",\N,david lautrec,\N,\N,\N
tt21988264,\N,\N,\N,\N,\N,\N,deep within poc,\N,scott michael branan,\N,\N,\N
tt21989280,pretty boy,camryn tynan; skylar schanen,\N,\N,\N,\N,pretty boy,camryn tynan; skylar schanen,\N,pretty boy,camryn tynan; skylar schanen,\N
tt21994376,\N,\N,\N,\N,\N,\N,apertura para que? o el destino del planeta,\N,\N,\N,\N,\N
tt21997718,life lessons,frederic sojcher,alain layrac,life lessons,frederic sojcher,\N,life lessons,frederic sojcher,\N,life lessons,frederic sojcher,alain layrac
tt22012962,\N,\N,\N,\N,\N,\N,the entitled,enah johnscott,frank sire,\N,\N,\N
tt2201976,\N,\N,\N,\N,\N,\N,overture,michael chatlien,michael chatlien,\N,\N,\N
tt2202296,\N,\N,\N,\N,\N,\N,szorffilm,karoly spah; peiman lotfi,david liptay,\N,\N,\N
tt22030582,the master of dragon descendants magic dragon,\N,\N,\N,\N,\N,the master of dragon descendants magic dragon,\N,\N,the master of dragon descendants magic dragon,\N,\N
tt2203298,"cargo, lost and found",biljana tutorov,biljana tutorov; raphaelle desplechin,\N,\N,\N,"cargo, lost and found",biljana tutorov,\N,"cargo, lost and found",biljana tutorov,biljana tutorov; raphaelle desplechin
tt22033776,\N,\N,\N,\N,\N,\N,too deep,chando daniel; cory watson,paul samba,\N,\N,\N
tt22035932,\N,\N,\N,\N,\N,\N,prankster,obadiah kenyon,\N,\N,\N,\N
tt2203855,left thumb signature,purshottam berde,ajit dalvi; prashant dalvi; ramesh ingale utraadarkar,nishani dava anghatha,\N,\N,left thumb signature,purshottam berde,\N,left thumb signature,purshottam berde,ajit dalvi; prashant dalvi
tt22053038,\N,\N,\N,\N,\N,\N,mind game,farhan tajamul,imam shah,\N,\N,\N
tt2206188,the animals,gino m santos,gino m santos; jeff stelton,the animals,gino m santos,\N,the animals,gino m santos,\N,the animals,gino m santos,gino m santos; jeff stelton
tt22075030,\N,\N,\N,\N,\N,\N,osmanli'nin son onur savasi: kafkas islam ordusu,imdat demir; yavuz selim tascioglu,ramazan cetinkaya,\N,\N,\N
tt22084900,\N,\N,\N,\N,\N,\N,"f*ck, kill mary",dustin martyn,dustin martyn,\N,\N,\N
tt2209706,\N,\N,\N,\N,\N,\N,9mm,chris stokes,\N,\N,\N,\N
tt2210524,\N,\N,\N,\N,\N,\N,"vatican, christ lives with the borgias",laurent herbiet,christian roux; laurent herbiet; michel despratx; nathalie hertzberg,\N,\N,\N
tt22120686,the castle,martin benchimol,martin benchimol,the castle,martin benchimol,\N,el castillo,martin benchimol,martin benchimol,the castle,martin benchimol,martin benchimol
tt2215163,issaq,manish tiwary,padmaja thakoretiwary,issaq,manish tiwary,\N,issaq,manish tiwary,manish tiwary; padmaja thakore; pawan sony,issaq,manish tiwary,padmaja thakoretiwary
tt22163436,\N,\N,\N,\N,\N,\N,beyond the blue,alexander bombelli; christian gessner,alexander bombelli; christian gessner,\N,\N,\N
tt22174572,at first glance,arnaud lalanne; fabrizio benvenuto; ida hansen elden; julie robert; marta gonzalez de la vega; shanu sharma; sophie saville,\N,\N,\N,\N,at first glance,arnaud lalanne; fabrizio benvenuto; ida hansen elden; julie robert; marta gonzalez de la vega; shanu sharma; sophie saville,\N,at first glance,arnaud lalanne; fabrizio benvenuto; ida hansen elden; julie robert; marta gonzalez de la vega; shanu sharma; sophie saville,\N
tt2224349,\N,\N,\N,\N,\N,\N,my girl,dean bivins,dean bivins,\N,\N,\N
tt22258844,\N,\N,\N,\N,\N,\N,left for dead: the kristene chapa story,charlie minn,\N,\N,\N,\N
tt22261200,\N,\N,\N,\N,\N,\N,gt69: faster than life,\N,asim altokhais,\N,\N,\N
tt22267880,\N,\N,\N,\N,\N,\N,v ognyakh shantazha,boris chaikovsky,v yazvitsky,\N,\N,\N
tt22297382,\N,\N,\N,\N,\N,\N,angst,\N,aaveen marandi; tommy miller,\N,\N,\N
tt2231413,\N,\N,\N,\N,\N,\N,never divided again,elliott hong,elliott hong,\N,\N,\N
tt22334258,someone like you,tyler russell,karen kingsbury; tyler russell,someone like you,\N,karen kingsbury,someone like you,tyler russell,karen kingsbury; tyler russell,someone like you,tyler russell,karen kingsbury; tyler russell
tt22353198,\N,\N,\N,\N,\N,\N,bhoonataka mandali,gv ragavendra,\N,\N,\N,\N
tt2235809,\N,\N,\N,\N,\N,\N,welcoming departure,scott ballard,scott ballard,\N,\N,\N
tt2238893,puthisen and lady kong rey,ly bun yim,\N,puthisean neang kong rey,ly bun yim,\N,puthisen neang kongrey,ly bun yim,\N,puthisen and lady kong rey,ly bun yim,\N
tt2239654,the war on health: the fda's cult of tyranny,gary null,\N,\N,\N,\N,the war on health: the fda's cult of tyranny,gary null,\N,the war on health: the fda's cult of tyranny,gary null,\N
tt2239756,\N,\N,\N,\N,\N,\N,unearthing the dream,pam uzzell,\N,\N,\N,\N
tt22409444,\N,\N,\N,\N,\N,\N,bfdi plush: the big vacation,graham bullard,graham bullard,\N,\N,\N
tt2241240,\N,\N,\N,\N,\N,\N,scream queens,robert beaucage,don priess; susie singer carter,\N,\N,\N
tt2242176,horsehead,romain basset,karim cheriguene; romain basset,horsehead,romain basset,\N,horsehead,romain basset,karim cheriguene; romain basset,horsehead,romain basset,karim cheriguene; romain basset
tt22441574,\N,\N,\N,\N,\N,\N,woman empowerment in the glitch,\N,yvonne padmos,\N,\N,\N
tt2245023,\N,\N,\N,\N,\N,\N,no anaesthetic,qiao li,\N,\N,\N,\N
tt2246236,\N,\N,\N,\N,\N,\N,world supersport championship review 2011,\N,\N,\N,\N,\N
tt2248897,"leonardo: from the national gallery, london",phil grabsky,phil grabsky,\N,\N,\N,"leonardo: from the national gallery, london",phil grabsky,\N,"leonardo: from the national gallery, london",phil grabsky,phil grabsky
tt2249786,50 kisses,andrew t wright; chris jones; evan marlowe; rocko paolo; vlastimir stevanovic,\N,\N,\N,\N,50 kisses,andrew t wright; andromeda godfrey; anil rao; baz hodson; bertie speirs; carolina rath; chris jones; dan price; daniel cayzer; danny matier; darren newton; deanna dewey; deepak verma; diana juhrde benedetti; djonny chen; douglas caldow; eliza schroeder; evan marlowe; james cookson; kat willott; kawita sareen; kingsley hoskins; luis nieto; marc grundy; mark s wright; matthew real; maureen hascoet; mehul shah; melody smith; michael gilhooly; phil peel; rick skyler; rodney willott; roger b stillz; rowena woolford; sebastian solberg; shaun bond; sherice griffiths; simon foster; simon reglar; stare yildirim; vance malone; vlastimir stevanovic,andrew turvil; annemarie draycott; arron ferguson; charity trimm; chris jones; christopher bacon; christopher mueller; david griffith; emily sinclair; gabriella apicella; honor flaherty; james howard; jennifer leigh allen; jesco puluj; jess smith; jo buckman; john thornton; karina satchwell; kenneth lemm; kirsty mcconnell; kulvinder gill; lawrence diamond; lloyd morgan; louise mccooey; mac mcsharry; marc lockier; mark jones; mark pallis; nathan gower; nathanael bauer; nick grills; nick luddington; nigel karikari; nina haerland; oliver morran; peter carruthers; phil berard; phil charles; rachel mcadam; rhys howell; richard green; robert j burke jr; ross aitken; ryan la via; sam heydon; sarah page; stephen cooper; stephen obrien; sue whitting; tina lowe; tracey flynn; vanessa yardley,50 kisses,andrew t wright; chris jones; evan marlowe; rocko paolo; vlastimir stevanovic,\N
tt22503050,\N,\N,\N,\N,\N,\N,galerie yves: degas,sebastien ayasse,\N,\N,\N,\N
tt22522126,gate money,jasper spanjaart,jasper spanjaart,\N,\N,\N,gate money,jasper spanjaart,\N,gate money,jasper spanjaart,jasper spanjaart
tt22524958,\N,\N,\N,\N,\N,\N,mission,anna leigh shaw,anna leigh shaw,\N,\N,\N
tt2252574,\N,hu mingkai,\N,\N,\N,\N,\N,hu mingkai,\N,\N,hu mingkai,\N
tt2258591,shoo bre,djengo esmer,djengo esmer,shoo bre,djengo esmer,\N,shoo bre,djengo esmer,\N,shoo bre,djengo esmer,djengo esmer
tt2259732,\N,\N,\N,\N,\N,\N,hay algo mas,travers nisbet,\N,\N,\N,\N
tt2261615,\N,\N,\N,\N,\N,\N,hawa 2000,maha aram,\N,\N,\N,\N
tt2263470,\N,\N,\N,\N,\N,\N,the silent woman,robbert smit,robbert smit,\N,\N,\N
tt22640518,\N,\N,\N,\N,\N,\N,specter,\N,alexander uvarov,\N,\N,\N
tt22641672,\N,\N,\N,\N,\N,\N,widows walk,michael mailer,brian cleveland; jason cleveland,\N,\N,\N
tt22644162,chicas en kerala,gonzalo garciapelayo,\N,\N,\N,\N,chicas en kerala,gonzalo garciapelayo,\N,chicas en kerala,gonzalo garciapelayo,\N
tt22694792,\N,\N,\N,\N,\N,\N,something about us.,jungeun lim,\N,\N,\N,\N
tt2272350,the battery,jeremy gardner,jeremy gardner,the battery,jeremy gardner,jeremy gardner,the battery,jeremy gardner,jeremy gardner,\N,\N,\N
tt22751670,\N,\N,\N,\N,\N,\N,gurkhas of nepal,vic sarin,\N,\N,\N,\N
tt22752352,\N,\N,\N,\N,\N,\N,stacey todd's guide to recurrent graves' orbitotomy,stacey todd,stacey todd,\N,\N,\N
tt22756692,\N,\N,\N,\N,\N,\N,el mariachi,matias gueilburt,\N,\N,\N,\N
tt22780118,say a little prayer,patrick perez vidauri,nancy de los santosreza,\N,\N,\N,say a little prayer,patrick perez vidauri,\N,say a little prayer,patrick perez vidauri,nancy de los santosreza
tt2279105,loss of life,david damiata,britton hein; michael matteo rossi,\N,\N,\N,loss of life,david damiata,\N,loss of life,david damiata,\N
tt22794548,the accident,bruno carboni,bruno carboni; marcela bordin,\N,\N,\N,the accident,bruno carboni,\N,the accident,bruno carboni,bruno carboni; marcela bordin
tt22802098,big fight in little chinatown,karen cho,\N,big fight in little chinatown,karen cho,\N,big fight in little chinatown,karen cho,\N,big fight in little chinatown,karen cho,\N
tt22817270,\N,\N,\N,\N,\N,\N,revenge,aco susilo,\N,\N,\N,\N
tt22852804,\N,\N,\N,\N,\N,\N,east is east,michael bray,ayub khandin,\N,\N,\N
tt2285629,pacar hantu perawan,yoyok dumprink,melonys,pacar hantu perawan,\N,\N,pacar hantu perawan,yoyok dumprink,\N,pacar hantu perawan,yoyok dumprink,melonys
tt2288794,\N,\N,\N,\N,\N,\N,beneath our masks,thomas cardwell,thomas cardwell; william shakespeare,\N,\N,\N
tt2290755,the splendid waster,lorimer johnston,\N,\N,\N,\N,the splendid waster,lorimer johnston,\N,the splendid waster,lorimer johnston,\N
tt2293080,\N,\N,\N,\N,\N,\N,blood angel,ryan stratton,ryan stratton,\N,\N,\N
tt22946264,\N,\N,\N,\N,\N,\N,forgotten mirrors,\N,scott james cook,\N,\N,\N
tt2297418,kapa,ga villafuerte,ga villafuerte,\N,\N,\N,kapa,ga villafuerte,\N,kapa,ga villafuerte,ga villafuerte
tt2298255,\N,\N,\N,\N,\N,\N,another saturday,paul perreault,paul perreault,\N,\N,\N
tt2298416,suzanne,katell quillevere,katell quillevere; mariette desert,suzanne,katell quillevere,katell quillevere,the staple of news,katell quillevere,katell quillevere; mariette desert,suzanne,katell quillevere,katell quillevere; mariette desert
tt22986716,for night will come,celine rouzet,celine rouzet; william martin,for night will come,celine rouzet,celine rouzet,for night will come,celine rouzet,\N,for night will come,celine rouzet,celine rouzet; william martin
tt2300911,\N,\N,\N,\N,\N,\N,fulcrum,morgan simpson,marshal younger; morgan simpson,\N,\N,\N
tt2301059,petal dance,hiroshi ishikawa,hiroshi ishikawa,petal dance,hiroshi ishikawa,\N,petaru dansu,hiroshi ishikawa,hiroshi ishikawa,petal dance,hiroshi ishikawa,hiroshi ishikawa
tt2301438,down the river,anucha boonyawatana,anucha boonyawatana,\N,\N,\N,down the river,anucha boonyawatana,anucha boonyawatana,down the river,anucha boonyawatana,anucha boonyawatana
tt23037582,\N,\N,\N,\N,\N,\N,mbongah,epie cyril,atuma vivian,\N,\N,\N
tt2304656,\N,\N,\N,\N,\N,\N,oowaito,\N,\N,\N,\N,\N
tt23054582,\N,\N,\N,\N,\N,\N,mr. c goes to new york,\N,richard whitley,\N,\N,\N
tt2306743,\N,\N,\N,\N,\N,\N,sorority secrets 4,\N,\N,\N,\N,\N
tt2308414,\N,\N,\N,\N,\N,\N,poe (and the museum of lost arts),elise kermani,elise kermani,\N,\N,\N
tt2308764,ryojoku: komasu,nobuaki shirai,michio sobu,\N,\N,\N,ryojoku: komasu,nobuaki shirai,\N,ryojoku: komasu,nobuaki shirai,michio sobu
tt23128938,wonder women,anjali menon,anjali menon,wonder women,anjali menon,\N,wonder women,anjali menon,\N,wonder women,anjali menon,anjali menon
tt23137904,rebel moon - part two: the scargiver,zack snyder,kurt johnstad; shay hatten; zack snyder,rebel moon part two: the scargiver,zack snyder,kurt johnstad; shay hatten,rebel moon - part two: the scargiver,zack snyder,kurt johnstad; shay hatten; zack snyder,rebel moon part two: the scargiver,zack snyder,kurt johnstad; shay hatten; zack snyder
tt23146384,\N,\N,\N,\N,\N,\N,fp project,\N,karina michel,\N,\N,\N
tt2315558,the hour of the lynx,sren kraghjacobsen,jonas t bengtsson; sren kraghjacobsen; tobias lindholm,the hour of the lynx,sren kraghjacobsen,jonas t bengtsson; per olov enquist; sren kraghjacobsen; tobias lindholm,the hour of the lynx,sren kraghjacobsen,jonas t bengtsson; per olov enquist; sren kraghjacobsen,the hour of the lynx,sren kraghjacobsen,jonas t bengtsson; sren kraghjacobsen; tobias lindholm
tt2318579,la toma,angus gibson; miguel salazar,\N,\N,\N,\N,la toma,angus gibson; miguel salazar,\N,la toma,angus gibson; miguel salazar,\N
tt2319682,and/or = one,briann kearney,briann kearney,\N,\N,\N,and/or = one,briann kearney,\N,and/or = one,briann kearney,briann kearney
tt2319813,cyclical effect,michael wade johnson,\N,\N,\N,\N,cyclical effect,michael wade johnson,\N,cyclical effect,michael wade johnson,\N
tt2321383,justice squad,daniel lawrance,antony castle; chadwick ashby; daniel lawrance,\N,\N,\N,justice squad,daniel lawrance,\N,justice squad,daniel lawrance,antony castle; chadwick ashby; daniel lawrance
tt2325766,fortunato salas: kilabot ng pampanga,dante pangilinan,abellardo c salas; dante pangilinan; johnny pangilinan jr,\N,\N,\N,fortunato salas: kilabot ng pampanga,dante pangilinan,\N,fortunato salas: kilabot ng pampanga,dante pangilinan,abellardo c salas; dante pangilinan; johnny pangilinan jr
tt2326626,joel-peter witkin: an objective eye,thomas a marino,\N,\N,\N,\N,joel-peter witkin: an objective eye,thomas a marino,\N,joel-peter witkin: an objective eye,thomas a marino,\N
tt2328773,the (dead mothers) club,carlye rubin; katie green,\N,\N,\N,\N,the (dead mothers) club,carlye rubin; katie green,\N,the (dead mothers) club,carlye rubin; katie green,\N
tt2330865,\N,\N,\N,\N,\N,\N,foreignness,fraid garas,sean gewaid,\N,\N,\N
tt2331199,the boxer from somewhere else: the ken buchanan story,jamie steedman,jamie steedman,\N,\N,\N,the boxer from somewhere else: the ken buchanan story,jamie steedman,\N,the boxer from somewhere else: the ken buchanan story,jamie steedman,jamie steedman
tt2331584,\N,\N,\N,\N,\N,\N,escombros,alvaro pita,alvaro pita,\N,\N,\N
tt23327316,\N,\N,\N,\N,\N,\N,sente,prince joe nakibinge,\N,\N,\N,\N
tt23329010,\N,\N,\N,\N,\N,\N,mad,ahmad saud,ahmad saud,\N,\N,\N
tt2334114,dust,julio hernandez cordon,julio hernandez cordon; mateo iribarren,dust,julio hernandez cordon,\N,polvo,julio hernandez cordon,julio hernandez cordon; mateo iribarren,dust,julio hernandez cordon,julio hernandez cordon; mateo iribarren
tt2335116,lost through the eyes,\N,\N,\N,\N,\N,lost through the eyes,\N,\N,lost through the eyes,\N,\N
tt2338163,\N,\N,\N,\N,\N,\N,psoro,sid kali; wayne daniells,paul while; sid kali; wayne daniells,\N,\N,\N
tt2339423,\N,\N,\N,\N,\N,\N,death row,nilo saez,\N,\N,\N,\N
tt2340444,ashburn waters,david pether,david pether,\N,\N,\N,ashburn waters,david pether,david pether,ashburn waters,david pether,david pether
tt2344698,groper horny train,yasuyoshi ogura,shinpachi ogiwara,\N,\N,\N,groper horny train,yasuyoshi ogura,\N,groper horny train,yasuyoshi ogura,shinpachi ogiwara
tt2345653,\N,\N,\N,\N,\N,\N,native americans of the civil war,stan armstrong,marc may; stan armstrong,\N,\N,\N
tt23468564,\N,\N,\N,\N,\N,\N,be our guest,diane tsai,\N,\N,\N,\N
tt2349098,fairy tale. there is,aleksandr barshak; elizaveta solomina; konstantin statskiy,anastasiya perova; elizaveta solomina; nadezhda ryashchikova; nana grinshtein,fairytale.is,aleksandr barshak,\N,skazka. est,aleksandr barshak; elizaveta solomina; konstantin statskiy,nadezhda ryashchikova; nana grinshtein,fairy tale. there is,aleksandr barshak; elizaveta solomina; konstantin statskiy,anastasiya perova; elizaveta solomina; nadezhda ryashchikova; nana grinshtein
tt2353826,\N,\N,\N,\N,\N,\N,pontius pilate,george pan andreas,george pan andreas,\N,\N,\N
tt2353862,office lady at night: tongue licking,yutaka so,yutaka so,\N,\N,\N,office lady at night: tongue licking,yutaka so,\N,office lady at night: tongue licking,yutaka so,yutaka so
tt2354498,\N,\N,\N,\N,bjrn bjrnson,bjrn bjrnson; hans wiersjenssen,et syndens barn,bjrn bjrnson,bjrn bjrnson; hans wiersjenssen,\N,\N,\N
tt2354575,\N,\N,\N,\N,\N,\N,yami wo yuku,yoshinobu ikeda,daisuke ito,\N,\N,\N
tt2354583,\N,\N,\N,\N,\N,\N,zamora,shams bhanji,michiel van oosterhout,\N,\N,\N
tt2354646,a paixon de maria solina,alfonso castano; emilio fernandez,\N,\N,\N,\N,a paixon de maria solina,alfonso castano; emilio fernandez,\N,a paixon de maria solina,alfonso castano; emilio fernandez,\N
tt2356058,bunyip: the movie,\N,\N,\N,\N,\N,bunyip: the movie,\N,\N,bunyip: the movie,\N,\N
tt2357221,\N,\N,\N,\N,\N,\N,morning glass,josh c waller,\N,\N,\N,\N
tt23576328,legend of paul pry,keith lakean powell,keith lakean powell,\N,\N,\N,legend of paul pry,keith lakean powell,\N,legend of paul pry,keith lakean powell,keith lakean powell
tt2359067,\N,\N,\N,\N,\N,\N,fronteras de zalamea,david pantaleon,\N,\N,\N,\N
tt2361595,on parole 2: do unto the other,kwoklap lee,yan ching,\N,\N,\N,on parole 2: do unto the other,kwoklap lee,\N,on parole 2: do unto the other,kwoklap lee,yan ching
tt23622450,\N,\N,\N,\N,\N,\N,beach town maidens,dmitriy rozin,dmitriy rozin; maxim repin,\N,\N,\N
tt23626170,\N,\N,\N,\N,\N,\N,boss climax abhi baki hai,maneesh kumar verma,veerendra singh sajal,\N,\N,\N
tt2363474,minginui,adam luxton; summer agnew,\N,\N,\N,\N,minginui,adam luxton; summer agnew,\N,minginui,adam luxton; summer agnew,\N
tt2364200,golondrinas 33,renato ornelas,\N,\N,\N,\N,golondrinas 33,renato ornelas,\N,golondrinas 33,renato ornelas,\N
tt23649908,\N,\N,\N,\N,\N,\N,liberator of asia: the true story of ngo dinh diem,david naglieri,david naglieri,\N,\N,\N
tt2365948,death onboard,hjalmar davidsen,sven elvestad,kriminalgaaden i kingosgade,hjalmar davidsen,sven elvestad,death onboard,hjalmar davidsen,\N,death onboard,hjalmar davidsen,sven elvestad
tt2369571,finding shangri la,ismene ting,ismene ting,\N,\N,\N,finding shangri la,ismene ting,\N,finding shangri la,ismene ting,ismene ting
tt23709882,dear students,george philip roy; sandeep kumar,george philip roy; sandeep kumar,dear students,\N,\N,dear students,george philip roy; sandeep kumar,\N,dear students,george philip roy; sandeep kumar,george philip roy; sandeep kumar
tt23712068,\N,\N,\N,\N,\N,\N,accept or reject,bozidar pesic,bozidar pesic,\N,\N,\N
tt2371275,\N,\N,\N,\N,\N,\N,batikan,tito sanchez,tito sanchez,\N,\N,\N
tt2371306,tarata,fabrizio aguilar,fabrizio aguilar; sol perez,tarata,fabrizio aguilar,fabrizio aguilar; sol perez,tarata,fabrizio aguilar,\N,tarata,fabrizio aguilar,fabrizio aguilar; sol perez
tt2372319,\N,\N,\N,\N,\N,\N,moving,kiyong park,\N,\N,\N,\N
tt2374268,devil flesh,haruyasu noguchi,tetsu suyama,\N,\N,\N,devil flesh,haruyasu noguchi,\N,devil flesh,haruyasu noguchi,tetsu suyama
tt2374869,bye bye bangkok,aniket chattopadhyay,\N,bye bye bangkok,aniket chattopadhyay,\N,bye bye bangkok,aniket chattopadhyay,aniket chattopadhyay,bye bye bangkok,aniket chattopadhyay,\N
tt2375791,la fleur de l'age,nick quinn,andreia barbosa,family matters,nick quinn,\N,la fleur de l'age,nick quinn,andreia barbosa; santiago amigorena,la fleur de l'age,nick quinn,andreia barbosa; santiago amigorena
tt2375872,\N,\N,\N,\N,\N,\N,woodstock: in search of utopia,cambiz khosravi,beverly davis; cambiz khosravi; russell craig richardson,\N,\N,\N
tt2378094,broken leg,kieran thompson,\N,\N,\N,\N,broken leg,kieran thompson,\N,broken leg,kieran thompson,\N
tt2378268,\N,\N,\N,\N,\N,\N,hosa raaga,\N,\N,\N,\N,\N
tt2380390,going bongo,dean matthew ronalds,ernest napoleon,going bongo,dean matthew ronalds,\N,going bongo,dean matthew ronalds,ernest napoleon; ernest napoleon story; gregory zymet,going bongo,dean matthew ronalds,ernest napoleon
tt23809952,\N,\N,\N,\N,\N,\N,radioland,aj smith,aj smith,\N,\N,\N
tt2381161,\N,\N,\N,\N,\N,\N,drive,michael blum,michael blum; robert lee bell,\N,\N,\N
tt23830206,\N,\N,\N,\N,\N,\N,veer gatha,\N,suresh pandit,\N,\N,\N
tt23849704,death blow,christopher leto,christopher leto,\N,\N,\N,death blow,christopher leto,\N,death blow,christopher leto,christopher leto
tt2385185,rafigh,iraj ghaderi,alireza davoudnejad,rafigh,iraj ghaderi,alireza davood nejad,rafigh,iraj ghaderi,\N,rafigh,iraj ghaderi,alireza davoudnejad
tt2385904,slipping: skate's impact on egypt,\N,\N,\N,\N,\N,slipping: skate's impact on egypt,\N,\N,slipping: skate's impact on egypt,\N,\N
tt23869166,caamano: militar a guerrillero,rene fortunato,rene fortunato,\N,\N,\N,caamano: militar a guerrillero,rene fortunato,\N,caamano: militar a guerrillero,rene fortunato,rene fortunato
tt2387554,\N,\N,\N,\N,\N,\N,wedding of the year,josh whiteman,andrew esk; paul chappell,\N,\N,\N
tt2388643,\N,\N,\N,\N,iraj ghaderi,\N,atal matal tootoole,iraj ghaderi,taghi salahshoor,\N,\N,\N
tt2388655,\N,\N,\N,\N,\N,\N,cali,nima nourizadeh,michael diliberti,\N,\N,\N
tt2388715,oculus,mike flanagan,jeff howard; mike flanagan,oculus,mike flanagan,mike flanagan,oculus,mike flanagan,jeff howard; jeff seidman; mike flanagan,oculus,mike flanagan,jeff howard; mike flanagan
tt2391037,\N,\N,\N,\N,\N,\N,onutregse toestanden,ruud bakker,ruud bakker,\N,\N,\N
tt2392128,the mars project,jonathan balazs,\N,\N,\N,\N,the mars project,jonathan balazs,\N,the mars project,jonathan balazs,\N
tt2392636,\N,\N,\N,\N,\N,\N,scrapbookers,victoria jeffay,\N,\N,\N,\N
tt2393761,smokescreen,rodrigo mac niven,\N,\N,\N,\N,cortina de fumaca,rodrigo mac niven,rodrigo mac niven,smokescreen,rodrigo mac niven,\N
tt2393763,\N,\N,\N,\N,\N,\N,dana,joseph tito,\N,\N,\N,\N
tt23950740,\N,\N,\N,\N,\N,\N,men of courage,\N,\N,\N,\N,\N
tt23951066,\N,\N,\N,\N,\N,\N,speed queen,\N,luke h walker,\N,\N,\N
tt23951394,\N,\N,\N,\N,\N,\N,the exorcism of dennyann,\N,\N,\N,\N,\N
tt2395457,\N,\N,\N,\N,\N,\N,the weight of the heart,mio dzakula,mio dzakula,\N,\N,\N
tt2395970,rewind this!,josh johnson,\N,rewind this,josh johnson,\N,rewind this!,josh johnson,\N,rewind this!,josh johnson,\N
tt2396736,\N,\N,\N,\N,\N,\N,a simple girl: edith flagg,\N,josh flagg; penny laurae,\N,\N,\N
tt2397790,\N,\N,\N,sexton blake,gunnar helsengreen,\N,sexton blake,gunnar helsengreen,\N,\N,\N,\N
tt2399569,a special day,gilles jacob; samuel faure,\N,\N,\N,\N,a special day,gilles jacob; samuel faure,\N,a special day,gilles jacob; samuel faure,\N
tt24018082,\N,\N,\N,\N,\N,\N,insight,paul iheanyichukwu igwe,emmanuel adejo,\N,\N,\N
tt2401819,\N,\N,\N,\N,\N,\N,violet is blue,vivita,bryan stubbles screenplay; bryan stubbles story; tony watt screenplay; vivita screenplay,\N,\N,\N
tt2404203,daimonion,fabian barth,fabian barth; marcel carasco,\N,\N,\N,daimonion,fabian barth,fabian barth; marcel carasco,daimonion,fabian barth,fabian barth; marcel carasco
tt24049298,\N,\N,\N,\N,\N,\N,humraz,rohaan satghare,\N,\N,\N,\N
tt24055990,\N,\N,\N,\N,\N,\N,chloe & coop,julian collazo bass,julian collazo bass,\N,\N,\N
tt24057060,\N,\N,\N,\N,\N,\N,exclusion,blaise paulin tankoua,\N,\N,\N,\N
tt24059280,\N,\N,\N,\N,\N,\N,bhikkhuni (ordained),eivid nina pedersen,eivid nina pedersen,\N,\N,\N
tt2406506,\N,\N,\N,\N,\N,\N,greedy,cedric singleton; keith lea,cedric singleton; keith lea,\N,\N,\N
tt2408922,amerikan violence,michael horgan,\N,\N,\N,\N,amerikan violence,michael horgan,mg kelly,amerikan violence,michael horgan,\N
tt2411024,perfect number,pang eunjin,kim taeyun; lee gongju; lee junghwa,perfect number,bang eunjin,kim taeyoon,perfect number,pang eunjin,gongju lee; lee junghwa; taeyun kim,perfect number,pang eunjin,kim taeyun; lee gongju; lee junghwa
tt24132988,manny pacquiao: unstoppable force,piers garland,piers garland,manny pacquiao: unstoppable force,\N,\N,manny pacquiao: unstoppable force,piers garland,\N,manny pacquiao: unstoppable force,piers garland,piers garland
tt2413958,the umbrella man,\N,\N,\N,\N,\N,the umbrella man,\N,\N,the umbrella man,\N,\N
tt24176910,musallat 3,ozgur bakar,alper kvlcm; guray olgu,\N,\N,\N,musallat 3,ozgur bakar,\N,musallat 3,ozgur bakar,alper kvlcm; guray olgu
tt24177956,\N,\N,\N,\N,\N,\N,le plan,saturnin ayenouet,john franck ondo; saturnin ayenouet,\N,\N,\N
tt24250838,\N,\N,\N,\N,\N,\N,stripped,jason mannings,\N,\N,\N,\N
tt2429958,\N,\N,\N,\N,\N,\N,love all humans,beck starr; edward mendoza,beck starr; shawn z williams; tracy lynn williams,\N,\N,\N
tt2430044,josephine,agnes obadia,agnes obadia; samantha mazeras,josephine,agnes obadia,agnes obadia,josephine,agnes obadia,agnes obadia; penelope bagieu; samantha mazeras,josephine,agnes obadia,agnes obadia; samantha mazeras
tt2431918,dead man down,cetin inanc,cetin inanc; cuneyt arkn,intikam benim,cetin inanc,\N,dead man down,cetin inanc,\N,dead man down,cetin inanc,cetin inanc; cuneyt arkn
tt2436040,\N,\N,\N,\N,\N,\N,the tortured: stories of survival,murad aldin amayreh,\N,\N,\N,\N
tt2436058,month of the witches,una celma,andris berzins; harijs spanovskis; matiss kaza; una celma,\N,una celma,andris berzins; harijs spanovskis; matiss kaza; una celma,month of the witches,una celma,\N,month of the witches,una celma,andris berzins; harijs spanovskis; matiss kaza; una celma
tt2438338,married women who want a taste,hideo jojo,hideo jojo,married women who want a taste,hideo jojo,hideo jojo,married women who want a taste,hideo jojo,\N,married women who want a taste,hideo jojo,hideo jojo
tt2444632,\N,\N,\N,\N,\N,\N,vejfilmen,jacob jorp hansen,\N,\N,\N,\N
tt2446390,deadly opponents,paochang han,lungsheng wo,\N,\N,\N,deadly opponents,paochang han,\N,deadly opponents,paochang han,lungsheng wo
tt2449922,\N,\N,\N,\N,torben bech,torben bech,med lukkede jne,torben bech,torben bech,\N,\N,\N
tt2451012,\N,\N,\N,\N,\N,\N,las cruces de quillagua,jorge marzuca,\N,\N,\N,\N
tt24514112,the hollys,burr steers,\N,\N,\N,\N,the hollys,burr steers,\N,the hollys,burr steers,floriana lima; ilaria urbinati; yolanda pecoraro
tt2451894,abhay,annu kapoor,\N,abhay,annu kapoor,\N,abhay,annu kapoor,\N,abhay,annu kapoor,\N
tt24578916,buying her,\N,\N,\N,\N,\N,buying her,\N,\N,buying her,\N,\N
tt24628436,\N,\N,\N,\N,\N,\N,jingle belle bride,\N,joshua k carpenter,\N,\N,\N
tt2463010,\N,\N,\N,\N,\N,\N,speak now,noah harald,erin cardillo,\N,\N,\N
tt24640106,\N,\N,\N,\N,\N,\N,jon robert quinn: on the move,jon robert quinn,jon robert quinn,\N,\N,\N
tt24640674,\N,\N,\N,\N,\N,\N,love lust & money: vegas vibez,airplane gang; latavious flournoy,carlos menzies; cassiphias guerrero; latavious flournoy,\N,\N,\N
tt2464642,\N,\N,\N,\N,\N,\N,a severe mercy,\N,\N,\N,\N,\N
tt24669792,the payback,zuko nodada,\N,the payback,\N,\N,the payback,zuko nodada,\N,the payback,zuko nodada,\N
tt2473510,paranormal activity: the ghost dimension,gregory plotkin,adam robitel; andrew deutschman; brantley aufill; gavin heffernan; jason pagan,paranormal activity: the ghost dimension,gregory plotkin,gavin heffernan,paranormal activity: the ghost dimension,gregory plotkin,adam robitel; andrew deutschman; jason pagan,paranormal activity: the ghost dimension,gregory plotkin,adam robitel; andrew deutschman; gavin heffernan; jason pagan
tt24776738,\N,\N,\N,\N,\N,\N,words that move: see through a different i,\N,max stossel,\N,\N,\N
tt24803454,antha naal,\N,\N,\N,\N,\N,antha naal,\N,\N,antha naal,\N,\N
tt2482734,\N,\N,\N,\N,\N,\N,can't judge a book,zack williams,zack williams,\N,\N,\N
tt2492524,\N,\N,\N,\N,\N,\N,flyy,felicia d henderson,felicia d henderson; omar tyree,\N,\N,\N
tt24973142,all india rank,varun grover,varun grover,all india rank,varun grover,varun grover,all india rank,varun grover,varun grover,all india rank,varun grover,varun grover
tt2499376,\N,\N,\N,\N,\N,\N,rush,betty thomas,\N,\N,\N,\N
tt2509052,\N,\N,\N,\N,\N,\N,bread thieves,bryce schlamp,rick anthony,\N,\N,\N
tt2510050,\N,\N,\N,\N,\N,\N,customer relations,sebastien ball,rory fallis,\N,\N,\N
tt2519428,\N,\N,\N,kamen rider kamen rider wizard & fourze: movie war ultimatum,koichi sakamoto,\N,kamen rider kamen rider wizard & fourze: movie wars ultimatum,koichi sakamoto,\N,kamen rider kamen rider wizard & fourze: movie wars ultimatum,koichi sakamoto,kazuki nakashima; yoshio urasawa
tt2519856,\N,\N,\N,\N,\N,\N,thick-headed tour,graham nolte,\N,\N,\N,\N
tt2527368,kampen,\N,\N,on thin ice,jesper troelstrup,\N,kampen,jesper troelstrup,glenn ringtved; jesper troelstrup idea; rene simonsen,kampen,\N,\N
tt2532124,\N,\N,\N,\N,\N,\N,your roommate,kenya cagle,mack williams,\N,\N,\N
tt2536426,poker.am,david babakhanyan,ashot abrahamyan; david babakhanyan; ruben jaghinyan,poker.am,david babakhanyan,\N,poker.am,david babakhanyan,\N,poker.am,david babakhanyan,ashot abrahamyan; david babakhanyan; ruben jaghinyan
tt25382788,\N,\N,\N,\N,\N,\N,choc mortel,euloge hounsou,euloge hounsou,\N,\N,\N
tt25383462,\N,\N,\N,\N,\N,\N,jigoku no seppun,hiroshi noguchi,asaji tanabe; hajime takaiwa,\N,\N,\N
tt25384594,\N,\N,\N,\N,\N,\N,a place of shadows,cody c king,cody c king,\N,\N,\N
tt25393090,\N,\N,\N,\N,\N,\N,overdoze,suman paudel,suman paudel,\N,\N,\N
tt25435954,\N,\N,\N,\N,\N,\N,awara deewana,maruf ahmed,\N,\N,\N,\N
tt25445982,\N,\N,\N,\N,\N,\N,a praying grandmother,\N,el espada jr tracy matthews,\N,\N,\N
tt2545064,\N,\N,\N,\N,\N,\N,fridgeport,\N,paul khoury story; tanner beard story,\N,\N,\N
tt2545510,\N,\N,\N,\N,eyal boers,eyal boers,live or die in entebbe,eyal boers,eyal boers,\N,\N,\N
tt2546808,\N,\N,\N,\N,\N,\N,up and coming,cedric green; razor rizzotti,cedric green,\N,\N,\N
tt2548398,\N,\N,\N,\N,\N,\N,deadtime,rody claude,kylie claude,deadtime,rody claude,kylie claude
tt2551354,\N,\N,\N,\N,\N,\N,envelopes,vincenzo lucciola,vincenzo lucciola,\N,\N,\N
tt2556228,sunshine boys,kim taegon,kim taegon,the sunshine boys,kim taegon,\N,sunshine boys,kim taegon,\N,sunshine boys,kim taegon,jeon gowoon; kim taegon
tt25582396,rohan at the louvre,kazutaka watanabe,yasuko kobayashi,rohan au louvre,\N,\N,rohan at the louvre,kazutaka watanabe,\N,rohan at the louvre,kazutaka watanabe,yasuko kobayashi
tt2558616,\N,\N,\N,\N,\N,\N,strathcona,gia milani,gia milani,\N,\N,\N
tt2559122,je suis supporter du standard,riton liebman,gabor rassov; riton liebman,je suis supporter du standard,riton liebman,gabor rassov; riton liebman,je suis supporter du standard,riton liebman,gabor rassov; riton liebman,je suis supporter du standard,riton liebman,gabor rassov; riton liebman
tt2561752,foreshadow,\N,\N,foreshadow,carmelo musca,\N,foreshadow,carmelo musca,justin burford; kris lippert,foreshadow,\N,\N
tt2569782,\N,\N,\N,\N,\N,\N,raid casa,dante javier,cesar b cesar,\N,\N,\N
tt2570920,mobster,brian eric johnson,brian eric johnson,\N,\N,\N,mobster,brian eric johnson,brian eric johnson,mobster,brian eric johnson,brian eric johnson
tt2571044,\N,\N,\N,\N,\N,\N,sozetsu: kankin rape,yatake showa,setsuko ukifune,\N,\N,\N
tt25722552,\N,\N,\N,\N,\N,\N,angel,jamal hill,\N,\N,\N,\N
tt2575662,album,reza heydarnejad,reza heydarnejad,album,\N,\N,album,reza heydarnejad,\N,album,reza heydarnejad,reza heydarnejad
tt2577138,house of another,alexander smolowe,\N,\N,\N,\N,house of another,alexander smolowe,\N,house of another,alexander smolowe,\N
tt2579552,\N,\N,\N,\N,\N,\N,onna tantei: biyaku de yokujo,sakae nitta,jun sera,\N,\N,\N
tt25809718,\N,\N,\N,\N,\N,\N,the verdict,juan pablo reinoso,juan pablo reinoso,\N,\N,\N
tt2582064,saw - la mecanique de l'extreme,jacinto carvalho; johan chiaramonte,\N,\N,\N,\N,saw - la mecanique de l'extreme,jacinto carvalho; johan chiaramonte,\N,saw - la mecanique de l'extreme,jacinto carvalho; johan chiaramonte,\N
tt2585654,my genie uncle,ashish bhavsar,ashish bhavsar,mere genie uncle,ashish bhavsar,\N,mere genie uncle,ashish bhavsar,ashish bhavsar,my genie uncle,ashish bhavsar,ashish bhavsar
tt25894644,\N,\N,\N,\N,\N,\N,illusion,celestine kimbi,\N,\N,\N,\N
tt2590214,sisterakas,wenn v deramas,danno kristoper c mariquit; joel mercado; kriz gazmen; wenn v deramas,sisterakas,wenn v deramas,\N,sisterakas,wenn v deramas,danno kristoper c mariquit; kriz g gazmen; wenn v deramas,sisterakas,wenn v deramas,danno kristoper c mariquit; joel mercado; kriz gazmen; wenn v deramas
tt2592304,\N,\N,\N,\N,\N,\N,playhouse,joseph murray,joseph murray,\N,\N,\N
tt2593616,halim munan,hashim rejab,\N,halim munan,\N,\N,halim munan,hashim rejab,\N,halim munan,hashim rejab,\N
tt25941904,eat bitter,ningyi sun; pascale apporagnekindy,mathieu faure; ningyi sun; pascale apporagnekindy,\N,\N,\N,eat bitter,ningyi sun; pascale apporagnekindy,\N,eat bitter,ningyi sun; pascale apporagnekindy,mathieu faure; ningyi sun; pascale apporagnekindy
tt2595734,no. 66 madhura bus,nishad m a,kv anil,no. 66 madhura bus,m a nishad,\N,no. 66 madura bus,ma nishad,kv anil,no. 66 madhura bus,nishad m a,kv anil
tt25964590,\N,\N,\N,\N,\N,\N,hana no niju-hachinin shu,torajiro saito,taro gashuin,\N,\N,\N
tt2606456,all the fear of the fair,chris jupp,chris jupp,\N,\N,\N,all the fear of the fair,chris jupp,\N,all the fear of the fair,chris jupp,chris jupp
tt2615396,american thrill ride,chris darland,chris darland,\N,\N,\N,american thrill ride,chris darland,\N,american thrill ride,chris darland,chris darland
tt2619902,\N,\N,\N,\N,\N,\N,pucca badmaash,a salaam,\N,\N,\N,\N
tt2622834,rearview,robert gulassarian,robert gulassarian,\N,\N,\N,rearview,robert gulassarian,\N,rearview,robert gulassarian,robert gulassarian
tt26230974,\N,\N,\N,\N,\N,\N,finding solace,omoruyi wallz efosa,ojakorotu promise ofejiro,\N,\N,\N
tt26231170,\N,\N,\N,\N,\N,\N,oyakusha kozo: edo senryo nobori,seiichi fukuda,kan shimozawa; minoru inuzuka; shigeo yasuda,\N,\N,\N
tt26232044,\N,\N,\N,\N,\N,\N,kari some no kuchibiru,yoshiaki bansho,makoto hojo; masaru baba,\N,\N,\N
tt26240922,\N,\N,\N,\N,\N,\N,alter ego - a study in empathy,carl eneroth,carl eneroth,\N,\N,\N
tt2624732,comando de federales ar-15,\N,\N,\N,\N,\N,comando de federales ar-15,\N,\N,comando de federales ar-15,\N,\N
tt2625416,\N,\N,\N,\N,\N,\N,burning for love,\N,\N,\N,\N,\N
tt26260278,\N,\N,\N,\N,\N,\N,k,sarbarish majumder,priyanka roy,\N,\N,\N
tt2630660,el club,rose kowalski,\N,\N,\N,\N,el club,rose kowalski,\N,el club,rose kowalski,\N
tt2630854,\N,\N,\N,\N,\N,\N,standing on sacred ground: profit and loss,christopher mcleod,jennifer huang,\N,\N,\N
tt26315110,\N,\N,\N,\N,\N,\N,a game of you,sonejuhi,jacob fox,\N,\N,\N
tt26343503,\N,\N,\N,\N,\N,\N,man with a ladder,\N,michael cherniak; sabrina coy,\N,\N,\N
tt26351494,countdown,kwon hyeokjae,hong changpyo; kim jina,count,\N,\N,countdown,kwon hyeokjae,\N,countdown,kwon hyeokjae,hong changpyo; kim jina; kwon hyeokjae; ma daeyun
tt26358908,burden of proof,\N,\N,\N,\N,\N,burden of proof,\N,\N,burden of proof,\N,\N
tt2636480,all the wild horses,ivo marloh,ivo marloh,all the wild horses,ivo marloh,ivo marloh,all the wild horses,ivo marloh,ivo marloh,all the wild horses,ivo marloh,ivo marloh
tt2637460,\N,\N,\N,\N,\N,\N,dice angel,\N,brian rouff,\N,\N,\N
tt2637918,\N,\N,\N,\N,\N,\N,hello! gandhe sir,sameer sandeep,anil pawar,\N,\N,\N
tt26424375,\N,\N,\N,\N,\N,\N,untitled future,\N,laurie lamson,\N,\N,\N
tt26443769,\N,\N,\N,\N,\N,\N,parlanchino ateo: errorista comunista 31,jorge luis villacorta santamato,jorge luis villacorta santamato,\N,\N,\N
tt26445625,\N,\N,\N,\N,\N,\N,the 101st hungarian folk tale - a portrait film of ferenc mikulas,tamas novak; zsuzsanna vincze,fruzsina skrabski,\N,\N,\N
tt2644950,\N,\N,\N,\N,\N,\N,bistar,r thakur,\N,\N,\N,\N
tt26450717,\N,\N,\N,\N,\N,\N,hip hop: don't stop,sal martino,\N,\N,\N,\N
tt26451663,\N,\N,\N,\N,\N,\N,a ci bulus,falalu a dorayi,nazir adam saleh,\N,\N,\N
tt26457210,\N,\N,\N,\N,\N,\N,the accident,chandrasekhar duvvuri,chandrasekhar duvvuri,\N,\N,\N
tt26493408,\N,\N,\N,\N,\N,\N,i'm oscar and i love you,\N,treylen williams,\N,\N,\N
tt26494215,the case is open,kiumars pourahmad,\N,\N,\N,\N,the case is open,kiumars pourahmad,\N,the case is open,kiumars pourahmad,\N
tt2653262,rough play,shin yeonshick,kim kiduk,rough play,shin yeonshick,kim kiduk,rough play,yeonshick shin,kim kiduk,rough play,shin yeonshick,kim kiduk; shin yeonshick
tt26541660,da code,\N,\N,\N,\N,\N,da code,\N,\N,da code,\N,\N
tt26548496,\N,\N,\N,\N,\N,\N,la pittura piu bella del mondo,luca criscenti,tomaso montanari,\N,\N,\N
tt26570494,the getback,jared cohn,chad law; garry charles,\N,\N,\N,the getback,jared cohn,\N,the getback,jared cohn,chad law; garry charles
tt2658322,the river runs black,bobby easley,bobby easley,\N,\N,\N,the river runs black,bobby easley,\N,the river runs black,bobby easley,bobby easley
tt26594945,\N,\N,\N,\N,\N,\N,the mystery of las clevs,gian franco tordi,diane mizrachi; gian franco tordi,\N,\N,\N
tt26598785,subarashiki shotai,jiro sugioka,yoshitaro nomura,\N,\N,\N,subarashiki shotai,jiro sugioka,\N,subarashiki shotai,jiro sugioka,yoshitaro nomura
tt26627101,\N,\N,\N,\N,\N,\N,entangled guilt,saheed apanpa,remi adesokan,\N,\N,\N
tt26629343,\N,\N,\N,\N,\N,\N,the wishman,\N,karen power,\N,\N,\N
tt26656535,\N,\N,\N,\N,\N,\N,yaar tera rockstar,gurdial singh sidhu; ranjeet singh bal,shinder singh maan; umang sharma,\N,\N,\N
tt2666234,\N,\N,\N,\N,\N,\N,creating america's next hit show,rick beren,bob myer; david litt; lawrence h levy,\N,\N,\N
tt2667326,\N,\N,\N,\N,\N,\N,la voce di rosa,nello correale,nello correale,\N,\N,\N
tt26675192,\N,\N,\N,\N,\N,\N,the journey home documentary,desmond denton,\N,\N,\N,\N
tt26688020,the orchestra sisters,hiroo ikeda,kiyoshi obayashi; sugako hashida,\N,\N,\N,the orchestra sisters,hiroo ikeda,\N,the orchestra sisters,hiroo ikeda,sugako hashida
tt26688393,tom hanks: the nomad,jake hickman,jake hickman,\N,\N,\N,tom hanks: the nomad,jake hickman,\N,tom hanks: the nomad,jake hickman,jake hickman
tt26689248,\N,\N,\N,\N,\N,\N,the world in 2080,\N,fardinanth,\N,\N,\N
tt26690129,\N,\N,\N,\N,\N,\N,seredo,odongo robbie,odongo robbie,\N,\N,\N
tt2670578,\N,\N,\N,\N,\N,\N,a space in the time,scott shaw,\N,\N,\N,\N
tt2671682,\N,\N,\N,\N,\N,\N,the deep end of the sea,elgin cahill,elgin cahill,\N,\N,\N
tt2672034,\N,\N,\N,babar adesh,montazur rahman akbar,\N,babar adesh,montazur rahman akbar,abdullah zahir babu; montazur rahman akbar,\N,\N,\N
tt2672330,\N,\N,\N,\N,\N,\N,der riss im regenbogen,rasmus gerlach,rasmus gerlach,\N,\N,\N
tt2672902,\N,\N,\N,\N,\N,\N,fat boys,daryl e hall,daryl e hall,\N,\N,\N
tt26739402,\N,\N,\N,\N,\N,\N,anndaata,satdeep singh,satdeep singh,\N,\N,\N
tt26745426,wild forests,david cebulla,david cebulla; heide moldenhauer,\N,\N,\N,wild forests,david cebulla,\N,wild forests,david cebulla,david cebulla; heide moldenhauer
tt26754325,\N,\N,\N,\N,\N,\N,the worker,eliza petkova,\N,\N,\N,\N
tt2675914,in order of disappearance,hans petter moland,finn gjerdrum; hans petter moland; kim fupz aakeson,in order of disappearance,hans petter moland,kim fupz aakeson,in order of disappearance,hans petter moland,finn gjerdrum; kim fupz aakeson,in order of disappearance,hans petter moland,kim fupz aakeson
tt26761043,\N,\N,\N,\N,\N,\N,li hung chang: chop suey of a legend,\N,robert lin,\N,\N,\N
tt26763353,the trace of your lips,julian hernandez,gustavo hernandez de anda; julian hernandez,the trace of your lips,julian hernandez,julian hernandez,the trace of your lips,julian hernandez,\N,the trace of your lips,julian hernandez,gustavo hernandez de anda; julian hernandez
tt26772023,syphilis: a motion picture clinic,c f van arsdale,\N,\N,\N,\N,syphilis: a motion picture clinic,c f van arsdale,\N,syphilis: a motion picture clinic,c f van arsdale,\N
tt26772096,\N,\N,\N,\N,\N,\N,otosan no uta dokei,ren yoshimura,noriko suzuki,\N,\N,\N
tt2679990,"ab irato, sous l'empire de la colere",dominique boccarossa,dominique boccarossa,\N,dominique boccarossa,\N,"ab irato, sous l'empire de la colere",dominique boccarossa,antoine lacomblez; dominique boccarossa,"ab irato, sous l'empire de la colere",dominique boccarossa,dominique boccarossa
tt26894375,rose to crown,shihyun wang,shihyun wang,\N,\N,\N,rose to crown,shihyun wang,\N,rose to crown,shihyun wang,shihyun wang
tt2690552,married woman's affair: if her husband doesn't find out,rumi tama,rumi tama,\N,\N,\N,married woman's affair: if her husband doesn't find out,rumi tama,\N,married woman's affair: if her husband doesn't find out,rumi tama,rumi tama
tt2692690,groper train: mature woman's thighs,akira fukamachi,shuji kataoka,\N,\N,\N,groper train: mature woman's thighs,akira fukamachi,\N,groper train: mature woman's thighs,akira fukamachi,shuji kataoka
tt26933732,the forbidden daughter,vernon snoop robinson,andrae loggins; demarcus bailey,\N,\N,\N,the forbidden daughter,vernon snoop robinson,\N,the forbidden daughter,vernon snoop robinson,demarcus bailey
tt26933797,\N,\N,\N,\N,\N,\N,blood bank,damien s fear; tony newton,damien s fear; tony newton,\N,\N,\N
tt26937328,marivillin gopurangal,arun bose,pramod mohan,marivillin gopurangal,arun k bose,\N,marivillin gopurangal,arun bose,\N,marivillin gopurangal,arun bose,pramod mohan
tt26938450,\N,\N,\N,\N,\N,\N,pimpin ain't easy,shyviell rudolph,shyviell rudolph,\N,\N,\N
tt26991232,\N,\N,\N,\N,\N,\N,hippie-flipped,will gibbs,\N,\N,\N,\N
tt26997082,\N,\N,\N,\N,\N,\N,and then,nalakurti sunil,nalakurti sunil,\N,\N,\N
tt27003509,\N,\N,\N,\N,\N,\N,scarlet chance,nellyann chisom,chike okonkwo; georgina ibeh,\N,\N,\N
tt27006950,\N,\N,\N,\N,\N,\N,days & nights in venice,chuck bentley,chuck bentley,\N,\N,\N
tt27010447,\N,\N,\N,\N,\N,\N,love letter,simon peacemaker,ovi odiete,\N,\N,\N
tt27011486,i know when you dead: suicide village,anggy umbara,lele laila,i know when you are going to die: suicide village,anggy umbara,anggy umbara; lele laila,i know when you dead: suicide village,anggy umbara,\N,i know when you dead: suicide village,anggy umbara,lele laila
tt27040807,wormtown,sergio pinheiro,andrew james myers,\N,\N,\N,wormtown,sergio pinheiro,\N,wormtown,sergio pinheiro,andrew james myers
tt27044322,\N,\N,\N,\N,\N,\N,ja jestem,maciej bodasinski,lech dokowicz; maciej bodasinski,\N,\N,\N
tt2705126,\N,\N,\N,\N,\N,\N,go go ikemen 5,sakurako fukuyama,ibuki sakura; sakurako fukuyama,\N,\N,\N
tt27054675,\N,\N,\N,\N,\N,\N,crashers,stephen r hudis,lindy s hudis; stephen r hudis,\N,\N,\N
tt27057614,\N,\N,\N,\N,\N,\N,broken wings,daminico lynch,daminico lynch,\N,\N,\N
tt2706352,\N,\N,\N,\N,\N,\N,love and football,cora anne,camara davis,\N,\N,\N
tt27072866,one decision,george kirvin; petty horton,\N,\N,\N,\N,one decision,george kirvin; petty horton,\N,one decision,george kirvin; petty horton,\N
tt2708028,\N,\N,\N,\N,\N,\N,killing cavendish,michael thomas daniel,michael thomas daniel,\N,\N,\N
tt2710816,\N,\N,\N,\N,\N,\N,zauberfelsen,peter ammann,peter ammann,\N,\N,\N
tt27110516,one more shot,james nunn,james nunn; jamie russell,one more shot,james nunn,\N,one more shot,james nunn,james nunn; jamie russell,one more shot,james nunn,jamie russell
tt27116652,\N,\N,\N,\N,\N,\N,where the cobras lie,\N,jailyn osborne,\N,\N,\N
tt27123988,\N,\N,\N,\N,\N,\N,sh*t happens,stanley obi,\N,\N,\N,\N
tt27126305,in ten seconds,ceylan ozgun ozcelik,erdi isk,in ten seconds,ceylan ozgun ozcelik,\N,in ten seconds,ceylan ozgun ozcelik,\N,in ten seconds,ceylan ozgun ozcelik,erdi isk
tt27126801,\N,\N,\N,\N,\N,\N,hit 'em up,bryant ruff; derrick holley,derrick holley,\N,\N,\N
tt27127520,\N,\N,\N,\N,\N,\N,black america,jonathan tatum; sam houston,sam houston,\N,\N,\N
tt27128258,\N,\N,\N,\N,\N,\N,untitled scream project (fan film),bella montez,bella montez,\N,\N,\N
tt27129041,los dias que vivimos,\N,\N,\N,\N,\N,los dias que vivimos,\N,\N,los dias que vivimos,\N,\N
tt27129064,clothilde dans l'alliance,antoine personnaz; simon baichourose,\N,\N,\N,\N,clothilde dans l'alliance,antoine personnaz; simon baichourose,\N,clothilde dans l'alliance,antoine personnaz; simon baichourose,\N
tt27133215,\N,\N,\N,\N,\N,\N,"a fleur de peau, le monde musical de dariush zarbafian",marc oriol,marc oriol,\N,\N,\N
tt27141500,\N,\N,\N,\N,\N,\N,production no 4,suman pathuri,sai rajesh neelam,\N,\N,\N
tt27169201,\N,\N,\N,\N,\N,\N,void,\N,myia elliott,\N,\N,\N
tt27179834,chalga,marian valev,marian valev,\N,\N,\N,chalga,marian valev,\N,chalga,marian valev,marian valev
tt27190240,\N,\N,\N,\N,\N,\N,the asset,bruce gardner,bruce gardner,\N,\N,\N
tt27191611,lola blue,\N,eleonora grilli,\N,\N,\N,lola blue,\N,\N,lola blue,\N,eleonora grilli
tt27193203,\N,\N,\N,\N,\N,\N,the perfect english village,nigel farrell,\N,\N,\N,\N
tt27197387,aka,morgan s dalibert,alban lenoir; morgan s dalibert,aka,\N,\N,aka,morgan s dalibert,alban lenoir; morgan s dalibert,aka,morgan s dalibert,alban lenoir; morgan s dalibert
tt27204901,\N,\N,\N,\N,\N,\N,game time,james murray jackson jr,james murray jackson jr,\N,\N,\N
tt2720968,curtain of water,joe guerriero,roberto francesco musco,\N,\N,\N,curtain of water,joe guerriero,\N,curtain of water,joe guerriero,roberto francesco musco
tt27218212,mata hari,ramon a estella,abdul razak,\N,\N,\N,mata hari,ramon a estella,\N,mata hari,ramon a estella,abdul razak
tt27219727,\N,\N,\N,\N,\N,\N,a africa dentro da gente,renato barbieri,marilda donatelli; nitore akada; renato barbieri,\N,\N,\N
tt2723138,viva belarus!,krzysztof ukaszewicz,franak viacorka; krzysztof ukaszewicz,viva belarus,krzysztof ukaszewicz,franak viacorka,viva belarus!,krzysztof ukaszewicz,\N,viva belarus!,krzysztof ukaszewicz,franak viacorka; krzysztof ukaszewicz
tt2723876,a separation by violence,craig cyr,craig cyr,\N,\N,\N,a separation by violence,craig cyr,\N,a separation by violence,craig cyr,craig cyr
tt27252441,\N,\N,\N,\N,\N,\N,big jue season,artus frank,benjamin franklin; vivan l davis,\N,\N,\N
tt27291387,\N,\N,\N,\N,\N,\N,aliens in ussr,al g pierazzi,al g pierazzi; luke bones,\N,\N,\N
tt27304819,the love room,suzana dinevski,suzana dinevski,\N,\N,\N,the love room,suzana dinevski,\N,the love room,suzana dinevski,suzana dinevski
tt27331219,\N,\N,\N,\N,\N,\N,hamishe sinama,mohammad kharratzade,\N,\N,\N,\N
tt27349747,\N,\N,\N,\N,\N,\N,let me have my hands again,konstantin selin,konstantin selin,\N,\N,\N
tt27351954,\N,\N,\N,\N,\N,\N,shahr ashoob,yadollah samadi,\N,\N,\N,\N
tt27371268,polan,kota nakamura,\N,\N,\N,\N,polan,kota nakamura,\N,\N,\N,\N
tt27373062,\N,\N,\N,\N,\N,\N,the pastor of tottenham,jason young,jason young,\N,\N,\N
tt2740562,\N,\N,\N,\N,\N,\N,neon buffalo: an american story,\N,\N,\N,\N,\N
tt2741500,\N,\N,\N,\N,\N,\N,andrew sawyer's ichabod,andrew sawyer,allison lahikainen; andrew sawyer,\N,\N,\N
tt27418974,el rojo mas puro,yira plaza obyrne,\N,\N,\N,\N,el rojo mas puro,yira plaza obyrne,\N,el rojo mas puro,yira plaza obyrne,\N
tt27440937,weapon,guhan senniappan,guhan senniappan,weapon,guhan senniappan,\N,weapon,guhan senniappan,\N,weapon,guhan senniappan,guhan senniappan
tt27451262,\N,\N,\N,\N,\N,\N,pedro marquez y la ines una pareja implacable los de la camioneta gris,francisco efrain gonzalez guerra,francisco efrain gonzalez guerra,\N,\N,\N
tt27458360,\N,\N,\N,\N,\N,\N,umay,osman tugra,tamer kucuk,\N,\N,\N
tt2746556,\N,\N,\N,\N,\N,\N,infil_exfil,michael golembesky,michael golembesky,\N,\N,\N
tt2748180,littekens,martin beek; patrick huiberts,\N,\N,\N,\N,littekens,martin beek; patrick huiberts,\N,littekens,martin beek; patrick huiberts,\N
tt27487494,la gardav,dimitri lemoine; thomas lemoine,christiane lemoinevultaggio; thomas lemoine,\N,dimitri lemoine; thomas lemoine,thomas lemoine,la gardav,dimitri lemoine; thomas lemoine,\N,la gardav,dimitri lemoine; thomas lemoine,christiane lemoinevultaggio; thomas lemoine
tt27490340,\N,\N,\N,\N,\N,\N,igba nkwu,iyke okechukwu,jude okechukwu,\N,\N,\N
tt27499027,\N,\N,\N,\N,\N,\N,half brothers,charles uwagbai,onyii cindy umeh,\N,\N,\N
tt27512191,\N,\N,\N,\N,\N,\N,chucho valdes,eric michaud,eric michaud,\N,\N,\N
tt27513905,\N,\N,\N,\N,\N,\N,olin ekeinin tin ahortaston mageian,panagiotis kountouras,panagiotis kountouras,\N,\N,\N
tt27530030,the dawn is near,david sipos; elza rebol; matjaz fegus; vid planinc,matjaz fegus; suzana kokalj; vid planinc,\N,\N,\N,the dawn is near,david sipos; elza rebol; matjaz fegus; vid planinc,\N,the dawn is near,david sipos; elza rebol; matjaz fegus; vid planinc,matjaz fegus; suzana kokalj; vid planinc
tt27531494,\N,\N,\N,\N,\N,\N,scherp,benjamin jonas van den brink; julia von graevenitz,benjamin jonas van den brink,\N,\N,\N
tt27531514,in the rearview,maciek hamela,maciek hamela,in the rearview,maciek hamela,maciek hamela,in the rearview,maciek hamela,\N,in the rearview,maciek hamela,maciek hamela
tt27538000,\N,\N,\N,\N,\N,\N,revelations,\N,david l corrigan,\N,\N,\N
tt27547570,boyz 4,vishal devrukhkar,hrishikesh koli,boyz 4,\N,\N,boyz 4,vishal devrukhkar,\N,boyz 4,vishal devrukhkar,hrishikesh koli
tt27550368,\N,\N,\N,\N,\N,\N,incident at joshua tree,\N,noah evslin,\N,\N,\N
tt27564488,s.o.g.: the book of ward,rachel neubeck,\N,\N,\N,\N,s.o.g.: the book of ward,rachel neubeck,\N,s.o.g.: the book of ward,rachel neubeck,\N
tt2757424,\N,\N,\N,\N,\N,\N,blind fortune,\N,\N,\N,\N,\N
tt27575680,how saba kept singing,sara taksler,\N,\N,\N,\N,how saba kept singing,sara taksler,\N,how saba kept singing,sara taksler,\N
tt27575706,\N,\N,\N,\N,\N,\N,xiii,michael crum,gerald crum,\N,\N,\N
tt27599680,\N,\N,\N,nonte fonte,anirban chakraborty,\N,nonte fonte,anirban chakraborty,amlan majumder; narayan debnath,\N,\N,\N
tt27613403,love & murder: atlanta playboy,jaira thomas,gregory ramon anderson,love & murder: atlanta playboy,\N,\N,love & murder: atlanta playboy,jaira thomas,\N,love & murder: atlanta playboy,jaira thomas,gregory ramon anderson
tt27618733,manet - degas une amitie tourmentee,stanislas valroff,\N,\N,\N,\N,manet - degas une amitie tourmentee,stanislas valroff,\N,manet - degas une amitie tourmentee,stanislas valroff,\N
tt2762900,hong kong,\N,\N,\N,\N,\N,hong kong,\N,\N,hong kong,\N,\N
tt27629379,\N,\N,\N,\N,\N,\N,guerres de femmes,gerard guerin,\N,\N,\N,\N
tt27630808,\N,\N,\N,\N,\N,\N,mala pesca: la depredacion pesquera en chile,periodico resumen,\N,\N,\N,\N
tt27634417,bhavisyavani,mandava sai kumar,mandava sai kumar,\N,\N,\N,bhavisyavani,mandava sai kumar,\N,bhavisyavani,mandava sai kumar,mandava sai kumar
tt27640967,\N,\N,\N,\N,\N,\N,the court jester,\N,luiz rosemberg filho,\N,\N,\N
tt27648656,\N,\N,\N,\N,\N,\N,saiyaan sarkari,meraj khan,nanhe pandey,\N,\N,\N
tt27650082,\N,\N,\N,\N,\N,\N,crosby stills & nash documentary,\N,\N,\N,\N,\N
tt2765194,schulden gmbh,\N,\N,\N,\N,\N,schulden gmbh,\N,\N,schulden gmbh,\N,\N
tt27655123,yawa,\N,\N,\N,\N,\N,yawa,\N,\N,yawa,\N,\N
tt27666136,\N,\N,\N,\N,\N,\N,alaskan costal sasquatch: the evidence,aleksandar petakov,\N,\N,\N,\N
tt27673370,sukhibhava,anil kumar p,\N,\N,\N,\N,sukhibhava,anil kumar p,\N,sukhibhava,anil kumar p,\N
tt27678489,\N,\N,\N,\N,\N,\N,the 3rd generation,cl hor,cl hor,\N,\N,\N
tt2768052,pruning the family tree,fritz green,dan gordon,\N,\N,\N,pruning the family tree,fritz green,\N,pruning the family tree,fritz green,dan gordon
tt27687576,anarchy radio,gilles gambino,gilles gambino,\N,\N,\N,anarchy radio,gilles gambino,\N,anarchy radio,gilles gambino,gilles gambino
tt27689569,\N,\N,\N,\N,\N,\N,dunk dreams,marah strauch,\N,\N,\N,\N
tt2769896,louis & luca and the snow machine,rasmus a sivertsen,karsten fullu,snow for christmas,rasmus a sivertsen,karsten fullu,louis & luca and the snow machine,rasmus a sivertsen,harald sommerin simonns; karsten fullu; kjell aukrust,louis & luca and the snow machine,rasmus a sivertsen,karsten fullu
tt27705108,\N,\N,\N,\N,\N,\N,dorothy and toto's storytime: the road to oz,janice wright,\N,\N,\N,\N
tt2771082,\N,\N,\N,\N,\N,\N,it's good to be a gangster,les mahoney,les mahoney,\N,\N,\N
tt27715342,\N,\N,\N,\N,\N,\N,treasure men,luke huxham,rob haffey,\N,\N,\N
tt27717204,\N,\N,\N,\N,\N,\N,early bird,jack c newell,jack c newell; steven tobiasz,\N,\N,\N
tt27717212,\N,\N,\N,\N,\N,\N,lucky star,jack c newell,jack c newell; terrance t brown; thomas pace,\N,\N,\N
tt2771800,rigor mortis,juno mak,jill leung laiyin; philip yung chikwong,rigor mortis,juno mak,juno mak,rigor mortis,juno mak,juno mak; laiyin leung; philip yung,rigor mortis,juno mak,jill leung laiyin; philip yung chikwong
tt27719901,\N,\N,\N,\N,\N,\N,dorothy and toto's storytime: the road to oz part 2,janice wright,\N,\N,\N,\N
tt27720930,\N,\N,\N,\N,\N,\N,terorist,habibollah bahmani,\N,\N,\N,\N
tt27722534,my melbourne,arif ali; kabir khan; onir; rahul vohra; rima das,arif ali; gregory francis; monique nair; nazifa amir; samira cox; shivangi bhowmick; william duan,my melbourne,imtiaz ali; kabir khan; onir; rima das,\N,my melbourne,arif ali; kabir khan; onir; rahul vohra; rima das,\N,my melbourne,arif ali; kabir khan; onir; rahul vohra; rima das,arif ali; gregory francis; monique nair; nazifa amir; samira cox; shivangi bhowmick; william duan
tt27723563,\N,\N,\N,\N,\N,\N,a midsummer night's dream in prison,bushra azzouz; enie vaisburd,\N,\N,\N,\N
tt27730896,for my sister,hojjatollah seifi,\N,\N,\N,\N,for my sister,hojjatollah seifi,\N,for my sister,hojjatollah seifi,\N
tt27732635,\N,\N,\N,\N,\N,\N,endings,angelica dimaio; emily daltorio; gregory jason,angelica dimaio; emily daltorio; gregory jason,\N,\N,\N
tt2773782,raziye,yusuf kurcenli,yusuf kurcenli,raziye,yusuf kurcenli,\N,raziye,yusuf kurcenli,\N,raziye,yusuf kurcenli,yusuf kurcenli
tt27751350,the birth reborn 3,eduardo chauvet,\N,the birth reborn 3,eduardo chauvet,\N,the birth reborn 3,eduardo chauvet,\N,the birth reborn 3,eduardo chauvet,\N
tt27757235,\N,\N,\N,\N,\N,\N,kau pilih siapa?,dato athy; saifullah khaisas,dato athy; hanis ali; qawiem hamizan,\N,\N,\N
tt27775137,the glory of life,georg maas; judith kaufmann,georg maas; michael gutmann,the glory of life,georg maas; judith kaufmann,michael gutmann,the glory of life,georg maas; judith kaufmann,georg maas; michael gutmann; michael kumpfmuller,the glory of life,georg maas; judith kaufmann,georg maas; michael gutmann
tt27792173,\N,\N,\N,\N,\N,\N,the crack,\N,\N,\N,\N,\N
tt27806330,\N,\N,\N,\N,\N,\N,man walking through the window of life,raam sharma,amit bhardwaj; raam sharma,\N,\N,\N
tt27829133,\N,\N,\N,\N,\N,\N,khane-ye del,jahangir jahangiri,\N,\N,\N,\N
tt27834335,bewafa sanam,\N,\N,\N,\N,\N,bewafa sanam,\N,\N,bewafa sanam,\N,\N
tt27854103,\N,\N,\N,\N,\N,\N,solitarios,\N,\N,\N,\N,\N
tt27868504,\N,\N,\N,\N,\N,\N,the haunting of the mummy: priestess of death,\N,\N,\N,\N,\N
tt27880434,\N,\N,\N,\N,\N,\N,eegai,ashok velayutham,\N,\N,\N,\N
tt27882544,\N,\N,\N,\N,\N,\N,huimang-ui ma-eul,inkyu choi,inkyu choi,\N,\N,\N
tt2789508,\N,\N,\N,\N,\N,\N,southwest end,dave handley,\N,\N,\N,\N
tt27902224,\N,\N,\N,\N,\N,\N,when we get there,\N,charlie barnett; richard lasser; robert p young,\N,\N,\N
tt27907852,\N,\N,\N,\N,\N,\N,bimbisara 2,anil paduri,mallidi vasishta,\N,\N,\N
tt2792396,je ne suis pas moi-meme,alba mora; anna sanmarti,\N,je ne suis pas moi-meme,anna sanmarti i baro,\N,je ne suis pas moi-meme,anna sanmarti,alba mora roca; anna sanmarti,je ne suis pas moi-meme,alba mora; anna sanmarti,\N
tt27924346,\N,\N,\N,\N,\N,\N,reconquerir l'ecole,emmanuel segaut,emmanuel segaut; laetitia kugler,\N,\N,\N
tt27936906,\N,\N,\N,\N,\N,\N,shab neshini,gholam reza ramezani,\N,\N,\N,\N
tt27943318,\N,\N,\N,\N,\N,\N,heart of a princess,goodnews erico isika,samuel sheba,\N,\N,\N
tt27951385,\N,\N,\N,\N,\N,\N,managros beach sunset in chios greece,taylor golonka,taylor golonka,\N,\N,\N
tt27957570,\N,\N,\N,\N,\N,\N,mugai,j ajith kumar,j ajith kumar,\N,\N,\N
tt27985874,romeo blows the world,romeo davis; sonny stclair,\N,\N,\N,\N,romeo blows the world,romeo davis; sonny stclair,\N,\N,\N,\N
tt27991363,\N,\N,\N,\N,aliasghar shadravan,\N,bohran,ali asghar shadravan,\N,\N,\N,\N
tt28061485,kenangan masa,dr huyung,dr huyung,kenangan masa,eitaro hinatsu; hinatsu eitaroo,hinatsu eitaroo,kenangan masa,dr huyung,\N,kenangan masa,dr huyung,dr huyung
tt2806484,claudia qui,tonjia atomic,tonjia atomic,\N,\N,\N,claudia qui,tonjia atomic,\N,claudia qui,tonjia atomic,tonjia atomic
tt28069978,\N,\N,\N,\N,\N,\N,sovereign risk,\N,angelica sirotin,\N,\N,\N
tt2808030,by sobie dzieciak,leszek wosiewicz,leszek wosiewicz,once upon a time in warsaw,leszek wosiewicz,\N,byl sobie dzieciak,leszek wosiewicz,leszek wosiewicz,by sobie dzieciak,leszek wosiewicz,leszek wosiewicz
tt28083228,sunfall,ben j williams,sam gurney,\N,\N,\N,sunfall,ben j williams,\N,sunfall,ben j williams,sam gurney
tt28098271,blood 4 blood,derrick pointer,derrick pointer,\N,\N,\N,blood 4 blood,derrick pointer,\N,blood 4 blood,derrick pointer,derrick pointer
tt28116291,\N,\N,\N,\N,\N,\N,iq (power of student),glb srinivas,polur ghatikachalam,\N,\N,\N
tt28118760,other rare good families,felipe moran,felipe moran,\N,\N,\N,other rare good families,felipe moran,\N,other rare good families,felipe moran,felipe moran
tt2814874,fighting heart,lee hampton,lee hampton,\N,\N,\N,fighting heart,lee hampton,jessica dowden additional material; lee hampton,fighting heart,lee hampton,lee hampton
tt2815294,uncharted waters,craig griffin,\N,uncharted waters,\N,\N,uncharted waters,craig griffin,\N,uncharted waters,craig griffin,\N
tt28156881,\N,\N,\N,\N,\N,\N,the revelation,ray an dulay,joyzell regalariodulay,\N,\N,\N
tt2815848,owalini,\N,\N,owalini,\N,\N,owalini,\N,\N,owalini,\N,\N
tt28199816,\N,\N,\N,\N,\N,\N,the living and the dead,kabat esosa egbon; osazee osagie ikpefunran,smart jobonson,\N,\N,\N
tt28212358,asthra,azad alavil,jiju raj; vinu k mohan,\N,\N,\N,asthra,azad alavil,\N,asthra,azad alavil,jiju raj; vinu k mohan
tt28275565,mujib bhai,\N,\N,mujib bhai,\N,\N,mujib bhai,\N,\N,\N,\N,\N
tt28278268,\N,\N,\N,\N,\N,\N,bored blvd,\N,jon savitt,\N,\N,\N
tt28279551,\N,\N,\N,\N,\N,\N,"le chant mysterieux du silence, le chant gregorien a l'abbaye de solesmes",regis ghezelbash,regis ghezelbash,\N,\N,\N
tt28282040,\N,\N,\N,\N,\N,\N,religion & redemption,brad eggerton; james heath anderson,brad eggerton; james heath anderson,\N,\N,\N
tt28288940,\N,\N,\N,\N,\N,\N,garuda: chapter 1,kranthi bala,kranthi bala,\N,\N,\N
tt28298504,long live love!,piyakarn butprasert,piyakarn butprasert; pongsuang choop,long live love!,\N,\N,long live love!,piyakarn butprasert,\N,long live love!,piyakarn butprasert,piyakarn butprasert; pongsuang choop
tt2830368,erotic agent ii,dick lau tinsze,\N,\N,\N,\N,erotic agent ii,dick lau,kai man,erotic agent ii,dick lau tinsze,\N
tt28315773,\N,\N,\N,\N,\N,\N,hold on to the night,joey harlow,joey harlow,\N,\N,\N
tt28322115,\N,\N,\N,\N,\N,\N,murder 101,\N,daryl f mallett; ivan proht cardona,\N,\N,\N
tt28328696,\N,\N,\N,\N,\N,\N,twarze agaty,malgorzata kozera,malgorzata kozera,\N,\N,\N
tt28346132,psycho sex dolls,david wilde,\N,\N,\N,\N,psycho sex dolls,david wilde,\N,psycho sex dolls,david wilde,\N
tt28352287,brick by brick: the story of wrigley field,jonathon laureano,\N,\N,\N,\N,brick by brick: the story of wrigley field,jonathon laureano,\N,brick by brick: the story of wrigley field,jonathon laureano,\N
tt28352988,\N,\N,\N,\N,\N,\N,dove: cost of beauty,\N,\N,dove: cost of beauty,\N,\N
tt28353176,psychic darkness video 11,takao daimon,takao daimon,\N,\N,\N,psychic darkness video 11,takao daimon,\N,psychic darkness video 11,takao daimon,takao daimon
tt28353978,\N,\N,\N,\N,\N,\N,anastasia: legend untold,nik tizekker,robn meeks,\N,\N,\N
tt28356390,prime,thabiso christopher,thabiso christopher,prime,\N,\N,prime,thabiso christopher,thabiso christopher,prime,thabiso christopher,thabiso christopher
tt28368145,chasing june,lucas hicks,lucas hicks,\N,\N,\N,chasing june,lucas hicks,\N,chasing june,lucas hicks,lucas hicks
tt28377904,psychic darkness video 53,takao daimon,\N,\N,\N,\N,psychic darkness video 53,takao daimon,\N,psychic darkness video 53,takao daimon,\N
tt2842938,she rises,larry wade carrell,angus macfadyen; lony ruhmann,\N,\N,\N,she rises,larry wade carrell,angus macfadyen screenplay; angus macfadyen story; larry wade carrell story; lony ruhmann story,she rises,larry wade carrell,angus macfadyen
tt28459713,\N,\N,\N,\N,\N,\N,lo spazio inquieto,franco angeli,\N,\N,\N,\N
tt2846108,\N,\N,\N,\N,\N,\N,voice of the valley,leila jarman,\N,\N,\N,\N
tt28475875,\N,\N,\N,\N,\N,\N,behtarin hamsaye-ye donya,abbas moradian,\N,\N,\N,\N
tt28483876,\N,\N,\N,\N,\N,\N,82 hao gu zhai,jie yuan,ding liu; liu ping; yu haiyong,\N,\N,\N
tt28487207,\N,\N,\N,\N,\N,\N,"physician, heal thyself",asher penn,\N,"physician, heal thyself",asher penn,\N
tt28492146,\N,\N,\N,\N,\N,\N,molaghat dar jadde,naeim baraz ataei,\N,\N,\N,\N
tt28500180,\N,\N,\N,\N,\N,\N,seaweed,erik bergamini,erik bergamini,\N,\N,\N
tt28501473,\N,\N,\N,\N,\N,\N,another fisherman's tale,alexis moroz; balthazar auxietre,balthazar auxietre; robert morgan,\N,\N,\N
tt28501583,the utility room,lionel marsden,\N,\N,\N,\N,the utility room,lionel marsden,\N,the utility room,lionel marsden,\N
tt28501585,\N,\N,\N,\N,\N,\N,tepegoz,\N,\N,\N,\N,\N
tt28503964,\N,\N,\N,\N,\N,\N,iregret,andres l porras; daniel fort,eli tabariai,\N,\N,\N
tt28509958,\N,\N,\N,\N,\N,\N,szatmari tango,dezso zsigmond,dezso zsigmond,\N,\N,\N
tt28530099,\N,\N,\N,\N,\N,\N,stileliberty,tommaso muzzi bonaventura,\N,\N,\N,\N
tt28534192,\N,\N,\N,\N,\N,\N,let us read,daniel vital,daniel vital,\N,\N,\N
tt28537936,kamadora,roman perez jr,ronald perez,\N,\N,\N,kamadora,roman perez jr,ronald perez,kamadora,roman perez jr,ronald perez
tt28550111,\N,\N,\N,\N,\N,\N,"malati, my love",rima das,\N,\N,\N,\N
tt28561427,the way it was: paris restaurants in the 1970s,stephen k scher,\N,\N,\N,\N,the way it was: paris restaurants in the 1970s,stephen k scher,\N,the way it was: paris restaurants in the 1970s,stephen k scher,\N
tt28576307,\N,\N,\N,the diary,\N,\N,the diary,alba gil; emma bertran,\N,the diary,alba gil; emma bertran,emma bertran; pamela pons saez
tt28602793,\N,\N,\N,\N,\N,\N,sensiz olmaz,kaya ererez,engin inal,\N,\N,\N
tt28608346,annihilate all humans!,christopher r mihm,christopher r mihm,\N,\N,\N,annihilate all humans!,christopher r mihm,\N,annihilate all humans!,christopher r mihm,christopher r mihm
tt28614211,\N,\N,\N,\N,\N,\N,coelacanth: a fish in time,marike bekker,marike bekker,\N,\N,\N
tt28619226,those who wait,chani bockwinkel; ty burdenski,\N,\N,\N,\N,those who wait,chani bockwinkel; ty burdenski,\N,those who wait,chani bockwinkel; ty burdenski,\N
tt28622944,\N,\N,\N,\N,\N,\N,rooz-e shastom,alireza sabzevari,\N,\N,\N,\N
tt28641326,\N,\N,\N,\N,\N,\N,branded by fire,caio ribeiro,caio ribeiro,\N,\N,\N
tt28654369,bhaiyya ji,apoorv singh karki,deepak kingrani,bhaiyaaji,\N,\N,bhaiyya ji,apoorv singh karki,apoorv singh karki; deepak kingrani,bhaiyya ji,apoorv singh karki,deepak kingrani
tt28656545,\N,\N,\N,\N,\N,\N,envy leads the way,bruce sears,verrin cofield,\N,\N,\N
tt2866060,a gothic confession,\N,\N,\N,\N,\N,a gothic confession,mats matte lundberg,mats matte lundberg,a gothic confession,\N,\N
tt28661245,masal zaman 2: sihirli kap,kubilay gulecoglu,\N,\N,\N,\N,masal zaman 2: sihirli kap,kubilay gulecoglu,\N,masal zaman 2: sihirli kap,kubilay gulecoglu,\N
tt28668969,canary,alex rivest; danny omalley,\N,\N,\N,\N,canary,alex rivest; danny omalley,\N,canary,alex rivest; danny omalley,\N
tt28669327,\N,\N,\N,\N,\N,\N,paye piyade,fereidoun hasanpour,\N,\N,\N,\N
tt28681764,the villain of villains,alain darborg,jessika jankert,villain of villains,alain darborg,jessika jankert,the villain of villains,alain darborg,\N,the villain of villains,alain darborg,jessika jankert
tt28682323,the strangers: chapter 3,renny harlin,alan freedland; alan r cohen,the strangers chapter 3,renny harlin,\N,the strangers: chapter 3,renny harlin,alan freedland; alan r cohen; bryan bertino,the strangers: chapter 3,renny harlin,alan freedland; alan r cohen
tt28685911,\N,\N,\N,\N,\N,\N,diaspora nations,ian cross,ian cross,\N,\N,\N
tt28690468,sound of falling,mascha schilinski,louise peter; mascha schilinski,sound of falling,mascha schilinski,\N,sound of falling,mascha schilinski,louise peter; mascha schilinski,sound of falling,mascha schilinski,louise peter; mascha schilinski
tt28691404,\N,\N,\N,\N,\N,\N,wakare no ippon sugi,teruo hagiyama,toramasa ikeda; yoshiro tsuji,\N,\N,\N
tt28698109,\N,\N,\N,\N,\N,\N,wario & waluigi's deadventures: the movie,zachary potter,zachary potter,\N,\N,\N
tt2870808,life partners,susanna fogel,joni lefkowitz; susanna fogel,life partners,susanna fogel,\N,life partners,susanna fogel,joni lefkowitz; susanna fogel,life partners,susanna fogel,joni lefkowitz; susanna fogel
tt2872456,\N,\N,\N,\N,\N,\N,jingle doggie,\N,brian craft,\N,\N,\N
tt28743726,\N,\N,\N,\N,\N,\N,the hellfire squad,\N,mike le,\N,\N,\N
tt28760844,\N,\N,\N,\N,\N,\N,bridge,chelsea korka,chelsea korka,\N,\N,\N
tt28769924,kutrachaattu,vimal vishnu,vimal vishnu,\N,\N,\N,kutrachaattu,vimal vishnu,\N,kutrachaattu,vimal vishnu,vimal vishnu
tt28771993,\N,\N,\N,\N,\N,\N,here after bygone,m safeer,m safeer,\N,\N,\N
tt28772399,comeback,jan roosens; raf roosens,jan roosens; raf roosens,\N,jan roosens; raf roosens,\N,comeback,jan roosens; raf roosens,\N,comeback,jan roosens; raf roosens,jan roosens; raf roosens
tt28788198,\N,\N,\N,\N,\N,\N,mr. unknown,\N,d paul thomas; sam mayhugh; wendell wellman,\N,\N,\N
tt28800753,\N,\N,\N,\N,\N,\N,pagari bulan,raja mukhriz bin r ahmad kamaruddin,ellyna ahmad; siti jasmina ibrahim,\N,\N,\N
tt28816054,o atelier radical de henrique silva,emilia simao; samuel barbosa,\N,\N,\N,\N,o atelier radical de henrique silva,emilia simao; samuel barbosa,\N,o atelier radical de henrique silva,emilia simao; samuel barbosa,\N
tt28819055,\N,\N,\N,\N,\N,\N,magic mirror anthology,domonic smith; ruben rodriguez,domonic smith; matt james; tomas galang,\N,\N,\N
tt28857451,\N,\N,\N,\N,\N,\N,scare ground,\N,lucas kelly,\N,\N,\N
tt28865980,american symphony,matthew heineman,\N,american symphony,matthew heineman,\N,american symphony,matthew heineman,\N,american symphony,matthew heineman,\N
tt2888072,\N,\N,\N,\N,\N,\N,vasna,\N,\N,\N,\N,\N
tt2889112,patrick's day,terry mcmahon,terry mcmahon,patrick's day,terry mcmahon,terry mcmahon,patrick's day,terry mcmahon,terry mcmahon,patrick's day,terry mcmahon,terry mcmahon
tt2890340,ivanov,vadim dubrovitsky,mikhail bartenev; vadim dubrovitsky,ivanov,vadim dubrovitsky,vadim dubrovitsky,ivanov,vadim dubrovitsky,\N,ivanov,vadim dubrovitsky,mikhail bartenev; vadim dubrovitsky
tt28911648,donaleitis. xviii a. mazosios lietuvos tautinis kostiumas,ramunas abukevicius,petras abukevicius,\N,\N,\N,donaleitis. xviii a. mazosios lietuvos tautinis kostiumas,ramunas abukevicius,\N,donaleitis. xviii a. mazosios lietuvos tautinis kostiumas,ramunas abukevicius,petras abukevicius
tt2892200,die ostsee von oben,christian wustenberg; silke schranz,christian wustenberg; silke schranz,die ostsee von oben,christian wustenberg; silke schranz,\N,die ostsee von oben,christian wustenberg; silke schranz,christian wustenberg; silke schranz,die ostsee von oben,christian wustenberg; silke schranz,christian wustenberg; silke schranz
tt28959618,\N,\N,\N,\N,\N,\N,william shakespeare's romeo n' juliet,seth nhimrod sapungan,seth nhimrod sapungan,\N,\N,\N
tt29001319,\N,\N,\N,\N,\N,\N,love in details,tagbo ifechukwu ability,ovi odiete,\N,\N,\N
tt29001732,continental split,nick lyon,gil luna; joe roche,continental split,nick lyon,\N,continental split,nick lyon,gil luna; joe roche,continental split,nick lyon,gil luna; joe roche
tt29005651,mariana's trench,eileen byrne,eileen byrne; jasmin schreiber,marianengraben,eileen byrne,eileen byrne,mariana's trench,eileen byrne,\N,mariana's trench,eileen byrne,eileen byrne; jasmin schreiber
tt29010326,\N,\N,\N,\N,\N,\N,il sogno di samira,\N,\N,\N,\N,\N
tt29011055,\N,\N,\N,\N,\N,\N,paryaya,ramananda mitra,\N,\N,\N,\N
tt29028562,mango mury,\N,\N,\N,\N,\N,mango mury,\N,\N,mango mury,\N,\N
tt2902890,\N,\N,\N,\N,\N,\N,the booth,tommy brown,\N,\N,\N,\N
tt29033983,\N,\N,\N,\N,\N,\N,scary (monsters) movie,\N,anthony beckwith,\N,\N,\N
tt2903538,the fly room,alexis gambis,alexis gambis,the fly room,alexis gambis,\N,the fly room,alexis gambis,alexis gambis,the fly room,alexis gambis,alexis gambis
tt29045633,\N,\N,\N,\N,\N,\N,the last room in hanoi,coz greenop,coz greenop,\N,\N,\N
tt29079096,anyone but her,luis kuri,ricardo aviles,\N,\N,\N,anyone but her,luis kuri,\N,anyone but her,luis kuri,ricardo aviles
tt2908594,\N,\N,\N,whatever happened to tyrell biggs?,dafna yachin; trinity greer,\N,whatever happened to tyrell biggs?,dafna yachin; trinity greer,arthur fischman; dafna yachin; ninni saajola,\N,\N,\N
tt2911366,\N,\N,\N,\N,\N,\N,craftsman style the movie,shane hagedorn,dave muylle; jonathan ritz; shane hagedorn,\N,\N,\N
tt29115373,\N,\N,\N,\N,\N,\N,rakshak: the vigilante,himang sawansukha,himang sawansukha,\N,\N,\N
tt29116975,\N,\N,\N,\N,\N,\N,kessaku kaidan shirizu - makai bancho sarayashiki,yuichi harada,shotaro ishinomori; yoshiki hori,\N,\N,\N
tt2920086,\N,\N,\N,\N,\N,\N,full body whisper,marcin szalkowski; ravi batista,joyce hiller piven; katerina simic; sarah e cupp,\N,\N,\N
tt29232462,perpetua tenebris,tomas larrinaga,tomas larrinaga,\N,\N,\N,perpetua tenebris,tomas larrinaga,\N,perpetua tenebris,tomas larrinaga,tomas larrinaga
tt2924742,\N,\N,\N,\N,\N,\N,spring never comes,\N,\N,\N,\N,\N
tt29256576,\N,\N,\N,\N,\N,\N,tell them i flew away,xiupeng li,yunzhi yao,\N,\N,\N
tt29256804,bigfoot: beyond the legend,cora anne,cora anne,\N,\N,\N,bigfoot: beyond the legend,cora anne,\N,bigfoot: beyond the legend,cora anne,cora anne
tt29259250,miss fortune,lee seungjun,kim woohyeon,miss fortune,\N,\N,miss fortune,lee seungjun,\N,miss fortune,lee seungjun,kim woohyeon; lee seungjun
tt29262075,monster island,mike wiluan,mike wiluan,orang ikan,mike wiluan,mike wiluan,monster island,mike wiluan,mike wiluan,monster island,mike wiluan,mike wiluan
tt29266871,the duel,augusto tejada,agustin rolandelli; luciano leyrado,el duelo,augusto tejada,\N,the duel,augusto tejada,agustin rolandelli; luciano leyrado,the duel,augusto tejada,agustin rolandelli; luciano leyrado
tt29298257,death stench - tsugunohi story,masakazu kikuchi,\N,\N,\N,\N,death stench - tsugunohi story,masakazu kikuchi,\N,death stench - tsugunohi story,masakazu kikuchi,\N
tt2931968,janos hary,zsolt richly,zoltan kodaly,hary janos,zsolt richly,laszlo marsall,janos hary,zsolt richly,\N,janos hary,zsolt richly,zoltan kodaly
tt29363667,\N,\N,\N,\N,\N,\N,ramja ishq diyan,teji sandhu,rohit sharma,\N,\N,\N
tt2937356,tsure komi ryokan no waka okami,junichi suzuki,junichi suzuki,\N,junichi suzuki,\N,tsure komi ryokan no waka okami,junichi suzuki,\N,tsure komi ryokan no waka okami,junichi suzuki,junichi suzuki
tt29377511,\N,\N,\N,\N,\N,\N,the fickle finger of fate,brent gorcie,brent gorcie,\N,\N,\N
tt29417665,\N,\N,\N,\N,\N,\N,revisit,yuan xu,\N,\N,\N,\N
tt29426123,\N,\N,\N,\N,\N,\N,tres,renan amaral,\N,\N,\N,\N
tt2943060,\N,\N,\N,\N,\N,\N,monash of australia,philippe mora,\N,\N,\N,\N
tt29456346,\N,\N,\N,\N,\N,\N,akajon xizmatingizdamiz,shuhrat nuraliyev,shuhrat nuraliyev,\N,\N,\N
tt29468116,no budget theater,franklin correa,\N,\N,\N,\N,no budget theater,franklin correa,\N,no budget theater,franklin correa,\N
tt2947830,whatever will be,esther prade,\N,\N,\N,\N,whatever will be,esther prade,\N,whatever will be,esther prade,\N
tt2948308,\N,\N,\N,\N,\N,\N,a christmas wedding,\N,dahlia waingort; david tutera; martin guigui,\N,\N,\N
tt29486304,\N,\N,\N,\N,\N,\N,drag: the most targeted art form,jordyn alexander gualdani,\N,\N,\N,\N
tt29494306,\N,\N,\N,\N,\N,\N,believe in yourself,td monroe; wenqin ni,td monroe,\N,\N,\N
tt29495432,\N,\N,\N,\N,\N,\N,cercando itaca,sergio basso,filippo ascione; giuseppe gambacorta; sergio basso,\N,\N,\N
tt29497194,\N,\N,\N,\N,\N,\N,how 2 catch a baller,felicia rivers,felicia rivers; tamara butler; zakee slim kornegay,\N,\N,\N
tt29511694,\N,\N,\N,\N,\N,\N,the elements of champagne,daniel ludes; marco wenzel,\N,\N,\N,\N
tt29513489,\N,\N,\N,\N,\N,\N,medievil,\N,ben mekler; christopher amick,\N,\N,\N
tt29538259,\N,\N,\N,\N,\N,\N,anarchy,tatsuya ohta,tatsuya ohta,\N,\N,\N
tt29566160,trouble girl,chin chiahua,chin chiahua,trouble girl,chiahua chin,\N,trouble girl,chiahua chin,\N,trouble girl,chin chiahua,chin chiahua
tt29567854,\N,\N,\N,\N,\N,\N,15 anos pra conquistar um sonho - um documentario do pinho,pinho,\N,\N,\N,\N
tt29568696,\N,\N,\N,\N,\N,\N,cruz y el reflejo de tezcatl,itziar martinez,itziar martinez; raul walder,\N,\N,\N
tt2957774,the white storm,benny chan,benny chan; manfred wong manchun; ram ling chiman; tam waiching; wong chun,the white storm,benny chan,benny chan; ling chi man; manfred wong; wong chun,the white storm,benny chan,benny chan; elliott j brown; ram ling,the white storm,benny chan,benny chan; manfred wong manchun; ram ling chiman; tam waiching; wong chun
tt29580988,the renaissance prince,emily louisa millan eide,\N,\N,\N,\N,the renaissance prince,emily louisa millan eide,\N,the renaissance prince,emily louisa millan eide,\N
tt2960470,why we ride,bryan h carroll,\N,\N,\N,\N,why we ride,bryan h carroll,bryan h carroll; chris hampel; james c walker,why we ride,bryan h carroll,\N
tt29621803,\N,\N,\N,\N,\N,\N,roya,\N,\N,\N,\N,\N
tt2964532,\N,\N,\N,\N,\N,\N,christoforos savva,yannis yapanis,antonis danos,\N,\N,\N
tt2966446,the collapse of yugoslavia,\N,\N,\N,\N,\N,the collapse of yugoslavia,\N,\N,the collapse of yugoslavia,\N,\N
tt29673449,\N,\N,\N,\N,\N,\N,eva & suweba,michel babatunde oduwole,gbenga adesanya,\N,\N,\N
tt29686701,\N,\N,\N,\N,\N,\N,sundown,eric hunter,eric hunter,\N,\N,\N
tt29702056,the boy who owns the world,robert gwisdek,robert gwisdek,\N,\N,\N,the boy who owns the world,robert gwisdek,\N,the boy who owns the world,robert gwisdek,robert gwisdek
tt29704582,seizoroi momoiro goten,tatsuo sakai,hyogo suzuki; isamu nagae,\N,\N,\N,seizoroi momoiro goten,tatsuo sakai,\N,seizoroi momoiro goten,tatsuo sakai,hyogo suzuki; isamu nagae
tt29710547,\N,\N,\N,\N,\N,\N,ido portal: just move,luis solarat,brian rose; luis solarat,\N,\N,\N
tt29711009,\N,\N,\N,\N,\N,\N,run for your life,sam hargrave,aaron jayh; david guggenheim,\N,\N,\N
tt29714222,\N,\N,\N,\N,\N,\N,mystified: the rise of mysticism & the antichrist,chris lang,chris lang,\N,\N,\N
tt29719542,\N,\N,\N,\N,\N,\N,mehre madar,mohammad reza khaki,\N,\N,\N,\N
tt29722301,sodhara,\N,\N,\N,\N,\N,sodhara,\N,\N,sodhara,\N,\N
tt29793213,\N,\N,\N,\N,\N,\N,voyage to a beginning: remembering colin wilson,jason figgis,\N,\N,\N,\N
tt29794965,agent of solitude,michael fredianelli,michael fredianelli,\N,\N,\N,agent of solitude,michael fredianelli,\N,agent of solitude,michael fredianelli,michael fredianelli
tt29808010,milano,christina vandekerckhove,christina vandekerckhove,\N,christina vandekerckhove,\N,milano,christina vandekerckhove,\N,milano,christina vandekerckhove,christina vandekerckhove
tt2986768,el cinco,adrian biniez,adrian biniez,the midfielder,adrian biniez,\N,the midfielder,adrin biniez,adrin biniez,el cinco,adrian biniez,adrian biniez
tt29871442,\N,\N,\N,\N,\N,\N,not my enemy,kehinde ishangi,kehinde ishangi; tiffany rhynard,\N,\N,\N
tt29893970,"comme si, comme ca",marieclaude treilhou,\N,\N,\N,\N,"comme si, comme ca",marieclaude treilhou,\N,"comme si, comme ca",marieclaude treilhou,\N
tt29899777,\N,\N,\N,\N,\N,\N,# 1 fan,keith lakean powell,\N,\N,\N,\N
tt2991472,california high,barnaby oconnor; matthew oconnor,barnaby oconnor; matthew oconnor,\N,\N,\N,california high,barnaby oconnor; matthew oconnor,\N,california high,barnaby oconnor; matthew oconnor,barnaby oconnor; matthew oconnor
tt29929004,\N,\N,\N,\N,\N,\N,ghost 2,mg srinivas,\N,\N,\N,\N
tt29931567,room 0,richard kodai,richard kodai,\N,\N,\N,room 0,richard kodai,richard kodai,room 0,richard kodai,richard kodai
tt2993658,\N,\N,\N,\N,\N,\N,secret past,ab sallu,ab sallu; mohamed bah,\N,\N,\N
tt29949263,\N,\N,\N,\N,\N,\N,kidnappings,telio deetjen,\N,\N,\N,\N
tt29963829,\N,\N,\N,\N,\N,\N,kombi man,jeff bird,jeff bird; paul mutimer,\N,\N,\N
tt30013822,\N,\N,\N,\N,\N,\N,stacey todd's guide to recurrent graves' orbitotomy ii,stacey todd,\N,\N,\N,\N
tt30050540,bank alert,akay mason,lucky igbomor,bank alert,\N,\N,bank alert,akay mason,\N,bank alert,akay mason,lucky igbomor
tt3005530,\N,\N,\N,\N,\N,\N,lut gayee pyar mein,\N,\N,\N,\N,\N
tt30056914,nashal raghm anfuh,hasan elsaifi,anwar abdullah; nabil gholam,\N,hasan elsifi,\N,nashal raghm anfuh,hasan elsaifi,\N,nashal raghm anfuh,hasan elsaifi,anwar abdullah; nabil gholam
tt30074039,\N,\N,\N,\N,\N,\N,the ioanes,\N,john reyer afamasaga,\N,\N,\N
tt30129711,the theft of the caravaggio,joshua cassar gaspar,joshua cassar gaspar; monika maslowska,\N,\N,\N,the theft of the caravaggio,joshua cassar gaspar,\N,the theft of the caravaggio,joshua cassar gaspar,joshua cassar gaspar; monika maslowska
tt30135613,\N,\N,\N,\N,\N,\N,gui mei,yuanxun sun,\N,\N,\N,\N
tt30138912,\N,\N,\N,\N,\N,\N,quartier general,nathalie loubeyre,\N,\N,\N,\N
tt30150907,justice league: crisis on infinite earths part two,jeff wamester,jim krieg,justice league: crisis on infinite earths,\N,\N,justice league: crisis on infinite earths - part two,jeff wamester,james krieg,justice league: crisis on infinite earths part two,jeff wamester,jim krieg
tt30177375,\N,\N,\N,\N,\N,\N,power,ramar king,ramar king,\N,\N,\N
tt30178917,\N,\N,\N,\N,\N,\N,hong lou meng: part 4,tieli xie; yuan zhao,fengsong xie; tieli xie; xueqin cao,:,xie tieli; zhao yuan,fengsong xie; xie tieli
tt30188981,\N,\N,\N,\N,\N,\N,a perfect copy,brian follmer,brian follmer,\N,\N,\N
tt3019160,\N,\N,\N,\N,\N,\N,coyos,antoine coppola,antoine coppola,\N,\N,\N
tt30211582,\N,\N,\N,\N,\N,\N,velutha madhuram,jiju orappady,devika s dev; gs anil,\N,\N,\N
tt30216712,\N,\N,\N,\N,\N,\N,plight,joseph innocent ediegu,\N,\N,\N,\N
tt30225593,kairee,shantanu ganesh rode,\N,\N,\N,\N,kairee,shantanu ganesh rode,\N,kairee,shantanu ganesh rode,\N
tt30252677,\N,\N,\N,\N,\N,\N,100 hours of fury,walter hernandez,mathew sanabria; walter hernandez,\N,\N,\N
tt30253497,\N,\N,\N,\N,\N,\N,kouche pa bay,willy exume,willy exume,\N,\N,\N
tt30268450,\N,\N,\N,\N,\N,\N,paar chanaa de,dheeraj rattan,dheeraj rattan; jimmy rampal,\N,\N,\N
tt30290356,denis law - the king,\N,\N,\N,\N,\N,denis law - the king,\N,\N,denis law - the king,\N,\N
tt30317141,\N,\N,\N,\N,\N,\N,salamu,salum majagi,\N,\N,\N,\N
tt30318536,\N,\N,\N,\N,\N,\N,"for you, paige",timothy wilde,finch odonnell; timothy wilde,\N,\N,\N
tt30320149,postmarks,natalya nazarova,natalya nazarova,postmarks,natalia nazarova,natalia nazarova,postmarks,natalya nazarova,\N,postmarks,natalya nazarova,natalya nazarova
tt30329279,\N,\N,\N,\N,\N,\N,captain clone: the monster at raven's cove,dakota vooys,dakota vooys,\N,\N,\N
tt30331998,feel,justine bateman,justine bateman,\N,\N,\N,feel,justine bateman,\N,feel,justine bateman,justine bateman
tt30335412,\N,\N,\N,\N,\N,\N,facelift,kirsten mckenzie,\N,\N,\N,\N
tt3035612,\N,\N,\N,\N,\N,\N,kyokaku harusamegasa,taizo fuyushima,taizo fuyushima,\N,\N,\N
tt30382621,\N,\N,\N,\N,\N,\N,the language of the silent cinema 1895-1929 - part i: 1895-1924,vlada petric,\N,\N,\N,\N
tt30386112,\N,\N,\N,\N,\N,\N,"tyler uncovered: real, raw, and no chaser",ron tyler jr,ron tyler jr,\N,\N,\N
tt30415116,\N,\N,\N,\N,\N,\N,quanta - the solar revolution,jeff s tucker,\N,\N,\N,\N
tt30420187,\N,\N,\N,\N,\N,\N,untitled anthony newley biopic,\N,\N,\N,\N,\N
tt30427310,flamingo flamenco,raul garcia; rob sprackling,rob sprackling,\N,\N,\N,flamingo flamenco,raul garcia; rob sprackling,\N,flamingo flamenco,raul garcia; rob sprackling,rob sprackling
tt30428636,\N,\N,\N,\N,\N,\N,refund,juma chikoka,ali yakuti; juma chikoka,\N,\N,\N
tt30451078,\N,\N,\N,\N,\N,\N,chelle gharpoozi,khalil pourhadi,\N,\N,\N,\N
tt30459485,chris fleming: showpig,melissa strype,chris fleming,\N,\N,\N,chris fleming: showpig,melissa strype,\N,chris fleming: showpig,melissa strype,chris fleming
tt30474882,\N,\N,\N,\N,\N,\N,velvet mind,\N,amy carol olson,\N,\N,\N
tt30486282,\N,\N,\N,\N,\N,\N,resembling madness,nasser pooyesh,\N,resembling madness,nasser pooyesh,nasser pooyesh
tt30497082,the hutong cowboy,ning hao,liu xiaodan; wang ang,the hutong cowboy,\N,\N,the hutong cowboy,hao ning; lei xu,ang wang; xiaodan liu,the hutong cowboy,ning hao,liu xiaodan; wang ang
tt30523212,\N,\N,\N,\N,\N,\N,da porta pra fora,thiago foresti,\N,\N,\N,\N
tt3053514,salmon confidential,\N,\N,\N,\N,\N,salmon confidential,\N,\N,salmon confidential,\N,\N
tt3056200,\N,\N,\N,\N,\N,\N,gabbar singh,\N,\N,\N,\N,\N
tt30576871,\N,\N,\N,\N,\N,\N,eerapadham kaatru mazhai,saleem r baadshah,saleem r baadshah,\N,\N,\N
tt30581779,one day,stas ivanov,dmitry sobolev,\N,\N,dmitriy sobolev,one day,stas ivanov,\N,one day,stas ivanov,dmitry sobolev; stas ivanov
tt30608802,\N,\N,\N,llb: life line of bachelors,\N,\N,llb: life line of bachelors,a m sidhique,a m sidhique,\N,\N,\N
tt3061686,\N,\N,\N,quest for versace,\N,\N,quest for versace,abhishek shukla,abhishek shukla,\N,\N,\N
tt30624233,row atlantic,aurimas valujavicius,\N,\N,\N,\N,row atlantic,aurimas valujavicius,\N,row atlantic,aurimas valujavicius,\N
tt3063364,never leave alive,steven lamorte,j amanda sabater,\N,\N,\N,dangerous games,steven lamorte,j amanda sabater,never leave alive,steven lamorte,j amanda sabater
tt3067102,\N,\N,\N,\N,\N,\N,sokaishita 40-mansatsu no tosho,kenji kanetaka,\N,\N,\N,\N
tt30691851,dear kaita ablaze,hisayasu sato,shiro yumeno,\N,\N,\N,dear kaita ablaze,hisayasu sato,\N,dear kaita ablaze,hisayasu sato,shiro yumeno
tt3073490,committed,stelana kliris,stelana kliris,\N,\N,\N,committed,stelana kliris,stelana kliris,committed,stelana kliris,stelana kliris
tt30743567,rambut kafan,helfi ch kardit,helfi ch kardit; reza keling; reza pramez,\N,\N,\N,rambut kafan,helfi kardit,\N,rambut kafan,helfi kardit,helfi kardit; reza keling; reza pramez
tt3076988,\N,\N,\N,\N,\N,\N,ronnie rocket,\N,david lynch,\N,\N,\N
tt30782539,mystic singer,faozan rizal,bumi nusantara; bw purbanegara; gerald mamahit,\N,\N,\N,mystic singer,faozan rizal,\N,mystic singer,faozan rizal,bw purbanegara; gerald mamahit
tt30789718,\N,\N,\N,\N,\N,\N,oasis,\N,george mahaffey; steve lee jones,\N,\N,\N
tt30798256,sinful paradise: welcome to paradise,b danielle watkins; onyx keesha,\N,\N,\N,\N,sinful paradise: welcome to paradise,b danielle watkins; onyx keesha,\N,sinful paradise: welcome to paradise,b danielle watkins; onyx keesha,\N
tt30808249,north korea: dark secrets,\N,\N,\N,\N,\N,north korea: dark secrets,\N,\N,north korea: dark secrets,\N,\N
tt30808782,\N,\N,\N,\N,\N,\N,the garibaldina society of mutual benevolence,jonty fine,\N,\N,\N,\N
tt30819137,bigfoot evidence: oregon,adam lima,\N,\N,\N,\N,bigfoot evidence: oregon,adam lima,\N,\N,\N,\N
tt30820492,\N,\N,\N,\N,\N,\N,sam's web,cindy sanabria,cindy sanabria,\N,\N,\N
tt30824924,\N,\N,\N,\N,\N,\N,the briefcase,james kamotho,samuel oluoko,\N,\N,\N
tt3084222,\N,\N,\N,\N,\N,\N,buhay marino,armando garces,romeo n galang,\N,\N,\N
tt3085970,in the name of the revolution,genrikh gabay,mikhail shatrov; yuriy timofeyev,\N,genrikh gabay,mikhail shatrov,in the name of the revolution,genrikh gabay,\N,in the name of the revolution,genrikh gabay,mikhail shatrov; yuriy timofeyev
tt3088204,\N,\N,\N,\N,\N,\N,"my daughter, baran, farnaz",raya nasiri,\N,\N,\N,\N
tt30899575,the first women,adriana yanez,adriana yanez,\N,\N,\N,the first women,adriana yanez,\N,the first women,adriana yanez,adriana yanez
tt3094980,\N,\N,\N,\N,\N,\N,heart of faith,jerry dwyer jr,jerry dwyer jr,\N,\N,\N
tt3095214,once were enemies,\N,\N,\N,\N,\N,once were enemies,\N,\N,once were enemies,\N,\N
tt3095256,helpless,thor moreno,thor moreno,\N,\N,\N,helpless,thor moreno,thor moreno,helpless,thor moreno,thor moreno
tt30953875,\N,\N,\N,\N,\N,\N,himalayan embrace,veliko karachiviev,\N,\N,\N,\N
tt30957512,jackie & coco,gerard walsh,\N,\N,\N,\N,jackie & coco,gerard walsh,\N,jackie & coco,gerard walsh,\N
tt30968922,\N,\N,\N,\N,\N,\N,la citta ideale,luigi maria perotti,luigi maria perotti,\N,\N,\N
tt30970527,the polar express 2,\N,\N,\N,\N,\N,the polar express 2,\N,\N,\N,\N,\N
tt30971046,\N,\N,\N,\N,\N,\N,yperifania,danae jonas,\N,\N,\N,\N
tt3101360,expatriate,renato lucas,renato lucas,\N,\N,\N,expatriate,renato lucas,renato lucas,expatriate,renato lucas,renato lucas
tt3102926,\N,\N,\N,buqalamun,rufat hasanov,rufat hasanov,chameleon,elvin adigozel; rufat hasanov,\N,chameleon,elvin adigozel; rufat hasanov,elvin adigozel; rufat hasanov
tt3103802,the right one,stephen odang,jonathan cocco,the right one,\N,\N,the right one,stephen odang,jonathan cocco,the right one,stephen odang,jonathan cocco
tt31092090,"no, thanks, i quit smoking",diego toussaint,diego toussaint,\N,\N,\N,"no, thanks, i quit smoking",diego toussaint,\N,"no, thanks, i quit smoking",diego toussaint,diego toussaint
tt31114619,\N,\N,\N,\N,\N,\N,kseukul,park mikyung,jung mingkyung; kang jihoon; park mikyung,\N,\N,\N
tt31156793,two big feet,noah strattontwine,noah strattontwine,\N,\N,\N,two big feet,noah strattontwine,\N,two big feet,noah strattontwine,noah strattontwine
tt31156945,\N,\N,\N,\N,\N,\N,once upon a time in iran,gholam reza jafari,gholam reza jafari,\N,\N,\N
tt3115910,the optimists,gunhild magnor,\N,the optimists,gunhild westhagen magnor,gunhild westhagen magnor,the optimists,gunhild magnor,\N,the optimists,gunhild magnor,\N
tt3118290,\N,\N,\N,\N,\N,\N,wagtail,paul greenberg,\N,\N,\N,\N
tt31186115,a storm blows over,gavin baird,gavin baird,\N,\N,\N,a storm blows over,gavin baird,\N,a storm blows over,gavin baird,gavin baird
tt31186533,adimai changili,r k selvamani,\N,adimai changili,rk selvamani,\N,adimai changili,r k selvamani,\N,adimai changili,r k selvamani,\N
tt3121472,\N,\N,\N,\N,\N,\N,the buddy league,michael maher; tj maher,michael maher,\N,\N,\N
tt3121618,\N,\N,\N,zindagi jalebi,\N,\N,zindagi jalebi,karan kashyap,karan kashyap; karan kashyyap,\N,\N,\N
tt3123860,\N,\N,\N,\N,\N,\N,sher e afghan,\N,\N,\N,\N,\N
tt3125734,\N,\N,\N,\N,\N,\N,mata hari,michael schroeder,arianna stewart; mickey mcgovern,\N,\N,\N
tt3131342,\N,\N,\N,\N,\N,\N,place where rocks abound,gamal batista,gamal batista,\N,\N,\N
tt31317401,graduation trip: mallorca,paco caballero,eric navarro; natalia duran,graduation trip: mallorca,paco caballero,\N,viaje de fin de curso: mallorca,paco caballero,eric navarro; natalia duran,graduation trip: mallorca,paco caballero,eric navarro; natalia duran
tt31322501,\N,\N,\N,\N,\N,\N,love after life,\N,christine sclafani,\N,\N,\N
tt31340478,\N,\N,\N,\N,\N,\N,jimmy neutron: adult genius,\N,\N,\N,\N,\N
tt3135044,the bearslayer,aleksandrs rusteikis,aleksandrs rusteikis; alfreds berzins; janis silis,lacplesis,aleksandrs rusteikis,\N,the bearslayer,aleksandrs rusteikis,\N,the bearslayer,aleksandrs rusteikis,aleksandrs rusteikis; alfreds berzins; janis silis
tt31358235,\N,\N,\N,\N,\N,\N,en anden verden - et portrt af erik aschengreen,jan juhler,jan juhler,\N,\N,\N
tt31386997,\N,\N,\N,\N,\N,\N,nerede ne var: bursa,cemal kagan bilgin,\N,\N,\N,\N
tt31407200,paul and trisha: the art of fluidity,fia perera,fia perera,\N,\N,\N,paul and trisha: the art of fluidity,fia perera,\N,paul and trisha: the art of fluidity,fia perera,fia perera
tt31414884,\N,\N,\N,\N,\N,\N,aunt helen,ian mills miller,evilise quijano; ian mills miller,\N,\N,\N
tt31415429,ferocious drummers,james yukich,billy mccarthy,\N,\N,\N,ferocious drummers,james yukich,\N,ferocious drummers,james yukich,billy mccarthy
tt31416518,sakura,hiroto hara,shota gajin; yoshitatsu yamada,sakura,hiroto hara,shota tanba; yoshitatasu yamada,sakura,hiroto hara,\N,sakura,hiroto hara,shota gajin; yoshitatsu yamada
tt3142330,\N,\N,\N,\N,\N,\N,ninjutsu kaiso koga saburou,jiro yoshino,amigasa katsurada,\N,\N,\N
tt31450052,\N,\N,\N,\N,\N,\N,state of malambia,marc t mandisoul,\N,\N,\N,\N
tt31471734,\N,\N,\N,\N,\N,\N,set me free,estelle kohen; james carman,estelle kohen; michael miceli,\N,\N,\N
tt31491348,\N,\N,\N,\N,\N,\N,flesh and blood,\N,lyndon l mcgill,\N,\N,\N
tt31491368,\N,\N,\N,\N,\N,\N,sunset manor,\N,lyndon l mcgill,\N,\N,\N
tt31491839,\N,\N,\N,\N,\N,\N,sag: himmel. auch wenn keiner ist - begegnung mit jannis ritsos,joachim tschirner,asteris kutulas; joachim tschirner,\N,\N,\N
tt31499886,\N,\N,\N,\N,\N,\N,a sister's tale,chris aylmer,gitty zolty,\N,\N,\N
tt31502769,dosa musyrik,hadrah daeng ratu,bayu kurnia,\N,\N,\N,dosa musyrik,hadrah daeng ratu,\N,dosa musyrik,hadrah daeng ratu,bayu kurnia
tt31503893,\N,\N,\N,\N,\N,\N,sound of the 70's - come on feel the noise,jason fenwick,\N,\N,\N,\N
tt31510477,retratos de republica dominicana,daihoro peguero,daihoro peguero,\N,\N,\N,retratos de republica dominicana,daihoro peguero,\N,retratos de republica dominicana,daihoro peguero,daihoro peguero
tt31510913,\N,\N,\N,\N,\N,\N,il guerriero mi pare strano,alessio consorte,\N,\N,\N,\N
tt31513532,saralakkho holmes,sayantan ghosal,padmanabha dasgupta,saralakkha holmes,\N,\N,saralakkho holmes,sayantan ghosal,\N,saralakkho holmes,sayantan ghosal,padmanabha dasgupta
tt31514012,tops,ames pennington,ames pennington,\N,\N,\N,tops,ames pennington,\N,tops,ames pennington,ames pennington
tt31557253,\N,\N,\N,\N,\N,\N,concrete angels,\N,csaba mera,\N,\N,\N
tt31560776,instaboys,matthew rodney chess,matthew rodney chess,\N,\N,\N,instaboys,matthew rodney chess,\N,instaboys,matthew rodney chess,matthew rodney chess
tt31567630,\N,\N,\N,\N,\N,\N,les sentinelles du port,philippe berrier,\N,\N,\N,\N
tt31579306,the hunter's anthology: the demon hunter,robert smithline,\N,\N,\N,\N,the hunter's anthology: the demon hunter,robert smithline,\N,the hunter's anthology: the demon hunter,robert smithline,\N
tt31579706,\N,\N,\N,\N,\N,\N,battle of bridges,hamad yousef maarouf,\N,\N,\N,\N
tt3158558,\N,\N,\N,\N,\N,\N,randell j. jackman project,aaron m abelto,randell j jackman,\N,\N,\N
tt3158992,beer hunter: the movie,\N,\N,\N,\N,\N,beer hunter: the movie,alison hodgson richards; john richards,alison hodgson richards; john richards,beer hunter: the movie,\N,\N
tt31599144,\N,\N,\N,\N,\N,\N,casablanca - dakar,ahmed boulane,ahmed boulane,\N,\N,\N
tt31612655,las munecas del narco,manuel ramirez,luis felipe nunez gomez,\N,\N,\N,las munecas del narco,manuel ramirez,\N,las munecas del narco,manuel ramirez,luis felipe nunez gomez
tt3161382,osprey,wayne slaten,syed afser,\N,\N,\N,osprey,wayne slaten,syed afser,osprey,wayne slaten,syed afser
tt3162056,\N,\N,\N,\N,\N,\N,the indie circuit,\N,\N,\N,\N,\N
tt31631852,oru kattil oru muri,shanavas k bavakkutty,raghunath paleri,\N,\N,\N,oru kattil oru muri,shanavas k bavakkutty,\N,oru kattil oru muri,shanavas k bavakkutty,raghunath paleri
tt31639539,breaking the cycle,aekaphong saransate; thanakrit duangmaneeporn,\N,\N,\N,\N,breaking the cycle,aekaphong saransate; thanakrit duangmaneeporn,\N,breaking the cycle,aekaphong saransate; thanakrit duangmaneeporn,\N
tt31645056,\N,\N,\N,\N,\N,\N,turning point,justin lee,justin lee,\N,\N,\N
tt31647756,possession street,jack lai janlung,jeffrey poon; joey obryan; shum kwansin,possession street,jack lai,\N,possession street,jack lai janlung,\N,possession street,jack lai janlung,jeffrey poon; joey obryan; shum kwansin
tt31670558,in the company of kings,steve read,\N,\N,\N,\N,in the company of kings,steve read,\N,in the company of kings,steve read,\N
tt3170972,hazard jack,david worth,david worth; doug vandegrift,\N,\N,\N,hazard jack,david worth,annie margis; david worth; doug vandegrift,hazard jack,david worth,david worth; doug vandegrift
tt31722804,a merry royal christmas,danny stack; tim clague,courtney cilman,\N,\N,\N,a merry royal christmas,danny stack; tim clague,\N,a merry royal christmas,danny stack; tim clague,courtney cilman
tt3175568,\N,\N,\N,\N,\N,\N,fate,\N,jamie horton; kevin durham,\N,\N,\N
tt3177032,\N,\N,\N,\N,\N,\N,kathabhitra ka kathaharo,ravi baral,ravi baral,\N,\N,\N
tt3177768,\N,\N,\N,\N,\N,\N,alexandras,miguel yadam gonzalez,miguel yadam gonzalez,\N,\N,\N
tt3178174,giovanni's island,mizuho nishikubo,shigemichi sugita; taiki sakurai,giovanni's island,mizuho nishikubo,taiki sakurai,giovanni's island,masaki tachibana; mizuho nishikubo,david wolman; shigemichi sugita; yoshiki sakurai,giovanni's island,mizuho nishikubo,shigemichi sugita; taiki sakurai
tt31794434,\N,\N,\N,\N,\N,\N,laadli,sanzeev singh krishna,sanzeev singh krishna,\N,\N,\N
tt31807233,her story,shao yihui,shao yihui,her story (2024 film),shao yihui,shao yihui,her story,yihui shao,shao yihui,her story,shao yihui,shao yihui
tt31829472,\N,\N,\N,\N,\N,\N,chevrolet 75th anniversary corporate film,\N,\N,\N,\N,\N
tt3183146,\N,\N,\N,\N,\N,\N,rama: the rise of dharma,\N,\N,\N,\N,\N
tt31844150,\N,\N,\N,\N,\N,\N,not out,m ambarisha,m ambarisha,\N,\N,\N
tt3184832,the check out,giuseppe andrews,\N,\N,\N,\N,the check out,giuseppe andrews,\N,the check out,giuseppe andrews,\N
tt31849608,\N,\N,\N,\N,\N,\N,a.j. russell: a visual historian,\N,\N,a.j. russell: a visual historian,\N,\N
tt31896545,\N,\N,\N,\N,\N,\N,confession finale,andre ottong come,\N,\N,\N,\N
tt31898525,\N,\N,\N,\N,\N,\N,the incredible story of dean forest steam railway,nick randall,nick randall,\N,\N,\N
tt31899295,\N,\N,\N,\N,\N,\N,tinned goods,\N,fiona whitelaw,\N,\N,\N
tt31926095,\N,\N,\N,\N,\N,\N,fallout,\N,\N,\N,\N,\N
tt3194388,six hot chicks in a warehouse,simon p edwards,kate g smith; kim dyer; simon p edwards,six hot chicks in a warehouse,\N,\N,six hot chicks in a warehouse,simon p edwards,kate g smith additional material; simon p edwards,six hot chicks in a warehouse,simon p edwards,kate g smith; kim dyer; simon p edwards
tt31945345,\N,\N,\N,\N,\N,\N,why marriage matters,\N,\N,\N,\N,\N
tt31955114,\N,\N,\N,\N,\N,\N,der junge mit den verschiedenen gesichtern,melina wolters; nolan fairbairn,nolan fairbairn,\N,\N,\N
tt31963200,rescue on one's own,liu kaiyi,\N,\N,\N,\N,rescue on one's own,liu kaiyi,\N,rescue on one's own,liu kaiyi,\N
tt31965432,\N,\N,\N,\N,\N,\N,author's journey,tracy choi,\N,\N,\N,\N
tt31968919,boomers,theu boermans,marieke van der pol,boomers,theu boermans,marieke van der pol,boomers,theu boermans,\N,boomers,theu boermans,marieke van der pol
tt31971660,\N,\N,\N,\N,\N,\N,albert anker - malstunden bei raffael,heinz butler,heinz butler,\N,\N,\N
tt3198266,\N,\N,\N,\N,\N,\N,eugene's ghosts,ragnar freidank,\N,\N,\N,\N
tt32011920,srrn biliyorum,battal karsloglu,battal karsloglu; ebru erdemoglu,\N,\N,\N,srrn biliyorum,battal karsloglu,\N,srrn biliyorum,battal karsloglu,battal karsloglu; ebru erdemoglu
tt32017183,\N,\N,\N,\N,\N,\N,provenance,cm celis,cm celis,\N,\N,\N
tt32059446,\N,\N,\N,\N,\N,\N,hustler dreams pt.1,tia gore,tia gore,\N,\N,\N
tt32083665,elegance molekuly,petr zelenka,petr zelenka,\N,petr zelenka,petr zelenka,elegance molekuly,petr zelenka,\N,elegance molekuly,petr zelenka,petr zelenka
tt32090526,"mon laferte, i love you",camila grandi; joanna reposi,joanna reposi,"mon laferte, te amo",\N,\N,"mon laferte, i love you",camila grandi; joanna reposi,\N,"mon laferte, i love you",camila grandi; joanna reposi,joanna reposi
tt32096616,pierre soulages: black light,reiner e moritz,\N,\N,\N,\N,pierre soulages: black light,reiner e moritz,\N,pierre soulages: black light,reiner e moritz,\N
tt32103981,\N,\N,\N,\N,\N,\N,cataclysm down under,akal demir,akal demir,\N,\N,\N
tt32112570,\N,\N,\N,\N,\N,\N,libido,denis pavlov,timur levchenko; vladislav nesvetaev; zinaida itkina,\N,\N,\N
tt32125104,\N,\N,\N,\N,\N,\N,the enchanted snow globe,\N,katrina nelson,\N,\N,\N
tt32134954,\N,\N,\N,\N,\N,\N,goni,malaika vaz,\N,\N,\N,\N
tt32135863,\N,\N,\N,\N,\N,\N,aatmanirbhar bharat,sistla vmk,sistla vmk,\N,\N,\N
tt32139357,\N,\N,\N,\N,\N,\N,idol bu show,shingo kobayashi,\N,\N,\N,\N
tt3214794,\N,\N,\N,\N,\N,\N,untitled maple syrup heist project,seth gordon,chris sheridan,\N,\N,\N
tt32160554,\N,\N,\N,\N,\N,\N,oceangeist - the movie - below the surface,tim l crawford,tim l crawford,\N,\N,\N
tt32161669,\N,\N,\N,\N,\N,\N,xing fu he tao,\N,\N,\N,\N,\N
tt32185995,\N,\N,\N,\N,\N,\N,haji,\N,\N,\N,\N,\N
tt32190582,\N,\N,\N,\N,\N,\N,the incarnations of athena,athena,\N,\N,\N,\N
tt32197313,experience of a lifetime,\N,\N,\N,\N,\N,experience of a lifetime,\N,\N,experience of a lifetime,\N,\N
tt32205009,\N,\N,\N,\N,\N,\N,echoes of change,alex mouth,qwekumalhi ikenna onyekwena,\N,\N,\N
tt3220550,\N,\N,\N,\N,\N,\N,n.e.u.t.,jill thrussell,jill thrussell,\N,\N,\N
tt32214121,\N,\N,\N,\N,\N,\N,fade through,vance crofoot,allison victoriawolfe; vance crofoot,\N,\N,\N
tt3221878,cbc the passionate eye for rio,\N,\N,\N,\N,\N,cbc the passionate eye for rio,\N,\N,cbc the passionate eye for rio,\N,\N
tt32222992,the inspired island: the new formosa mambo,chungfu gao; ze yang,\N,\N,\N,\N,the inspired island: the new formosa mambo,chungfu gao; ze yang,\N,the inspired island: the new formosa mambo,chungfu gao; ze yang,\N
tt32236432,\N,\N,\N,\N,\N,\N,the gift of easter,trevor morris,trevor morris,\N,\N,\N
tt32238677,the other war,joshua baker,joshua baker,\N,\N,\N,the other war,joshua baker,\N,the other war,joshua baker,joshua baker
tt32242290,the umbrella fairy,jie shen,\N,the umbrella fairy,\N,\N,the umbrella fairy,jie shen,\N,the umbrella fairy,jie shen,\N
tt32249940,riefenstahl,andres veiel,andres veiel,riefenstahl,andres veiel,\N,riefenstahl,andres veiel,\N,riefenstahl,andres veiel,andres veiel
tt32269955,saint nick,justin knodel,chris levine,\N,\N,\N,saint nick,justin knodel,\N,saint nick,justin knodel,chris levine
tt32275348,\N,\N,\N,\N,\N,\N,dead zone,scott weintrob,tom chilcoat,\N,\N,\N
tt32276400,majority rules,aj schnack,aj schnack,\N,\N,\N,majority rules,aj schnack,\N,majority rules,aj schnack,aj schnack
tt32277918,the protector,raul gasteazoro,james cooney; raul gasteazoro,\N,\N,\N,the protector,raul gasteazoro,\N,the protector,raul gasteazoro,raul gasteazoro
tt32281063,\N,\N,\N,\N,\N,\N,cracked,\N,\N,\N,\N,\N
tt32288538,\N,\N,\N,\N,\N,\N,those sad & dangerous eyes,\N,\N,\N,\N,\N
tt3229378,\N,\N,\N,\N,\N,\N,huesos rotos,ricardo mahnke,ricardo mahnke,\N,\N,\N
tt32313670,zombie apache,\N,\N,\N,\N,\N,zombie apache,\N,\N,zombie apache,\N,\N
tt32323256,\N,\N,\N,\N,\N,\N,bon jovi: live,\N,\N,\N,\N,\N
tt32325170,\N,\N,\N,\N,\N,\N,ya tvoy bog: krikami na bekah,artur komissarov,\N,\N,\N,\N
tt32328582,\N,\N,\N,\N,\N,\N,despues de la muerte,roberto ramos perea,roberto ramos perea,\N,\N,\N
tt32329575,welcome to babel,james bradley,james bradley,\N,\N,\N,welcome to babel,james bradley,\N,welcome to babel,james bradley,james bradley
tt32345139,\N,\N,\N,\N,\N,\N,letters from iraq,fernando honesko; mauricio zattoni,\N,\N,\N,\N
tt32351600,\N,\N,\N,\N,\N,\N,pink floyd: the piper at the gates of dawn,\N,\N,\N,\N,\N
tt32358942,\N,\N,\N,\N,\N,\N,still dreaming,stephanie chuat; veronique reymond,stephanie chuat; veronique reymond,\N,\N,\N
tt32361417,\N,\N,\N,\N,\N,\N,the who: videobiography,classic rock legends,\N,\N,\N,\N
tt32367182,\N,\N,\N,\N,\N,\N,karma,andre taylor,andre taylor; michael tiny alcorn,\N,\N,\N
tt32368538,influenced,rachel israel,carol hartsell; jill kargman; sean crespo,influenced,\N,\N,influenced,rachel israel,\N,influenced,rachel israel,carol hartsell; jill kargman; sean crespo
tt32369012,\N,\N,\N,\N,\N,\N,i killed the side piece,jeff profitt,jeff profitt,\N,\N,\N
tt32377278,\N,\N,\N,\N,\N,\N,sally goodchild,dennie gordon,dennie gordon,\N,\N,\N
tt3239154,zoe gone,conor allyn,matthew riopelle; shane mathers,\N,\N,\N,zoe gone,conor allyn,matthew riopelle; shane mathers,zoe gone,conor allyn,matthew riopelle; shane mathers
tt32394937,\N,\N,\N,\N,\N,\N,class war,\N,mark mcclafferty; pamela edwards mcclafferty,\N,\N,\N
tt32404372,\N,\N,\N,\N,\N,\N,wallace & gromit: the aardman collection 2,boris kossmehl; peter lord; sam fell,andrea friedrich; boris kossmehl; sam fell,\N,\N,\N
tt32429292,\N,\N,\N,\N,\N,\N,ethereal,timur bekmambetov,\N,\N,\N,\N
tt32430072,\N,\N,\N,\N,\N,\N,nipernaadit otsimas,kristiina davidjants,annika koppel; kristiina davidjants,\N,\N,\N
tt32430193,\N,\N,\N,\N,\N,\N,untitled philip walsh project,philip walsh,\N,\N,\N,\N
tt32436727,\N,\N,\N,\N,\N,\N,auer dienst? - die gerhard schroder-story,\N,lucas stratmann,\N,\N,\N
tt32437841,\N,\N,\N,\N,\N,\N,have a word: ghost hunt 2.0,will hutchby,\N,\N,\N,\N
tt32452631,\N,\N,\N,\N,\N,\N,aquila,callum chiplin; jade harristyler,callum chiplin,\N,\N,\N
tt32453902,\N,\N,\N,\N,\N,\N,crypto,brian clyde,brian clyde,\N,\N,\N
tt3246692,\N,\N,\N,\N,\N,\N,ensoulment,loris simon salum,loris simon salum,\N,\N,\N
tt32468166,\N,\N,\N,\N,\N,\N,1999,\N,helen mutch,\N,\N,\N
tt32477026,the trial of jack the ripper,brad osborne,brad osborne,\N,\N,\N,the trial of jack the ripper,brad osborne,\N,the trial of jack the ripper,brad osborne,brad osborne
tt32478725,tata_bojs.doc,marek najbrt,marek najbrt; robert geisler,tata_bojs.doc,marek najbrt,marek najbrt; robert geisler,tata_bojs.doc,marek najbrt,\N,tata_bojs.doc,marek najbrt,marek najbrt; robert geisler
tt3248118,not at home,katja adomeit; shahrbanoo sadat,\N,not at home,katja adomeit; shahrbanoo sadat,katja adomeit; shahrbanoo sadat,not at home,katja adomeit; shahrbanoo sadat,katja adomeit; shahrbanoo sadat,not at home,katja adomeit; shahrbanoo sadat,\N
tt32482151,\N,\N,\N,\N,\N,\N,all too human,david james watson,david james watson,\N,\N,\N
tt32484156,\N,\N,\N,\N,\N,\N,yao bu yao,lei song,lei song,\N,\N,\N
tt32488662,a bathroom of one's own,lucia casan rodriguez,lucia casan rodriguez,a bathroom of one's own,\N,\N,a bathroom of one's own,lucia casan rodriguez,\N,a bathroom of one's own,lucia casan rodriguez,lucia casan rodriguez
tt32523130,\N,\N,\N,\N,\N,\N,green door,\N,scott fivelson,\N,\N,\N
tt3252950,\N,\N,\N,\N,\N,\N,the wedding dance,\N,jamie denbo,\N,\N,\N
tt3254780,shadow nation,\N,\N,\N,\N,\N,shadow nation,\N,\N,shadow nation,\N,\N
tt32561048,can i buy your love from a vending machine?,kenji tani,kumi tawada,\N,\N,\N,can i buy your love from a vending machine?,kenji tani,\N,can i buy your love from a vending machine?,kenji tani,kumi tawada
tt3258298,\N,\N,\N,\N,\N,\N,mad for love!,tony kaye,joe vinciguerra; tony kaye,\N,\N,\N
tt32591856,\N,\N,\N,\N,\N,\N,dan qin bao bei,\N,\N,\N,\N,\N
tt32596055,\N,\N,\N,\N,\N,\N,ngudde mu nsobi,osman matovu,osman matovu,\N,\N,\N
tt32610145,\N,\N,\N,\N,\N,\N,pivot time,andrew kiyegga,rhonnie nkalubo abraham,\N,\N,\N
tt32628690,\N,\N,\N,\N,\N,\N,ji du zhan,gang tai; yunliang li,daoyuan qian,\N,\N,\N
tt32628966,\N,\N,\N,\N,\N,\N,wang fu dao ke,zhongmin liu,\N,\N,\N,\N
tt32639595,\N,\N,\N,\N,\N,\N,hello my beautiful creatures,eric bernhagen; joel haver,eric bernhagen; joel haver,hello my beautiful creatures,eric bernhagen; joel haver,eric bernhagen; joel haver
tt3265502,ongoing smile,mohsen makhmalbaf,\N,\N,\N,\N,ongoing smile,mohsen makhmalbaf,\N,ongoing smile,mohsen makhmalbaf,\N
tt32667618,\N,\N,\N,\N,\N,\N,from the bottom to the top in pine bluff arkansas kaylon langford,\N,kaylon langford,\N,\N,\N
tt3269566,the country bumpkin tours the city (part 3),runje shaw,\N,\N,\N,\N,the country bumpkin tours the city (part 3),runje shaw,\N,the country bumpkin tours the city (part 3),runje shaw,\N
tt3274392,\N,\N,\N,\N,\N,\N,jengo hooper returns,joe wheeler,joe wheeler,\N,\N,\N
tt3274794,\N,\N,\N,\N,\N,\N,legally dead,anthony waller,anthony waller; david hitchcock,\N,\N,\N
tt32765869,kadeema,\N,\N,\N,\N,\N,kadeema,\N,\N,kadeema,\N,\N
tt32777398,fenomeno rockets,piergiuseppe zaia,\N,\N,\N,\N,fenomeno rockets,piergiuseppe zaia,\N,fenomeno rockets,piergiuseppe zaia,\N
tt32793430,sacrum vindictae ii,fabian farina,fabian farina,\N,\N,\N,sacrum vindictae ii,fabian farina,\N,sacrum vindictae ii,fabian farina,fabian farina
tt3279468,an american in madras,karan bali,teesha elizabeth cherian,an american in madras,\N,\N,an american in madras,karan bali,teesha cherian,an american in madras,karan bali,teesha elizabeth cherian
tt32796647,\N,\N,\N,\N,\N,\N,paul sheffield: paulished,\N,\N,\N,\N,\N
tt32801387,thieves highway,jesse v johnson,jd pepper; travis mills,\N,\N,\N,thieves highway,jesse v johnson,jd pepper; travis mills,thieves highway,jesse v johnson,travis mills
tt3282312,a life outside,catherine brabec,catherine brabec,\N,\N,\N,a life outside,catherine brabec,catherine brabec,a life outside,catherine brabec,catherine brabec
tt32844020,\N,\N,\N,\N,\N,\N,"les collabos, 1940-1944",patrick rotman,patrick rotman,\N,\N,\N
tt32844238,mylene farmer: nevermore - the movie,francois hanss,\N,\N,\N,\N,mylene farmer: nevermore - the movie,francois hanss,\N,mylene farmer: nevermore - the movie,francois hanss,\N
tt32872855,\N,\N,\N,\N,\N,\N,goodbye my friend angelita de noche,john duffy,john duffy,\N,\N,\N
tt32874791,\N,\N,\N,\N,\N,\N,cash on delivery - the movie,melvin grigsby,\N,\N,\N,\N
tt32875452,\N,\N,\N,\N,\N,\N,can we talk?,\N,amelie gillette,\N,\N,\N
tt32881217,all the mountains give,arash rakhsha,arash rakhsha,\N,\N,\N,all the mountains give,arash rakhsha,\N,all the mountains give,arash rakhsha,arash rakhsha
tt32889677,\N,\N,\N,\N,\N,\N,no one will miss us,catalina aguilar mastretta; samuel kishi,gibran portela,\N,\N,\N
tt32893073,a toxic marriage,mahmoud karim,loay el sayed,gawaza toxic,mahmoud karim,loay elsayed,a toxic marriage,mahmoud karim,\N,a toxic marriage,mahmoud karim,loay el sayed
tt32897721,\N,\N,\N,\N,\N,\N,the needle & the thread,victor h mancilla,jim nikas,\N,\N,\N
tt3290340,\N,\N,\N,\N,\N,\N,aj da majnu,\N,\N,\N,\N,\N
tt32915030,\N,\N,\N,\N,\N,\N,the ground & pound hero,\N,larry humphrey,\N,\N,\N
tt3291670,\N,\N,\N,\N,\N,\N,meridian,james ian mair,james ian mair,\N,\N,\N
tt32919847,\N,\N,\N,\N,\N,\N,kelebeklerin uyudugu yerdeyim,ceyhan kandemir,nafiseh laleh,\N,\N,\N
tt32938930,seventeen tour 'follow' again to cinemas,oh yoondong,\N,seventeen tour 'follow' again to cinemas,\N,\N,seventeen tour 'follow' again to cinemas,yoon dong oh,\N,seventeen tour 'follow' again to cinemas,oh yoondong,\N
tt32981966,\N,\N,\N,\N,\N,\N,\N,\N,\N,\N,\N,\N
tt32982133,six singing women,yoshimasa ishibashi,yoshimasa ishibashi,\N,\N,\N,six singing women,yoshimasa ishibashi,\N,six singing women,yoshimasa ishibashi,yoshimasa ishibashi
tt32984944,\N,\N,\N,\N,\N,\N,lumberjills,breanna wing,breanna wing,\N,\N,\N
tt32985542,\N,\N,\N,\N,\N,\N,i-pad,amit rai,amit rai,\N,\N,\N
tt32990776,shark warning,jimmy gadd,ryan ebert,shark warning!,\N,ryan ebert,shark warning,jimmy gadd,ryan ebert,shark warning,jimmy gadd,ryan ebert
tt3300932,gibby,phil gorn,greg lyon,\N,\N,\N,gibby,phil gorn,greg lyon,gibby,phil gorn,greg lyon
tt33022710,ocean with david attenborough,colin butfield; keith scholey; toby nowlan,\N,ocean with david attenborough,colin butfield; keith scholey,\N,ocean with david attenborough,colin butfield; keith scholey; toby nowlan,\N,ocean with david attenborough,colin butfield; keith scholey; toby nowlan,\N
tt33029992,\N,\N,\N,\N,\N,\N,the blood,jess vargas,jess vargas,\N,\N,\N
tt33034699,zhiga: at full speed,natalia akhmetovakalyonova,alexandr arkhipov; natalia akhmetovakalyonova,\N,\N,\N,zhiga: at full speed,natalia akhmetovakalyonova,\N,zhiga: at full speed,natalia akhmetovakalyonova,alexandr arkhipov; natalia akhmetovakalyonova
tt33035397,\N,\N,\N,\N,\N,\N,pleased to meet me,\N,jyllian gunther,\N,\N,\N
tt33038467,\N,\N,\N,\N,\N,\N,untitled dick allen project,\N,madison turner,\N,\N,\N
tt33039027,\N,\N,\N,\N,\N,\N,they call me the lion surfer,\N,\N,\N,\N,\N
tt33043148,\N,\N,\N,\N,\N,\N,neetiban,shibli sadique,delwar jahan jhantu; shibli sadique,\N,\N,\N
tt3305060,slow video,kim yeongtak,kim yeongtak,slow video,kim youngtak,kim youngtak,slow video,youngtak kim,youngtak kim,slow video,kim yeongtak,kim yeongtak
tt33055450,\N,\N,\N,\N,\N,\N,made in argentina 2005,jose luis menegaz; sebastian viqueira,\N,\N,\N,\N
tt33055954,\N,\N,\N,\N,\N,\N,holy f***,gerry hoban,\N,\N,\N,\N
tt33056611,\N,\N,\N,\N,\N,\N,haiti: a story shared in new mexico,\N,\N,\N,\N,\N
tt33058029,the presence of the world in me,erly vieira jr,erly vieira jr,\N,\N,\N,the presence of the world in me,erly vieira jr,\N,the presence of the world in me,erly vieira jr,erly vieira jr
tt33058344,bird boy,joel soisson,joel soisson,\N,\N,\N,bird boy,joel soisson,\N,bird boy,joel soisson,joel soisson
tt33070600,\N,\N,\N,\N,\N,\N,untitled ghost hunting film,brandon spearman,brett schoonover,\N,\N,\N
tt33070827,\N,\N,\N,\N,\N,\N,paige powell,marieeva volmar,marieeva volmar,\N,\N,\N
tt33087600,"poirot, the last witness",francesc relea,\N,\N,\N,\N,"poirot, the last witness",francesc relea,\N,"poirot, the last witness",francesc relea,\N
tt33088125,\N,\N,\N,\N,\N,\N,wallace & gromit: the aardman collection,nick park,nick park,\N,\N,\N
tt33089511,yesteryear,\N,hannah friedman,\N,\N,\N,yesteryear,\N,\N,yesteryear,\N,hannah friedman
tt33090262,\N,\N,\N,\N,\N,\N,vignemale: les decouvreurs,rene dreuil,rene dreuil,\N,\N,\N
tt3309136,3 in a bed,lloyd eyremorgan,\N,3 in a bed,lloyd eyremorgan,lloyd eyremorgan; neil ely,3 in a bed,lloyd eyremorgan,lloyd eyremorgan; neil ely,3 in a bed,lloyd eyremorgan,\N
tt33091608,whispers in the witch house,pierson kardas,pierson kardas,\N,\N,\N,whispers in the witch house,pierson kardas,\N,whispers in the witch house,pierson kardas,pierson kardas
tt33093098,flammentod,domiziano cristopharo,jean rises,\N,\N,\N,flammentod,domiziano cristopharo,\N,flammentod,domiziano cristopharo,jean rises
tt33096978,\N,\N,\N,\N,\N,\N,sonic 3&k but every time i jump i say i'm sorry sega important note: i am not actually sorry,andrew kiker,andrew kiker,\N,\N,\N
tt3309816,\N,\N,\N,\N,\N,\N,crumbling dreams,salim khassa,\N,\N,\N,\N
tt33130648,\N,\N,\N,\N,\N,\N,surgencia,alejandro montalvo,alejandro montalvo; gregorio carrillo,\N,\N,\N
tt3314028,not for sale,robert marcarelli,\N,\N,\N,\N,not for sale,robert marcarelli,\N,not for sale,robert marcarelli,\N
tt3314120,america's alien invasion: the lost ufo encounters,j michael long,j michael long,\N,\N,\N,america's alien invasion: the lost ufo encounters,j michael long,\N,america's alien invasion: the lost ufo encounters,j michael long,j michael long
tt3314610,\N,\N,\N,\N,\N,\N,la rouge faux rose,\N,kathleen conway,\N,\N,\N
tt3314696,webgirl,james stiles,james stiles,\N,\N,\N,webgirl,james stiles,james stiles,webgirl,james stiles,james stiles
tt3315992,\N,\N,\N,\N,\N,\N,lost existence,benedict sampays,benedict sampays,\N,\N,\N
tt33164475,\N,\N,\N,\N,\N,\N,pawan jackson,ramesh rout,\N,\N,\N,\N
tt33184369,\N,\N,\N,en aasai machan,r sundarrajan,r sundarrajan,en aasai machan,r sundarajan,\N,\N,\N,\N
tt3319144,\N,\N,\N,\N,\N,\N,"arithmetic, population and energy",\N,\N,\N,\N,\N
tt3319398,finding home,derek hammeke,\N,finding home,derek hammeke,\N,finding home,derek hammeke,\N,finding home,derek hammeke,\N
tt3319810,\N,\N,\N,\N,\N,\N,the technician,\N,\N,\N,\N,\N
tt3320120,\N,\N,\N,\N,\N,\N,falling for grace,patrick creamer,melanie creamer; sarah dinsey,\N,\N,\N
tt33204059,\N,\N,\N,\N,\N,\N,sarah's daughters,tali hendricks,\N,\N,\N,\N
tt33266101,\N,\N,\N,\N,\N,\N,patwari,uttar kumar,dinesh chaudhary; mn rahi akela,\N,\N,\N
tt33270214,\N,\N,\N,\N,\N,\N,"over, under, gone",\N,steven j austin,\N,\N,\N
tt3328082,\N,\N,\N,\N,\N,\N,"ajawaska, fragmentos de un viaje a las alturas",violeta paus soto,violeta paus soto,\N,\N,\N
tt33292813,the first exorcist,greg mclean,greg mclean,\N,\N,\N,the first exorcist,greg mclean,\N,the first exorcist,greg mclean,greg mclean
tt33295741,redux redux,kevin mcmanus; matthew mcmanus,kevin mcmanus; matthew mcmanus,redux redux,kevin mcmanus; matthew mcmanus,kevin mcmanus; matthew mcmanus,redux redux,kevin mcmanus; matthew mcmanus,kevin mcmanus; matthew mcmanus,redux redux,kevin mcmanus; matthew mcmanus,kevin mcmanus; matthew mcmanus
tt33297578,\N,\N,\N,\N,\N,\N,harvest,\N,mark steilen,\N,\N,\N
tt33301063,die laughing,\N,\N,\N,\N,\N,die laughing,\N,\N,die laughing,\N,\N
tt33305882,a great awakening,joshua enck,jeff bender; jonathan blair; joshua enck,a great awakening,\N,\N,a great awakening,joshua enck,jeff bender; jonathan blair; joshua enck,a great awakening,joshua enck,jeff bender; jonathan blair; joshua enck
tt33306066,\N,\N,\N,\N,\N,\N,a sweet mess called love,toti loureiro,junior vieira; toti loureiro,\N,\N,\N
tt33306408,\N,\N,\N,\N,\N,\N,maledictum,didier beringuer,didier beringuer; matthias schubert; tom berry,\N,\N,\N
tt33310998,\N,\N,\N,\N,\N,\N,highly doubted - lil jonjon,jonathan alexander price,antwan williamson; jonathan alexander price,\N,\N,\N
tt3331458,\N,\N,\N,\N,\N,\N,who's afraid of michel gondry?,jeanlouis bompoint; thierry trelluyer,jeanlouis bompoint; thierry trelluyer,\N,\N,\N
tt33317152,\N,\N,\N,\N,\N,\N,mungyeong: more than roads,\N,\N,\N,\N,\N
tt33318127,\N,\N,\N,\N,\N,\N,wave warriors iv,herbie fletcher,\N,\N,\N,\N
tt3332690,mosayile kuthira meenukal,ajith pillai,ajith pillai; vipin anand; vipin radhakrishnan,mosayile kuthira meenukal,ajith pillai,\N,mosayile kuthira meenukal,ajith pillai,ajith pillai; vipin radhakrishnan,mosayile kuthira meenukal,ajith pillai,ajith pillai; vipin anand; vipin radhakrishnan
tt33334435,\N,\N,\N,\N,\N,\N,chasing memories,bijou thaangjam; nao ton,bijou thaangjam; chingsanglakpa,\N,\N,\N
tt33336298,\N,\N,\N,\N,\N,\N,situationships: the movie,\N,cylla senii,\N,\N,\N
tt33339931,rachael hunger,cody clarke,cody clarke,\N,\N,\N,rachael hunger,cody clarke,\N,rachael hunger,cody clarke,cody clarke
tt33341757,\N,\N,\N,irumanam kalanthal thirumanam,\N,\N,irumanam kalanthal thirumanam,\N,\N,\N,\N,\N
tt33365540,\N,\N,\N,\N,\N,\N,vacation survivors,\N,steve roth,\N,\N,\N
tt3336718,teen murti,raja sen,tapan sinha,\N,\N,\N,teen murti,raja sen,\N,teen murti,raja sen,tapan sinha
tt33372806,\N,\N,\N,\N,\N,\N,zhizn po vyzovu. muzhskoy vzglyad,rodion chepel,rodion chepel,\N,\N,\N
tt33373345,a night in 2005,temidayo makanjuola,temidayo makanjuola,\N,\N,\N,a night in 2005,temidayo makanjuola,\N,a night in 2005,temidayo makanjuola,temidayo makanjuola
tt33381977,\N,\N,\N,\N,\N,\N,dvi hola jab saath,ravi deep,ravi deep,\N,\N,\N
tt33384091,ajira rebati,subhransu das,badri mishra; shayma prasad mishra,\N,\N,\N,ajira rebati,subhransu das,\N,ajira rebati,subhransu das,shayma prasad mishra
tt33384356,the peer tutor,derek scott; thomas l harris,derek scott,\N,\N,\N,the peer tutor,derek scott; thomas l harris,\N,the peer tutor,derek scott; thomas l harris,derek scott
tt33384359,\N,\N,\N,\N,\N,\N,jack's pussy posse,\N,\N,\N,\N,\N
tt33390076,\N,\N,\N,\N,\N,\N,cageling,grant polifka,grant polifka,\N,\N,\N
tt3339534,how he fell in love,marc meyers,marc meyers,how he fell in love,marc meyers,\N,how he fell in love,marc meyers,marc meyers,how he fell in love,marc meyers,marc meyers
tt33397245,\N,\N,\N,\N,\N,\N,star wars episode i: the phantom menace,\N,kevin murphy; michael j nelson,\N,\N,\N
tt33398039,nanny cam,jwoww,jwoww,\N,\N,\N,nanny cam,jwoww,\N,nanny cam,jwoww,jwoww
tt33398433,\N,\N,\N,\N,\N,\N,beowulf,\N,bill corbett; kevin murphy; michael j nelson,\N,\N,\N
tt33398465,\N,\N,\N,\N,\N,\N,the psychology of retirement,michael mulliniks,\N,\N,\N,\N
tt33400569,\N,\N,\N,\N,\N,\N,this building of ours,jennifer boyd,\N,\N,\N,\N
tt33436943,\N,\N,\N,\N,\N,\N,rifftrax: the lord of the rings: the return of the king,\N,bill corbett; kevin murphy; michael j nelson,\N,\N,\N
tt3344400,\N,\N,\N,\N,\N,\N,the null set,william j holden,william j holden,\N,\N,\N
tt3344492,"el camino de santiago: periodismo, cine y revolucion",alejandra guzzo; fernando krichmar,fernando krichmar; omar neri,\N,\N,\N,"el camino de santiago: periodismo, cine y revolucion",alejandra guzzo; fernando krichmar,\N,"el camino de santiago: periodismo, cine y revolucion",alejandra guzzo; fernando krichmar,fernando krichmar; omar neri
tt3344658,music to madness: the story of komitas,david robert deranian,david robert deranian,\N,\N,\N,music to madness: the story of komitas,david robert deranian,\N,music to madness: the story of komitas,david robert deranian,david robert deranian
tt33454426,getaway: dangerous woman,kazumasa shirai,\N,\N,\N,\N,getaway: dangerous woman,kazumasa shirai,\N,getaway: dangerous woman,kazumasa shirai,\N
tt3345622,\N,\N,\N,\N,\N,\N,four kinds of love,timothy david mitchell,timothy david mitchell,\N,\N,\N
tt33460023,\N,\N,\N,\N,\N,\N,13 courts metrages d'alice guy,\N,alice guy,\N,\N,\N
tt3346976,\N,\N,\N,\N,\N,\N,the spoiler,katharine collins,katharine collins,\N,\N,\N
tt33473204,\N,\N,\N,\N,\N,\N,the dolls,david wilde,david wilde,\N,\N,\N
tt33478580,\N,\N,\N,\N,\N,\N,dna,tracey boakye,hilda lamptey,\N,\N,\N
tt3347996,\N,\N,\N,\N,\N,\N,damaged souls,wedan raymond,\N,\N,\N,\N
tt33481541,\N,\N,\N,\N,\N,\N,lost in time,rosemarie blank,rosemarie blank,\N,\N,\N
tt33482803,\N,\N,\N,\N,\N,\N,the wizard and the fool,ian samsami; michael heck,ian samsami; michael heck,\N,\N,\N
tt3348450,\N,\N,\N,\N,\N,\N,the crystal cathedral,\N,alessandra caneva,\N,\N,\N
tt3350198,a wife in the super market,satoshi sakamoto,nobuyoshi sasaki,\N,\N,\N,a wife in the super market,satoshi sakamoto,\N,a wife in the super market,satoshi sakamoto,nobuyoshi sasaki
tt33502411,megha maale,s narayan,s narayan,megha maale,s narayan,\N,megha maale,s narayan,\N,megha maale,s narayan,s narayan
tt33504899,\N,\N,\N,\N,\N,\N,a tail to tell,\N,lucky m savage; nancy a savage,\N,\N,\N
tt33511701,\N,\N,\N,\N,\N,\N,the elephant box,sergio navarretta,kelly namey,\N,\N,\N
tt3351660,\N,\N,\N,\N,\N,\N,pablo's rhino,craig goodwill,craig goodwill; sam ruano,\N,\N,\N
tt3352218,\N,\N,\N,\N,\N,\N,era ducrot,sergio ruffino,sergio ruffino,\N,\N,\N
tt3352294,beyond the walls,\N,\N,\N,\N,\N,beyond the walls,\N,\N,beyond the walls,\N,\N
tt33565089,\N,\N,\N,\N,\N,\N,the future soul 2: twinverse,carlos los2k6 smith ii; michael carter,carlos los2k6 smith ii,\N,\N,\N
tt3357084,\N,\N,\N,busted life,bayo akinfemi,\N,busted life,bayo akinfemi,austine chima,\N,\N,\N
tt33578667,the true beauty of being bitten by a tick,pete ohs,callie hernandez; james cusatimoyer; jeremy o harris; pete ohs; zoe chao,the true beauty of being bitten by a tick,pete ohs,\N,the true beauty of being bitten by a tick,pete ohs,\N,the true beauty of being bitten by a tick,pete ohs,callie hernandez; james cusatimoyer; jeremy o harris; pete ohs; zoe chao
tt33588950,hearts in colombo,ben myers,\N,\N,\N,\N,hearts in colombo,ben myers,\N,hearts in colombo,ben myers,\N
tt33630570,the princess diaries 3,adele lim,flora greeson,\N,\N,\N,the princess diaries 3,adele lim,\N,the princess diaries 3,adele lim,flora greeson
tt33728713,kayp kamyon,ekrem arslan,ekrem arslan; ercan ucar; kamuran suner,\N,\N,\N,kayp kamyon,ekrem arslan,\N,kayp kamyon,ekrem arslan,ekrem arslan; kamuran suner
tt33751273,playing potus,josh greenbaum,\N,\N,\N,\N,playing potus,josh greenbaum,\N,playing potus,josh greenbaum,\N
tt3375416,\N,\N,\N,\N,\N,\N,all things,john uche,john uche; margie ikem,\N,\N,\N
tt33772384,meteors,hubert charuel,claude le pape; hubert charuel,meteors,claude le pape; hubert charuel,claude le pape; hubert charuel,meteors,hubert charuel,\N,meteors,hubert charuel,claude le pape; hubert charuel
tt3378222,vamsam,pandiraj,pandiraj,vamsam,pandiraj,pandiraj,vamsam,pandiraj,\N,vamsam,pandiraj,pandiraj
tt33828717,\N,\N,\N,\N,\N,\N,the gym,kristian denver diaz,\N,\N,\N,\N
tt33830770,nighthawk: maison margiela artisanal 2024,sasha kasiuha,john galliano,\N,\N,\N,nighthawk: maison margiela artisanal 2024,sasha kasiuha,\N,nighthawk: maison margiela artisanal 2024,sasha kasiuha,john galliano
tt3385980,seifuku yurizoku: warui asobi,koyu ohara,hiroshi saitou,\N,\N,\N,seifuku yurizoku: warui asobi,koyu ohara,\N,seifuku yurizoku: warui asobi,koyu ohara,hiroshi saitou
tt3387582,ojuju,cj fiery obasi,\N,ojuju,cj obasi,cj obasi,ojuju,cj fiery obasi,cj fiery obasi,ojuju,cj fiery obasi,\N
tt3390728,aziz's dream,amr arafa,nader salah aldin,helm aziz,amr arafa,\N,aziz's dream,amr arafa,\N,aziz's dream,amr arafa,nader salah aldin
tt33948006,\N,\N,\N,\N,\N,\N,kohinoor part 1,ravikanth perepu,ravikanth perepu,\N,\N,\N
tt3395316,taxi and telephone,ernest abdyjaparov,ernest abdyjaparov,\N,\N,\N,taxi and telephone,ernest abdyjaparov,\N,taxi and telephone,ernest abdyjaparov,ernest abdyjaparov
tt3395708,\N,\N,\N,\N,\N,\N,empires of dust,mark lambert bristol,mark lambert bristol,\N,\N,\N
tt33983743,\N,\N,\N,\N,\N,\N,shattered in real life,gary parker; justin woods,justin woods,\N,\N,\N
tt33993478,\N,\N,\N,\N,\N,\N,don't close your eyes,rahel grunder,rahel grunder,\N,\N,\N
tt3399830,\N,\N,\N,\N,\N,\N,betrayed,darel tidwell,darel tidwell,\N,\N,\N
tt33999391,\N,\N,\N,\N,\N,\N,night owls,jordan ancel,jordan ancel,\N,\N,\N
tt34001425,krazy klowny,\N,\N,\N,\N,\N,krazy klowny,\N,\N,krazy klowny,\N,\N
tt3400522,der schwarze nazi,karlfriedrich konig; tilman konig,karlfriedrich konig; tilman konig,der schwarze nazi,\N,karlfriedrich konig; tilman konig,der schwarze nazi,karlfriedrich konig; tilman konig,karlfriedrich konig; tilman konig,der schwarze nazi,karlfriedrich konig; tilman konig,karlfriedrich konig; tilman konig
tt3401392,the devotion of suspect x,alec su youpeng,carol li; sean huang,the devotion of suspect x,alec su,\N,the devotion of suspect x,alec su,chiaying lee; hai chi; keigo higashino,the devotion of suspect x,alec su youpeng,carol li; sean huang
tt34038187,\N,\N,\N,\N,\N,\N,cut,malik salaam,ed silvera; malik salaam,\N,\N,\N
tt3405714,mythica: a quest for heroes,anne k black,anne k black; jason faller; kynan griffin,mythica: a quest for heroes,anne k black,\N,mythica: a quest for heroes,anne k black,anne k black; jason faller; kynan griffin,mythica: a quest for heroes,anne k black,anne k black; jason faller; kynan griffin
tt34095148,tripoli / a tale of three cities,raed rafei,\N,tripoli/a tale of three cities,\N,\N,tripoli / a tale of three cities,raed rafei,\N,tripoli / a tale of three cities,raed rafei,\N
tt3411788,\N,\N,\N,\N,\N,\N,charles baxters' believers,\N,bill marmor,\N,\N,\N
tt34144206,\N,\N,\N,\N,\N,\N,help me,suneel r sagar; viktoriia vlasenko,suneel r sagar; suniil r sagar,\N,\N,\N
tt34146567,\N,\N,\N,\N,\N,\N,intrusive,amire k reed,amire k reed; duece king,\N,\N,\N
tt3418454,uravu solla oruvan,devaraj; mohan,panchu arunachalam,uravu solla oruvan,\N,\N,uravu solla oruvan,devaraj; mohan,\N,uravu solla oruvan,devaraj; mohan,panchu arunachalam
tt3420504,finch,miguel sapochnik,craig luck; ivor powell,finch,miguel sapochnik,craig luck; ivor powell,finch,miguel sapochnik,craig luck; ivor powell,finch,miguel sapochnik,craig luck; ivor powell
tt34322115,\N,\N,\N,\N,\N,\N,wigslayers and hairlayers,\N,\N,\N,\N,\N
tt34326363,\N,\N,\N,\N,\N,\N,"one driver, one mic",krishnan vasudevan,\N,\N,\N,\N
tt3433328,el septimo arte,emanuel anguiano,\N,\N,\N,\N,el septimo arte,emanuel anguiano,\N,el septimo arte,emanuel anguiano,\N
tt3436456,\N,\N,\N,\N,\N,\N,tuman,maxat zhumaev,elena chub; oksana marquart,\N,\N,\N
tt3437872,\N,\N,\N,\N,\N,\N,emerging,leonard c jones,\N,\N,\N,\N
tt34379463,all of tokyo!,kazuyoshi kumakiri,ryoichi tsuchiya; shohei fukuda,all of tokyo!,kazuyoshi kumakiri,shohei fukuda,all of tokyo!,kazuyoshi kumakiri,\N,all of tokyo!,kazuyoshi kumakiri,ryoichi tsuchiya; shohei fukuda
tt34380971,\N,\N,\N,\N,\N,\N,snowfall,hong euijeong; park sunwoo,hong euijeong; park sunwoo,\N,\N,\N
tt34382612,\N,\N,\N,\N,\N,\N,saratoga,\N,robert potter,\N,\N,\N
tt34385689,paper tiger,james gray,james gray,paper tiger,james gray,james gray,paper tiger,james gray,\N,paper tiger,james gray,james gray
tt34388102,\N,\N,\N,\N,\N,\N,okapra,alhaji zagalo,william dumbuya,\N,\N,\N
tt3439424,\N,\N,\N,\N,\N,\N,wild domestic,adam newportberra; kyle komline,conor fay; jon clark,\N,\N,\N
tt3440670,prayatnam,\N,\N,\N,\N,\N,prayatnam,\N,\N,prayatnam,\N,\N
tt34423366,\N,\N,\N,\N,\N,\N,rifftrax: money plane,\N,bill corbett; conor lastowka; jason miller,\N,\N,\N
tt34424743,\N,\N,\N,\N,\N,\N,the king's arms,ross boyask,\N,\N,\N,\N
tt34438439,\N,\N,\N,\N,\N,\N,mieczyslaw jahoda. sztukmistrz z krakowa,wiktor skrzynecki,wiktor skrzynecki,\N,\N,\N
tt34438556,lets talk about sustainability,agne marcinkeviciute,erikas kundreckas; ramune muzikeviciute,\N,\N,\N,lets talk about sustainability,agne marcinkeviciute,\N,lets talk about sustainability,agne marcinkeviciute,erikas kundreckas; ramune muzikeviciute
tt3444730,yagai play: nozoki no nureba,tetsuya takehora,kosuke komatsu,\N,\N,\N,yagai play: nozoki no nureba,tetsuya takehora,\N,yagai play: nozoki no nureba,tetsuya takehora,kosuke komatsu
tt3446750,\N,\N,\N,\N,\N,\N,the process,joshua baker,amy basil; joshua baker,\N,\N,\N
tt34480352,\N,\N,\N,\N,\N,\N,"book of joshua, five kings",tony goss,amir kovacs; tony goss,\N,\N,\N
tt34497454,\N,\N,\N,\N,\N,\N,entre pastores e lobos,manuel pedrosa,manuel pedrosa; mariam marino costales; pedro alonso,\N,\N,\N
tt34532479,\N,\N,\N,\N,\N,\N,minecraft school the movie 2,mr gvsm,mr gvsm,\N,\N,\N
tt34541061,\N,\N,\N,\N,\N,\N,krolestwo,marcin gutowski,marcin gutowski,\N,\N,\N
tt3457004,\N,\N,\N,\N,\N,\N,nu xiandao zhi mimi,kwun siu,\N,\N,\N,\N
tt34570040,the carters,\N,\N,\N,\N,\N,the carters,\N,\N,the carters,\N,\N
tt3457974,\N,\N,\N,\N,mirek vales,mirek vales,ztracen lto,mirek vales,filip polas idea; mirek vales,\N,\N,\N
tt3458944,lady ghost - part two,fuqing wang,\N,\N,\N,\N,lady ghost - part two,fuqing wang,\N,lady ghost - part two,fuqing wang,\N
tt34599713,\N,\N,\N,\N,\N,\N,lynch,\N,\N,\N,\N,\N
tt34615536,majhail,dheeraj rattan,gurpreet bhullar,majhail,dheeraj rattan,dheeraj rattan,majhail,dheeraj rattan,\N,majhail,dheeraj rattan,gurpreet bhullar
tt34618706,\N,\N,\N,\N,\N,\N,bessmertnyy polk,pavel ignatov,andrey starovoytov; pavel ignatov,\N,\N,\N
tt34622084,grandgear,takashi yamazaki,takashi yamazaki,\N,\N,\N,grandgear,takashi yamazaki,\N,grandgear,takashi yamazaki,takashi yamazaki
tt34652656,petit rempart,eve duchemin,\N,\N,\N,\N,petit rempart,eve duchemin,\N,petit rempart,eve duchemin,\N
tt34654519,the stick of the sick person,trk hauxthausen,\N,\N,\N,\N,the stick of the sick person,trk hauxthausen,\N,the stick of the sick person,trk hauxthausen,\N
tt34657164,\N,\N,\N,\N,\N,\N,ege gunesi,omer gumuser,hamdi murat karakutuk; omer gumuser,\N,\N,\N
tt3466636,rocket tarzan,bj patel,\N,\N,\N,\N,rocket tarzan,bj patel,\N,rocket tarzan,bj patel,\N
tt34677615,\N,\N,\N,\N,\N,\N,yokai horror project,\N,chris collins,\N,\N,\N
tt34720674,bhram,pallav parikh,pallav parikh,\N,\N,\N,bhram,pallav parikh,\N,bhram,pallav parikh,pallav parikh
tt34728729,\N,\N,\N,\N,\N,\N,densuke no yarikuri oyaji,noriyuki itaya,hajime arai; ippei nogi,\N,\N,\N
tt34744070,\N,\N,\N,\N,\N,\N,the garden of earthly delights,brad case,brad case; cs skates,\N,\N,\N
tt34748747,\N,\N,\N,\N,\N,\N,julian and elle,\N,lily patel,\N,\N,\N
tt3477350,\N,\N,\N,les croquignolle,robert peguy,\N,les croquignolle,robert peguy,robert peguy; rochefort,\N,\N,\N
tt34793703,\N,\N,\N,\N,\N,\N,northeastern bro ii: endless love,janet chun,chengwei song; peng zhang,\N,\N,\N
tt3479624,the cartel,charlotte sachs bostrup,charlotte sachs bostrup; henrik kristensen,the cartel,charlotte sachs bostrup,charlotte sachs bostrup,the cartel,charlotte sachs bostrup,charlotte sachs bostrup; henrik kristensen,the cartel,charlotte sachs bostrup,charlotte sachs bostrup; henrik kristensen
tt34799461,\N,\N,\N,\N,\N,\N,sheer pressure,\N,greg abbott,\N,\N,\N
tt34804296,\N,\N,\N,\N,\N,\N,the making of the jameel gallery,\N,\N,\N,\N,\N
tt34812323,\N,\N,\N,\N,\N,\N,the reverse side of the medal,anna maxim,anna maxim,\N,\N,\N
tt34812450,el oficio de buscar a ines,anahi carballido marza; lois perez leira,\N,\N,\N,\N,el oficio de buscar a ines,anahi carballido marza; lois perez leira,\N,el oficio de buscar a ines,anahi carballido marza; lois perez leira,\N
tt34865331,les irresponsables,laura mana,laura mana; marta buchaca,\N,\N,laura mana; marta buchaca,les irresponsables,laura mana,\N,les irresponsables,laura mana,laura mana; marta buchaca
tt34883545,\N,\N,\N,noya manush,\N,\N,noya manush,sohel rana boyati,\N,\N,\N,\N
tt34904266,\N,\N,\N,\N,\N,\N,fuck you! el ultimo show,jose luis garcia,rodrigo espina,\N,\N,\N
tt34914739,deep tissue,pj wolff,pj wolff,\N,\N,\N,deep tissue,pj wolff,\N,deep tissue,pj wolff,pj wolff
tt34930428,oh to believe in another world,william kentridge,\N,\N,\N,\N,oh to believe in another world,william kentridge,\N,oh to believe in another world,william kentridge,\N
tt34930737,\N,\N,\N,\N,\N,\N,feeding the fire,olga julinska,\N,\N,\N,\N
tt34938727,herman,andrew vogel,andrew vogel,\N,\N,\N,herman,andrew vogel,\N,herman,andrew vogel,andrew vogel
tt34966006,\N,\N,\N,\N,\N,\N,shahab baran,seyed alireza rasti,seyed alireza rasti,\N,\N,\N
tt34967046,\N,\N,\N,\N,\N,\N,instrument of payment,\N,ricardo mamoodvega,\N,\N,\N
tt34981210,autopsy room four,ranjeet s marwa,charmaine binji; ranjeet s marwa; stephen king,\N,\N,\N,autopsy room four,ranjeet s marwa,\N,autopsy room four,ranjeet s marwa,charmaine binji; ranjeet s marwa
tt3498620,\N,\N,\N,\N,\N,\N,ezekiel's landing,james treakle,james treakle,\N,\N,\N
tt3499358,a demon within,ayush banker; justin lareau,ayush banker,a demon within,\N,\N,a demon within,ayush banker; justin lareau,ayush banker; helene gonze; michelle beydascott,a demon within,ayush banker; justin lareau,ayush banker
tt35002410,\N,\N,\N,\N,\N,\N,paparazzo,christian nilsson,christian nilsson,\N,\N,\N
tt35008063,tugboat gunman,tokujiro yamazaki,atsundo kubota,\N,\N,\N,tugboat gunman,tokujiro yamazaki,\N,tugboat gunman,tokujiro yamazaki,atsundo kubota
tt35012219,\N,\N,\N,\N,\N,\N,birdemic the musical,james nguyen,james nguyen,\N,\N,\N
tt3503734,\N,\N,\N,\N,\N,\N,mission 2: redemption,tim griffiths,luke vincent story; tim griffiths story,\N,\N,\N
tt3503856,\N,\N,\N,\N,\N,\N,songs of the blue hills,utpal borpujari,utpal borpujari,\N,\N,\N
tt35044988,\N,\N,\N,\N,\N,\N,back home,king jboi,jeremy djuan carr,\N,\N,\N
tt35052298,kataha,\N,\N,\N,\N,\N,kataha,\N,\N,kataha,\N,\N
tt35060333,\N,\N,\N,\N,\N,\N,how kamal stole his love back,mark harris,mark harris,\N,\N,\N
tt35060353,the wrong girls,dylan meyer,dylan meyer,the wrong girls,dylan meyer,dylan meyer,the wrong girls,dylan meyer,\N,the wrong girls,dylan meyer,dylan meyer
tt35081031,\N,\N,\N,\N,\N,\N,pinjra,gourav barot,\N,\N,\N,\N
tt35091739,the truce,miguel angel vivas,fran carballal; ignasi rubio; miguel angel vivas,\N,\N,\N,la tregua,miguel angel vivas,fran carballal; ignasi rubio; miguel angel vivas,the truce,miguel angel vivas,fran carballal; ignasi rubio; miguel angel vivas
tt35098358,pink butterfly,seun sheffy sonoiki,\N,\N,\N,\N,pink butterfly,seun sheffy sonoiki,\N,pink butterfly,seun sheffy sonoiki,\N
tt35109110,magic love,daisuke yamanouchi,daisuke yamanouchi,\N,\N,\N,magic love,daisuke yamanouchi,\N,magic love,daisuke yamanouchi,daisuke yamanouchi
tt3511420,\N,\N,\N,\N,\N,\N,miami boheme,joe cardona; ralf gonzalez,joe cardona; steve roitstein,\N,\N,\N
tt3514858,\N,\N,\N,\N,\N,\N,movie toons: the amazing zorro,\N,\N,\N,\N,\N
tt3515388,\N,\N,\N,\N,\N,\N,vera,luiz paulo xein,jssica tarasoff; luiz paulo xein,\N,\N,\N
tt35195182,\N,\N,\N,\N,\N,\N,small steps: dances of resilience,hortense gerardo,hortense gerardo,\N,\N,\N
tt35197863,\N,\N,\N,minmini,\N,\N,minmini,\N,\N,\N,\N,\N
tt35253783,\N,\N,\N,\N,\N,\N,untitled ranjani raghavan/ilaiyaraaja project,ranjani raghavan,\N,\N,\N,\N
tt35255392,\N,\N,\N,\N,\N,\N,untitled sanchith sanjeev/ viveka project,viveka,\N,\N,\N,\N
tt3525900,3 still standing,donna locicero; robert campos,donna locicero; robert campos,\N,\N,\N,3 still standing,donna locicero; robert campos,donna locicero; robert campos,3 still standing,donna locicero; robert campos,donna locicero; robert campos
tt35300809,\N,\N,\N,\N,\N,\N,garbhanaal,emraanakbar enamdar,emraanakbar enamdar; ijardar jainesh,\N,\N,\N
tt35301740,\N,\N,\N,\N,\N,\N,comme une personne,quentin jagorel,\N,\N,\N,\N
tt35303026,\N,\N,\N,\N,\N,\N,rod stewart: in performance,\N,\N,\N,\N,\N
tt35313040,\N,\N,\N,\N,\N,\N,the animal slaughter,jared zaragoza,jared zaragoza,\N,\N,\N
tt35315829,curse of the baby-eater,joe bizarro,joe bizarro,\N,\N,\N,curse of the baby-eater,joe bizarro,\N,curse of the baby-eater,joe bizarro,joe bizarro
tt35327642,the slave in your backyard: the local reality of human trafficking,daniel fisher; t scott reeves,t scott reeves,\N,\N,\N,the slave in your backyard: the local reality of human trafficking,daniel fisher; t scott reeves,\N,the slave in your backyard: the local reality of human trafficking,daniel fisher; t scott reeves,t scott reeves
tt35381158,\N,\N,\N,\N,\N,\N,the bitch: a ladies tribute to metal movie,damian kolodiy,damian kolodiy,\N,\N,\N
tt35394544,lightscape,doug aitken,andrew zipern; austin meredith,\N,\N,\N,lightscape,doug aitken,\N,lightscape,doug aitken,andrew zipern; austin meredith
tt35400418,\N,\N,\N,\N,\N,\N,the lost mausoleum,yingli zhang,\N,\N,\N,\N
tt35452827,mayna,monjurul islam megh,alim ullah khokon,mayna,\N,\N,mayna,monjurul islam megh,\N,mayna,monjurul islam megh,alim ullah khokon
tt35453007,noah,louise brix andersen,eva mora; louise brix andersen,\N,\N,\N,noah,louise brix andersen,\N,noah,louise brix andersen,eva mora; louise brix andersen
tt35457378,\N,\N,\N,\N,\N,\N,a life we did not choose: russian world,artem kocharian; julia kabitsynacabiere,\N,\N,\N,\N
tt35463971,\N,\N,\N,\N,\N,\N,the killer duck,zarius ellis,zarius ellis,\N,\N,\N
tt35486831,\N,\N,\N,\N,\N,\N,drive south pray west,kong rithdee; panu aree,\N,\N,\N,\N
tt35487690,\N,\N,\N,\N,\N,\N,spring of the vanishing,andrew glazer,\N,\N,\N,\N
tt35500324,\N,\N,\N,\N,\N,\N,a new beginning,jason manchester,jason manchester,\N,\N,\N
tt3550452,\N,\N,\N,\N,\N,\N,hands on,\N,denny duron; greg nelson; joey kent,\N,\N,\N
tt35509393,landlord,jadeshaa k hampi,\N,landlord,\N,\N,landlord,jadesh kumar hampi,\N,landlord,jadesh kumar hampi,m m shrikantha; maasthiupparahalli
tt35516949,\N,\N,\N,\N,\N,\N,the sadrat,keishawn blackstone,\N,\N,\N,\N
tt35537740,\N,\N,\N,\N,\N,\N,hardy's trade,\N,greg beck,\N,\N,\N
tt3555218,\N,\N,\N,\N,\N,\N,america's first park: river common,scott spinucci,scott spinucci,\N,\N,\N
tt3555568,crossing,arthur ian,arthur ian,\N,\N,\N,rivers of milk and honey,arthur ian,arthur ian,crossing,arthur ian,arthur ian
tt35555975,\N,\N,\N,\N,\N,\N,yugantar - the end of time,mihir parmar,atulbhai parmar,\N,\N,\N
tt35557659,\N,\N,\N,\N,\N,\N,entegham,hasan khalili,hasan khalili,\N,\N,\N
tt35624677,\N,\N,\N,\N,\N,\N,love lost,jasper o akaeze,\N,\N,\N,\N
tt35627312,\N,\N,\N,\N,\N,\N,night,adam baranello,adam baranello,\N,\N,\N
tt3562880,amanhecer a andar,silvia firmino,\N,\N,\N,\N,amanhecer a andar,silvia firmino,\N,amanhecer a andar,silvia firmino,\N
tt35628832,\N,\N,\N,\N,\N,\N,gepe y margot loyola: folclor imaginario,nino aguilera,\N,\N,\N,\N
tt35628849,\N,\N,\N,\N,\N,\N,"vigilia, el estado de quien permanece despierto",alvere di pilato,alvere di pilato,\N,\N,\N
tt35629500,\N,\N,\N,\N,\N,\N,genroku onna daimyo,kimiyoshi yasuda,hachiro nishimura; hasaharu matsumura,\N,\N,\N
tt35636079,turn back,riyad barmania,riyad barmania; stuart ashen,\N,\N,\N,turn back,riyad barmania,\N,turn back,riyad barmania,riyad barmania; stuart ashen
tt3565434,the shortest way home: c.s. lewis and mere christianity,tom dallis,amy dallis,\N,\N,\N,the shortest way home: c.s. lewis and mere christianity,tom dallis,\N,the shortest way home: c.s. lewis and mere christianity,tom dallis,amy dallis
tt35655951,\N,\N,\N,\N,\N,\N,kaber,mohamed cehio,sarah shoulah,\N,\N,\N
tt35655963,\N,\N,\N,\N,\N,\N,horo basha wa iku,hiroshi noguchi,atsundo kubota; kinya naoi; yoshio nakae,\N,\N,\N
tt35657342,\N,\N,\N,\N,\N,\N,the fool of new york city,brian tetsuro ivie,brian tetsuro ivie,\N,\N,\N
tt35657679,\N,\N,\N,\N,\N,\N,a plea for improving laboratory housing systems for the benefit of mice and for better science,\N,lars lewejohann,\N,\N,\N
tt35665283,\N,\N,\N,\N,\N,\N,holy havok,jc campos,jc campos,\N,\N,\N
tt35671628,\N,\N,\N,\N,\N,\N,la pesadilla asombrosa,iryna melnyk novak,iryna melnyk novak,\N,\N,\N
tt35677931,\N,\N,\N,\N,\N,\N,electronic body movie,pietro anton,pietro anton,\N,\N,\N
tt35678408,\N,\N,\N,\N,\N,\N,luckless lake,faraz fadaian,\N,\N,\N,\N
tt35691226,\N,\N,\N,\N,\N,\N,kaijin kiiroi tebukuro,hirokazu ichimura,kohan kawauchi,\N,\N,\N
tt3569732,spandex sapiens,oskari pastila,\N,spandex sapiens,oskari pastila,ilja rautsi; oskari pastila,spandex sapiens,oskari pastila,\N,spandex sapiens,oskari pastila,ilja rautsi; oskari pastila
tt3569788,naan sigappu manithan,thiru,thiru,naan sigappu manithan,thiru,\N,naan sigappu manithan,thiru,thiru,naan sigappu manithan,thiru,thiru
tt3570530,sawaari,guhan senniappan,guhan senniappan,sawaari,guhan senniappan,\N,sawaari,guhan senniappan,guhan senniappan,sawaari,guhan senniappan,guhan senniappan
tt3571114,\N,\N,\N,\N,\N,\N,les temps du pouvoir,eliane de latour,\N,\N,\N,\N
tt35725501,\N,\N,\N,\N,\N,\N,veronika of desenice,urska djukic,\N,\N,\N,\N
tt35737321,choiba: the dance of the humpback whale,simon gonzalez velez,simon gonzalez velez,\N,\N,\N,choiba: the dance of the humpback whale,simon gonzalez velez,\N,choiba: the dance of the humpback whale,simon gonzalez velez,simon gonzalez velez
tt35747052,\N,\N,\N,\N,\N,\N,i did,donna croce,edward jordon,\N,\N,\N
tt35747188,gummibar & friends: operation cotton candy,pete dodd,dan berlinka,gummibar & friends: operation cotton candy,\N,\N,gummibar & friends: operation cotton candy,pete dodd,\N,gummibar & friends: operation cotton candy,pete dodd,dan berlinka
tt35767858,\N,\N,\N,\N,\N,\N,la rosa negra: herencia ancestral,sabrina jones,lucia martinez,\N,\N,\N
tt35780065,\N,\N,\N,\N,\N,\N,scott steiners freak show,peter steinfeld,\N,\N,\N,\N
tt3580692,abducted,prince bagdasarian,prince bagdasarian,\N,\N,\N,abducted,prince bagdasarian,prince bagdasarian,abducted,prince bagdasarian,prince bagdasarian
tt35810165,\N,\N,\N,\N,\N,\N,final trip,april wright,april wright,\N,\N,\N
tt3582502,\N,\N,\N,\N,\N,\N,xi bei xian shang,tincheong tsui; tsong lam,tincheong tsui,\N,\N,\N
tt3583638,deserto,guilherme weber,ana paula maia; guilherme weber,\N,\N,\N,deserto,guilherme weber,\N,deserto,guilherme weber,ana paula maia; guilherme weber
tt35856123,leaving neverland 2: surviving michael jackson,dan reed,\N,leaving neverland 2: surviving michael jackson,dan reed,\N,leaving neverland 2: surviving michael jackson,dan reed,\N,leaving neverland 2: surviving michael jackson,dan reed,\N
tt35868778,\N,\N,\N,\N,\N,\N,we who have friends,richard reisz; richard woolley,\N,\N,\N,\N
tt35891060,\N,\N,\N,\N,\N,\N,ek prachin mandir,sankshay babber,jay vikram,\N,\N,\N
tt35899357,\N,\N,\N,\N,\N,\N,good medicine,\N,aaron moss,\N,\N,\N
tt3591578,\N,\N,\N,\N,\N,\N,club all in. la apuesta final,gonzalo martn,\N,\N,\N,\N
tt35916200,the last musician of auschwitz,toby trackman,\N,\N,\N,\N,the last musician of auschwitz,toby trackman,\N,the last musician of auschwitz,toby trackman,\N
tt35931463,\N,\N,\N,\N,\N,\N,lake kachiwiss,toufik kediha,david roland goguen,\N,\N,\N
tt35932411,the maintenance man,\N,\N,\N,\N,\N,the maintenance man,\N,\N,the maintenance man,\N,\N
tt35932417,always,deming chen,\N,always,deming chen,\N,always,deming chen,\N,always,deming chen,\N
tt35939783,\N,\N,\N,\N,\N,\N,antidote,james jones,\N,\N,\N,\N
tt35945037,a un lloc de la ment,pep bonet,catalina solivellas; jose corbacho,\N,\N,\N,a un lloc de la ment,pep bonet,\N,a un lloc de la ment,pep bonet,catalina solivellas; jose corbacho
tt3595088,\N,\N,\N,\N,\N,\N,to moram,branko radakovic,branko radakovic,\N,\N,\N
tt35955052,giarres,reinhard von der marwitz,\N,\N,\N,\N,giarres,reinhard von der marwitz,\N,giarres,reinhard von der marwitz,\N
tt35961891,\N,\N,\N,\N,\N,\N,another light on the road: robert frank & june leaf's canadian home,john parlante; katrina whalen,\N,\N,\N,\N
tt36009916,\N,\N,\N,\N,\N,\N,ride for liberty,\N,michael j bell; patricia riggen,\N,\N,\N
tt36042674,\N,\N,\N,\N,\N,\N,altri animali,guido votano,guido votano,\N,\N,\N
tt36055952,\N,\N,\N,\N,\N,\N,untouched coffee cups and other stories,anna vasof,anna vasof,\N,\N,\N
tt3606074,\N,\N,\N,\N,\N,\N,heysoos,rob santana,rob santana,\N,\N,\N
tt36120831,\N,\N,\N,\N,\N,\N,amateurs,\N,ari voukydis; mark sarian,\N,\N,\N
tt36123574,howard w. hunter,\N,\N,\N,\N,\N,howard w. hunter,\N,\N,howard w. hunter,\N,\N
tt36156216,dyngus day,michael buttino jr,paul mcginnis,\N,\N,\N,dyngus day,michael buttino jr,\N,dyngus day,michael buttino jr,paul mcginnis
tt36160657,\N,\N,\N,\N,\N,\N,chayka,lev dodin,anton chekhov,\N,\N,\N
tt3619226,\N,\N,\N,\N,\N,\N,the mother who paid,\N,\N,\N,\N,\N
tt3621926,\N,\N,\N,\N,\N,\N,elik az eletuket,dezso zsigmond,dezso zsigmond,\N,\N,\N
tt36242456,\N,\N,\N,bancharamer mess bari,\N,\N,bancharamer mess bari,tarun majumdar,\N,\N,\N,\N
tt3624496,\N,\N,\N,\N,\N,\N,it's free,raj jaiswal,raj jaiswal,\N,\N,\N
tt36259743,\N,\N,\N,\N,\N,\N,gluckskekse,marian bruchholz,marian bruchholz,\N,\N,\N
tt3626076,motherland,pyotr buslov,aleksey shipenko; andrey migachev,\N,\N,\N,rodina,pyotr buslov,aleksey shipenko; andrey migachev,motherland,pyotr buslov,aleksey shipenko; andrey migachev
tt36262473,hot buffet,serdar gozelekli,ali demirel; levent cantek; volkan sumbul,\N,\N,\N,hot buffet,serdar gozelekli,\N,hot buffet,serdar gozelekli,ali demirel; levent cantek; volkan sumbul
tt3626512,\N,\N,\N,\N,\N,\N,microwarriors: the origin and the destiny,adam nimoy,\N,\N,\N,\N
tt36283691,the poet and the spy,arnaldo catinari,arnaldo catinari; silvio muccino,at the revolutionary festival,arnaldo catinari,arnaldo catinari; silvio muccino,the poet and the spy,arnaldo catinari,\N,the poet and the spy,arnaldo catinari,arnaldo catinari; silvio muccino
tt36284551,\N,\N,\N,\N,\N,\N,serious play,kate mason; lindsey phillips,\N,\N,\N,\N
tt3628714,\N,\N,\N,\N,\N,\N,mission: the last war,dilshad ahmad,\N,\N,\N,\N
tt36298863,\N,\N,\N,\N,\N,\N,christmas cartoon wonderland,tony masiello,\N,\N,\N,\N
tt36305256,\N,\N,\N,\N,\N,\N,terminal targets,bill reeves,bill reeves,\N,\N,\N
tt36315349,\N,\N,\N,\N,\N,\N,anto attempts,craig hinde,\N,\N,\N,\N
tt3632594,living the tradition: an enchanting journey into old irish airs,maarten roos,ilse de ziah; maarten roos,\N,\N,\N,living the tradition: an enchanting journey into old irish airs,maarten roos,\N,living the tradition: an enchanting journey into old irish airs,maarten roos,ilse de ziah; maarten roos
tt36333569,\N,\N,\N,\N,\N,\N,ahora se mueren todos,miguel estrada,\N,\N,\N,\N
tt36337933,\N,\N,\N,\N,\N,\N,tokyo olympics e no michi,kiyohiko ushihara,\N,\N,\N,\N
tt36350075,\N,\N,\N,\N,\N,\N,all-australian,\N,matthew campbell,\N,\N,\N
tt36360374,the coriolis effect,corinne van egeraat; petr lom,\N,\N,\N,\N,the coriolis effect,corinne van egeraat; petr lom,\N,the coriolis effect,corinne van egeraat; petr lom,\N
tt36364202,\N,\N,\N,\N,\N,\N,akharin ghadam,mojtaba asadipour,\N,\N,\N,\N
tt36376254,\N,\N,\N,\N,\N,\N,don of all dons,alton gordon,alton gordon,\N,\N,\N
tt3637782,bad moon rising,alasdair mackay,dani thompson,\N,\N,\N,bad moon rising,alasdair mackay,dani thompson,bad moon rising,alasdair mackay,dani thompson
tt36415829,the shepherd code: lapierre,alan delabie; lh chambat,alan delabie,\N,\N,\N,the shepherd code: lapierre,alan delabie; lh chambat,\N,the shepherd code: lapierre,alan delabie; lh chambat,alan delabie
tt3643694,curtain call,eleanor sharpe; justin olstein,\N,\N,\N,\N,curtain call,eleanor sharpe; justin olstein,\N,curtain call,eleanor sharpe; justin olstein,\N
tt36448011,\N,\N,\N,\N,\N,\N,finding hero,matt coole,alyson renaldo; keith lawson; mac hightower,\N,\N,\N
tt36454928,sabik,dado c lumibao,\N,\N,\N,\N,sabik,dado c lumibao,\N,sabik,dado c lumibao,\N
tt36455965,\N,\N,\N,\N,\N,\N,kene conexiones,rodolfo arrascue,rodolfo arrascue,\N,\N,\N
tt36467571,\N,\N,\N,\N,\N,\N,nukiuchi no ryu: kenju no uta,hiroshi noguchi,iwao yamasaki; michio sato; rei kido,\N,\N,\N
tt36470575,\N,\N,\N,\N,\N,\N,gold star 3,\N,titeanya rodriguez,\N,\N,\N
tt3647616,\N,\N,\N,\N,\N,\N,mayerling,jeff tudor,\N,\N,\N,\N
tt36489121,\N,\N,\N,\N,\N,\N,love in trouble,horacio vergara arancibia,horacio vergara arancibia,\N,\N,\N
tt36489431,i'm only blind,kamelya alexan,\N,\N,\N,\N,i'm only blind,kamelya alexan,\N,i'm only blind,kamelya alexan,\N
tt36496741,"the machine, the dolphin and a garden gnome",tomas larrinaga,tomas larrinaga,\N,\N,\N,"the machine, the dolphin and a garden gnome",tomas larrinaga,\N,"the machine, the dolphin and a garden gnome",tomas larrinaga,tomas larrinaga
tt36499968,\N,\N,\N,\N,\N,\N,okaasan no baka,junzo mizukawa,junzo mizukawa; toyotaro minami,\N,\N,\N
tt36537998,\N,\N,\N,\N,\N,\N,spider-man: mask of the chameleon,lav uttwani,lav uttwani,\N,\N,\N
tt3654422,\N,\N,\N,\N,\N,\N,i love my breakup,andrea fellers,sabrina lacey,\N,\N,\N
tt3654796,creep 2,patrick brice,mark duplass; patrick brice,creep 2,patrick brice,mark duplass; patrick brice,creep 2,patrick brice,mark duplass; patrick brice,creep 2,patrick brice,mark duplass; patrick brice
tt3656768,\N,\N,\N,\N,\N,\N,reeds,michael rene walton,michael rene walton,\N,\N,\N
tt3657472,\N,\N,\N,\N,\N,\N,ek thi goonja,bappa ray,\N,\N,\N,\N
tt36577296,\N,\N,\N,\N,\N,\N,lez-ama. vivir filmando,monica moya,\N,\N,\N,\N
tt3658260,stadtebewohner,thomas heise,thomas heise,\N,\N,\N,stadtebewohner,thomas heise,\N,stadtebewohner,thomas heise,thomas heise
tt36589966,nanny cam,george tillman jr,nelson greaves,\N,\N,\N,nanny cam,george tillman jr,\N,nanny cam,george tillman jr,nelson greaves
tt36591422,\N,\N,\N,\N,\N,\N,use recover repeat: joseph crouch's story,chris trageser,\N,\N,\N,\N
tt36595892,\N,\N,\N,\N,\N,\N,"echoes of the past 2, shadows of revenge",shawn hardy,shawn hardy,\N,\N,\N
tt36598766,\N,\N,\N,\N,\N,\N,"benin, l'avenir de l'enfance",aurelien petit,aurelien petit; kemmy charles,\N,\N,\N
tt36607937,\N,\N,\N,\N,\N,\N,morningglory,vincent kardasik,\N,\N,\N,\N
tt36621664,l7 e o esquadrao da cura,thais vilanova,thais vilanova,\N,\N,\N,l7 e o esquadrao da cura,thais vilanova,\N,\N,\N,\N
tt36623093,\N,\N,\N,\N,\N,\N,tareem,ehab moustafa,sarah elsebaey,\N,\N,\N
tt36625638,threads of time,yukio iokibe,\N,\N,\N,\N,threads of time,yukio iokibe,\N,threads of time,yukio iokibe,\N
tt3663476,\N,\N,\N,\N,\N,\N,untitled cheerleading movie,\N,mia hammond,\N,\N,\N
tt36687939,nem tudo e paz e amor,betao aguiar,betao aguiar; marco korodi,\N,\N,\N,nem tudo e paz e amor,betao aguiar,\N,nem tudo e paz e amor,betao aguiar,betao aguiar; marco korodi
tt3669208,\N,\N,\N,\N,\N,\N,hum do bundlebaaz,ns vaidya,\N,\N,\N,\N
tt3671398,\N,\N,\N,\N,\N,\N,lady tution teacher,\N,\N,\N,\N,\N
tt36732890,my boyfriend the fascist,matthias lintner,matthias lintner; sadiel gonzalez,\N,\N,\N,my boyfriend the fascist,matthias lintner,\N,my boyfriend the fascist,matthias lintner,matthias lintner; sadiel gonzalez
tt36735682,reel rock 19,\N,\N,\N,\N,\N,reel rock 19,\N,\N,\N,\N,\N
tt3673904,\N,\N,\N,\N,\N,\N,magdalena,anna isabelle matutina,anna isabelle matutina,\N,\N,\N
tt3675190,the night seekers,menetie t ejeye,menetie t ejeye,\N,\N,\N,the night seekers,menetie t ejeye,\N,the night seekers,menetie t ejeye,menetie t ejeye
tt36753031,\N,\N,\N,\N,\N,\N,torn,april mial,april mial,\N,\N,\N
tt3675412,\N,\N,\N,\N,\N,\N,radical,randall yarbrough,randall yarbrough,\N,\N,\N
tt36793656,bakasura restaurant,sj shiva,sj shiva,bakasura restaurant,s j surya,\N,bakasura restaurant,sj shiva,\N,bakasura restaurant,sj shiva,sj shiva
tt36831263,\N,\N,\N,\N,\N,\N,a new dawn,abdullah tahir; afrasayyab gondal,afrasayyab gondal,\N,\N,\N
tt36831612,\N,\N,\N,\N,\N,\N,amnesty international commercial 2025,\N,\N,\N,\N,\N
tt36842203,\N,\N,\N,\N,\N,\N,towpath,kathryn roszak,kathryn roszak,\N,\N,\N
tt36854134,\N,\N,\N,\N,\N,\N,neon vultures,forest wise,forest wise,\N,\N,\N
tt3685580,retro car kings,\N,\N,\N,\N,\N,retro car kings,\N,\N,retro car kings,\N,\N
tt36859451,\N,\N,\N,\N,\N,\N,last lap,andy yardy,\N,\N,\N,\N
tt36870739,the woman,hwang wook,hwang wook; lim dongmin,\N,\N,\N,the woman,hwang wook,\N,the woman,hwang wook,hwang wook; lim dongmin
tt36877344,\N,\N,\N,\N,\N,\N,the devil you know,hyun woosung,\N,\N,\N,\N
tt3687904,\N,\N,\N,\N,\N,\N,substrata,finola geraghty,finola geraghty,\N,\N,\N
tt3688622,\N,\N,\N,\N,\N,\N,poland plc,maxim ford,\N,\N,\N,\N
tt3693218,anna-lena,nore norold,\N,\N,\N,\N,anna-lena,nore norold,\N,anna-lena,nore norold,\N
tt36934619,how to lose a popularity contest,stephen s campanelli,dorian keyes; kaitlin reilly,how to lose a popularity contest,stephen s campanelli,\N,how to lose a popularity contest,stephen s campanelli,\N,how to lose a popularity contest,stephen s campanelli,dorian keyes; kaitlin reilly
tt36939901,\N,\N,\N,\N,\N,\N,one thread,becky wosk,\N,\N,\N,\N
tt36948077,onde dormem os sonhos,cecilia amado,cecilia amado,\N,\N,\N,onde dormem os sonhos,cecilia amado,\N,onde dormem os sonhos,cecilia amado,cecilia amado
tt36949548,\N,\N,\N,\N,\N,\N,panama and the ngabe,nigel branch,jack connor; nigel branch,\N,\N,\N
tt3696764,350 days,fulvio cecere,\N,350 days,fulvio cecere,\N,350 days - legends. champions. survivors,fulvio cecere,darren antola,350 days,fulvio cecere,\N
tt36967816,\N,\N,\N,\N,\N,\N,mumbai mafia,brahmani paras,minty kunwar tejpal; puja changoiwala; saadat hussain zaidi,\N,\N,\N
tt36985221,\N,\N,\N,\N,\N,\N,my dinner with ai,joseph lao,\N,\N,\N,\N
tt36986014,\N,\N,\N,\N,\N,\N,havenfall part 2 - the settlement,andrew bell; andy dodd; julian gamm,andy dodd,\N,\N,\N
tt36987619,the one i loved,diane kurys,diane kurys; martine moriconi,\N,diane kurys,\N,the one i loved,diane kurys,\N,the one i loved,diane kurys,diane kurys; martine moriconi
tt3699572,on the brain,kevin van stevenson,brandon trask,\N,\N,\N,on the brain,kevin van stevenson,brandon trask,on the brain,kevin van stevenson,brandon trask
tt36997618,\N,\N,\N,\N,\N,\N,predecessor of phantoms,jonah weddle,jonah weddle,\N,\N,\N
tt36998501,\N,\N,\N,\N,\N,\N,william and harry in the public eye,louis dubreuil,louis dubreuil,\N,\N,\N
tt37000751,\N,\N,\N,\N,\N,\N,a horror zone wedding,ali francey; frank zippay; michael sabatos jordan,michael sabatos jordan,\N,\N,\N
tt3700336,\N,\N,\N,\N,\N,\N,good wood,\N,\N,\N,\N,\N
tt37038719,happy days,susanna nicchiarelli,susanna nicchiarelli,\N,\N,\N,happy days,susanna nicchiarelli,\N,happy days,susanna nicchiarelli,susanna nicchiarelli
tt37041335,\N,\N,\N,\N,\N,\N,sintonia,johnny araujo,\N,\N,\N,\N
tt3705514,\N,\N,\N,\N,\N,\N,luanfeng heming,waikwong chiang,waikwong chiang,\N,\N,\N
tt37059840,\N,\N,\N,\N,\N,\N,challenger: african gauntlet,\N,brenda boddy,\N,\N,\N
tt3707082,widow's bathhouse: wash thoroughly (onsen mark),satoru kobayashi,shusuke mikawa,\N,\N,\N,widow's bathhouse: wash thoroughly (onsen mark),satoru kobayashi,\N,widow's bathhouse: wash thoroughly (onsen mark),satoru kobayashi,shusuke mikawa
tt37093385,\N,\N,\N,\N,\N,\N,radio ghaint (radio awesome),indrajit nattoji,pawan sony,\N,\N,\N
tt3713644,\N,\N,\N,\N,\N,\N,amrita,kakoli biswas,\N,\N,\N,\N
tt37141511,\N,\N,\N,\N,\N,\N,freebird,\N,darrin scott walker,\N,\N,\N
tt37146848,rodnee,zak ferguson,rory hughes; zak ferguson,\N,\N,\N,rodnee,zak ferguson,\N,rodnee,zak ferguson,rory hughes; zak ferguson
tt3714720,the hollars,john krasinski,jim strouse,the hollars,john krasinski,james c strouse,the hollars,john krasinski,jim strouse,the hollars,john krasinski,jim strouse
tt37154045,\N,\N,\N,\N,\N,\N,security,\N,\N,\N,\N,\N
tt37156753,\N,\N,\N,\N,\N,\N,pesnya sirin,elena turova,elena turova; sergey rogatko,\N,\N,\N
tt37163509,la venus electrique,pierre salvadori,benjamin charbit; benoit graffin; pierre salvadori,the electric kiss,pierre salvadori,benjamin charbit; benoit graffin; pierre salvadori,la venus electrique,pierre salvadori,\N,la venus electrique,pierre salvadori,benjamin charbit; benoit graffin; pierre salvadori
tt3716942,\N,\N,\N,\N,\N,\N,the summoning,steven rumbelow,adam roberts; steven rumbelow,\N,\N,\N
tt37174485,\N,\N,\N,\N,\N,\N,untitled darshan kumaar/rao devender singh,rao devender singh,\N,\N,\N,\N
tt37174538,\N,\N,\N,\N,\N,\N,my side of yesterday,gabriel miller,\N,\N,\N,\N
tt37180720,dreamland,mohsen enayati,mohsen enayati,\N,\N,\N,dreamland,mohsen enayati,\N,dreamland,mohsen enayati,mohsen enayati
tt37180870,the underground railroad: the paths & places of refuge,\N,\N,\N,\N,\N,the underground railroad: the paths & places of refuge,\N,\N,the underground railroad: the paths & places of refuge,\N,\N
tt37189676,dad an,dmitriy suvorov,dmitriy suvorov; olga klemesheva,\N,\N,\N,dad an,dmitriy suvorov,\N,dad an,dmitriy suvorov,dmitriy suvorov; olga klemesheva
tt37205079,\N,\N,\N,\N,\N,\N,lyuba's hope,marianna yarovskaya,ekaterina romanovskaya; marianna yarovskaya,\N,\N,\N
tt37208475,when pigs fly,stephania torres,\N,\N,\N,\N,when pigs fly,stephania torres,\N,when pigs fly,stephania torres,\N
tt37212084,\N,\N,\N,\N,\N,\N,paranormal raw - parsonage farm,adam sturman,matt long,\N,\N,\N
tt37215429,\N,\N,\N,\N,\N,\N,star boy,daniel uzodinma,daniel uzodinma,\N,\N,\N
tt3721712,the flight of the golden fly,ivan kravchyshyn,ivan kravchyshyn,flight of the golden fly,ivan kravchyshyn,\N,flight of the golden fly,ivan kravchyshyn,ivan kravchyshyn,the flight of the golden fly,ivan kravchyshyn,ivan kravchyshyn
tt37217143,\N,\N,\N,\N,\N,\N,tralovento,eloy dominguez seren,meritxell colell,\N,\N,\N
tt37232377,\N,\N,\N,\N,\N,\N,climbing the stairway to stardom all the king's men 1970's: today,ben stiefel,ben stiefel; elizabeth stiefel,\N,\N,\N
tt37246261,\N,\N,\N,\N,\N,\N,alice in psycholand,dennyann giambrone,daniel eric poor; jeff bjune; lewis carroll,\N,\N,\N
tt37247413,\N,\N,\N,\N,\N,\N,deeply truly fully,nathan shane miller,nathan shane miller,\N,\N,\N
tt3725488,\N,\N,\N,\N,\N,\N,wszyscy jestesmy z wegla,tomasz wiszniewski,roman janiszek; tomasz wiszniewski,\N,\N,\N
tt37265057,\N,\N,\N,\N,\N,\N,wada chaudhry,sangeeta,mohammad kamal pasha,\N,\N,\N
tt3730010,hamarkiv hasodi,\N,\N,\N,\N,\N,hamarkiv hasodi,dror shostak,\N,hamarkiv hasodi,\N,\N
tt37320134,\N,\N,\N,\N,\N,\N,night nurse,\N,cara marie reinard; michael d jones,\N,\N,\N
tt37331877,qingtong & kuihua,chen kunhou,chen chinghui; zuo xuan,\N,\N,\N,qingtong & kuihua,chen kunhou,\N,qingtong & kuihua,chen kunhou,chen chinghui; zuo xuan
tt37332499,\N,\N,\N,\N,\N,\N,trial,james emmanuel kalu,\N,\N,\N,\N
tt37370137,\N,\N,\N,\N,\N,\N,clepto,enzo rizzuto,enzo rizzuto,\N,\N,\N
tt37382770,\N,\N,\N,\N,\N,\N,shadow rock,dawn rochelle,dave bates; dawn rochelle,\N,\N,\N
tt3740004,\N,\N,\N,\N,\N,\N,when the wolves came,\N,ted pfeifer,\N,\N,\N
tt37404532,\N,\N,\N,\N,\N,\N,raat baaki,aarav poonia,aarav poonia,\N,\N,\N
tt3740524,\N,\N,\N,\N,\N,\N,project 730,riley halden,riley halden,\N,\N,\N
tt3740668,\N,\N,\N,\N,\N,\N,the lodge,giovanni polesello,giovanni polesello,\N,\N,\N
tt3740916,16 ton,umit kvanc,umit kvanc,16 ton,umit kvanc,umit kvanc,16 tons,umit kivanc,umit kivanc,\N,\N,\N
tt37439599,\N,\N,\N,\N,\N,\N,skazany: reaktywacja,lukasz kotowski,lukasz kotowski,\N,\N,\N
tt3744150,\N,\N,\N,\N,\N,\N,ol dorei kankin: morasu,kazuyoshi sekine,keita katayama,\N,\N,\N
tt37452754,\N,\N,\N,\N,\N,\N,l plus love positive,vykunt bonu,\N,\N,\N,\N
tt3745772,dominguinhos,eduardo nazarian; joaquim castro; mariana aydar,\N,\N,\N,\N,dominguinhos,eduardo nazarian; joaquim castro; mariana aydar,\N,dominguinhos,eduardo nazarian; joaquim castro; mariana aydar,\N
tt37458298,wind of change,alex ranarivelo,\N,\N,\N,\N,wind of change,alex ranarivelo,\N,wind of change,alex ranarivelo,\N
tt37459101,\N,\N,\N,\N,\N,\N,idlewild,\N,james frankie thomas,\N,\N,\N
tt37472801,\N,\N,\N,\N,\N,\N,the runaway,em mwangi,em mwangi,\N,\N,\N
tt37478525,\N,\N,\N,\N,\N,\N,premier lacrosse league: all-star game in cosm shared reality,\N,\N,\N,\N,\N
tt37497983,\N,\N,\N,\N,\N,\N,que d'amour,kamal kamal,kamal kamal,\N,\N,\N
tt37510081,\N,\N,\N,\N,\N,\N,fabio martini,andrew burton,andrew burton,\N,\N,\N
tt37513682,\N,\N,\N,\N,\N,\N,diary of an old lady,chad rook,tina marie mcculloch,\N,\N,\N
tt37534384,\N,\N,\N,\N,\N,\N,battle strip,james balsamo,james balsamo,\N,\N,\N
tt37539003,\N,\N,\N,\N,\N,\N,all the quiet things,\N,ryan hensley,\N,\N,\N
tt37540490,\N,\N,\N,\N,\N,\N,high roller,\N,travis james pate,\N,\N,\N
tt37540953,\N,\N,\N,\N,\N,\N,night on earth q&a with jim jarmusch,\N,jim jarmusch,\N,\N,\N
tt37541221,\N,\N,\N,\N,\N,\N,le dernier concert de gazoline,cedric demers,\N,\N,\N,\N
tt37544063,\N,\N,\N,\N,\N,\N,na tretiy den,andrey ochurdyapov,andrey ochurdyapov,\N,\N,\N
tt3754986,\N,\N,\N,\N,\N,\N,everything is new,transgressive north,transgressive north,\N,\N,\N
tt3755914,bohemia,leonardo damario,andres calamaro; leonardo damario,\N,\N,\N,bohemia,leonardo damario,andres calamaro; leonardo damario,bohemia,leonardo damario,andres calamaro; leonardo damario
tt37565383,\N,\N,\N,\N,\N,\N,manoho,valentina rosano,\N,\N,\N,\N
tt37578661,\N,\N,\N,\N,\N,\N,yekifile tarik,amanuel tilahun tadesse,bayulegn ayalew,\N,\N,\N
tt3757986,\N,\N,\N,\N,\N,\N,quad x: rise of the beaver slayer,james christopher,james christopher,\N,\N,\N
tt37603990,\N,\N,\N,\N,\N,\N,laguna mental,cristobal arteaga,cristobal arteaga,\N,\N,\N
tt3763814,\N,\N,\N,\N,\N,\N,forever online,michael hammell,michael hammell,\N,\N,\N
tt37661636,\N,\N,\N,\N,\N,\N,in broad daylight,tom abbott,\N,\N,\N,\N
tt3767094,\N,\N,\N,\N,\N,\N,cry me a teardrop,keith g van der wat,\N,\N,\N,\N
tt37671960,\N,\N,\N,\N,\N,\N,rank stranger,\N,\N,\N,\N,\N
tt37674625,\N,\N,\N,\N,\N,\N,rebellion of memory,joel jent,\N,\N,\N,\N
tt37682350,private,deepak deon,deepak deon,private,\N,\N,private,deepak deon,\N,private,deepak deon,deepak deon
tt3770254,\N,\N,\N,\N,\N,\N,"when, where, how?",messiah amaram,messiah amaram,\N,\N,\N
tt37707875,\N,\N,\N,\N,\N,\N,restart v. 4.0: the final of story,michael s williams,ilya melnikov; michael s williams,\N,\N,\N
tt37724900,\N,\N,\N,\N,renee oro,\N,tacna y arica,renee oro,renee oro,\N,\N,\N
tt3772836,fundamentally happy,bee thiam tan; lei yuan bin,alvin tan; haresh sharma,\N,\N,\N,fundamentally happy,bee thiam tan; lei yuan bin,\N,fundamentally happy,bee thiam tan; lei yuan bin,alvin tan; haresh sharma
tt37729417,\N,\N,\N,\N,\N,\N,run amok,william bonnell,truman hanks; william bonnell,\N,\N,\N
tt37731857,\N,\N,\N,\N,\N,\N,pip and posy's cinema show,\N,\N,\N,\N,\N
tt37738683,\N,\N,\N,\N,\N,\N,tars az ashk-haye vaghei,amir ahmad ghazvini,\N,\N,\N,\N
tt37748149,\N,\N,\N,\N,\N,\N,doctor on a trip,david calek,\N,\N,\N,\N
tt37762784,ded,carlos lopez estrada,anna moskowitz; carlos lopez estrada,\N,\N,\N,ded,carlos lopez estrada,\N,ded,carlos lopez estrada,anna moskowitz; carlos lopez estrada
tt37762998,\N,\N,\N,\N,\N,\N,everest,said tulyaganov,tashi delek,\N,\N,\N
tt3777508,\N,\N,\N,\N,\N,\N,untitled gary sheffield project,\N,\N,\N,\N,\N
tt3780226,\N,\N,\N,\N,\N,\N,daigaku senshu,nobuo asaoka,\N,\N,\N,\N
tt37803849,\N,\N,\N,\N,\N,\N,timeless tamil nadu,\N,\N,\N,\N,\N
tt3780390,\N,\N,\N,\N,\N,\N,clive's trip to hong kong,clive mckenzie,clive mckenzie,\N,\N,\N
tt37833102,\N,\N,\N,\N,\N,\N,der zaubergarten,eduard sturmer,chantal nilges; eduard sturmer; matthias handschick,\N,\N,\N
tt37835536,\N,\N,\N,\N,\N,\N,7.10 sur rojo,uriel sokolowicz,\N,\N,\N,\N
tt3783974,\N,\N,\N,\N,\N,\N,wasteland 26: six tales of generation y,keir siewert,keir siewert; keir siewert screenplay,\N,\N,\N
tt37855187,\N,\N,\N,\N,\N,\N,buntovnata princeza,alex tsitsilin,\N,\N,\N,\N
tt3786530,the big bee,yukihiko tsutsumi,ichiro kusuno,the big bee,yukihiko tsutsumi,\N,the big bee,yukihiko tsutsumi,ichiro kusuno; keigo higashino,the big bee,yukihiko tsutsumi,ichiro kusuno
tt37868721,war 1840,yin li,dong zhe; yin li,\N,\N,\N,war 1840,yin li,\N,war 1840,yin li,dong zhe; yin li
tt37878823,\N,\N,\N,\N,\N,\N,metal monkey musical,ben etchells,ben etchells,\N,\N,\N
tt37891442,sorority house guillotine,gregory hatanaka,gregory hatanaka; jamie grefe,\N,\N,\N,sorority house guillotine,gregory hatanaka,\N,sorority house guillotine,gregory hatanaka,gregory hatanaka; jamie grefe
tt37894980,aasha,safar sanal,joju george; ramesh girija; safar sanal,\N,\N,\N,aasha,safar sanal,\N,aasha,safar sanal,joju george; ramesh girija; safar sanal
tt3791746,thingdom: el reino de las cosas,rene castillo,pietro schito; rene castillo,\N,\N,\N,thingdom: el reino de las cosas,rene castillo,\N,thingdom: el reino de las cosas,rene castillo,pietro schito; rene castillo
tt3793746,scorpion: vice city shakedown,roger paris,roger paris,\N,\N,\N,scorpion: vice city shakedown,roger paris,\N,scorpion: vice city shakedown,roger paris,roger paris
tt37937541,\N,\N,\N,\N,\N,\N,due justice: standin' on a corner,jerry buys,jerry buys,\N,\N,\N
tt37942271,\N,\N,\N,\N,\N,\N,unholy,joshua kalu ephraim,\N,\N,\N,\N
tt37956866,\N,\N,\N,\N,\N,\N,fist,tibor astor,jean rises,\N,\N,\N
tt37968382,\N,\N,\N,\N,\N,\N,when we were three,james crump,anatole pohorilenko; james crump,\N,\N,\N
tt37969646,\N,\N,\N,\N,\N,\N,poesigeneralen,fredrik gertten; lars westman,fredrik gertten,\N,\N,\N
tt3800848,\N,\N,\N,\N,\N,\N,tesla's engine,mark oliver,george ainsworth; mark oliver,\N,\N,\N
tt3804350,king lear,joan tosoni,\N,king lear,\N,\N,king lear,antoni cimolino,geoffrey of monmouth; william shakespeare,king lear,joan tosoni,\N
tt38059540,\N,\N,\N,\N,\N,\N,mr benn: 50th anniversary edition,david mckee,david mckee,\N,\N,\N
tt38066430,\N,\N,\N,\N,\N,\N,one night stand,andrew trabass,andrew trabass; delisa stephenson,\N,\N,\N
tt38080078,basang basa,brillante ma mendoza; freidric macapagal cortez,\N,\N,\N,\N,basang basa,brillante ma mendoza; freidric macapagal cortez,\N,basang basa,brillante ma mendoza; freidric macapagal cortez,\N
tt38099097,lola,antonio caeiro,antonio caeiro,\N,\N,\N,lola,antonio caeiro,\N,lola,antonio caeiro,antonio caeiro
tt38111911,\N,\N,\N,\N,\N,\N,fab! the night the beatles came to dublin,garry keane,\N,\N,\N,\N
tt38131064,\N,\N,\N,\N,\N,\N,the hellwatch guardians,jonathan moody,jonathan moody,\N,\N,\N
tt38131581,\N,\N,\N,\N,\N,\N,the old way,xiang fan,\N,\N,\N,\N
tt3815986,"oy, frost, frost!",nikolay shcherbakov,nikolay shcherbakov,\N,\N,\N,"oy, frost, frost!",nikolay shcherbakov,\N,"oy, frost, frost!",nikolay shcherbakov,nikolay shcherbakov
tt3822388,madras,pa ranjith,pa ranjith,madras,pa ranjith,pa ranjith,madras,pa ranjith,pa ranjith,madras,pa ranjith,pa ranjith
tt38226575,\N,\N,\N,\N,\N,\N,the asylum,jason campbell,bj mezek; jason campbell,\N,\N,\N
tt38234728,empty rooms,ken gregory,ken gregory,\N,\N,\N,empty rooms,ken gregory,\N,empty rooms,ken gregory,ken gregory
tt38235587,\N,\N,\N,\N,\N,\N,ameri-bot,joey traywick,joey traywick,\N,\N,\N
tt3826534,\N,\N,\N,\N,\N,\N,der glucklichste tag,renata borowczak,\N,\N,\N,\N
tt3828220,the amazing praybeyt benjamin,wenn v deramas,danno kristoper c mariquit; keiko aquino; kriz gazmen; wenn v deramas,the amazing praybeyt benjamin,wenn v deramas,wenn v deramas,the amazing praybeyt benjamin,wenn v deramas,danno kristoper c mariquit; keiko aquino; wenn v deramas,the amazing praybeyt benjamin,wenn v deramas,danno kristoper c mariquit; keiko aquino; wenn v deramas
tt3831922,\N,\N,\N,\N,\N,\N,the virgin astronaut,\N,ernie madera,\N,\N,\N
tt3833486,\N,\N,\N,\N,\N,\N,sadhu,mukunda michael dewil,mukunda michael dewil,\N,\N,\N
tt3834494,\N,\N,\N,\N,\N,\N,operation jungle jewel,dan barrios,dan barrios; ron celli,\N,\N,\N
tt3835106,"moskvich, my love",aram shahbazyan,\N,\N,aram shahbazyan,\N,"moskvich, my love",aram shahbazyan,\N,"moskvich, my love",aram shahbazyan,\N
tt3840652,the wind blows,zdravko mustac,zdravko mustac,\N,\N,\N,the wind blows,zdravko mustac,\N,the wind blows,zdravko mustac,zdravko mustac
tt38415996,\N,\N,\N,\N,\N,\N,my best feud,\N,bruno timoteo,\N,\N,\N
tt3843182,savita barbie,\N,\N,\N,\N,\N,savita barbie 3d,rupesh paul,nishant a bhuse,\N,\N,\N
tt38489689,\N,\N,\N,\N,\N,\N,open,nadiv molcho,nadiv molcho,\N,\N,\N
tt38497646,\N,\N,\N,\N,\N,\N,a mixtape for stom,adrian goycoolea,\N,\N,\N,\N
tt38503649,\N,\N,\N,\N,\N,\N,la piel del leon,alvaro brechner,\N,\N,\N,\N
tt38504369,sandy,neo bryce,neo bryce,\N,\N,\N,sandy,neo bryce,\N,sandy,neo bryce,neo bryce
tt38509171,\N,\N,\N,\N,\N,\N,volevo fare il presidente,\N,alessandro jacchia,\N,\N,\N
tt38516984,\N,\N,\N,\N,\N,\N,the gambit equation,\N,\N,\N,\N,\N
tt38518590,\N,\N,\N,\N,\N,\N,river damned,\N,daniel watchorn; paolo mancini,\N,\N,\N
tt38544135,\N,\N,\N,my storylof,benjamin doig espinoza,benjamin doig espinoza,my storylof,benjamin doig espinoza,renzo bernasconi,\N,\N,\N
tt38551384,\N,\N,\N,\N,\N,\N,the shadow kills,timo tjahjanto,timo tjahjanto,\N,\N,\N
tt38572187,\N,\N,\N,\N,\N,\N,oh yamal,ali fuad,\N,\N,\N,\N
tt38583336,donostia,\N,\N,\N,\N,\N,donostia,\N,\N,donostia,\N,\N
tt38589656,roughnecks - the starship troopers chronicles - the hydora campaign,\N,\N,\N,\N,\N,roughnecks - the starship troopers chronicles - the hydora campaign,\N,\N,roughnecks - the starship troopers chronicles - the hydora campaign,\N,\N
tt38589753,\N,\N,\N,\N,\N,\N,vyhybka,jan lacko,ludovit filan,\N,\N,\N
tt3859018,\N,\N,\N,\N,\N,\N,enter the grandmaster the memoir of stephen chang,mat thomas marchand; stephen chang,\N,\N,\N,\N
tt38593352,\N,\N,\N,\N,\N,\N,roman kesho,toshimasa hozumi,kiku muraita; ryozo kasahara,\N,\N,\N
tt38625570,\N,\N,\N,\N,\N,\N,goodbyeboobs,yemi sawyerr,yemi sawyerr,\N,\N,\N
tt38637119,gosh!!,joe odagiri,joe odagiri,\N,\N,\N,gosh!!,joe odagiri,\N,gosh!!,joe odagiri,joe odagiri
tt38648588,\N,\N,\N,\N,\N,\N,olivia,paula llagostera,maria lausin; paula llagostera,\N,\N,\N
tt3866822,lazy,ryan hartley,\N,\N,\N,\N,lazy,ryan hartley,ryan hartley,lazy,ryan hartley,\N
tt3867518,\N,\N,\N,\N,\N,\N,true beatles,geoffrey giuliano,geoffrey giuliano,\N,\N,\N
tt38715165,\N,\N,\N,\N,\N,\N,the violin,nimrod shanit,\N,\N,\N,\N
tt38715506,\N,\N,\N,\N,\N,\N,havan batsin,fortuna zafer,fortuna zafer,\N,\N,\N
tt38716425,\N,\N,\N,\N,\N,\N,karmastalam,rocky sherman,\N,\N,\N,\N
tt38729461,\N,\N,\N,\N,\N,\N,bikeler alo,somnath sen,shankar dasgupta,\N,\N,\N
tt38732453,\N,\N,\N,\N,\N,\N,maniacs,\N,\N,\N,\N,\N
tt38744270,house of hope,marjolein busstra,\N,\N,\N,\N,house of hope,marjolein busstra,\N,house of hope,marjolein busstra,\N
tt38744398,\N,\N,\N,\N,\N,\N,blurred,mckenzie reed,\N,\N,\N,\N
tt3875936,\N,\N,\N,\N,\N,\N,at the movies,\N,cj volkens,\N,\N,\N
tt38770411,\N,\N,\N,\N,\N,\N,hh - title tbd,\N,jeanette campbell,\N,\N,\N
tt38780617,belum ada judul,aria kusumadewa,aria kusumadewa,\N,\N,\N,belum ada judul,aria kusumadewa,\N,belum ada judul,aria kusumadewa,aria kusumadewa
tt3878902,ruen mayura,cherd songsri,\N,\N,\N,\N,ruen mayura,cherd songsri,\N,ruen mayura,cherd songsri,\N
tt38793015,the house of monsters,david hebrero,david hebrero,\N,\N,\N,the house of monsters,david hebrero,\N,the house of monsters,david hebrero,david hebrero
tt38793681,david castello-lopes : authentique,arnaud emery,david castellolopes,\N,\N,\N,david castello-lopes : authentique,arnaud emery,\N,david castello-lopes : authentique,arnaud emery,david castellolopes
tt38799054,\N,\N,\N,\N,\N,\N,push rank,deo mahameru,\N,\N,\N,\N
tt38801695,\N,\N,\N,\N,\N,\N,camino a mailin,ana basualdo,ana basualdo; facundo cardoso,\N,\N,\N
tt3881784,stronger,david gordon green,john pollono,stronger,david gordon green,john pollono,stronger,david gordon green,bret witter; jeff bauman; john pollono,stronger,david gordon green,john pollono
tt38823876,\N,\N,\N,\N,\N,\N,anja kasi divane nist,nima hashemi,karim rajabi,\N,\N,\N
tt38870952,\N,\N,\N,\N,\N,\N,making peace with jesus,ben maccabee,ben maccabee,\N,\N,\N
tt3887318,910 ninety,alice rohrwacher; alina marazzi; claudio giovannesi; costanza quatriglio; giovanni piperno; marco bonfanti; paola randi; pietro marcello; roland sejko; sara fgaier,alice rohrwacher,9x10 novanta,alice rohrwacher; alina marazzi; claudio giovannesi; marco bonfanti; paola randi; pietro marcello,alice rohrwacher; alina marazzi; claudio giovannesi; pietro marcello,9x10 novanta,claudio giovannesi; marco bonfanti; sara fgaier,claudio giovannesi; marco bonfanti; sara fgaier,910 ninety,alice rohrwacher; alina marazzi; claudio giovannesi; costanza quatriglio; giovanni piperno; marco bonfanti; paola randi; pietro marcello; roland sejko; sara fgaier,alice rohrwacher
tt38875510,\N,\N,\N,\N,\N,\N,miles of grace,desiree parker; kathy blaze jefferson,desiree parker,\N,\N,\N
tt38881327,\N,\N,\N,\N,\N,\N,"wherefore art thou, boaz?",vc rhone,adrienne sengsourichanh,\N,\N,\N
tt38883907,\N,\N,\N,\N,\N,\N,the art of sweeping under the rug,zachary danek,zachary danek,\N,\N,\N
tt3890278,red amnesia,wang xiaoshuai,fang lei; li fei; wang xiaoshuai,red amnesia,wang xiaoshuai,wang xiaoshuai,red amnesia,wang xiaoshuai,\N,red amnesia,wang xiaoshuai,fang lei; li fei; wang xiaoshuai
tt38906627,\N,\N,\N,\N,\N,\N,disney epcot - united kingdom pavilion,\N,\N,\N,\N,\N
tt38907668,\N,\N,\N,\N,\N,\N,yek istgah jelotar,saman estereki,saman estereki,\N,\N,\N
tt38916220,\N,\N,\N,\N,\N,\N,teacher's pet,sindhu sreenivasa murthy,\N,\N,\N,\N
tt38916470,mothers,alice tomassini,alice tomassini; vincenzo scuccimarra,mothers,alice tomassini,alice tomassini; vincenzo scuccimarra,mothers,alice tomassini,\N,mothers,alice tomassini,alice tomassini; vincenzo scuccimarra
tt3892682,\N,\N,\N,\N,\N,\N,a zillion zaboodles,\N,\N,\N,\N,\N
tt38934333,\N,\N,\N,\N,\N,\N,i have other friends,yomna khattab,\N,\N,\N,\N
tt38938166,\N,\N,\N,\N,\N,\N,nothing goes wrong,kearen pang,kearen pang; linglong li,\N,\N,\N
tt3894502,\N,\N,\N,\N,\N,\N,remembering rain,mandy chang,\N,\N,\N,\N
tt38946358,\N,\N,\N,\N,\N,\N,viharos ut,laszlo bokor,\N,\N,\N,\N
tt3896428,federation,ian munro,sue castrique,\N,\N,\N,federation,ian munro,\N,federation,ian munro,sue castrique
tt3896934,\N,\N,\N,\N,\N,\N,the burn,\N,janice cutting,\N,\N,\N
tt38972094,\N,\N,\N,\N,\N,\N,they fight like demons,\N,joaquin dominguez; mike cuenca,\N,\N,\N
tt38978672,o grande furto paulista,beatriz panico,beatriz panico,\N,\N,\N,o grande furto paulista,beatriz panico,\N,o grande furto paulista,beatriz panico,beatriz panico
tt39000000,\N,\N,\N,\N,\N,\N,sahte 9,gonenc uyanik,furkan akgul; zeynep arslanpay,\N,\N,\N
tt39009399,\N,\N,\N,\N,\N,\N,mimic men: onslaught,toneata morgan,toni martocchio,\N,\N,\N
tt39019219,ninja,murugu,murugu,\N,\N,\N,ninja,murugu,\N,ninja,murugu,murugu
tt39027150,\N,\N,\N,\N,\N,\N,birds from the gods,tadashi shimada,\N,\N,\N,\N
tt39028767,\N,\N,\N,\N,\N,\N,dispatch,\N,\N,\N,\N,\N
tt39029705,\N,\N,\N,\N,\N,\N,freya - beyond the mat,arthur lopes,arthur lopes,\N,\N,\N
tt3904176,iraqi odyssey,samir jamal al din,samir jamal al din,iraqi odyssey,samir,samir,iraqi odyssey,samir,mahmood jumaah; samir,iraqi odyssey,samir jamal al din,samir jamal al din
tt39073031,\N,\N,\N,\N,\N,\N,roja malli kanagambaram,kp jagan,\N,\N,\N,\N
tt39074501,\N,\N,\N,\N,\N,\N,we are here,lee thongkham,\N,\N,\N,\N
tt39111326,annem hakknda,soner sert,soner sert,\N,\N,\N,annem hakknda,soner sert,\N,annem hakknda,soner sert,soner sert
tt39122547,"i sing, i love, i exist",wang yu,\N,\N,\N,\N,"i sing, i love, i exist",wang yu,\N,"i sing, i love, i exist",wang yu,\N
tt39139645,\N,\N,\N,\N,\N,\N,autumn air,john limoges,john limoges,\N,\N,\N
tt39141091,\N,\N,\N,\N,\N,\N,de kloof,niels brouwers; sander blom,niels brouwers; sander blom,\N,\N,\N
tt39158710,\N,\N,\N,\N,\N,\N,investigating of my own suicide. the train,venus tamirlan,venus tamirlan,\N,\N,\N
tt39163015,time and water,sara dosa,andri snr magnason; erin casper; jocelyne chaput; sara dosa,time and water,sara dosa,andri snr magnason; erin casper; jocelyne chaput; sara dosa,time and water,sara dosa,\N,time and water,sara dosa,andri snr magnason; erin casper; jocelyne chaput; sara dosa
tt39163579,\N,\N,\N,\N,\N,\N,"nice try, skynet",derek swannson,\N,\N,\N,\N
tt39164230,all birds sing beautifully,krista burane,krista burane,\N,\N,\N,all birds sing beautifully,krista burane,\N,all birds sing beautifully,krista burane,krista burane
tt39173733,\N,\N,\N,\N,\N,\N,voice of ardent heart,alina lebedeva; ivetta ilina,freddy romm,\N,\N,\N
tt39183886,\N,\N,\N,\N,\N,\N,children of the worm,jason hawkins,jason hawkins,\N,\N,\N
tt39197461,the wasp woman,paul dinello,kinta zertuche; paul dinello,\N,\N,\N,the wasp woman,paul dinello,\N,the wasp woman,paul dinello,paul dinello
tt39214737,\N,\N,\N,\N,\N,\N,abductis,\N,philippe blanchard,\N,\N,\N
tt39215336,bidadari surga,indra gunawan,ali farighi,\N,\N,\N,bidadari surga,indra gunawan,\N,bidadari surga,indra gunawan,m ali ghifari
tt39215343,\N,\N,\N,\N,\N,\N,sout dinar,akram monser,akram monser,\N,\N,\N
tt39215355,love is hard,dong xu,dong xu; wang xiaoai,\N,\N,\N,love is hard,dong xu,\N,love is hard,dong xu,dong xu; wang xiaoai
tt3921664,ishq wala love,renu desai,renu desai,ishq wala love,renu desai,renu desai,ishq wala love,renu desai,\N,ishq wala love,renu desai,renu desai
tt39239695,\N,\N,\N,\N,\N,\N,showman,nuthan,\N,\N,\N,\N
tt39244767,\N,\N,\N,\N,\N,\N,el perro en el ano del perro,alejandro suarez,alejandro suarez,\N,\N,\N
tt39278953,\N,\N,\N,\N,\N,\N,blind heiress,christopher baker,\N,\N,\N,\N
tt39283093,hope,brian ide,quinton peeples,\N,\N,\N,hope,brian ide,\N,hope,brian ide,quinton peeples
tt39283401,\N,\N,\N,\N,\N,\N,"laochra gael, ciara gaynor",moira sweeney,\N,\N,\N,\N
tt39285260,\N,\N,\N,\N,\N,\N,champions of the ring volume 2,rock parsons,\N,\N,\N,\N
tt39289154,\N,\N,\N,\N,\N,\N,bhs,\N,tamie wilson,\N,\N,\N
tt39291787,\N,\N,\N,\N,\N,\N,tides of revenge,\N,\N,\N,\N,\N
tt39298308,\N,\N,\N,\N,\N,\N,the termarator,kenny bean,brandon waymack,\N,\N,\N
tt39300485,clovers,jacob hatley; tom vickers,\N,\N,\N,\N,clovers,jacob hatley; tom vickers,\N,clovers,jacob hatley; tom vickers,\N
tt39308490,heartman: rock and love,choi wonsub,lee sua,heartman: rock and love,\N,\N,heartman: rock and love,choi wonsub,\N,heartman: rock and love,choi wonsub,choi wonsub; lee seungyeong; lee sua
tt39311136,\N,\N,\N,\N,\N,\N,christmas miracle,louie igbokwe,louie igbokwe,\N,\N,\N
tt39312521,continuavano a chiamarlo trucolo,andrea petrini,andrea petrini,\N,\N,\N,continuavano a chiamarlo trucolo,andrea petrini,\N,continuavano a chiamarlo trucolo,andrea petrini,andrea petrini; caterina sbrana
tt39317881,\N,\N,\N,\N,\N,\N,grinebidder 2 - dansk humor nar det er bedst,\N,\N,\N,\N,\N
tt39318498,\N,\N,\N,\N,\N,\N,dupa cioate,mihai gavril dragolea; radu mocanu,mihai gavril dragolea; radu mocanu,\N,\N,\N
tt39332403,\N,\N,\N,\N,\N,\N,transfer window,caroline sascha cogez,\N,\N,\N,\N
tt39365752,\N,\N,\N,\N,\N,\N,psalm power,william a baker,william a baker,\N,\N,\N
tt39366637,\N,\N,\N,\N,\N,\N,drei tage mit schubert,astrid bscher,\N,\N,\N,\N
tt39367106,\N,\N,\N,\N,\N,\N,friedrich nietzsche (:) der antichrist,philipp von gonitzer,friedrich nietzsche; philipp von gonitzer,\N,\N,\N
tt39373594,\N,\N,\N,\N,\N,\N,stabel awakening and the journey to truth,shilpa johar,\N,\N,\N,\N
tt39376693,\N,\N,\N,\N,\N,\N,heimat osterreich: winter im paznaun,dominik walser,dominik walser,\N,\N,\N
tt39380638,\N,\N,\N,\N,\N,\N,hybrid dawn,matthew s robinson,linsay rousseau,\N,\N,\N
tt39383485,joy boy: a tribute to julius eastman,anne reijniers; fallon mayanja; mawena yehouessi; paul shemisi; rob jacobs; victoire karera kampire,\N,\N,\N,\N,joy boy: a tribute to julius eastman,anne reijniers; fallon mayanja; mawena yehouessi; paul shemisi; rob jacobs; victoire karera kampire,\N,joy boy: a tribute to julius eastman,anne reijniers; fallon mayanja; mawena yehouessi; paul shemisi; rob jacobs; victoire karera kampire,\N
tt39385101,\N,\N,\N,\N,\N,\N,"i am bond, gg bond",jinming lu,weilin hua,\N,\N,\N
tt39387657,pavane,lee jongpil,lee jongpil; son mi,pavane: for a dead princess,lee jongpil,\N,pavane,lee jongpil,\N,pavane,lee jongpil,lee jongpil; son mi
tt39389592,\N,\N,\N,\N,\N,\N,so termina quando acaba,evandro berlesi,evandro berlesi,\N,\N,\N
tt39390089,miami pi,michael diliberti,michael diliberti,\N,\N,\N,miami pi,michael diliberti,\N,miami pi,michael diliberti,michael diliberti
tt39398939,\N,\N,\N,\N,\N,\N,box-man,cole bay,\N,\N,\N,\N
tt39400229,kiss me my ghost friend,chen tapu,hsu kueiying,\N,\N,\N,kiss me my ghost friend,chen tapu,\N,kiss me my ghost friend,chen tapu,hsu kueiying
tt39400628,adult game,chen kuofu; edward yang; hou hsiaohsien,\N,\N,\N,\N,adult game,chen kuofu; edward yang; hou hsiaohsien,\N,adult game,chen kuofu; edward yang; hou hsiaohsien,\N
tt39443906,\N,\N,\N,\N,\N,\N,days of future past,gabriel parr,gabriel parr,\N,\N,\N
tt39444570,\N,\N,\N,\N,\N,\N,forever free and the illiteracy playbook,dion denis johnson,dion denis johnson,\N,\N,\N
tt39467659,\N,\N,\N,\N,\N,\N,round and round the merry-go-round,brandon christensen; kyle christensen,brandon christensen; kyle christensen,\N,\N,\N
tt3949274,\N,\N,\N,\N,\N,\N,ek kunwara teen kunwari,k shivram,\N,\N,\N,\N
tt39494460,hands up who'd like a hug?,mick connolly,mick connolly,\N,\N,\N,hands up who'd like a hug?,mick connolly,\N,hands up who'd like a hug?,mick connolly,mick connolly
tt39535445,back to tilicho,maxime hutinet; sarah charley,\N,\N,\N,\N,back to tilicho,maxime hutinet; sarah charley,\N,back to tilicho,maxime hutinet; sarah charley,\N
tt3954648,\N,\N,\N,\N,\N,\N,isle of man,ben younger,ben younger,\N,\N,\N
tt3955140,\N,\N,\N,\N,\N,\N,the luigi0730 finale: super squad,david gattis; eric arnold,david gattis; eric arnold,\N,\N,\N
tt3955642,estrella quiero ser,gustavo nieto roa,gustavo nieto roa; idania velasquez luna; katalina boham; veronia angeles franco,\N,\N,\N,estrella quiero ser,gustavo nieto roa,gustavo nieto roa; katalina boham; veronica angeles franco,estrella quiero ser,gustavo nieto roa,gustavo nieto roa; idania velasquez luna; katalina boham; veronia angeles franco
tt39568448,\N,\N,\N,\N,\N,\N,aggression power,aurelio toni agliata,aurelio toni agliata,\N,\N,\N
tt39579311,\N,\N,\N,\N,\N,\N,infiltration,jonathan nolan,jonathan nolan,\N,\N,\N
tt3957992,\N,\N,\N,\N,\N,\N,suburban spies,adam griswold,adam griswold,\N,\N,\N
tt39582671,the old man,somchanrith chap,say veacha,the old man,\N,\N,the old man,somchanrith chap,\N,the old man,somchanrith chap,say veacha
tt39602205,\N,\N,\N,\N,\N,\N,loco'motive,rita santos; saul neves,\N,\N,\N,\N
tt3962574,\N,\N,\N,\N,\N,\N,ninjutsu tomoe gassen,ryuzo otomo,\N,\N,\N,\N
tt39635710,\N,\N,\N,\N,\N,\N,be:the one - start beyond dreams,hamin kim; yoondong oh,\N,\N,\N,\N
tt3963816,marauders,steven c miller,chris sivertson; michael cody,marauders,steven c miller,chris sivertson,marauders,steven c miller,chris sivertson; michael cody,marauders,steven c miller,chris sivertson; michael cody
tt39639304,\N,\N,\N,\N,\N,\N,seductive evil,\N,niko el santo zavero,\N,\N,\N
tt39645240,\N,\N,\N,\N,\N,\N,blessed,wanda rozyckazborowska,wanda rozyckazborowska,\N,\N,\N
tt39674854,\N,\N,\N,\N,\N,\N,friends like these,\N,kacy boccumini,\N,\N,\N
tt39691620,\N,\N,\N,\N,\N,\N,last round,\N,\N,\N,\N,\N
tt3969514,\N,\N,\N,ring road shubha,priya belliappa,\N,ring road,priya belliappa,priya belliappa; rekha rani,\N,\N,\N
tt3970482,roger waters: the wall,roger waters; sean evans,roger waters,roger waters: the wall,roger waters,roger waters,roger waters: the wall,roger waters; sean evans,roger waters; sean evans,roger waters: the wall,roger waters; sean evans,roger waters
tt3971214,rocket club,bobby davidson,\N,\N,\N,\N,rocket club,bobby davidson,\N,rocket club,bobby davidson,\N
tt3975020,\N,\N,\N,\N,\N,\N,have you seen this man?,\N,david steenhoek,\N,\N,\N
tt39790617,\N,\N,\N,\N,\N,\N,la mouche,bruno roseau,jacques roseau,\N,\N,\N
tt39840397,\N,\N,\N,\N,\N,\N,el taser,borja echevarria,juan solo,\N,\N,\N
tt3986532,tig,ashley york; kristina goolsby,jennifer arnold,tig,ashley york; kristina goolsby,\N,tig,ashley york; kristina goolsby,jennifer arnold,tig,ashley york; kristina goolsby,jennifer arnold
tt3990100,\N,\N,\N,\N,\N,\N,rand: the movie,monte goodyk,\N,\N,\N,\N
tt3992200,\N,\N,\N,\N,\N,\N,bakumatsu funnki shinmon tatsugoro no maki,koji inaba; masahiro makino; tameyoshi kubo,\N,\N,\N,\N
tt39930013,\N,\N,\N,\N,\N,\N,exit,stephon stewart,stephon stewart,\N,\N,\N
tt3993886,all day and a night,joe robert cole,joe robert cole,all day & a night,joe robert cole,joe robert cole,all day and a night,joe robert cole,joe robert cole,all day and a night,joe robert cole,joe robert cole
tt39951734,\N,\N,\N,\N,\N,\N,marianosztrai emlek,janos veszi,\N,\N,\N,\N
tt39963888,\N,\N,\N,\N,\N,\N,min guo jing hun lu,ying lei,\N,\N,\N,\N
tt39973224,\N,\N,\N,\N,\N,\N,el indio,\N,\N,\N,\N,\N
tt39980503,siva sambo,sp bagavathy bala,sp bagavathy bala,siva sambo,\N,\N,siva sambo,sp bagavathy bala,\N,siva sambo,sp bagavathy bala,sp bagavathy bala
tt39989156,\N,\N,\N,\N,\N,\N,roshan raahein,sarmad sultan khoosat,nirmal bano,\N,\N,\N
tt4002006,\N,\N,\N,\N,\N,\N,dr. kamini,\N,\N,\N,\N,\N
tt4006206,the challenge,omar khlifi,\N,\N,\N,\N,the challenge,omar khlifi,\N,the challenge,omar khlifi,\N
tt40081278,\N,\N,\N,\N,\N,\N,gta v - overheat,alex mercer; brett do,brett do,\N,\N,\N
tt4011830,\N,\N,\N,\N,\N,\N,g.r.o.c.,\N,\N,\N,\N,\N
tt40123458,\N,\N,\N,\N,\N,\N,mary queen of vietnam,bao ngo,glen pitre,\N,\N,\N
tt40182278,"i was, i am, and i will be!",yoshiyuki itakura,\N,\N,\N,\N,"i was, i am, and i will be!",yoshiyuki itakura,\N,"i was, i am, and i will be!",yoshiyuki itakura,\N
tt4019666,love stories,tomas portella,adriana falcao; celio porto; pedro carvalhaes; tatiana maciel,desculpe o transtorno,\N,\N,love stories,tomas portella,adriana falcao; celio porto; tatiana maciel,love stories,tomas portella,adriana falcao; celio porto; tatiana maciel
tt40202571,\N,\N,\N,\N,\N,\N,scarpe rotte,roberta torre,\N,\N,\N,\N
tt4022132,tracking,rodrigo gonzalez larrondo,rodrigo gonzalez larrondo; rodrigo munoz galvez,\N,\N,\N,tracking,rodrigo gonzalez larrondo,\N,tracking,rodrigo gonzalez larrondo,jonny norton; mark lloyd; rodrigo gonzalez larrondo; rodrigo munoz galvez
tt40250044,\N,\N,\N,\N,\N,\N,house of callahan,\N,david a miller,\N,\N,\N
tt40259886,k2 - traum und schicksal,kurt diemberger,kurt diemberger,\N,\N,\N,k2 - traum und schicksal,kurt diemberger,\N,k2 - traum und schicksal,kurt diemberger,kurt diemberger
tt40320675,\N,\N,\N,\N,\N,\N,contact: the divine realm,sharon ann rowland,sharon ann rowland,\N,\N,\N
tt4038014,\N,\N,\N,\N,\N,\N,untitled dark comedy,dream kasestatad,dream kasestatad; jan epstein schwaid,\N,\N,\N
tt4038248,\N,\N,\N,\N,\N,\N,a terrorist from hamburg,\N,andrea calabrese,\N,\N,\N
tt4038736,the old cinderella,guo shubo,gao yanan; lu chuan; zhang jingchu,the old cinderella,wu bai,\N,the old cinderella,guo shubo,\N,the old cinderella,guo shubo,gao yanan; lu chuan; zhang jingchu
tt40389755,\N,\N,\N,\N,\N,\N,the lastborn,emmanuel ilondior,emmanuel ilondior,\N,\N,\N
tt40435390,forsaken,vincent garenq,alexis abdelkrim kebbas; vincent garenq,forsaken,vincent garenq,\N,forsaken,vincent garenq,\N,forsaken,vincent garenq,alexis abdelkrim kebbas; mickaelle paty; vincent garenq
tt40460440,\N,\N,\N,\N,\N,\N,ignazio giunti. la storia mai raccontata,\N,\N,\N,\N,\N
tt4046592,\N,\N,\N,\N,\N,\N,swing stories,andreas morell,\N,\N,\N,\N
tt4048964,the blood harvest,george clarke,george clarke,\N,\N,\N,the blood harvest,george clarke,\N,the blood harvest,george clarke,george clarke
tt40522438,\N,\N,\N,\N,\N,\N,way down low,omar rogers,\N,\N,\N,\N
tt40531853,\N,\N,\N,\N,\N,\N,showdown at the neon sun,gilbert cuevas,gilbert cuevas,\N,\N,\N
tt40539716,\N,\N,\N,\N,\N,\N,the scarlet thread,david blair,tristan de vere cole,\N,\N,\N
tt40549826,bauhaus forever.,nico weber,\N,\N,\N,\N,bauhaus forever.,nico weber,\N,bauhaus forever.,nico weber,\N
tt40562693,\N,\N,\N,\N,\N,\N,bombing the reich: europe under fire,nick randall,\N,\N,\N,\N
tt40564592,\N,\N,\N,\N,\N,\N,frontline memories: the world at war,nick randall,\N,\N,\N,\N
tt40573912,\N,\N,\N,\N,\N,\N,the roblox ragdoll movie,tessa rose,\N,\N,\N,\N
tt4058358,\N,\N,\N,\N,\N,\N,your sweet light,noam keidar,noam keidar,\N,\N,\N
tt4059018,\N,\N,\N,\N,\N,\N,\N,\N,\N,\N,\N,\N
tt40599454,\N,\N,\N,\N,\N,\N,jumaka,ashok ram,ashok ram,\N,\N,\N
tt40600613,\N,\N,\N,\N,\N,\N,hbd prathik jain tumkur march 19,\N,\N,\N,\N,\N
tt4062604,#thosegirls,alex medeiros,alex medeiros,\N,\N,\N,#thosegirls,alex medeiros,\N,#thosegirls,alex medeiros,alex medeiros
tt4063166,\N,\N,\N,\N,\N,\N,\N,\N,\N,\N,\N,\N
tt40638342,\N,\N,\N,\N,\N,\N,making maya,\N,\N,\N,\N,\N
tt40662429,\N,\N,\N,\N,\N,\N,rani dadi sati,\N,\N,\N,\N,\N
tt4069316,hazing,pablo aragues,pablo aragues,novatos,pablo aragues,pablo aragues,hazing,pablo aragues,pablo aragues,hazing,pablo aragues,pablo aragues
tt4073894,\N,\N,\N,\N,\N,\N,the greedy realtor,elvis efamba,blaise christian sitchet,\N,\N,\N
tt4075494,\N,\N,\N,\N,\N,\N,hilton head island back in the day: through the eyes of the gullah elders,butch hirsch,carrie hirsch,\N,\N,\N
tt40788735,\N,\N,\N,\N,\N,\N,function,lawrence kleinman,\N,\N,\N,\N
tt40793143,\N,\N,\N,\N,\N,\N,las calderas de pedro botero,etna romero,daniel longas requena,\N,\N,\N
tt4081766,\N,\N,\N,\N,\N,\N,undefended_feature,mickaela grace,mickaela grace,\N,\N,\N
tt40846817,\N,\N,\N,\N,\N,\N,kandan,jibin antony,jibin antony,\N,\N,\N
tt4085130,sky line,jonny leahan; miguel drakemclaughlin,\N,\N,\N,\N,sky line,jonny leahan; miguel drakemclaughlin,\N,sky line,jonny leahan; miguel drakemclaughlin,\N
tt40872855,\N,\N,\N,\N,\N,\N,pax habitat,david boisclair,david boisclair; lena murisier,\N,\N,\N
tt40919798,\N,\N,\N,\N,\N,\N,blessed miguel pro,austin kelly,austin kelly,\N,\N,\N
tt4092588,\N,\N,\N,\N,\N,\N,hillsong i heart revolution,\N,\N,\N,\N,\N
tt4095404,naoshima (dream on the tongue),claire laborey,\N,\N,\N,\N,naoshima (dream on the tongue),claire laborey,\N,naoshima (dream on the tongue),claire laborey,\N
tt41021188,thank you charlotte,berkun oya,berkun oya,\N,\N,\N,thank you charlotte,berkun oya,\N,thank you charlotte,berkun oya,berkun oya
tt4105514,obsessive becoming,daniel reeves,\N,\N,\N,\N,obsessive becoming,daniel reeves,\N,obsessive becoming,daniel reeves,\N
tt4106186,\N,\N,\N,\N,\N,\N,kingsbury run,\N,seth wimmer,\N,\N,\N
tt4108872,nezha,li xiaofeng,li xiaofeng; yu pan,nezha,xiaofeng li,\N,nezha,li xiaofeng,\N,nezha,li xiaofeng,li xiaofeng; yu pan
tt4111608,the pink triangle and the nazi cure for homosexuality,esteban jasper; nacho steinberg,osvaldo canis,\N,\N,\N,the pink triangle and the nazi cure for homosexuality,esteban jasper; nacho steinberg,\N,the pink triangle and the nazi cure for homosexuality,esteban jasper; nacho steinberg,osvaldo canis
tt4118056,absence,chico teixeira,cesar turim; chico teixeira; sabina anzuategui,absence,chico teixeira,\N,absence,chico teixeira; ioneide lima,cesar turim; chico teixeira; sabina anzuategui,absence,chico teixeira,cesar turim; chico teixeira; sabina anzuategui
tt41230818,\N,\N,\N,\N,\N,\N,penghulu setan (shaitaan se shaadi),tondi hasibuan,tondi hasibuan,\N,\N,\N
tt4128378,"cinema documentaire, fragments d'une histoire",jeanlouis comolli,\N,\N,jeanlouis comolli,\N,"cinema documentaire, fragments d'une histoire",jeanlouis comolli,\N,"cinema documentaire, fragments d'une histoire",jeanlouis comolli,\N
tt4131214,\N,\N,\N,\N,\N,\N,as the swallows got thirsty,muhammet cakiral,muhammet cakiral,\N,\N,\N
tt4134856,forget me not,yannis fagras,\N,\N,\N,\N,forget me not,yannis fagras,\N,forget me not,yannis fagras,\N
tt4136860,\N,\N,\N,\N,\N,\N,beg to differ,john warner,john warner,\N,\N,\N
tt41389717,kamen rider kabuto 20th: the one who inherits the heavens,hidenori ishida,shouji yonemura,\N,\N,\N,kamen rider kabuto 20th: the one who inherits the heavens,hidenori ishida,\N,kamen rider kabuto 20th: the one who inherits the heavens,hidenori ishida,shouji yonemura
tt4143186,kopfkino,lene berg,\N,\N,\N,\N,kopfkino,lene berg,\N,kopfkino,lene berg,\N
tt4145332,midara shimai: namahada ijiri,akira fukamachi,\N,\N,\N,\N,midara shimai: namahada ijiri,akira fukamachi,\N,midara shimai: namahada ijiri,akira fukamachi,\N
tt4146426,\N,\N,\N,\N,\N,\N,el manifiesto de lo invisible,florencia juarez,florencia juarez,\N,\N,\N
tt4149092,lord jones is dead,austin andrews,matthew clayfield,\N,\N,\N,lord jones is dead,andrew holmes; austin andrews,julia smuts louw; matthew clayfield,lord jones is dead,austin andrews,matthew clayfield
tt4149732,crush the skull,viet nguyen,chris dinh,crush the skull,\N,\N,crush the skull,viet nguyen,chris dinh; viet nguyen,crush the skull,viet nguyen,chris dinh; viet nguyen
tt41517398,\N,\N,\N,\N,\N,\N,lunatic: samuel little,chad ferrin,anthony diemont; chad ferrin,\N,\N,\N
tt41526122,\N,\N,\N,\N,\N,\N,darshana,swasthik,kraanti kumar,\N,\N,\N
tt41546984,\N,\N,\N,\N,\N,\N,red iron road,jim bryson; lubomir arsov; samuel chou,\N,\N,\N,\N
tt41556345,\N,\N,\N,\N,\N,\N,manifesto/ogni morte di papa,giovanni conte,giovanni conte,\N,\N,\N
tt41565608,kaupungin synty,aleksi kauppinen,\N,\N,\N,\N,kaupungin synty,aleksi kauppinen,\N,kaupungin synty,aleksi kauppinen,\N
tt41575832,\N,\N,\N,\N,\N,\N,gronemeyer - alles bleibt anders,robert bohrer,\N,\N,\N,\N
tt41580608,\N,\N,\N,\N,\N,\N,tiempos grises,frank rodriguez,frank rodriguez,\N,\N,\N
tt4158516,\N,\N,\N,\N,\N,\N,writer's block,\N,buddy chambers,\N,\N,\N
tt41616442,\N,\N,\N,\N,\N,\N,julius caesar,felipe barral; tomer zvulun,\N,\N,\N,\N
tt41635473,\N,\N,\N,\N,\N,\N,cheaters,diego rendon,libia stella gomez,\N,\N,\N
tt4165650,\N,\N,\N,\N,\N,\N,jouons le jeu,andre gillois,andre gillois,\N,\N,\N
tt4166112,close-ups,magdalena piekorz,magdalena piekorz; wojciech kuczok,\N,\N,\N,close-ups,magdalena piekorz,\N,close-ups,magdalena piekorz,magdalena piekorz; wojciech kuczok
tt4169824,\N,\N,\N,\N,\N,\N,second shift: from crisis to collaboration,tom lietz,\N,\N,\N,\N
tt4176556,two friends,louis garrel,christophe honore; louis garrel,two friends,louis garrel,christophe honore; louis garrel,two friends,louis garrel,christophe honore; louis garrel,two friends,louis garrel,christophe honore; louis garrel
tt4179352,\N,\N,\N,\N,\N,\N,"mary, the untold story",aurelio grimaldi,jayney mackie,\N,\N,\N
tt41872176,\N,\N,\N,\N,\N,\N,demons in my head,\N,k cornell kellum,\N,\N,\N
tt4187466,the light of sion,\N,\N,\N,\N,\N,the light of sion,\N,\N,the light of sion,\N,\N
tt41877711,\N,\N,\N,\N,\N,\N,masahista: the unfiltered truth of filipino massage,katharyn alexandre; katherine kay,katharyn alexandre,\N,\N,\N
tt4188452,\N,\N,\N,\N,\N,\N,roll sound camera action: rsca,jayesh sheth,arun varma; harsh tyagi; jayesh sheth,\N,\N,\N
tt41902186,\N,\N,\N,\N,\N,\N,trauma 3,\N,\N,\N,\N,\N
tt4190862,\N,\N,\N,\N,\N,\N,"squiddy, sedona and me",steven m hirohama,steven m hirohama,\N,\N,\N
tt4192716,\N,\N,\N,\N,\N,\N,the exorcise,\N,richard l davies,\N,\N,\N
tt41933896,same day error,raynier brizuela,\N,\N,\N,\N,same day error,raynier brizuela,\N,same day error,raynier brizuela,\N
tt41984718,\N,\N,\N,\N,\N,\N,paraiso de mujeres,karina flomenbaum,\N,\N,\N,\N
tt41990005,\N,\N,\N,\N,\N,\N,hop harry,larry smith,gareth brookes; matt wilson,\N,\N,\N
tt42003685,\N,\N,\N,\N,\N,\N,never let her in,patrick graham,saurin lakhia,\N,\N,\N
tt42028900,\N,\N,\N,\N,\N,\N,organonym!,graham skipper,graham skipper,\N,\N,\N
tt42038379,operation tral,ratheesh vegha,ratheesh vegha,\N,\N,\N,operation tral,ratheesh vegha,\N,operation tral,ratheesh vegha,ratheesh vegha
tt4204126,\N,\N,\N,\N,\N,\N,gab awards: gathering of africa's best award,femi okutubo,\N,\N,\N,\N
tt4205132,\N,\N,\N,\N,\N,\N,hardboiled crime story,michael lutje,michael lutje; projektkino,\N,\N,\N
tt42053250,\N,\N,\N,\N,\N,\N,queen city the hornets nest,isaac j sumpter; mark pastures; toni morrison,\N,\N,\N,\N
tt42053368,\N,\N,\N,\N,\N,\N,admission impossible,\N,\N,\N,\N,\N
tt4205688,\N,\N,\N,\N,\N,\N,keep going,jack harvey,edward ludwig; jd trop,\N,\N,\N
tt4206066,crossfire: the plot that killed kennedy,j michael long,jim marrs,\N,\N,\N,crossfire: the plot that killed kennedy,j michael long,\N,crossfire: the plot that killed kennedy,j michael long,jim marrs
tt4211766,creatures,\N,eb alers,\N,\N,\N,creatures,\N,eb alers,creatures,\N,eb alers
tt4211792,\N,\N,\N,\N,\N,\N,you got one more time to piss me off,\N,jacin guillienne gayent dixon,\N,\N,\N
tt4212818,\N,\N,\N,\N,\N,\N,griselda blanco,\N,gianni biasetti sr,\N,\N,\N
tt42153711,\N,\N,\N,\N,\N,\N,dulha aesan chahi,sunil sinha,\N,\N,\N,\N
tt4216788,\N,\N,\N,\N,\N,\N,oculation: rogue emissions in the dark,martha colburn,\N,\N,\N,\N
tt4218580,\N,\N,\N,\N,\N,\N,reggie gaskins' urban love story,reggie gaskins,reggie gaskins,\N,\N,\N
tt42203875,\N,\N,\N,\N,\N,\N,dolls,aimee armstrong,aimee armstrong,\N,\N,\N
tt42207548,\N,\N,\N,\N,\N,\N,pagglait 2,umesh bist,\N,pagglait 2,umesh bist,umesh bist
tt42219552,\N,\N,\N,\N,\N,\N,suspended reality,chris tashima,alex elliott; margaret gendreau; monica huntington,\N,\N,\N
tt42242465,\N,\N,\N,\N,\N,\N,untitled skydance animation/netflix animated feature,\N,\N,\N,\N,\N
tt42243180,\N,\N,\N,\N,\N,\N,"letters home, a true life story",\N,larry elmore,\N,\N,\N
tt42254052,no sunshine in here,karol maia,karol maia,\N,\N,\N,no sunshine in here,karol maia,\N,no sunshine in here,karol maia,karol maia
tt42301248,\N,\N,\N,\N,\N,\N,redwoods,\N,\N,\N,\N,\N
tt4231718,\N,\N,\N,\N,\N,\N,ultimate scrunchy magic,fabrice delaure,\N,\N,\N,\N
tt42341655,\N,\N,\N,\N,\N,\N,taxi ride,alex henry,alex henry; karmelina moore,\N,\N,\N
tt4235432,ithihasa,binu s,aneesh lee ashok,ithihasa,binu sadanandan,\N,ithihasa,binu sadanandan,aneesh lee ashok; anil narayanan,ithihasa,binu s,aneesh lee ashok
tt42373598,\N,\N,\N,\N,\N,\N,bullfrog,\N,eric jordan baker,\N,\N,\N
tt42405018,\N,\N,\N,\N,\N,\N,drag queens of emeralis,\N,\N,\N,\N,\N
tt42435344,choosing violence: the skin graph & gnarl weekend tour,lishman heathcock,lishman heathcock,\N,\N,\N,choosing violence: the skin graph & gnarl weekend tour,lishman heathcock,\N,choosing violence: the skin graph & gnarl weekend tour,lishman heathcock,lishman heathcock
tt42436447,\N,\N,\N,\N,\N,\N,law for a lawless land: new mexico's federal judiciary,tara walch,paul andrew hutton,\N,\N,\N
tt42440534,enhypen: immersion in cinemas,oh yoondong; park jaeseok,\N,\N,\N,\N,enhypen: immersion in cinemas,park jaeseok; yoon dong oh,\N,enhypen: immersion in cinemas,oh yoondong; park jaeseok,\N
tt4250438,11:55,ari issler; ben snyder,ari issler; ben snyder; victor almanzar,11:55,ari issler; ben snyder,\N,11:55,ari issler; ben snyder,ari issler; ben snyder; victor almanzar,11:55,ari issler; ben snyder,ari issler; ben snyder; victor almanzar
tt4253322,"love, theft and other entanglements",muayad alayan,muayad alayan; rami musa alayan,"love, theft and other entanglements",muayad alayan,muayad alayan,"love, theft and other entanglements",muayad alayan,\N,"love, theft and other entanglements",muayad alayan,muayad alayan; rami musa alayan
tt4254562,the people garden,nadia litz,nadia litz,the people garden,nadia litz,\N,the people garden,nadia litz,nadia litz,the people garden,nadia litz,nadia litz
tt42575548,\N,\N,\N,\N,\N,\N,backwoods boys,jake alexander williams,jake alexander williams,\N,\N,\N
tt42576337,\N,\N,\N,\N,\N,\N,kado untuk ibu,m amrul ummami,\N,kado untuk ibu,m amrul ummami,m ali ghifari
tt4261008,nasciturus: which will be born,\N,\N,\N,\N,\N,nasciturus: which will be born,\N,\N,nasciturus: which will be born,\N,\N
tt42643672,\N,\N,\N,\N,\N,\N,raja the raja,anil boyidapu,\N,\N,\N,\N
tt4265184,\N,\N,\N,\N,\N,\N,eine ganz normale wg,georg schonharting,georg schonharting; kai kniepkamp,\N,\N,\N
tt42662284,\N,\N,\N,\N,\N,\N,"the martini shot: 50 years of hits, hustle & hollywood north",don carmody; michael doherty,\N,\N,\N,\N
tt4267118,old friends,peter odabashian,\N,\N,\N,\N,old friends,peter odabashian,\N,old friends,peter odabashian,\N
tt4267358,\N,\N,\N,\N,\N,\N,surrogative,andrew ferrara; linda murray,andrew ferrara,\N,\N,\N
tt4270046,the crocodile,mao ayuth,mao ayuth,the crocodile,mao ayuth,\N,the crocodile,mao ayuth,\N,the crocodile,mao ayuth,mao ayuth
tt42719486,\N,\N,\N,\N,\N,\N,culloden,\N,robert bruce,\N,\N,\N
tt42721310,\N,\N,\N,\N,\N,\N,the cursed and the favored,\N,brock laborde,\N,\N,\N
tt42739367,\N,\N,\N,\N,\N,\N,the key maker,gregory r campbell; rowland williams,gregory r campbell; michael j forrest,\N,\N,\N
tt42740260,\N,\N,\N,\N,\N,\N,twenty20,wong kwang han,wong kwang han,\N,\N,\N
tt42746853,aguizotes: el despertar de la carreta nagua,marcos ivan vilchez ruiz,marcos ivan vilchez ruiz,\N,\N,\N,aguizotes: el despertar de la carreta nagua,marcos ivan vilchez ruiz,\N,aguizotes: el despertar de la carreta nagua,marcos ivan vilchez ruiz,marcos ivan vilchez ruiz
tt42775952,jhamkudi 2,umang vyas,heath bhatt,\N,\N,\N,jhamkudi 2,umang vyas,\N,jhamkudi 2,umang vyas,heath bhatt
tt42811444,\N,\N,\N,\N,\N,\N,snakes and surf breaks,\N,\N,\N,\N,\N
tt42820635,\N,\N,\N,\N,\N,\N,the red bag,ravi kumar seerapu,\N,the red bag,ravi kumar seerapu,yasodha gowrisankar
tt42822597,\N,\N,\N,\N,\N,\N,el alcalde,alfonso cortescavanillas,\N,\N,\N,\N
tt4284282,scary tales: last stop,geno mcgahee,geno mcgahee,\N,\N,\N,scary tales: last stop,geno mcgahee,\N,scary tales: last stop,geno mcgahee,geno mcgahee
tt42857501,\N,\N,\N,\N,\N,\N,onwards and sideways,john madden,paul mayhewarcher,\N,\N,\N
tt42867715,\N,\N,\N,\N,\N,\N,nemuri kyoshiro,takashi isshiki,\N,\N,\N,\N
tt42869112,\N,\N,\N,\N,\N,\N,sequitur,\N,jd herrera,\N,\N,\N
tt4291436,when will you get married?,ody c harahap,monty tiwa; robert ronny,\N,\N,\N,when will you get married?,ody c harahap,\N,when will you get married?,ody c harahap,monty tiwa; ody c harahap; robert ronny
tt42929873,\N,\N,\N,\N,\N,\N,who's left,\N,jessica rose,\N,\N,\N
tt42934057,\N,\N,\N,\N,\N,\N,grande fratello - l inizio,francesco imperato,carmen vogani; lorenzo avola,\N,\N,\N
tt42957412,salah: farewell to the king,\N,\N,\N,\N,\N,salah: farewell to the king,\N,\N,salah: farewell to the king,\N,\N
tt4299026,\N,\N,\N,\N,\N,\N,seeking truth in the balkans,erin lovall; june vutrano,erin lovall; june vutrano,\N,\N,\N
tt43061332,\N,\N,\N,\N,\N,\N,sliding home,\N,karyn peyton,\N,\N,\N
tt43070432,\N,\N,\N,\N,\N,\N,edgelands,ben charles edwards,ben charles edwards,\N,\N,\N
tt43077570,\N,\N,\N,\N,\N,\N,the cabin in the devil's woods,antonio chiorazzi,antonio chiorazzi,\N,\N,\N
tt43093859,\N,\N,\N,\N,\N,\N,the original sugar ray,\N,\N,\N,\N,\N
tt4311602,mad full of dreams,kevin baggott,\N,\N,\N,\N,mad full of dreams,kevin baggott,kevin baggott,mad full of dreams,kevin baggott,\N
tt43122943,"instadocs: alex murdaugh, unconvicted",\N,\N,\N,\N,\N,"instadocs: alex murdaugh, unconvicted",\N,\N,"instadocs: alex murdaugh, unconvicted",\N,\N
tt4315160,\N,\N,\N,\N,\N,\N,bloodtown,george aponte,george aponte,\N,\N,\N
tt4319820,\N,\N,\N,\N,\N,\N,kachhi kali,kanti shah,bashir babar,\N,\N,\N
tt43202898,\N,\N,\N,hatamari hennu kiladi gandu,renuka sharma,p kalaimani,hatamari hennu kiladi gandu,renuka sharma,\N,\N,\N,\N
tt43208647,heritieres,karine pion; lucile parrycanet,\N,\N,\N,\N,heritieres,karine pion; lucile parrycanet,\N,heritieres,karine pion; lucile parrycanet,\N
tt43216891,\N,\N,\N,\N,\N,\N,dance of the wild,chance foreman,\N,\N,\N,\N
tt4322790,\N,\N,\N,\N,\N,\N,murggs,rudiger baumann,oliver tissot,\N,\N,\N
tt4326556,a tangled web,emmanuel obi,emmanuel obi; uwe schwarzwalder,\N,\N,\N,a tangled web,emmanuel obi,\N,a tangled web,emmanuel obi,emmanuel obi; uwe schwarzwalder
tt4329544,\N,\N,\N,\N,\N,\N,pyar ki pyaas,\N,\N,\N,\N,\N
tt4330124,\N,\N,\N,\N,\N,\N,the journey to her smile,sucheta phule,sucheta phule,\N,\N,\N
tt43310348,\N,\N,\N,\N,\N,\N,viva los bears,mike coggan,\N,\N,\N,\N
tt43318813,rotten society,ss jishnu dev,ss jishnu dev,\N,\N,\N,rotten society,ss jishnu dev,\N,rotten society,ss jishnu dev,ss jishnu dev
tt43328724,\N,\N,\N,\N,\N,\N,watch party,nicholas carr,nicholas carr,\N,\N,\N
tt43334502,\N,\N,\N,\N,\N,\N,lesbos,\N,\N,\N,\N,\N
tt4333672,\N,\N,\N,\N,\N,\N,ukiyo no giri,\N,\N,\N,\N,\N
tt43338369,\N,\N,\N,\N,\N,\N,india post,akul tripathi,\N,\N,\N,\N
tt43339322,\N,\N,\N,\N,\N,\N,ooh la la,hemanth hegde,hemanth hegde,\N,\N,\N
tt43339353,\N,\N,\N,\N,\N,\N,fikr ena genzeb,elias workneh,kidist yilma,\N,\N,\N
tt43363795,\N,\N,\N,\N,\N,\N,transformers prime: ultimate decepticons,\N,duane capizzi; nicole dubuc,\N,\N,\N
tt43374450,\N,\N,\N,\N,\N,\N,eritrean untitled project,vanessa tsehaye,\N,\N,\N,\N
tt43382970,\N,\N,\N,\N,\N,\N,yamaguchi-kun wa warukuna,kentaro moriya,natsuko takahashi; yu saiki,\N,\N,\N
tt43384345,\N,\N,\N,\N,\N,\N,before the ice melts,hamid torabpour; nick hagen,hamid torabpour; nick hagen,\N,\N,\N
tt4338904,puli vesham,p vasu,p vasu,puli vesham,p vasu,p vasu,puli vesham,p vasu,\N,puli vesham,p vasu,p vasu
tt43408259,\N,\N,\N,\N,\N,\N,kucing hitam,jose poernomo,\N,kucing hitam,jose poernomo,jose poernomo
tt43420431,brothers in arms,richard copans,richard copans,\N,\N,\N,brothers in arms,richard copans,\N,brothers in arms,richard copans,richard copans
tt43428288,\N,\N,\N,\N,\N,\N,thula,trust sayi,\N,\N,\N,\N
tt43438644,\N,\N,\N,\N,\N,\N,the good shepherd,perivi katjavivi,aina kwedhi,\N,\N,\N
tt43457079,\N,\N,\N,\N,\N,\N,probably the reason,\N,\N,\N,\N,\N
tt4351624,the great rage,claudio fragasso,rossella drudi,la grande rabbia,claudio fragasso,rossella drudi,la grande rabbia,claudio fragasso,rossella drudi,the great rage,claudio fragasso,rossella drudi
tt4356128,\N,\N,\N,\N,\N,\N,taking control: simple mental & physical self defence for women,lynsey de paul,lynsey de paul,\N,\N,\N
tt4359394,\N,\N,\N,\N,\N,\N,haha no kokoro,\N,\N,\N,\N,\N
tt43598309,\N,\N,\N,\N,\N,\N,tadaimatteierubasyo,renpei tsukamoto,\N,\N,\N,\N
tt43598544,\N,\N,\N,\N,\N,\N,dead weight,andres e diaz,dane larsen,\N,\N,\N
tt43601467,\N,\N,\N,\N,\N,\N,maniacal,scott king,scott king,\N,\N,\N
tt43601619,\N,\N,\N,\N,\N,\N,alpacino said,mauro john capece,\N,\N,\N,\N
tt43607499,\N,\N,\N,\N,\N,\N,echoes at the lake,larry rosen,larry rosen,\N,\N,\N
tt43609983,from the ground up,vadym ilkov,\N,\N,\N,\N,from the ground up,vadym ilkov,\N,from the ground up,vadym ilkov,\N
tt43617067,\N,\N,\N,\N,\N,\N,searching for sasquatch: the lone star bigfoot,jason kenzie,jason kenzie; supra maia seven,\N,\N,\N
tt43617086,\N,\N,\N,\N,\N,\N,run for glory - the don beebe story,steven f zambo,steven f zambo,\N,\N,\N
tt43620289,\N,\N,\N,\N,\N,\N,o block: the movie,blitzerz,\N,o block: the movie,blitzerz,blitzerz
tt43621884,\N,\N,\N,\N,\N,\N,to hell and back,\N,pavel horishnyi,\N,\N,\N
tt43622885,\N,\N,\N,\N,\N,\N,encuentros,noe valladares,noe valladares,\N,\N,\N
tt43623416,\N,\N,\N,\N,\N,\N,cricket sadu,dilshara jayamanna,chandima kariyawasam; dilshara jayamanna,\N,\N,\N
tt43624865,\N,\N,\N,\N,\N,\N,moshe mizrahi climbing the mountain,michal batadam,\N,moshe mizrahi climbing the mountain,michal batadam,\N
tt43641818,\N,\N,\N,\N,\N,\N,el tiempo que vivimos,fernando camacho; jorge taboada,celia macarro; udi angulo,\N,\N,\N
tt43643833,\N,\N,\N,\N,\N,\N,the darkest light,simon mendes,aimee lyde,\N,\N,\N
tt43643900,\N,\N,\N,\N,\N,\N,i_f: the movie,gabrial black,gabrial black,\N,\N,\N
tt43646636,\N,\N,\N,\N,\N,\N,unlucky,zack avery,antonio enciso; zack avery,\N,\N,\N
tt43646811,\N,\N,\N,\N,\N,\N,hjbrl 2.0,rishin banerjee,sukumar ray,\N,\N,\N
tt43650089,\N,\N,\N,\N,\N,\N,peace,ralitza petrova,ralitza petrova,\N,\N,\N
tt43665937,\N,\N,\N,\N,\N,\N,love match,david knaggs,david knaggs,\N,\N,\N
tt43665968,\N,\N,\N,\N,\N,\N,imva ya mwihoro,amedee manirakiza,arnicia cadeau ravelle kagisye,\N,\N,\N
tt43666068,in all my journeys i am returning,manuel ponce de leon,cesar jaimes; jeronimo uribe; manuel ponce de leon,\N,\N,\N,in all my journeys i am returning,manuel ponce de leon,\N,in all my journeys i am returning,manuel ponce de leon,cesar jaimes; jeronimo uribe; manuel ponce de leon
tt43669158,\N,\N,\N,\N,\N,\N,the office affair,\N,oscar j starr iii,\N,\N,\N
tt43670673,\N,\N,\N,\N,\N,\N,\N,\N,\N,\N,\N,\N
tt43670968,\N,\N,\N,\N,\N,\N,essencia - um legado de amor e uniao,debora neto; patrick bublitz,debora neto; mima jeckel; patrick bublitz,\N,\N,\N
tt4368758,\N,\N,\N,\N,\N,\N,sapphic traffic,lex hefner,lex hefner,\N,\N,\N
tt4379520,\N,\N,\N,\N,\N,\N,eros no junin: hame kairaku,mototsugu watanabe,koji yamazaki,\N,\N,\N
tt4383688,\N,\N,\N,\N,\N,\N,the enigma variations,anasofia mastroianna,anasofia mastroianna,\N,\N,\N
tt4386326,\N,\N,\N,\N,\N,\N,the road to awe,jesse tunison,\N,\N,\N,\N
tt4391962,\N,\N,\N,\N,\N,\N,tawaraboshi gemba,shiro nakagawa,\N,\N,\N,\N
tt4419736,se acabo la epica,matilde michanie,\N,\N,\N,\N,se acabo la epica,matilde michanie,\N,se acabo la epica,matilde michanie,\N
tt4424080,\N,\N,\N,\N,\N,\N,hinazuru no kyoku,osamu wakayama,\N,\N,\N,\N
tt4444446,the sun,yu irie,tomohiro maekawa; yu irie,the sun,yu irie,\N,the sun,yu irie,\N,\N,\N,\N
tt4452086,\N,\N,\N,\N,\N,\N,for joshua,daniel sousa; joe blount,\N,\N,\N,\N
tt4456270,the sunshine makers,cosmo feildingmellen,connie littlefield,the sunshine makers,cosmo feilding mellen,\N,the sunshine makers,cosmo feildingmellen,connie littlefield; cosmo feildingmellen,the sunshine makers,cosmo feildingmellen,connie littlefield
tt4464310,\N,\N,\N,an interrupted flight,yelena arshakyan,anahit mekhitarian,an interrupted flight,arshakyan yelena,\N,\N,\N,\N
tt4466578,\N,\N,\N,\N,\N,\N,onna no shinu made,kensaku suzuki,\N,\N,\N,\N
tt4471444,\N,\N,\N,\N,\N,\N,sankukihai,\N,\N,\N,\N,\N
tt4472078,robert aickman: author of strange tales,\N,\N,\N,\N,\N,robert aickman: author of strange tales,\N,\N,robert aickman: author of strange tales,\N,\N
tt4478324,\N,\N,\N,\N,\N,\N,love of a lifetime,dominick wilkins,christi fonfara; denise hill,\N,\N,\N
tt4479520,\N,\N,\N,\N,\N,\N,harbinger,kathleen davison,kathleen davison,\N,\N,\N
tt4480234,\N,\N,\N,\N,\N,\N,soldier dog,\N,\N,\N,\N,\N
tt4487294,muy lejos de aqui,juan alejandro ramirez,\N,\N,\N,\N,muy lejos de aqui,juan alejandro ramirez,\N,muy lejos de aqui,juan alejandro ramirez,\N
tt4490112,\N,\N,\N,\N,\N,\N,sex addiction,nicolas roquefortvilleneuve,\N,\N,\N,\N
tt4496808,\N,\N,\N,\N,\N,\N,arashi no mai,\N,\N,\N,\N,\N
tt4499186,portrait of a garden,rosie stapel,\N,portrait of a garden,rosie stapel,rosie stapel,portrait of a garden,rosie stapel,\N,portrait of a garden,rosie stapel,\N
tt4499544,\N,\N,\N,\N,\N,\N,chokouka no kyodai,\N,\N,\N,\N,\N
tt4501838,\N,\N,\N,\N,\N,\N,six mile creek,todd allen,todd allen,\N,\N,\N
tt4503084,the bribe of heaven,lisandro duque naranjo,lisandro duque naranjo,el soborno del cielo,lisandro duque naranjo,lisandro duque naranjo,el soborno del cielo,lisandro duque naranjo,lisandro duque naranjo,the bribe of heaven,lisandro duque naranjo,lisandro duque naranjo
tt4505118,arrete ton cinema !,diane kurys,diane kurys; sylvie testud,arrete ton cinema,diane kurys,diane kurys; sylvie testud,arrete ton cinema!,diane kurys,diane kurys; sylvie testud,arrete ton cinema !,diane kurys,diane kurys; sylvie testud
tt4521944,\N,\N,\N,\N,\N,\N,teri meri aashiqui: bhojpuri,sujit kumar puri,sujit kumar puri,\N,\N,\N
tt4523928,fun size horror: volume two,andrew wesman; karen gillan; mark alan miller; michael may; ned ehrbar; patrick rea; peter wu; stephen boyer; taylor phillips; vivian lin; zeke pinheiro,christian francis; joe wicker; karen gillan; mali elfman; ned ehrbar; patrick rea; peter wu; stephanie ko; stephen boyer; taylor phillips; vivian lin; zeke pinheiro,fun size horror: volume two,\N,\N,fun size horror: volume two,andrew wesman; karen gillan; mark alan miller; michael may; ned ehrbar; patrick rea; peter wu; stephen boyer; taylor phillips; vivian lin; zeke pinheiro,\N,fun size horror: volume two,andrew wesman; karen gillan; mark alan miller; michael may; ned ehrbar; patrick rea; peter wu; stephen boyer; taylor phillips; vivian lin; zeke pinheiro,christian francis; joe wicker; karen gillan; mali elfman; ned ehrbar; patrick rea; peter wu; stephanie ko; stephen boyer; taylor phillips; vivian lin; zeke pinheiro
tt4532416,through,andre lorenz michiles; diogo soares martins; fabio bardella,\N,\N,\N,\N,through,andre lorenz michiles; diogo soares martins; fabio bardella,\N,through,andre lorenz michiles; diogo soares martins; fabio bardella,\N
tt4538650,\N,\N,\N,\N,\N,\N,stray dogs,mj alhabeeb jr,mj alhabeeb jr; steve straka,\N,\N,\N
tt4543674,the end of year,jing wang,wu nan; xiaodong xie,\N,\N,\N,the end of year,jing wang,\N,the end of year,jing wang,wu nan; xiaodong xie
tt4552984,\N,\N,\N,\N,\N,\N,gemma's tale,alan colegrave,alan colegrave,\N,\N,\N
tt4553016,\N,\N,\N,\N,\N,\N,les temps changent,greg ruggeri,greg ruggeri,\N,\N,\N
tt4556648,\N,\N,\N,\N,\N,\N,free ride,scott miller,\N,\N,\N,\N
tt4559202,\N,\N,\N,\N,\N,\N,ek pyaar aisa bhi,\N,\N,\N,\N,\N
tt4567320,born guilty,max heller,max heller,born guilty,max heller,\N,born guilty,max heller,\N,born guilty,max heller,max heller
tt4571282,\N,\N,\N,\N,\N,\N,roll-call: videograss,\N,\N,\N,\N,\N
tt4573498,nice desune: muranishi toru,\N,\N,\N,\N,\N,nice desune: muranishi toru,\N,\N,nice desune: muranishi toru,\N,\N
tt4576054,\N,\N,\N,hard hitter,frederik withseidelin skov,\N,hard hitter,frederik withseidelin skov,\N,\N,\N,\N
tt4580842,\N,\N,\N,\N,\N,\N,the deserters,todd allen,todd allen,\N,\N,\N
tt4592022,\N,\N,\N,\N,\N,\N,yakko no koman,shiro nakagawa,\N,\N,\N,\N
tt4595114,\N,\N,\N,poverty inc.,gary null,\N,poverty inc,gary null; valerie van cleve,richard gale,\N,\N,\N
tt4597436,the great white tiger platoon,katsuhiko tasaka,fuji yahiro,the great white tiger platoon,katsuhiko tasaka,fuji yahiro,the great white tiger platoon,katsuhiko tasaka,\N,the great white tiger platoon,katsuhiko tasaka,fuji yahiro
tt4607132,\N,\N,\N,\N,\N,\N,prahlad: ein junge in indien,franz stepan,ludger kuhnhardt,\N,\N,\N
tt4631312,\N,\N,\N,\N,\N,\N,zapret,aleksey kozlov,aleksey kozlov,\N,\N,\N
tt4633708,\N,\N,\N,\N,\N,\N,scrum of the earth,luke sauser,luke sauser,\N,\N,\N
tt4635152,\N,\N,\N,\N,\N,\N,undue influence,joel colburn,joel colburn,\N,\N,\N
tt4638196,\N,\N,\N,\N,\N,\N,be here now,vineet dewan,samantha taylor pickett; vineet dewan,\N,\N,\N
tt4642420,the poetry of cinema: abbas kiarostami in conversation with richard pena,\N,\N,\N,\N,\N,the poetry of cinema: abbas kiarostami in conversation with richard pena,\N,\N,the poetry of cinema: abbas kiarostami in conversation with richard pena,\N,\N
tt4649694,logbook_serbistan,zelimir zilnik,zelimir zilnik,\N,\N,\N,logbook_serbistan,zelimir zilnik,\N,logbook_serbistan,zelimir zilnik,zelimir zilnik
tt4651578,muna,serdar gozelekli,\N,\N,\N,\N,muna,serdar gozelekli,\N,muna,serdar gozelekli,\N
tt4659710,the limit of,alan mulligan,alan mulligan,the limit of,\N,\N,the limit of,alan mulligan,alan mulligan,the limit of,alan mulligan,alan mulligan
tt4665360,\N,\N,\N,jens munk nordvestxpeditionen,ole japp,\N,jens munk: nordvestxpeditionen,ole japp,jens munk; ole japp,\N,\N,\N
tt4665482,\N,\N,\N,\N,\N,\N,pensees secretes,\N,amy waddell,\N,\N,\N
tt4671628,\N,\N,\N,\N,\N,\N,the swiss with bulgarian heart,martin stamatov,ivomir kolev,\N,\N,\N
tt4674916,\N,\N,\N,\N,\N,\N,sidetracked,francesco bori,francesco bori; michael bianco; richard penny,\N,\N,\N
tt4679030,\N,\N,\N,\N,\N,\N,onna no shitto,\N,\N,\N,\N,\N
tt4685428,1 buck,fabien dufils,fabien dufils,1 buck,\N,\N,1 buck,fabien dufils,fabien dufils,1 buck,fabien dufils,fabien dufils
tt4685626,eyes of the dead,ben samuels,\N,eyes of the dead,\N,\N,eyes of the dead,ben samuels,ben samuels,eyes of the dead,ben samuels,\N
tt4691796,\N,\N,\N,\N,\N,\N,harold,\N,pepper cross,\N,\N,\N
tt4694966,\N,\N,\N,\N,\N,\N,out of the friendzone,r michael egan,r michael egan,\N,\N,\N
tt4700538,hollywood road trip,johnny soto,jeff garner; johnny soto,\N,\N,\N,hollywood road trip,johnny soto,jeff garner; johnny soto,hollywood road trip,johnny soto,jeff garner; johnny soto
tt4707940,miss tanakpur haazir ho,vinod kapri,vinod kapri,miss tanakpur haazir ho,vinod kapri,vinod kapri,miss tanakpur haazir ho,anup das; vinod kapri,varun gautam; vinod kapri,miss tanakpur haazir ho,vinod kapri,vinod kapri
tt4709038,\N,\N,\N,\N,\N,\N,plessi. il flusso della ragione,andre guidot; diego loreggian,\N,\N,\N,\N
tt4714710,a nice quiet life,edgar michael bravo,edgar michael bravo,a nice quiet life,\N,\N,a nice quiet life,edgar michael bravo,\N,a nice quiet life,edgar michael bravo,edgar michael bravo
tt4717402,mfkz,guillaume renard; shojiro nishimi,bennett abara; guillaume renard,mutafukaz,run; shojiro nishimi,run,mfkz,guillaume renard; shojiro nishimi,baljeet rai; bennett abara; guillaume renard,mfkz,guillaume renard; shojiro nishimi,bennett abara; guillaume renard
tt4726540,\N,\N,\N,\N,\N,\N,final match,darren denison,darren denison,\N,\N,\N
tt4738196,\N,\N,\N,\N,\N,\N,threshold,vincenzio libertini,vincenzio libertini,\N,\N,\N
tt4743416,\N,\N,\N,\N,\N,\N,kevin,adam mckay,adam mckay; kevin emery,\N,\N,\N
tt4757634,\N,\N,\N,\N,\N,\N,cho gendaijin,bansho kanamori,\N,\N,\N,\N
tt4761082,\N,\N,\N,\N,\N,\N,de verloren vader,ton van steen,sebastiaan huizer; ton van steen,\N,\N,\N
tt4769258,dance with me,mikhail shevchuk,mikhail shevchuk,\N,\N,\N,dance with me,mikhail shevchuk,\N,dance with me,mikhail shevchuk,mikhail shevchuk
tt4792240,neverending past,andro martinovic,andro martinovic,neverending past,andro martinovic,\N,neverending past,andro martinovic,andro martinovic,neverending past,andro martinovic,andro martinovic
tt4796754,\N,\N,\N,\N,\N,\N,einsame geburt - hebammen in not,nadine peschel,\N,\N,\N,\N
tt4796878,\N,\N,\N,\N,\N,\N,winners,jamie patterson,hugh brune,\N,\N,\N
tt4797160,larceny,r ellis frazier,benjamin budd; scott windhauser,larceny,r ellis frazier,\N,larceny,r ellis frazier,benjamin budd; scott windhauser,larceny,r ellis frazier,benjamin budd; scott windhauser
tt4799708,\N,\N,\N,\N,\N,\N,romancing the chakra,anna broinowski,\N,\N,\N,\N
tt4799794,\N,\N,\N,\N,\N,\N,stella ciao,vito robbiani,mario fabio; vito robbiani,\N,\N,\N
tt4805316,a dark song,liam gavin,liam gavin,a dark song,liam gavin,liam gavin,a dark song,liam gavin,liam gavin,a dark song,liam gavin,liam gavin
tt4809344,\N,\N,\N,\N,\N,\N,the black that follows,bloom,bloom,\N,\N,\N
tt4810964,beginner,burcak uzen,\N,beginner,\N,\N,beginner,burcak uzen,burcak uzen,beginner,burcak uzen,\N
tt4820180,\N,\N,\N,\N,\N,\N,celling your soul: no app for life,joni siani,joni siani,\N,\N,\N
tt4823236,\N,\N,\N,\N,\N,\N,a teacher's mission,eric vander borght,\N,\N,\N,\N
tt4829166,\N,\N,\N,\N,\N,\N,kopp chapter 2,ange jisa,ange jisa,\N,\N,\N
tt4829912,seeds,marina viscun,marina viscun,\N,\N,\N,seeds,marina viscun,\N,seeds,marina viscun,marina viscun
tt4833050,jeonju digital project 2012,raya martin; vimukthi jayasundara; ying liang,\N,\N,\N,\N,jeonju digital project 2012,liang ying; raya martin; vimukthi jayasundara,\N,jeonju digital project 2012,raya martin; vimukthi jayasundara; ying liang,\N
tt4843344,speech & debate,dan harris,stephen karam,speech & debate,dan harris,stephen karam,speech & debate,dan harris,stephen karam,speech & debate,dan harris,stephen karam
tt4846490,416,jim fields,\N,\N,\N,\N,416,jim fields,\N,416,jim fields,\N
tt4853318,the welder,\N,\N,\N,\N,\N,the welder,\N,\N,the welder,\N,\N
tt4854500,the unidentified,marija ristic; nemanja babic,ivana nikolic; marija ristic; milka domanovic,\N,\N,\N,the unidentified,marija ristic; nemanja babic,\N,the unidentified,marija ristic; nemanja babic,ivana nikolic; marija ristic; milka domanovic
tt4860100,my see-through heart,david vitaldurand; raphael vitaldurand,david vitaldurand; raphael vitaldurand; stephane miquel,her secret life,\N,\N,her secret life,david vitaldurand; raphael vitaldurand,david vitaldurand; stephane miquel; veronique ovalde,my see-through heart,david vitaldurand; raphael vitaldurand,david vitaldurand; raphael vitaldurand; stephane miquel
tt4861404,\N,\N,\N,\N,\N,\N,friday off,yahya alabdallah,\N,\N,\N,\N
tt4865728,\N,\N,\N,\N,\N,\N,kiketsu musashi: kohen,\N,\N,\N,\N,\N
tt4871736,hidden identity,salvo cuccia,alfonso sabella; federica cuccia; marco alessi; salvo cuccia,\N,salvo cuccia,salvo cuccia,hidden identity,salvo cuccia,\N,hidden identity,salvo cuccia,alfonso sabella; federica cuccia; marco alessi; salvo cuccia
tt4880830,week-end a sochaux,bruno muel,\N,\N,bruno muel,\N,week-end a sochaux,bruno muel,\N,week-end a sochaux,bruno muel,\N
tt4885016,the discrete charm of geometry,ekaterina eremenko,ekaterina eremenko,\N,\N,\N,the discrete charm of geometry,ekaterina eremenko,\N,the discrete charm of geometry,ekaterina eremenko,ekaterina eremenko
tt4886392,good times never come,keith lukowski,\N,\N,\N,\N,good times never come,keith lukowski,\N,good times never come,keith lukowski,\N
tt4897380,\N,\N,\N,\N,\N,\N,my daddy strongest,rahul kapoor,\N,\N,\N,\N
tt4899006,\N,\N,\N,\N,\N,\N,pagadala padava,uv babu,\N,\N,\N,\N
tt4906814,the panelist,juan manuel repetto,juan manuel repetto,\N,\N,\N,the panelist,juan manuel repetto,\N,the panelist,juan manuel repetto,juan manuel repetto
tt4925298,\N,\N,\N,\N,\N,\N,crash site,charles gibson,chuck pfarrer,\N,\N,\N
tt4933776,\N,\N,\N,\N,\N,\N,the killer in me,\N,simon oliver,\N,\N,\N
tt4934360,\N,\N,\N,\N,\N,\N,die madonna mit den lilien,frederic zelnik,alfred halm,\N,\N,\N
tt4941818,summer sacrament,lionel desai,lionel desai,\N,\N,\N,summer sacrament,lionel desai,\N,summer sacrament,lionel desai,lionel desai
tt4942400,jaahel and the dancer,reza safaei,habibollah kasmai,jaahel and the dancer,reza safaei,\N,jaahel and the dancer,reza safaei,\N,jaahel and the dancer,reza safaei,habibollah kasmai
tt4943366,coming so fast,jamal qasim,abdel fattah elbeltagy,coming as soon as possible,\N,\N,coming so fast,jamal qasim,\N,coming so fast,jamal qasim,abdel fattah elbeltagy
tt4945086,\N,\N,\N,\N,\N,\N,jews step forward,elika rezaee; marjorie wright,marjorie wright,\N,\N,\N
tt4956160,censor,konstantin shelepov,ivan tropov,censor,\N,\N,censor,konstantin shelepov,ivan tropov,censor,konstantin shelepov,ivan tropov
tt4957716,\N,\N,\N,\N,\N,\N,faction iii: resurrection,\N,lisa munsterhjelm,\N,\N,\N
tt4958770,maximo marquez,\N,\N,\N,\N,\N,maximo marquez,\N,\N,maximo marquez,\N,\N
tt4970804,manhunt,\N,\N,\N,\N,\N,shield of straw,\N,creighton rothenberger screenplay; katrin benedikt screenplay; kazuhiro kiuchi based on the novel by; kazuhiro kiuchi novel,manhunt,\N,\N
tt4976478,\N,\N,\N,\N,\N,\N,anouche 6 to 7,\N,\N,\N,\N,\N
tt4976510,\N,\N,\N,\N,\N,\N,jala ke raakh kar doonga,\N,\N,\N,\N,\N
tt4984670,colloques,emmanuel plasseraud,\N,\N,\N,\N,colloques,emmanuel plasseraud,\N,colloques,emmanuel plasseraud,\N
tt4985504,get rich free,paul thind; shayan sharmahd,paul thind,\N,\N,\N,get rich free,paul thind; shayan sharmahd,\N,get rich free,paul thind; shayan sharmahd,paul thind
tt4990024,\N,\N,\N,\N,\N,\N,game,m sharfuddin anik,jakaria showkhin,\N,\N,\N
tt4996442,\N,\N,\N,\N,\N,\N,asian tickle fantasies,\N,\N,\N,\N,\N
tt5004930,passeurs,pamela varela,\N,\N,\N,\N,passeurs,pamela varela,\N,passeurs,pamela varela,\N
tt5011026,\N,\N,\N,\N,\N,\N,rochemort,jonathan helpert,francois armanet; jean helpert; jonathan helpert,\N,\N,\N
tt5017008,my grandmother fanny kaplan,olena demianenko,dmytro tomashpolskyi; olena demianenko,her name was fanny kaplan,olena demyanenko,dmytro tomashpolskyi; olena demyanenko,my grandmother fanny kaplan,alena demyanenko,alena demyanenko; dmitriy tomashpolskiy,my grandmother fanny kaplan,olena demianenko,dmytro tomashpolskyi; olena demianenko
tt5017430,\N,\N,\N,\N,\N,\N,way,\N,monique prestridge,\N,\N,\N
tt5021236,\N,\N,\N,\N,\N,\N,untitled dj greg mack project,\N,\N,\N,\N,\N
tt5021840,\N,\N,\N,\N,\N,\N,manhattan cop,\N,jessica harveysmith; luing andrews,\N,\N,\N
tt5031156,\N,\N,\N,\N,\N,\N,charlie melody,erica beeney,erica beeney,\N,\N,\N
tt5033438,\N,\N,\N,\N,\N,\N,telltale genes: charting human disease,\N,\N,\N,\N,\N
tt5036134,nocturne,konstantinos frangopoulos,malachi smyth,\N,\N,\N,nocturne,konstantinos frangopoulos,malachi smyth,nocturne,konstantinos frangopoulos,malachi smyth
tt5037684,the rainbow experiment,christina kallas,christina kallas,the rainbow experiment,christina kallas,\N,the rainbow experiment,christina kallas,christina kallas,the rainbow experiment,christina kallas,christina kallas
tt5041372,the seal of the sun,futoshi sato,\N,the seal of the sun,futoshi sato,\N,taiyo no futa,futoshi sato,takashi hasegawa,the seal of the sun,futoshi sato,\N
tt5047334,carl andersens underground der liebe,jindra gerald; martin nechvatal,jindra gerald; martin nechvatal,\N,\N,\N,carl andersens underground der liebe,jindra gerald; martin nechvatal,\N,carl andersens underground der liebe,jindra gerald; martin nechvatal,jindra gerald; martin nechvatal
tt5048390,\N,\N,\N,\N,\N,\N,takano choei,zanmu kako,\N,\N,\N,\N
tt5060306,\N,\N,\N,\N,\N,\N,garbhasreeman,anil gopinath,suvachan,\N,\N,\N
tt5061064,\N,\N,\N,\N,\N,\N,69 prima,franco bertini,\N,\N,\N,\N
tt5066676,\N,\N,\N,\N,\N,\N,an adventure with friends,katrina walia,katrina walia,\N,\N,\N
tt5070270,\N,\N,\N,45: a rock n roll documentary,ed santiago,\N,45: a rock n roll documentary,ed santiago,\N,\N,\N,\N
tt5080312,\N,\N,\N,\N,\N,\N,dev kanatlar: kara akbaba,ece soydam,ece soydam,\N,\N,\N
tt5080780,\N,\N,\N,\N,leo joannon,georges de la fouchardiere,le bouif chez les pur-sang,leo joannon,georges de la fouchardiere,\N,\N,\N
tt5080992,\N,\N,\N,\N,\N,\N,santa's naughty list,larry long,\N,\N,\N,\N
tt5083110,el origen del cielo,david belmar,david belmar,\N,\N,\N,el origen del cielo,david belmar,\N,el origen del cielo,david belmar,david belmar
tt5084536,\N,\N,\N,\N,\N,\N,boko no tameni,yutaka abe,\N,\N,\N,\N
tt5086444,\N,\N,\N,\N,\N,\N,test,\N,\N,\N,\N,\N
tt5087042,\N,\N,\N,\N,\N,\N,how did i get here... again,grace nix,grace nix; reed mcconnell,\N,\N,\N
tt5089150,elisa,\N,\N,\N,\N,\N,elisa,\N,\N,elisa,\N,\N
tt5093026,papillon,michael noer,aaron guzikowski,papillon,michael noer,aaron guzikowski; lorenzo semple jr,papillon,michael noer,aaron guzikowski; dalton trumbo; henri charriere,papillon,michael noer,aaron guzikowski
tt5094584,\N,\N,\N,\N,\N,\N,omar: dugo sa lupang pangako,roland ledesma,eddie joson,\N,\N,\N
tt5104422,\N,\N,\N,\N,\N,\N,kami ningyo,shunichi takeuchi,takehei ame,\N,\N,\N
tt5106690,\N,\N,\N,\N,\N,\N,muffin's coffins,\N,\N,\N,\N,\N
tt5109302,ghost note,troy hart,troy hart,\N,\N,\N,ghost note,troy hart,troy hart,ghost note,troy hart,troy hart
tt5116946,\N,\N,\N,\N,\N,\N,functional blackroll fascial training: the perfect combination of aerobic exercise and regeneration,\N,\N,\N,\N,\N
tt5117152,killer punjabi,\N,\N,killer punjabi,lakhvir bansi; parvinder singh wraich,\N,killer punjabi,lakhvir bansi; parvinder singh wraich,ravinder singh,killer punjabi,\N,\N
tt5125582,for ever & ever,vladimir chubrikov,olga elagina; vladimir chubrikov,\N,\N,\N,for ever & ever,vladimir chubrikov,\N,for ever & ever,vladimir chubrikov,olga elagina; vladimir chubrikov
tt5127226,\N,\N,\N,\N,\N,\N,into the unknown: pollution,\N,\N,\N,\N,\N
tt5127980,\N,\N,\N,\N,\N,\N,pnoi zois,dimitris vernikos; vlachou polly,dimitris vernikos; vlachou polly,\N,\N,\N
tt5132502,the indie 500,josef rodriguez,\N,\N,\N,\N,the indie 500,josef rodriguez,\N,the indie 500,josef rodriguez,\N
tt5133956,desire for love,viktor georgiyev,aleksandr kuprin; viktor georgiyev,\N,viktor georgiyev,\N,desire for love,viktor georgiyev,\N,desire for love,viktor georgiyev,viktor georgiyev
tt5134724,peter the 3rd,tommy lang,dikla benzion,\N,tommy lang,tommy lang,peter the 3rd,tommy lang,\N,peter the 3rd,tommy lang,dikla benzion
tt5144884,\N,\N,\N,\N,\N,\N,a knight to remember,hussain ahmad,hussain ahmad,\N,\N,\N
tt5147202,stalked,taylor bridges,taylor bridges,\N,\N,\N,stalked,taylor bridges,taylor bridges,stalked,taylor bridges,taylor bridges
tt5158484,\N,\N,\N,\N,\N,\N,if you find me,\N,\N,\N,\N,\N
tt5168754,ika hands,robert gardner,robert gardner,ika hands,robert gardner,\N,ika hands,robert gardner,\N,ika hands,robert gardner,robert gardner
tt5180796,fidan,erdogan tokatl,erdogan tokatl; macit koper,fidan,erdogan tokatl,macit koper,fidan,erdogan tokatl,\N,fidan,erdogan tokatl,erdogan tokatl; macit koper
tt5187166,sino? si amang,tata nel,dhouglas veron; teody p recio,\N,\N,\N,sino? si amang,tata nel,\N,sino? si amang,tata nel,dhouglas veron; teody p recio
tt5187456,\N,\N,\N,\N,\N,\N,"the man who sculpted hares: barry flanagan, a life",peter bach,\N,\N,\N,\N
tt5199600,\N,\N,\N,\N,\N,\N,teens on age,\N,henning gronkowski,\N,\N,\N
tt5203594,\N,\N,\N,\N,\N,\N,sinterklaas en het gouden hart,david slob,anne timmermans; david slob,\N,\N,\N
tt5204388,\N,\N,\N,\N,\N,\N,the butcher's revenge,gabriele stifani; luca stifani,gabriele stifani; luca stifani,\N,\N,\N
tt5226378,que pena tu vida,luis eduardo reyes,angel pulido; luis eduardo reyes; valentin trujillo jr,que pena tu vida,luis eduardo reyes,\N,que pena tu vida,luis eduardo reyes,angel pulido; guillermo amoedo; nicolas lopez,que pena tu vida,luis eduardo reyes,angel pulido; luis eduardo reyes; valentin trujillo jr
tt5226650,\N,\N,\N,\N,\N,\N,villisca,\N,brad ryal; dennis tipton ii,\N,\N,\N
tt5236530,\N,\N,\N,\N,\N,\N,tonosama hotel,fumindo kurata,fumindo kurata,\N,\N,\N
tt5239086,london recruits,gordon main,gordon main,comrade tambo's london recruits,\N,\N,london recruits,gordon main,\N,london recruits,gordon main,gordon main
tt5241598,la leyenda,elias acosta,carmen mirabal,\N,\N,\N,la leyenda,elias acosta,\N,la leyenda,elias acosta,carmen mirabal
tt5248690,\N,\N,\N,\N,\N,\N,perspective chapter 2: the misdemeanor,rose troche,rose troche,\N,\N,\N
tt5249022,dark entry,\N,\N,\N,\N,\N,dark entry,\N,\N,dark entry,\N,\N
tt5254006,\N,\N,\N,\N,\N,\N,kuon no sasayaki,shuichi yamashita,\N,\N,\N,\N
tt5254212,the brand new legend of the stardust brothers,makoto tezuka,keralino sandorovich; makoto tezuka,\N,\N,\N,the brand new legend of the stardust brothers,makoto tezuka,\N,the brand new legend of the stardust brothers,makoto tezuka,keralino sandorovich; makoto tezuka
tt5257730,the last women standing,luo luo,luo luo,the last women standing,luo luo,\N,the last women standing,luo luo,luo luo,the last women standing,luo luo,luo luo
tt5263888,"wake up, girls! beyond the bottom",yutaka yamamoto,\N,"wake up, girls! beyond the bottom",yutaka yamamoto,\N,"wake up, girls! beyond the bottom",yutaka yamamoto,\N,"wake up, girls! beyond the bottom",yutaka yamamoto,\N
tt5265070,\N,\N,\N,\N,\N,\N,the legend of el duelo,jose alejandro acosta,terry herbert,\N,\N,\N
tt5267872,\N,\N,\N,kiwani: the movie,\N,\N,kiwani,hannington bugingo; henry h ssali,\N,\N,\N,\N
tt5268004,\N,\N,\N,\N,\N,\N,black for a cause,stephen thompson,stephen thompson,\N,\N,\N
tt5274138,\N,\N,\N,\N,\N,\N,kurueru hyojin,yaroku kobayashi,\N,\N,\N,\N
tt5280554,\N,\N,\N,luna-odessa,anatolii mateshko,lyuko dashvar,luna-odessa,anatoliy mateshko,irina chernova,\N,\N,\N
tt5286520,quantum revolution,vincent langouche,\N,\N,\N,\N,quantum revolution,vincent langouche,\N,quantum revolution,vincent langouche,\N
tt5286556,tawilwil gang,\N,\N,\N,\N,\N,tawilwil gang,\N,\N,tawilwil gang,\N,\N
tt5293604,teiichi: battle of supreme high,akira nagai,yoshihiro izumi,teiichi no kuni,akira nagai,\N,teiichi: battle of supreme high,akira nagai,\N,teiichi: battle of supreme high,akira nagai,yoshihiro izumi
tt5294732,\N,\N,\N,\N,\N,\N,con 8,rob hawk,rob hawk,\N,\N,\N
tt5294770,damnesia,scout tafoya,\N,\N,\N,\N,damnesia,scout tafoya,\N,damnesia,scout tafoya,\N
tt5295412,christmas with cookie,alan maxson; shawn schminke,alan maxson,\N,\N,\N,christmas with cookie,alan maxson; shawn schminke,alan maxson,christmas with cookie,alan maxson; shawn schminke,alan maxson
tt5296590,\N,\N,\N,\N,\N,\N,opfer der liebe,fred holm,r guntzel,\N,\N,\N
tt5312422,\N,\N,\N,\N,\N,\N,cymbeline: une histoire a 6 petites mains,yann guerin,sebastien brunaud; yann guerin,\N,\N,\N
tt5313136,\N,\N,\N,\N,\N,\N,peele parbat kaale chor,\N,\N,\N,\N,\N
tt5313578,\N,\N,\N,\N,\N,\N,shambhala,\N,sandy krolick,\N,\N,\N
tt5314690,\N,\N,\N,\N,\N,\N,abesha.com,nahor solomon,nahor solomon,\N,\N,\N
tt5315588,\N,\N,\N,\N,\N,\N,senior freshman,\N,gray ellis,\N,\N,\N
tt5317286,franca: chaos and creation,francesco carrozzini,\N,franca: chaos and creation,francesco carrozzini,\N,franca: chaos and creation,francesco carrozzini,\N,franca: chaos and creation,francesco carrozzini,\N
tt5319410,\N,\N,\N,\N,\N,\N,dual,\N,\N,\N,\N,\N
tt5320954,\N,\N,\N,\N,\N,\N,from a jack to a queen,gordon clark,aj ferrara; gordon clark,\N,\N,\N
tt5329898,\N,\N,\N,\N,\N,\N,bigly yellow,nigel deans; nubar ghazarian,\N,\N,\N,\N
tt5333022,\N,\N,\N,\N,\N,\N,architectones by xavier veilhan,francois combin,francois combin,\N,\N,\N
tt5333956,the beast is still alive,mina mileva; vesela kazakova,mina mileva; vesela kazakova,the beast is still alive,mina mileva; vesela kazakova,\N,the beast is still alive,mina mileva; vesela kazakova,mina mileva; vesela kazakova,the beast is still alive,mina mileva; vesela kazakova,mina mileva; vesela kazakova
tt5338172,\N,\N,\N,\N,\N,\N,saheiji torimonocho: kaibutsu - zempen,bansho kanamori,\N,\N,\N,\N
tt5342530,\N,\N,\N,\N,\N,\N,bendy caravans and everlasting pens: a portrait of evered wigg,nick murray brown,nick murray brown,\N,\N,\N
tt5352024,outlaw,jahangir jahangiri,jamshid heydari,outlaw,jahangir jahangiri,jamshid heidari,outlaw,jahangir jahangiri,\N,outlaw,jahangir jahangiri,jamshid heydari
tt5358570,like for likes,park hyunjin,yu youngah,like for likes,park hyunjin,\N,like for likes,park hyeonjin,eunill lee; park hyeonjin; yoo yeongah,like for likes,park hyunjin,park hyunjin; yu youngah
tt5361488,magellan,rob york,rob york; scott baird,\N,\N,\N,magellan,rob york,rob york; scott baird,magellan,rob york,rob york; scott baird
tt5363648,fishtales,evan tramel,lisa baget,fishtales,\N,\N,fishtales,evan tramel,lisa baget,fishtales,evan tramel,lisa baget
tt5368690,where's daddy?,\N,\N,\N,\N,\N,where's daddy?,\N,\N,where's daddy?,\N,\N
tt5372640,\N,\N,\N,\N,\N,\N,underneath,joel novoa,matthew allen,\N,\N,\N
tt5373240,\N,\N,\N,\N,\N,\N,a maldicao da rosa,thais de campos,carlos fernando barros; vitor de oliveira,\N,\N,\N
tt5375078,\N,\N,\N,\N,\N,\N,mothermafia,jaga peddi,jaga peddi,\N,\N,\N
tt5375516,\N,\N,\N,\N,\N,\N,actor,dayal padmanabhan,dayal padmanabhan,\N,\N,\N
tt5376228,worth the price,michael copon,arkeisha roberts; michael copon,\N,\N,\N,worth the price,michael copon,\N,worth the price,michael copon,arkeisha roberts; michael copon
tt5376438,\N,\N,\N,\N,\N,\N,obsesion,oddi diaz,felipe andino,\N,\N,\N
tt5378292,earth sutra,jordi carot; jose saenz de heredia,jordi carot; jose saenz de heredia,earth sutra,jordi carot; jose saenz de heredia,\N,earth sutra,jordi carot; jose saenz de heredia,jordi carot; jose saenz de heredia,earth sutra,jordi carot; jose saenz de heredia,jordi carot; jose saenz de heredia
tt5389834,\N,\N,\N,\N,\N,\N,foreignflame: btj,jaga peddi,jaga peddi; siddharth dhar,\N,\N,\N
tt5390246,taken heart,steven r monroe,shanrah wakefield; sophie tilson,\N,\N,\N,heartbeat,steven r monroe,shanrah wakefield; sophie tilson,taken heart,steven r monroe,shanrah wakefield; sophie tilson
tt5420650,listen,dakei; eri makihara,\N,listen,dakei; eri makihara,\N,listen,dakei; eri makihara,\N,listen,dakei; eri makihara,\N
tt5425144,mission milano,wong jing,wong jing,mission milano,wong jing,\N,mission milano,jing wong,jing wong,mission milano,wong jing,wong jing
tt5425194,\N,\N,\N,rahe chardi kala punjab di,\N,\N,rahe chardi kala punjab di,shapinder pal singh,shapinder pal singh,\N,\N,\N
tt5430276,\N,\N,\N,\N,\N,\N,turncoat,\N,edward ricourt,\N,\N,\N
tt5438396,from fico to fico,zuzana piussi,\N,od fica do fica,zuzana piussi,\N,from fico to fico,zuzana piussi,\N,from fico to fico,zuzana piussi,\N
tt5439736,\N,\N,\N,\N,\N,\N,vefa,\N,\N,\N,\N,\N
tt5441966,\N,\N,\N,\N,\N,\N,lila,igor bogdanovic,igor bogdanovic,\N,\N,\N
tt5445664,\N,\N,\N,\N,\N,\N,'otoko tai otoko' yori: inochi mo koi mo,isamu kosugi,motomu ida; tabito miyamoto,\N,\N,\N
tt5449088,enemies in-law,kim jinyoung,jo joonghoon,enemies in-law,kim jinyeong,\N,enemies in-law,kim jinyoung,\N,enemies in-law,kim jinyoung,jo joonghoon; kim jinyoung
tt5451118,303,hans weingartner,hans weingartner; silke eggert,303,hans weingartner,hans weingartner,303,hans weingartner,hans weingartner; sergej moya; silke eggert,303,hans weingartner,hans weingartner; silke eggert
tt5456400,ufo: the greatest story ever denied iii - ufos from outer space,jose escamilla,jose escamilla,ufo: the greatest story ever denied iii ufos from outer space,jose escamilla,\N,ufo: the greatest story ever denied iii - ufos from outer space,jose escamilla,jose escamilla,ufo: the greatest story ever denied iii - ufos from outer space,jose escamilla,jose escamilla
tt5457722,brahmotsavam,srikanth addala,srikanth addala,brahmotsavam,srikanth addala,srikanth addala,brahmotsavam,srikanth addala,krishna chaitanya; srikanth addala,brahmotsavam,srikanth addala,\N
tt5461632,\N,\N,\N,\N,\N,\N,proudly we served: virgin islands veterans of world war ii,joan keenan,jean picou; roberta knowles,\N,\N,\N
tt5462846,\N,\N,\N,\N,\N,\N,title seven,brandon ross,\N,\N,\N,\N
tt5463510,lantouri,reza dormishian,reza dormishian,lantouri,reza dormishian,reza dormishian,lantouri,reza dormishian,reza dormishian,lantouri,reza dormishian,reza dormishian
tt5465562,\N,\N,\N,\N,\N,\N,tatlong big shot,tony camonte,tony camonte,\N,\N,\N
tt5467140,the pretty ones,melisa liebenthal,melisa liebenthal,\N,\N,\N,the pretty ones,melisa liebenthal,\N,the pretty ones,melisa liebenthal,melisa liebenthal
tt5468022,digimon adventure tri. part 6: future,keitaro motonaga,\N,digimon adventure tri. 6,\N,\N,digimon adventure tri. part 6: future,\N,akiyoshi hongo,digimon adventure tri. part 6: future,keitaro motonaga,\N
tt5469480,saving faith,chip rossetti,adam lewis,\N,\N,\N,saving faith,chip rossetti,\N,saving faith,chip rossetti,adam lewis
tt5477002,super eunuch,yang jiao,\N,\N,\N,\N,super eunuch,yang jiao,jiaoshou qin,super eunuch,yang jiao,\N
tt5477378,\N,\N,\N,\N,\N,\N,sirena operaia,gianfranco pannone,\N,\N,\N,\N
tt5479682,chiranjeev,ramesh more,ramesh more,\N,\N,\N,chiranjeev,ramesh more,\N,chiranjeev,ramesh more,ramesh more
tt5482242,fluidity,linda yellen,linda yellen; michael leeds; stephanie wahlstrom,fluidity,linda yellen,linda yellen,fluidity,linda yellen,\N,fluidity,linda yellen,linda yellen; michael leeds; stephanie wahlstrom
tt5487426,\N,\N,\N,\N,\N,\N,manila hullabaloo,romy villaflor,henry cuino,\N,\N,\N
tt5488452,\N,\N,\N,\N,\N,\N,mourning for mangatopi,curtis levy,\N,\N,\N,\N
tt5498618,the fertility experiment,\N,\N,\N,\N,\N,the fertility experiment,\N,\N,the fertility experiment,\N,\N
tt5501006,\N,\N,\N,\N,\N,\N,bayko chukli standvar,bhaskar jadhav,\N,\N,\N,\N
tt5501370,\N,\N,\N,dominic the actor,brandon braich; gerald williams,\N,dominic the actor,brandon braichcodirector; gerald williamscodirector,brandon braich story; gerald williams story; john lewis james story,\N,\N,\N
tt5502918,one full four half,purshottam berde,purshottam berde,\N,\N,\N,one full four half,purshottam berde,\N,one full four half,purshottam berde,purshottam berde
tt5504782,\N,\N,\N,\N,\N,\N,seishun gonin otoko: kohen,hiroshi seimaru; masahiro makino,hachiro sato; rintaro ofuna,\N,\N,\N
tt5509328,\N,\N,\N,a 9/11 a day,frank panico,\N,a 9/11 a day,frank panico,\N,\N,\N,\N
tt5514798,\N,\N,\N,picturing war,konstantin flemig,konstantin flemig,picturing war,konstantin flemig,\N,\N,\N,\N
tt5522964,w.s. merwin: to plant a tree,stefan c schaefer,stefan c schaefer,w.s. merwin: to plant a tree,stefan schaefer,\N,w.s. merwin: to plant a tree,stefan c schaefer,stefan c schaefer,w.s. merwin: to plant a tree,stefan c schaefer,stefan c schaefer
tt5524114,\N,\N,\N,\N,\N,\N,eroin hatti,remzi a jonturk,remzi a jonturk,\N,\N,\N
tt5524510,\N,\N,\N,\N,\N,\N,gorio punasan. rebel driver,charlie ordonez,gayjee pangan; ross oracion,\N,\N,\N
tt5526706,\N,\N,\N,\N,\N,\N,irani wildlife,mani mirsadeghi,\N,\N,\N,\N
tt5530016,\N,\N,\N,\N,\N,\N,starlet: golden gate to china,jessie kerry,jessie kerry,\N,\N,\N
tt5530824,\N,\N,\N,\N,\N,\N,horizon,\N,sarah lynn dawson,\N,\N,\N
tt5530986,after spring,ellen martinez; steph ching,\N,after spring,ellen martinez; steph ching,\N,after spring,ellen martinez; steph ching,\N,after spring,ellen martinez; steph ching,\N
tt5534382,\N,\N,\N,ora amake bhalo hote dilo na,kazi hayat,\N,ora amake bhalo hote dilo na,kazi hayat,kazi hayat,\N,\N,\N
tt5544224,flashburn,giorgio serafini,garry charles; giorgio serafini,\N,\N,\N,flashburn,giorgio serafini,garry charles; giorgio serafini,flashburn,giorgio serafini,garry charles; giorgio serafini
tt5545470,kolamass,sanoob anil,\N,\N,\N,\N,kolamass,sanoob anil,\N,kolamass,sanoob anil,\N
tt5553782,linefork,jeff silva; vic rawlings,\N,linefork,ashley sabin; vic rawlings,\N,linefork,jeff silva; vic rawlings,\N,linefork,jeff silva; vic rawlings,\N
tt5558520,\N,\N,\N,\N,\N,\N,princess zina rachevsky,\N,liz w garcia,\N,\N,\N
tt5562804,le grida del silenzio,alessandra carlesi,alessandra carlesi,le grida del silenzio,alessandra carlesi,alessandra carlesi,le grida del silenzio,sasha alessandra carlesi,sasha alessandra carlesi,le grida del silenzio,alessandra carlesi,alessandra carlesi
tt5563698,\N,\N,\N,\N,\N,\N,bund,raj gorde,\N,\N,\N,\N
tt5569010,\N,\N,\N,por el ultimo round,antonio guajardo,\N,por el ultimo round,antonio guajardo,\N,\N,\N,\N
tt5569410,\N,\N,\N,\N,\N,\N,the list,\N,\N,\N,\N,\N
tt5570438,\N,\N,\N,\N,manolis papadakis,\N,i frasi pou den teleiose,manolis papadakis,manolis papadakis,\N,\N,\N
tt5571534,"kein mord, kein totschlag",uwe schrader,uwe schrader,\N,uwe schrader,\N,"kein mord, kein totschlag",uwe schrader,\N,"kein mord, kein totschlag",uwe schrader,uwe schrader
tt5578772,\N,\N,\N,\N,\N,\N,\N,\N,\N,\N,\N,\N
tt5580300,\N,\N,\N,\N,\N,\N,imparator,aram gulyuz,erdogan tunas,\N,\N,\N
tt5581706,crossed lines,courtney g jones,courtney g jones,\N,\N,\N,crossed lines,courtney g jones,courtney g jones,crossed lines,courtney g jones,courtney g jones
tt5584300,\N,\N,\N,\N,\N,\N,hunt for the double eagle,tilman remme,tilman remme,\N,\N,\N
tt5588618,aloha from lavaland,phillips payson; suzenne seradwyn,zoe eisenberg,aloha from lavaland,phillips payson; susan marie snyder,\N,aloha from lavaland,phillips payson; susan marie snyder; suzenne seradwyn,zoe eisenberg,aloha from lavaland,phillips payson; suzenne seradwyn,zoe eisenberg
tt5593076,\N,\N,\N,\N,\N,\N,equal economic education,desire dubounet,\N,\N,\N,\N
tt5595744,\N,\N,\N,\N,martin zeising,\N,ferne liebe,martin zeising,\N,\N,\N,\N
tt5596030,eksik etek,aram gulyuz,aram gulyuz,\N,\N,\N,eksik etek,aram gulyuz,\N,eksik etek,aram gulyuz,aram gulyuz
tt5598138,\N,\N,\N,\N,\N,\N,l'individu,anthony souter,anthony souter; santiago amigorena,\N,\N,\N
tt5598264,\N,\N,\N,\N,\N,\N,wrong to be born,artemio marquez,artemio marquez,\N,\N,\N
tt5599446,self-storage,pat collier,\N,\N,\N,\N,self-storage,pat collier,\N,self-storage,pat collier,\N
tt5606596,deconstructing interruption,stelios moraitidis,\N,deconstructing interruption,stelios moraitidis,\N,deconstructing interruption,stelios moraitidis,\N,deconstructing interruption,stelios moraitidis,\N
tt5610910,\N,\N,\N,\N,\N,\N,fruhstyxradio: der ruckblick,alexander nicolas ostermann,andreas liebold; oliver kalkofe; sabine bulthaup,\N,\N,\N
tt5622442,\N,\N,\N,\N,\N,\N,evol,tope oshin,omotunde akiode; tope oshin,\N,\N,\N
tt5622604,\N,\N,\N,\N,\N,\N,three peaks 2000,ryan davy,\N,\N,\N,\N
tt5630214,\N,\N,\N,\N,\N,\N,neighbor 13,amanda evans,\N,\N,\N,\N
tt5632164,veerappan,ram gopal varma,ram gopal varma; rd tailang,veerappan,ram gopal varma,ram gopal varma,veerappan,ram gopal varma,jai priyadarshi; rd tailang,veerappan,ram gopal varma,ram gopal varma; rd tailang
tt5635814,\N,\N,\N,\N,\N,\N,possession: a love story,fernando coimbra,jack stanley,\N,\N,\N
tt5640118,\N,\N,\N,\N,\N,\N,"second verse, better than the first",heart fensch,\N,\N,\N,\N
tt5640504,\N,\N,\N,\N,philippe guilloux,\N,complement d'objets,philippe guilloux,\N,\N,\N,\N
tt5653426,\N,\N,\N,\N,\N,\N,inner u diagnosed,kathryn shasha,ellen beckergray,\N,\N,\N
tt5657370,\N,\N,\N,\N,\N,\N,premik,moinul husain,moinul husain,\N,\N,\N
tt5661172,\N,\N,\N,\N,\N,\N,psychosis: a living nightmare,scott di lucahunter,\N,\N,\N,\N
tt5666750,witch: we intend to cause havoc,gio arlotta,gio arlotta; tim spreng,witch: we intend to cause havoc,gio arlotta,gio arlotta; tim spreng,witch: we intend to cause havoc,gio arlotta,\N,witch: we intend to cause havoc,gio arlotta,gio arlotta; tim spreng
tt5667370,\N,\N,\N,\N,\N,\N,ocassus,\N,george dawe,\N,\N,\N
tt5670382,a moving image,shola amoo,shola amoo,\N,\N,\N,a moving image,shola amoo,\N,a moving image,shola amoo,shola amoo
tt5674650,\N,\N,\N,\N,\N,\N,drago,jonathan english,jonathan english,\N,\N,\N
tt5684606,cauby: comecaria tudo outra vez,nelson hoineff,nelson hoineff,cauby - i'd start all over again,nelson hoineff,\N,cauby: comecaria tudo outra vez,nelson hoineff,nelson hoineff,cauby: comecaria tudo outra vez,nelson hoineff,nelson hoineff
tt5689156,\N,\N,\N,\N,\N,\N,almas de furia,fernando cipolla; pablo yotich,juan manuel zalloechevarria; sheila mola,\N,\N,\N
tt5697952,\N,\N,\N,\N,\N,\N,palki (palanquin),shailender vyas,shailender vyas,\N,\N,\N
tt5700676,i scream on the beach!,alexander churchyard; mike holiday,alexander churchyard; mike holiday,\N,\N,\N,i scream on the beach!,alexander churchyard; mike holiday,\N,i scream on the beach!,alexander churchyard; mike holiday,alexander churchyard; mike holiday
tt5705922,an impudent man,masaharu segawa,kikuma shimoiizaka; masaharu segawa,\N,\N,\N,an impudent man,masaharu segawa,\N,an impudent man,masaharu segawa,kikuma shimoiizaka; masaharu segawa
tt5708184,\N,\N,\N,\N,\N,\N,untitled andre the giant biopic,\N,brandon easton,\N,\N,\N
tt5716166,\N,\N,\N,\N,\N,\N,legend of gore orphanage,\N,travis allen bush,\N,\N,\N
tt5723682,\N,\N,\N,\N,\N,\N,jakob und rahel,trude herr,thomas mann; trude herr,\N,\N,\N
tt5728908,\N,\N,\N,\N,\N,\N,reineke fuchs - the musical,\N,peer menke,\N,\N,\N
tt5732590,la milano di bagutta,davide rapp,\N,\N,\N,\N,la milano di bagutta,davide rapp,\N,la milano di bagutta,davide rapp,\N
tt5733490,\N,\N,\N,\N,\N,\N,milf soup 5,\N,\N,\N,\N,\N
tt5737840,midnight driver,david chai,david chai,\N,\N,\N,midnight driver,david chai,\N,midnight driver,david chai,david chai
tt5740820,\N,\N,\N,\N,\N,\N,aghori: the forbidden underworld,\N,\N,\N,\N,\N
tt5741898,grab the sun,yutaro nakamura,yutaro nakamura,\N,\N,\N,grab the sun,yutaro nakamura,\N,grab the sun,yutaro nakamura,yutaro nakamura
tt5745460,\N,\N,\N,\N,\N,\N,the ego and the id,aya ghosn,montgomery markland; sigmund freud,\N,\N,\N
tt5745998,five days on lesvos,richard wyllie,\N,\N,\N,\N,five days on lesvos,richard wyllie,\N,five days on lesvos,richard wyllie,\N
tt5747112,\N,\N,\N,\N,\N,\N,somebody,w mark dendy,w mark dendy,\N,\N,\N
tt5749930,\N,\N,\N,\N,\N,\N,guan cheng ye wei mian,shuxun cao,\N,\N,\N,\N
tt5754050,\N,\N,\N,\N,\N,\N,in god's underground,richard l ramsey,richard l ramsey,\N,\N,\N
tt5759244,\N,\N,\N,\N,\N,\N,amelia shared,deepak chandra,sa morrison,\N,\N,\N
tt5763662,\N,\N,\N,\N,\N,\N,homlis,lamonte hawley,lamonte hawley,\N,\N,\N
tt5766274,\N,\N,\N,\N,\N,\N,biroho byatha,chashi nazrul islam,bankim chandra chatterjee; chashi nazrul islam,\N,\N,\N
tt5767628,kill 'em all,peter malota,brian smolensky; craig stewart; jesse cilio,kill 'em all,pjeter malota,\N,kill 'em all,peter malota,brian smolensky; craig stewart; jesse cilio,kill 'em all,peter malota,brian smolensky; craig stewart; jesse cilio
tt5776358,melody of noise,gitta gsell,gitta gsell,melody of noise,gitta gsell,\N,melody of noise,gitta gsell,gitta gsell,melody of noise,gitta gsell,gitta gsell
tt5776736,loki 7,ernesto alemany,isaac savinon; miguel yarull,loki 7,\N,\N,loki 7,ernesto alemany,isaac savinon; miguel yarull,loki 7,ernesto alemany,isaac savinon; miguel yarull
tt5777082,\N,\N,\N,\N,\N,\N,canadian club house volume 3,omer pasha,\N,\N,\N,\N
tt5780594,il nostro ultimo,ludovico di martino,ludovico di martino,il nostro ultimo,ludovico di martino,ludovico di martino,il nostro ultimo,ludovico di martino,ludovico di martino,il nostro ultimo,ludovico di martino,ludovico di martino
tt5802260,my whispering plan,qu youning,lin chunhua,\N,\N,\N,my whispering plan,qu youning,\N,my whispering plan,qu youning,lin chunhua
tt5803184,the market gardener's toolkit,olivier asselin,\N,\N,\N,\N,the market gardener's toolkit,olivier asselin,\N,the market gardener's toolkit,olivier asselin,\N
tt5804768,\N,\N,\N,\N,\N,\N,nano z,alex stout; tony gasperetti,geoff hulten; tony gasperetti,\N,\N,\N
tt5805350,the crawler in the attic,shoji kubota,rampo edogawa; shoji kubota,\N,\N,\N,the crawler in the attic,shoji kubota,rampo edogawa,the crawler in the attic,shoji kubota,rampo edogawa; shoji kubota
tt5806914,the undercovers,\N,\N,\N,\N,\N,the undercovers,\N,\N,the undercovers,\N,\N
tt5807560,mirr,mehdi sahebi,mehdi sahebi,\N,\N,\N,mirr,mehdi sahebi,\N,mirr,mehdi sahebi,mehdi sahebi
tt5810124,\N,\N,\N,\N,\N,\N,sting: inside out on the sacred love tour,jacob cohl,\N,\N,\N,\N
tt5811490,\N,\N,\N,\N,\N,\N,30 segundos,carlos f rossini; emiliano altuna,carlos f rossini; emiliano altuna; enrique acevedo,\N,\N,\N
tt5812530,\N,\N,\N,\N,\N,\N,kero u a c s on the road,lance linett,\N,\N,\N,\N
tt5813252,\N,\N,\N,\N,\N,\N,notun probhat,mustafa mehmood,ashish kumar loho,\N,\N,\N
tt5818946,\N,\N,\N,\N,\N,\N,sha ren mei gui,limin hsu,limin hsu,\N,\N,\N
tt5821246,\N,\N,\N,\N,\N,\N,"aus der jugendzeit, klingt ein lied",rudolf meinert,willi wolff,\N,\N,\N
tt5825052,all that divides us,thierry klifa,cedric anger; thierry klifa,all that divides us,thierry klifa,cedric anger,all that divides us,thierry klifa,cedric anger; thierry klifa,all that divides us,thierry klifa,cedric anger; thierry klifa
tt5831732,\N,\N,\N,tattooing in iran,hooshmand honarkar,\N,tattooing in iran,hooshmand honarkar,\N,\N,\N,\N
tt5839220,favorite,pavel pechenkin,pavel pechenkin,\N,\N,\N,favorite,pavel pechenkin,\N,favorite,pavel pechenkin,pavel pechenkin
tt5841190,kids can,\N,\N,\N,\N,\N,kids can,\N,\N,kids can,\N,\N
tt5842802,dracula,reza attaran,\N,\N,\N,\N,dracula,reza attaran,reza attaran,dracula,reza attaran,\N
tt5848626,pagiri,esakki karvannan,esakki karvannan,pagiri,esakki karvannan,\N,pagiri,esakki karvannan,\N,pagiri,esakki karvannan,esakki karvannan
tt5852114,\N,\N,\N,\N,\N,\N,el observador divino,lucas gutierrez,lucas gutierrez,\N,\N,\N
tt5867282,\N,\N,\N,\N,\N,\N,what might have been,lee bumgarner,\N,\N,\N,\N
tt5871422,\N,\N,\N,\N,\N,\N,o meu mundo,bruno rodrigues,bruno rodrigues,\N,\N,\N
tt5873216,they,anahita ghazvinizadeh,anahita ghazvinizadeh,they,anahita ghazvinizadeh,anahita ghazvinizadeh,they,anahita ghazvinizadeh,anahita ghazvinizadeh,they,anahita ghazvinizadeh,anahita ghazvinizadeh
tt5876202,the sensational pair,albert lai ginkwok,\N,\N,\N,\N,the sensational pair,albert lai ginkwok,\N,the sensational pair,albert lai ginkwok,\N
tt5878644,secret song: tsugaru shakuhachi widow,akira fukamachi,terunobu shimizu,\N,\N,\N,secret song: tsugaru shakuhachi widow,akira fukamachi,\N,secret song: tsugaru shakuhachi widow,akira fukamachi,terunobu shimizu
tt5886724,no knock list,rich rule,zeilo vogta,\N,\N,\N,no knock list,rich rule,\N,no knock list,rich rule,zeilo vogta
tt5892616,\N,\N,\N,\N,\N,\N,x-isle,darren bolton,darren bolton,\N,\N,\N
tt5894410,slugterra: into the shadows,andrew duncan; asaph fipke; michael dowding,jonathan callan; patrick rieger; sib ventress; tom pugsley,\N,\N,\N,slugterra: into the shadows,andrew duncan; asaph fipke; michael dowding,asaph fipke; jonathan callan; tom pugsley,slugterra: into the shadows,andrew duncan; asaph fipke; michael dowding,jonathan callan; patrick rieger; sib ventress; tom pugsley
tt5902732,\N,\N,\N,\N,\N,\N,untitled,raqchel,raqchel walker; regina,\N,\N,\N
tt5903674,four passports,mihajlo jevtic,mihajlo jevtic,\N,\N,\N,four passports,mihajlo jevtic,\N,four passports,mihajlo jevtic,mihajlo jevtic
tt5907734,tomorrow's power,amy miller,\N,\N,\N,\N,tomorrow's power,amy miller,\N,tomorrow's power,amy miller,\N
tt5908826,\N,\N,\N,\N,\N,\N,fille de la mer: retour,\N,cee jay; wilhelm von hohenzollern,\N,\N,\N
tt5917398,\N,\N,\N,\N,\N,\N,in viaggio coi pupi,maurizio sciarra,maurizio sciarra; mimmo cutucchio,\N,\N,\N
tt5920686,\N,\N,\N,\N,\N,\N,bread and tv,georgi stoev,hristo ilievcharli,\N,\N,\N
tt5922940,si vis pacem para bellum,stefano calvagna,stefano calvagna,\N,stefano calvagna,\N,"si vis pacem, para bellum",stefano calvagna,daniele malavolta; stefano calvagna,si vis pacem para bellum,stefano calvagna,stefano calvagna
tt5927530,black lives matter,joseph oesi,\N,black lives matter,joseph oesi,\N,black lives matter,joseph oesi,joseph oesi,black lives matter,joseph oesi,\N
tt5930094,atomic shark,lisa palenica,cameron tevis; lisa palenica,atomic shark,lisa palenica,\N,atomic shark,lisa palenica,cameron tevis; lisa palenica,atomic shark,lisa palenica,cameron tevis; lisa palenica
tt5931880,the fish in the water,tulay kocaturk,tulay kocaturk,the fish in the water,tulay kocaturk,tulay kocaturk,the fish in the water,tulay kocaturk,\N,the fish in the water,tulay kocaturk,tulay kocaturk
tt5932296,\N,\N,\N,i wish i was that bird,jeffrey krolick,\N,i wish i was that bird,jeffrey krolick,\N,\N,\N,\N
tt5934300,his daughter,tatyana everstova,tatyana everstova,\N,\N,\N,his daughter,tatyana everstova,\N,his daughter,tatyana everstova,tatyana everstova
tt5935682,emma',riri riza,riri riza; salman aristo,athirah,riri riza,riri riza; salman aristo,emma' (mother),riri riza,alberthiene endah; riri riza; salman aristo,emma',riri riza,riri riza; salman aristo
tt5937410,\N,\N,\N,\N,\N,\N,vinci,alexander wallen,alexander wallen,\N,\N,\N
tt5939770,the family,rosie jones,rosie jones,the family,rosie jones,\N,the cult that stole children: inside the family,rosie jones,rosie jones,the family,rosie jones,rosie jones
tt5943352,\N,\N,\N,\N,\N,\N,oshimiri,nonso emekaekwue,ikenna donald ekwuibe,\N,\N,\N
tt5952364,the sixth beatle,john rose; tony guma,\N,the 6th beatle,john rose; tony guma,\N,the 6th beatle,john rose; tony guma,\N,the sixth beatle,john rose; tony guma,\N
tt5962436,\N,\N,\N,\N,\N,\N,milano violenta,andy casanova; axel ramirez,axel ramirez,\N,\N,\N
tt5965436,\N,\N,\N,\N,\N,\N,shitasaki no saki,kohei nakayama,\N,\N,\N,\N
tt5974624,soul on a string,zhang yang,tashi dawa; zhang yang,soul on a string,zhang yang,tashi dawa,soul on a string,yang zhang,yang zhang; zhaxidawa,soul on a string,zhang yang,tashi dawa; zhang yang
tt5977986,\N,\N,\N,\N,\N,\N,my grandpa the assassin,aki aleong,aki aleong; todd debonis,\N,\N,\N
tt5988116,\N,\N,\N,\N,\N,\N,beast,\N,\N,\N,\N,\N
tt5990444,the trap,erik white,brandon broussard; hudson obayuwana; jana savage; nile evans,the trap,erik white,\N,the trap,erik white,brandon broussard; hudson obayuwana; nile evans,the trap,erik white,brandon broussard; hudson obayuwana; jana savage; nile evans
tt5992746,\N,\N,\N,pibelandia,augusto cesar vatteone,\N,pibelandia,augusto cesar vatteone,\N,\N,\N,\N
tt6011562,\N,\N,\N,hardik abhinandan,\N,\N,hardik abhinandan,dev keshwala,dev keshwala,\N,\N,\N
tt6016148,\N,\N,\N,\N,\N,\N,carloforte,thomas kadman,thomas kadman,\N,\N,\N
tt6029394,\N,\N,\N,\N,\N,\N,taking liberty,cary silberman,cary silberman,\N,\N,\N
tt6029678,the...,attila; becky oben,\N,\N,\N,\N,the...,attila; becky oben,attila; judit bekessy; tamas bekessy,the...,attila; becky oben,\N
tt6039300,\N,\N,\N,\N,\N,\N,band aid,cheriyan john,cheriyan john,\N,\N,\N
tt6041042,\N,\N,\N,\N,\N,\N,gunai bibi,harunur rashid,harunur rashid; safdar ali bhuiyan,\N,\N,\N
tt6043826,\N,\N,\N,\N,\N,\N,tiang khu ku rak,panyanee,\N,\N,\N,\N
tt6045680,kanl para,natuk baytan,erdogan tunas; fuat ozluer,kanl para,natuk baytan,\N,kanl para,natuk baytan,\N,kanl para,natuk baytan,erdogan tunas; fuat ozluer
tt6049232,\N,\N,\N,\N,\N,\N,sava ser gehu,\N,\N,\N,\N,\N
tt6050008,italian business,mario chiavalin,antonella matranga; ylenia azzurretti,italian business,mario chiavalin,\N,italian business,mario chiavalin,antonella matranga; stefano romano; ylenia azzurretti,italian business,mario chiavalin,antonella matranga; ylenia azzurretti
tt6057186,\N,\N,\N,\N,\N,\N,loretta gutman,\N,\N,\N,\N,\N
tt6058084,the return,malene choi jensen,sissel dalsgaard thomsen,the return,malene choi jensen,\N,the return,malene choi,sissel dalsgaard thomsen,the return,malene choi jensen,sissel dalsgaard thomsen
tt6059570,larger than life: the kevyn aucoin story,tiffany bartok,\N,\N,\N,\N,larger than life: the kevyn aucoin story,tiffany bartok,\N,larger than life: the kevyn aucoin story,tiffany bartok,\N
tt6076440,\N,\N,\N,\N,\N,\N,eizou sakka kuroki kazuo: hisen to jiyuu no tatakai,\N,\N,\N,\N,\N
tt6083972,\N,\N,\N,\N,\N,\N,monkey master,\N,sharad devarajan; stan lee,\N,\N,\N
tt6084798,impossible probability,murat senoy,\N,\N,\N,\N,impossible probability,murat senoy,\N,impossible probability,murat senoy,\N
tt6084898,vino veritas,pascal obadia,\N,\N,\N,\N,vino veritas,pascal obadia,\N,vino veritas,pascal obadia,\N
tt6091936,love o2o,tianyu zhao,gu man; shen feixian; yu pan,love o2o,\N,\N,love o2o,tianyu zhao,feixian shen; man gu; yu pan,love o2o,tianyu zhao,gu man; shen feixian; yu pan
tt6094326,\N,\N,\N,\N,\N,\N,oretachi bunkakei puroresu ddt,tetsuaki matsue,\N,\N,\N,\N
tt6106822,blue note records: beyond the notes,sophie huber,sophie huber,blue note records: beyond the notes,sophie huber,sophie huber,blue note records: beyond the notes,sophie huber,sophie huber,blue note records: beyond the notes,sophie huber,sophie huber
tt6110098,like in the movies,gonzalo ladines,gonzalo ladines,just like in the movies,gonzalo ladines,gonzalo ladines,like in the movies,gonzalo ladines,\N,like in the movies,gonzalo ladines,gonzalo ladines
tt6114510,\N,\N,\N,\N,\N,\N,quiero tu cadaver exquisito,jose maria tros de ilarduya,jose maria tros de ilarduya,\N,\N,\N
tt6123116,\N,\N,\N,\N,\N,\N,someone sang for me,julie akeret,\N,\N,\N,\N
tt6134540,\N,\N,\N,\N,\N,\N,eru shuriken vs shinkonchuu desukito,hirohito goto,\N,\N,\N,\N
tt6141132,aw rah nyoosh,ben neufeld,ben neufeld,\N,\N,\N,aw rah nyoosh,ben neufeld,\N,aw rah nyoosh,ben neufeld,ben neufeld
tt6143026,\N,\N,\N,\N,\N,\N,two wheel cowboy,daniel c doran,\N,\N,\N,\N
tt6166304,\N,\N,\N,\N,\N,\N,the baptist,\N,randal reeder,\N,\N,\N
tt6167072,\N,\N,\N,\N,\N,\N,they came from shangri-la,\N,\N,\N,\N,\N
tt6167894,angamaly diaries,lijo jose pellissery,chemban vinod jose,angamaly diaries,lijo jose pellissery,chemban vinod jose,angamaly diaries,lijo jose pellissery,chemban vinod jose,angamaly diaries,lijo jose pellissery,chemban vinod jose
tt6167996,\N,\N,\N,please please please,hiroshi horiuchi,\N,please please please,hiroshi horiuchi,\N,\N,\N,\N
tt6168758,\N,\N,\N,\N,\N,\N,dominique barletta conductrice-square/arte,charles berling,charles berling,\N,\N,\N
tt6170048,18th annual animation show of shows,ainslie henderson; alan barillaro; bekky oneil; cecilia puglesi; chloe alliez; chris ware; daniela sherer; dina velikovskaya; ira glass; iris alexandre; john kuramoto; john mcgowan; joshua gunn; kristian pedersen; leo matsuda; marc hericher; oh seoro; patrick osborne; simon cartwright; trevor piecham; vladimir leschiov; yijun liu,\N,\N,\N,\N,18th annual animation show of shows,ainslie henderson; alan barillaro; bekky oneil; cecilia puglesi; chloe alliez; chris ware; daniela sherer; dina velikovskaya; ira glass; iris alexandre; john kuramoto; john mcgowan; joshua gunn; kristian pedersen; leo matsuda; marc hericher; oh seoro; patrick osborne; simon cartwright; trevor piecham; vladimir leschiov; yijun liu,\N,18th annual animation show of shows,ainslie henderson; alan barillaro; bekky oneil; cecilia puglesi; chloe alliez; chris ware; daniela sherer; dina velikovskaya; ira glass; iris alexandre; john kuramoto; john mcgowan; joshua gunn; kristian pedersen; leo matsuda; marc hericher; oh seoro; patrick osborne; simon cartwright; trevor piecham; vladimir leschiov; yijun liu,\N
tt6170830,\N,\N,\N,\N,\N,\N,soaring,\N,\N,\N,\N,\N
tt6172466,\N,\N,\N,\N,\N,\N,the lost sea expedition,bernie harberts; julia carpenter,bernie harberts,\N,\N,\N
tt6177952,\N,\N,\N,tora dine ku mora dine,sudhanshu mohan sahu,\N,tora dine ku mora dine,sudhanshu sahu,ranjit patnaik dialogue; ranjit patnaik screenplay; sidharth agarwal story,\N,\N,\N
tt6183326,\N,\N,\N,\N,\N,\N,bicicles,kim kelln,kim kelln,\N,\N,\N
tt6183334,inside: a chinese horror story,lili bai,jiangning lu,\N,\N,\N,inside: a chinese horror story,lili bai,\N,inside: a chinese horror story,lili bai,jiangning lu
tt6187714,\N,\N,\N,\N,\N,\N,ekaler rupkotha,aziz meher; ibne mizan,\N,\N,\N,\N
tt6189736,\N,\N,\N,\N,\N,\N,stupility,\N,natalia stadnitzka,\N,\N,\N
tt6199848,\N,\N,\N,\N,\N,\N,ludovico einaudi: elements live at the royal festival hall,alex freidingoss,\N,\N,\N,\N
tt6203944,our patriots,gabriel le bomin,gabriel le bomin,our patriots,gabriel le bomin,\N,our patriots,gabriel le bomin,gabriel le bomin; tierno monenembo,our patriots,gabriel le bomin,gabriel le bomin
tt6209154,\N,\N,\N,\N,\N,\N,desolate,\N,christopher brian langley,\N,\N,\N
tt6213822,aba jan,hatef alimardani,\N,\N,\N,\N,aba jan,hatef alimardani,\N,aba jan,hatef alimardani,\N
tt6214598,\N,\N,\N,\N,\N,\N,a third way : settlers and palestinians as neighbors,harvey stein,\N,\N,\N,\N
tt6219544,\N,\N,\N,\N,\N,\N,pinti ka sabun,pramod pathak,sanjay khati,\N,\N,\N
tt6226114,\N,\N,\N,\N,\N,\N,desire,\N,kevin john parsons; tessa dooley,\N,\N,\N
tt6249794,\N,\N,\N,\N,\N,\N,immersion,amandine dacunto,amandine dacunto,\N,\N,\N
tt6264928,blood 13,candy li,\N,blood 13,\N,\N,blood 13,candy li,tu hu,blood 13,candy li,\N
tt6274596,return of the curse,chris penney,chris penney,\N,\N,\N,return of the curse,chris penney,\N,return of the curse,chris penney,chris penney
tt6278064,\N,\N,\N,\N,\N,\N,tsuwamono: dainishou,katsuji kanazawa,\N,\N,\N,\N
tt6279568,das madel aus der holle,frederic zelnik,fanny carlsen,the girl from hell,frederic zelnik,\N,das madel aus der holle,frederic zelnik,\N,das madel aus der holle,frederic zelnik,fanny carlsen
tt6279654,\N,\N,\N,marionettes of the princess,frederic zelnik,fanny carlsen,die marionetten der furstin,frederic zelnik,\N,\N,\N,\N
tt6287794,la gran ola,fernando arroyo,\N,\N,\N,\N,the big wave,fernando arroyo,\N,\N,\N,\N
tt6295808,\N,\N,\N,\N,\N,\N,yalnizlik bir sarkidir,yucel ucanoglu,yasar alptekin; yucel ucanoglu,\N,\N,\N
tt6301036,love trap,azizollah rafiei,esmaeil poorsaeid,\N,\N,\N,love trap,azizollah rafiei,\N,love trap,azizollah rafiei,esmaeil poorsaeid
tt6313164,\N,\N,\N,\N,\N,\N,zero,kat wood,kat wood,\N,\N,\N
tt6316372,\N,\N,\N,\N,\N,\N,city not city,milewski chanoux,\N,\N,\N,\N
tt6317706,\N,\N,\N,\N,\N,\N,at glory's end,\N,jeff blyth,\N,\N,\N
tt6319750,green jello suxx live,rob gabriele,\N,\N,\N,\N,green jello suxx live,rob gabriele,\N,green jello suxx live,rob gabriele,\N
tt6327570,the moment you fall in love,tetsuya yanagisawa,yoshimi narita,suki ni naru sono shunkan o: kokuhaku jikko iinkai,tetsuya yanagisawa,\N,the moment you fall in love,tetsuya yanagisawa,honeyworks; yoshimi narita,the moment you fall in love,tetsuya yanagisawa,yoshimi narita
tt6327824,\N,\N,\N,\N,\N,\N,telethon,burt kearns,\N,\N,\N,\N
tt6340564,\N,\N,\N,\N,\N,\N,uso: for the troops,peter schnall,teresa giordano,\N,\N,\N
tt6342858,\N,\N,\N,\N,\N,\N,lucas como sara,daimy garcia,daimy garcia,\N,\N,\N
tt6343314,creed ii,steven caple jr,cheo hodari coker; juel taylor; sascha penn; sylvester stallone,creed ii,steven caple jr,cheo hodari coker; sylvester stallone,creed ii,steven caple jr,juel taylor; sascha penn; sylvester stallone,creed ii,steven caple jr,juel taylor; sylvester stallone
tt6355566,\N,\N,\N,\N,\N,\N,e come potevamo noi cantare,massimo buda,vera paggi,\N,\N,\N
tt6359360,\N,\N,\N,\N,\N,\N,the road from apartheid,\N,\N,\N,\N,\N
tt6363228,\N,\N,\N,\N,\N,\N,part time job,hirday shankar mishra,hirday shankar mishra,\N,\N,\N
tt6371832,\N,\N,\N,\N,\N,\N,jasmine and the fly kidz,john dunson; sean dunson,john dunson; sean dunson,\N,\N,\N
tt6374826,ghosts vs.monsters,mike goodreau,mike goodreau,\N,\N,\N,ghosts vs.monsters,mike goodreau,\N,\N,\N,\N
tt6384722,\N,\N,\N,\N,\N,\N,all t-girls vol. 1,radius dark,\N,\N,\N,\N
tt6388082,my annoying brother,kwon sookyung,yu youngah,my annoying brother,kwon sookyung,\N,my annoying brother,kwon sukyung,yoo yeongah,my annoying brother,kwon sookyung,yu youngah
tt6388664,tonsler park,kevin jerome everson,\N,\N,\N,\N,tonsler park,kevin jerome everson,\N,tonsler park,kevin jerome everson,\N
tt6389594,\N,\N,\N,\N,\N,\N,the agreement,predrag radonjic,\N,\N,\N,\N
tt6390126,\N,\N,\N,\N,\N,\N,silent rails,anil altinyay,anil altinyay,\N,\N,\N
tt6391134,tit for tat,\N,\N,\N,\N,\N,tit for tat,\N,\N,\N,\N,\N
tt6413350,\N,\N,\N,\N,\N,\N,out east,\N,gernado g abrams; lyne bickerstaff,\N,\N,\N
tt6413778,\N,\N,\N,\N,\N,\N,straight down the line: a trip through fifteen dark films - part 1,boyd waltman,\N,\N,\N,\N
tt6414890,eva,benoit jacquot,benoit jacquot; gilles taurand,eva,benoit jacquot,benoit jacquot; gilles taurand,eva,benoit jacquot,benoit jacquot; gilles taurand; james hadley chase,eva,benoit jacquot,benoit jacquot; gilles taurand
tt6419482,\N,\N,\N,\N,\N,\N,possessed,\N,\N,\N,\N,\N
tt6419522,"anpanman: purun, the soap bubble",hiroyuki yano,tomoko konparu,"go! anpanman: purun, the soap bubble",hiroyuki yano,\N,"anpanman: purun, the soap bubble",hiroyuki yano,\N,"anpanman: purun, the soap bubble",hiroyuki yano,tomoko konparu
tt6419542,\N,\N,\N,\N,\N,\N,nomui yukseup,\N,\N,\N,\N,\N
tt6423708,\N,\N,\N,\N,\N,\N,'66,\N,\N,\N,\N,\N
tt6430372,gohan,junichi yasuda,\N,gohan,\N,\N,gohan,junichi yasuda,\N,gohan,junichi yasuda,\N
tt6430384,blossoming into a family,hiroki hayashi,munehiro kuriyama,\N,\N,\N,blossoming into a family,hiroki hayashi,\N,blossoming into a family,hiroki hayashi,munehiro kuriyama
tt6433624,nine and a half moons,michela andreozzi,alessia crocini; fabio morici; michela andreozzi,nine 1/2 moons,michela andreozzi,\N,nove lune e mezza,michela andreozzi,alessia crocini; fabio morici; michela andreozzi,nine and a half moons,michela andreozzi,alessia crocini; fabio morici; michela andreozzi
tt6437936,vakuum,christine repond,christine repond; silvia wolkan,vacuum,christine repond,christine repond; silvia wolkan,vacuum,christine repond,christine repond; silvia wolkan,vakuum,christine repond,christine repond; silvia wolkan
tt6443832,\N,\N,\N,\N,\N,\N,untitled twain/tesla project,\N,eric siegel,\N,\N,\N
tt6444786,grumant: the island of communism,ivan tverdovsky,ivan tverdovsky,\N,\N,\N,grumant: the island of communism,ivan tverdovsky,\N,grumant: the island of communism,ivan tverdovsky,ivan tverdovsky
tt6445394,monkey talks,peter mimi,peter mimi,monkey talks,peter mimi,peter mimi,el-qird beyitkallem,muhammad bedair; peter mimi,peter mimi,monkey talks,peter mimi,peter mimi
tt6446230,\N,\N,\N,\N,\N,\N,the wendy wild story,glenn andreiev,\N,\N,\N,\N
tt6447354,\N,\N,\N,\N,\N,\N,la resistance de l'air,\N,\N,\N,\N,\N
tt6447450,\N,\N,\N,\N,\N,\N,never give up,dany kim,\N,\N,\N,\N
tt6447656,\N,\N,\N,\N,\N,\N,summer,\N,\N,\N,\N,\N
tt6447970,\N,\N,\N,\N,\N,\N,golden gashbell the movie: 101th devil,\N,\N,\N,\N,\N
tt6448114,\N,\N,\N,\N,\N,\N,e-mail,\N,\N,\N,\N,\N
tt6448258,\N,\N,\N,\N,\N,\N,hollywood classic special,\N,\N,hollywood classic special,\N,\N
tt6448390,\N,\N,\N,\N,\N,\N,my love,yunpeng xie,\N,\N,\N,\N
tt6448400,\N,\N,\N,\N,\N,\N,orquesta el tambo. la musica en buenas manos,\N,\N,\N,\N,\N
tt6448514,mokykla be uniformos,\N,\N,\N,\N,\N,mokykla be uniformos,\N,\N,mokykla be uniformos,\N,\N
tt6448576,hi jack,tiange wu,\N,\N,\N,\N,hi jack,tiange wu,\N,hi jack,tiange wu,\N
tt6448964,\N,\N,\N,\N,\N,\N,phee ha ayothaya,\N,\N,\N,\N,\N
tt6449348,\N,\N,\N,\N,\N,\N,annular light,\N,\N,\N,\N,\N
tt6450032,\N,zhi xiaohao,\N,\N,\N,\N,\N,zhi xiaohao,\N,\N,zhi xiaohao,\N
tt6450124,my lover yurie,ko eunki,\N,my lover yurie,\N,\N,my lover yurie,ko eunki,\N,my lover yurie,ko eunki,\N
tt6450576,\N,\N,\N,\N,\N,\N,miami,\N,juan carlos coto,\N,\N,\N
tt6463320,zana,antoneta kastrati,antoneta kastrati; casey cooper johnson,zana,antoneta kastrati,antoneta kastrati,zana,antoneta kastrati,antoneta kastrati; casey cooper johnson,zana,antoneta kastrati,antoneta kastrati; casey cooper johnson
tt6468080,stranded pearl,ken khan; prashanth gunasekaran,rachel smith,\N,\N,\N,stranded pearl,ken khan; prashanth gunasekaran,\N,stranded pearl,ken khan; prashanth gunasekaran,rachel smith
tt6486630,asphyxia,fereydoun jeyrani,\N,asphyxia,fereydoun jeyrani,\N,asphyxia,fereydoun jeyrani,fereydoun jeyrani,asphyxia,fereydoun jeyrani,\N
tt6487156,\N,\N,\N,\N,\N,\N,the black hand,\N,stephan talty based on the book by,\N,\N,\N
tt6501526,\N,\N,\N,\N,\N,\N,the welsh space agency,adam oldroyd,adam oldroyd,\N,\N,\N
tt6505552,\N,\N,\N,\N,\N,\N,the missing wife,max derin,max derin,\N,\N,\N
tt6513216,unwanted heritage,irena skoric,irena skoric,\N,\N,\N,unwanted heritage,irena skoric,\N,unwanted heritage,irena skoric,irena skoric
tt6517264,\N,\N,\N,\N,\N,\N,20 miles a glass,colter johnson,colter johnson,\N,\N,\N
tt6521714,\N,\N,\N,\N,\N,\N,winter in budapest,j penberth rabold,j penberth rabold,\N,\N,\N
tt6521802,blood's a rover,tim frasergranados,\N,\N,\N,\N,blood's a rover,tim frasergranados,\N,blood's a rover,tim frasergranados,\N
tt6522426,\N,\N,\N,\N,\N,\N,call of the jedi: a star wars story,\N,\N,\N,\N,\N
tt6525234,\N,\N,\N,\N,\N,\N,passing time passes,scott hellon,scott hellon,\N,\N,\N
tt6533290,\N,\N,\N,\N,\N,\N,rider 1: crenshaw nights,rider paysinger,rider paysinger,\N,\N,\N
tt6541398,winter spring,aleksandr zeldovich,aleksandr zeldovich,\N,\N,\N,winter spring,aleksandr zeldovich,\N,winter spring,aleksandr zeldovich,aleksandr zeldovich
tt6543038,\N,\N,\N,\N,\N,\N,chlopiec z zaba,bartek bartos; piotr bartos,bartek bartos; piotr bartos,\N,\N,\N
tt6543208,\N,\N,\N,\N,\N,\N,school is cool,rajiv chilaka,\N,\N,\N,\N
tt6544850,my ex & whys,cathy garciasampana,cathy garciasampana; gilliann ebreo; jancy e nicolas,my ex and whys,cathy garciasampana,\N,my ex and whys,cathy garciasampana,cathy garciasampana; gilliann ebreo; jancy e nicolas,my ex & whys,cathy garciasampana,cathy garciasampana; gilliann ebreo; jancy e nicolas
tt6551462,\N,\N,\N,\N,\N,\N,star: cia vampire,\N,theresa oliver,\N,\N,\N
tt6555772,"love, surreal and odd",ylmaz erdogan,ylmaz erdogan,"love, surreal and odd",ylmaz erdogan,\N,"love, surreal and odd",yilmaz erdogan,yilmaz erdogan,"love, surreal and odd",ylmaz erdogan,ylmaz erdogan
tt6557244,the answer to cancer der andere weg,susanne aernecke,\N,\N,\N,\N,the answer to cancer der andere weg,susanne aernecke,\N,the answer to cancer der andere weg,susanne aernecke,\N
tt6571050,neptunia,alejandro rocchi; gaston haag; gonzalo torrens; juani monteverdi; maximiliano contenti,gaston haag; marcelo bessonart; pedro duarte,\N,\N,\N,neptunia,alejandro rocchi; gaston haag; gonzalo torrens; juani monteverdi; maximiliano contenti,\N,neptunia,alejandro rocchi; gaston haag; gonzalo torrens; juani monteverdi; maximiliano contenti,gaston haag; marcelo bessonart
tt6571258,\N,\N,\N,\N,\N,\N,chowky,shekhar ghosh,\N,\N,\N,\N
tt6577026,\N,\N,\N,\N,\N,\N,love and human remains,\N,\N,\N,\N,\N
tt6583038,\N,\N,\N,\N,\N,\N,kerepakupay vena,alvaro alvarez de lugo,\N,\N,\N,\N
tt6586114,diary about returning to the native,zhang junxian,zhang junxian,\N,\N,\N,diary about returning to the native,zhang junxian,\N,diary about returning to the native,zhang junxian,zhang junxian
tt6588700,\N,\N,\N,\N,\N,\N,trelli... ki' anypantri,marios retsilas,melpo zarokosta,\N,\N,\N
tt6593242,eyes wide open,will forrester,will forrester,\N,\N,\N,eyes wide open,will leforestier,will leforestier,eyes wide open,will forrester,will forrester
tt6594022,genco,ali kemal cnar,\N,\N,\N,\N,genco,ali kemal cnar,\N,genco,ali kemal cnar,\N
tt6602292,\N,\N,\N,\N,\N,\N,une place dans la republique,jeangabriel leynaud,\N,\N,\N,\N
tt6606998,dust will return to earth,alejandro soltero valencia,sergio vicencio,\N,\N,\N,dust will return to earth,alejandro soltero valencia,\N,dust will return to earth,alejandro soltero valencia,sergio vicencio
tt6615784,the show about the show,caveh zahedi,caveh zahedi,\N,\N,\N,the show about the show,caveh zahedi,\N,the show about the show,caveh zahedi,caveh zahedi
tt6623826,\N,\N,\N,\N,\N,\N,the atomic zombie space creeps,aaron james martin,aaron james martin,\N,\N,\N
tt6630656,the man who can't get enough of architecture: nisan yaubyan,atom saskal,iren bcakc; serli hobikoglu,\N,\N,\N,the man who can't get enough of architecture: nisan yaubyan,atom saskal,\N,the man who can't get enough of architecture: nisan yaubyan,atom saskal,iren bcakc; serli hobikoglu
tt6634900,the man gang,makoto naito,katsuhiko taguchi; masachika hata,\N,\N,\N,the man gang,makoto naito,\N,the man gang,makoto naito,katsuhiko taguchi; masachika hata
tt6654090,two plains + a fancy,lev kalman; whitney horn,lev kalman; sarah dziedzic; whitney horn,\N,\N,\N,two plains + a fancy,lev kalman; whitney horn,\N,two plains + a fancy,lev kalman; whitney horn,lev kalman; sarah dziedzic; whitney horn
tt6667630,a circus girl,yusuke watanabe,fumio konami; yusuke watanabe,a circus girl,yusuke watanabe,\N,a circus girl,yusuke watanabe,\N,a circus girl,yusuke watanabe,fumio konami; yusuke watanabe
tt6672152,miss rosewood,helle jensen,\N,miss rosewood,helle jensen,\N,miss rosewood,helle jensen,\N,miss rosewood,helle jensen,\N
tt6673304,\N,\N,\N,\N,\N,\N,the wreckage,patrick lussier,glenn forbes,\N,\N,\N
tt6682366,\N,\N,\N,\N,\N,\N,le ministre des poubelles,quentin noirfalisse,quentin noirfalisse,\N,\N,\N
tt6694104,\N,\N,\N,\N,\N,\N,feng liu yue fu sha nu xu,pengling tai,pengling tai,\N,\N,\N
tt6708008,lanka,\N,\N,lanka,\N,\N,lanka,\N,\N,lanka,\N,\N
tt6710194,\N,\N,\N,\N,\N,\N,camberwell beauty,chris ward,chris ward,\N,\N,\N
tt6710544,\N,\N,\N,\N,\N,\N,the memory thief,\N,bryce moore; matt bettinelliolpin; tyler gillett,\N,\N,\N
tt6710922,\N,\N,\N,\N,\N,\N,untitled western,\N,mickey holiday,\N,\N,\N
tt6719900,\N,\N,\N,\N,\N,\N,vampire feast,markus linecker,diane cornell; jenny fitzgibbons,\N,\N,\N
tt6731594,dead stream,laura russo,laura russo; tim huddleston,\N,\N,\N,dead stream,laura russo,\N,dead stream,laura russo,laura russo; tim huddleston
tt6735670,king arthur and the knights of the round table,jared cohn,scotty mullen,king arthur and the knights of the round table,jared cohn,\N,king arthur and the knights of the round table,jared cohn,scotty mullen,king arthur and the knights of the round table,jared cohn,scotty mullen
tt6746870,the working class is off to paradise,marko cvejic,marko cvejic,\N,\N,\N,the working class is off to paradise,marko cvejic,\N,\N,\N,\N
tt6749908,"at age of 14, 15",zhao yuan,chensheng luo; zhao yuan,\N,\N,\N,"at age of 14, 15",zhao yuan,\N,"at age of 14, 15",zhao yuan,chensheng luo; zhao yuan
tt6751468,caged,nicholas winter,nicholas winter,\N,\N,\N,caged,nicholas winter,nicholas winter,caged,nicholas winter,nicholas winter
tt6757822,\N,\N,\N,\N,\N,\N,untung ada saya,liliek sudjio,teguh,\N,\N,\N
tt6761454,\N,\N,\N,\N,\N,\N,saga of a nobody,soumendu bhattacherya,soumendu bhattacherya,\N,\N,\N
tt6766650,\N,\N,\N,\N,\N,\N,deliberation,amanda row,corban hunter quigg,\N,\N,\N
tt6774356,\N,\N,\N,\N,\N,\N,\N,\N,\N,\N,\N,\N
tt6794504,last three days,brian ulrich,brian ulrich,last three days,brian tyrannus ulrich,\N,last three days,brian ulrich,brian ulrich,last three days,brian ulrich,brian ulrich
tt6798798,\N,\N,\N,\N,\N,\N,scythe,jim rothman,jim rothman,\N,\N,\N
tt6817108,sinvivir,anais pareto onghena,\N,\N,\N,\N,sinvivir,anais pareto onghena,\N,sinvivir,anais pareto onghena,\N
tt6835500,\N,\N,\N,\N,\N,\N,moving back in all directions,alex sebastian laibach; vanda ciuban serban,alex sebastian laibach; vanda ciuban serban,\N,\N,\N
tt6842288,paper city burnout,\N,\N,\N,\N,\N,paper city burnout,ricky pivin,chris dubey; ricky pivin,paper city burnout,\N,\N
tt6848932,\N,\N,\N,\N,\N,\N,an epilogue of a death,hossain maruf,debashish talukder; hossain maruf,\N,\N,\N
tt6851430,my extraordinary summer with tess,steven wouterlood,laura van dijk,my extraordinary summer with tess,steven wouterlood,laura van dijk,my extraordinary summer with tess,steven wouterlood,anna woltz; laura van dijk,my extraordinary summer with tess,steven wouterlood,laura van dijk
tt6851884,sukkar barrah,\N,\N,\N,\N,\N,sukkar barrah,ahmed abdullah saleh,\N,\N,\N,\N
tt6857988,i am not an easy man,eleonore pourriat,ariane fert; eleonore pourriat,i am not an easy man,\N,\N,i am not an easy man,eleonore pourriat,ariane fert; eleonore pourriat,i am not an easy man,eleonore pourriat,ariane fert; eleonore pourriat
tt6859762,the little stranger,lenny abrahamson,lucinda coxon,the little stranger,lenny abrahamson,lucinda coxon,the little stranger,lenny abrahamson,lucinda coxon; sarah waters,the little stranger,lenny abrahamson,lucinda coxon
tt6862864,another tango,sean michael beyer,elizabeth snoderly; kenneth lemm; sean michael beyer,\N,\N,\N,another tango,sean michael beyer,elizabeth snoderly; kenneth lemm; sean michael beyer,another tango,sean michael beyer,kenneth lemm; sean michael beyer
tt6864496,becoming who i was,jeon jin; moon changyong,\N,becoming who i was,jeon jin; moon changyong,\N,becoming who i was,jeon jin; moon changyong,\N,becoming who i was,jeon jin; moon changyong,\N
tt6865218,nrderne overtager verdensherredmmet,\N,\N,\N,\N,\N,nrderne overtager verdensherredmmet,\N,\N,nrderne overtager verdensherredmmet,\N,\N
tt6865478,the last dalai lama?,mickey lemle,mickey lemle,the last dalai lama?,mickey lemle,\N,the last dalai lama?,mickey lemle,mickey lemle,the last dalai lama?,mickey lemle,mickey lemle
tt6866360,diario de viaje por espana,gustavo fuentes,gustavo fuentes,\N,\N,\N,diario de viaje por espana,gustavo fuentes,\N,diario de viaje por espana,gustavo fuentes,gustavo fuentes
tt6870846,\N,\N,\N,\N,\N,\N,substantivo feminino,daniela sallet; juan zapata,daniela sallet,\N,\N,\N
tt6874254,out of blue,carol morley,carol morley,out of blue,carol morley,\N,out of blue,carol morley,carol morley; martin amis,out of blue,carol morley,carol morley
tt6880018,double plus ungood,marco laguna,marco laguna; wild dee,\N,\N,\N,double plus ungood,marco laguna,\N,double plus ungood,marco laguna,marco laguna; wild dee
tt6881230,\N,\N,\N,\N,\N,\N,rio,luca guadagnino,steven knight,\N,\N,\N
tt6890840,\N,\N,\N,\N,\N,\N,dwoje biednych rumunow mowiacych po polsku,marcin nowak,dorota maslowska; marcin nowak,\N,\N,\N
tt6897698,\N,\N,\N,\N,\N,\N,marauder,pousoi cheang,\N,\N,\N,\N
tt6904272,the negotiation,lee jongsuk,choi sunghyun,the negotiation,jongsuk lee,\N,the negotiation,jongsuk lee,park myeongchan; sunghyun choi,the negotiation,lee jongsuk,choi sunghyun; jk youn
tt6904902,\N,\N,\N,\N,\N,\N,shouting silence,amos mwaki,amos mwaki; francis mutua; joshua kiama,\N,\N,\N
tt6905442,high voltage,alex keledjian,alex keledjian,high voltage,\N,\N,high voltage,alex keledjian,alex keledjian,high voltage,alex keledjian,alex keledjian
tt6905776,the poets,chivas devinck,\N,\N,\N,\N,the poets,chivas devinck,\N,the poets,chivas devinck,\N
tt6912670,\N,eryi gu; junxiang zhang,hongxin li,\N,\N,\N,\N,eryi gu; junxiang zhang,\N,\N,eryi gu; junxiang zhang,hongxin li
tt6913592,\N,\N,\N,\N,\N,\N,what's the beef rodo?,jango edwards,\N,\N,\N,\N
tt6914226,anastasia,\N,\N,anastasia,\N,\N,royal opera house live cinema season 2016/17: anastasia,\N,\N,anastasia,\N,\N
tt6914894,\N,\N,\N,\N,\N,\N,maro quit india,gopalakrishna paruchuri,\N,\N,\N,\N
tt6925232,violent street,tsuneo kobayashi,kinya naoi; yasuro yokoyama,\N,tsuneo kobayashi,\N,violent street,tsuneo kobayashi,\N,violent street,tsuneo kobayashi,kinya naoi; yasuro yokoyama
tt6928632,\N,\N,\N,\N,\N,\N,sunnydale,katey lee carson,katey lee carson,\N,\N,\N
tt6929288,kurosu,kazuyoshi okuyama; shinji kugimiya,\N,\N,\N,\N,kurosu,kazuyoshi okuyama; shinji kugimiya,\N,kurosu,kazuyoshi okuyama; shinji kugimiya,\N
tt6929600,\N,\N,\N,\N,\N,\N,boris ivanko,\N,lucas di medio,\N,\N,\N
tt6944152,el ultimo titan. jorge di cicca,carlos de la fuente,carlos de la fuente,\N,\N,\N,el ultimo titan. jorge di cicca,carlos de la fuente,\N,el ultimo titan. jorge di cicca,carlos de la fuente,carlos de la fuente
tt6948130,ctrl alt del,\N,\N,\N,\N,\N,ctrl alt del,\N,\N,ctrl alt del,\N,\N
tt6957366,englishman in l.a.,\N,\N,\N,\N,\N,englishman in l.a.,\N,\N,englishman in l.a.,\N,\N
tt6958208,zodiac power 2: evil destroyer,\N,\N,\N,\N,\N,zodiac power 2: evil destroyer,\N,\N,zodiac power 2: evil destroyer,\N,\N
tt6982730,land der sehnsucht,erich engel,jochen huth,\N,erich engel,jochen karl werner huth,land der sehnsucht,camillo mastrocinque; erich engel,jochen huth,\N,\N,\N
tt6984542,\N,\N,\N,\N,\N,\N,film woh,deo narayan; kusum narayan,deo narayan,\N,\N,\N
tt6988058,\N,\N,\N,\N,\N,\N,monster,\N,damian zellous,\N,\N,\N
tt6993856,spotlight on australian ballet,doc k sternberg,doc k sternberg,\N,\N,\N,spotlight on australian ballet,doc k sternberg,\N,spotlight on australian ballet,doc k sternberg,doc k sternberg
tt7006426,oh baby,thomas acda,\N,oh baby,thomas acda,\N,oh baby,thomas acda,\N,oh baby,thomas acda,nienke romer
tt7017694,\N,\N,\N,\N,\N,\N,tolerance,mike wittlin,\N,\N,\N,\N
tt7027410,beyond the spectrum: a family's year confronting autism,steven suderman,\N,\N,\N,\N,beyond the spectrum: a family's year confronting autism,steven suderman,\N,beyond the spectrum: a family's year confronting autism,steven suderman,\N
tt7035228,georg klein,ulf von strauss,\N,georg klein,ulf von strauss,\N,georg klein,ulf von strauss,\N,georg klein,ulf von strauss,\N
tt7041458,balloon,sinish sreedharan,sinish sreedharan,balloon,\N,\N,balloon,sinish,sinish,balloon,sinish sreedharan,sinish sreedharan
tt7043568,\N,\N,\N,\N,\N,\N,der schwerverbrecher,franz seitz,franz seitz,\N,\N,\N
tt7049978,\N,\N,\N,\N,\N,\N,there goes my heart,john appel,\N,\N,\N,\N
tt7058696,\N,\N,\N,\N,\N,\N,aceh: beyond the tsunami,tim barretto,ben mortley; melanie filler,\N,\N,\N
tt7064690,\N,\N,\N,\N,\N,\N,halloween ii,jay conning,jay conning; john conning,\N,\N,\N
tt7085240,the godforsaken sea,camille delamarre,christopher sargent; rj sauer,\N,\N,\N,the godforsaken sea,camille delamarre,\N,the godforsaken sea,camille delamarre,christopher sargent; rj sauer
tt7087840,\N,\N,\N,\N,\N,\N,cherie amour,g lane,g lane,\N,\N,\N
tt7097352,\N,\N,\N,\N,\N,\N,the sweet escape,dianna ippolito,alexandra belegrati; dianna ippolito,\N,\N,\N
tt7104924,\N,\N,\N,\N,\N,\N,shin katei koza,seiichi ina,\N,\N,\N,\N
tt7105482,\N,\N,\N,\N,\N,\N,mister nippon - zenpen,minoru murata,jiromasa gunji; masashi kobayashi,\N,\N,\N
tt7112214,big fur,dan wayne,george langworthy,\N,\N,\N,big fur,dan wayne,\N,big fur,dan wayne,george langworthy
tt7121198,\N,\N,\N,\N,\N,\N,der tempel der liebe,paul l stein,robert martin,\N,\N,\N
tt7121922,\N,\N,\N,\N,\N,\N,to troboni,\N,\N,\N,\N,\N
tt7129374,\N,\N,\N,\N,\N,\N,adieksodo,\N,\N,\N,\N,\N
tt7134690,i like me,joshua land,abigail sussman; benjamin cagan; joshua land,\N,\N,\N,i like me,joshua land,\N,i like me,joshua land,abigail sussman; joshua land
tt7144874,\N,\N,\N,\N,\N,\N,grey zone,lex darian,lex darian,\N,\N,\N
tt7150512,2040,damon gameau,damon gameau,2040,damon gameau,damon gameau,2040,damon gameau,damon gameau,2040,damon gameau,damon gameau
tt7158806,\N,\N,\N,\N,\N,\N,to oneiro,\N,\N,\N,\N,\N
tt7166466,\N,\N,\N,\N,\N,\N,dilitirio,\N,\N,\N,\N,\N
tt7174714,\N,\N,\N,\N,\N,\N,the otherkind,mary c russell,mary c russell,\N,\N,\N
tt7176886,\N,\N,\N,\N,\N,\N,voadores,nathalia vernizzi,nathalia vernizzi,\N,\N,\N
tt7184956,\N,\N,\N,\N,\N,\N,parinati,samar das,a ghosh,\N,\N,\N
tt7187350,\N,\N,\N,\N,\N,\N,o kosmos to xei toubano kai to pasok kamari,\N,\N,\N,\N,\N
tt7196880,then she arrived,roee florentin,\N,then she arrived,\N,\N,and then she arrived,roee florentin,shai lahav,then she arrived,roee florentin,\N
tt7212426,\N,\N,\N,\N,\N,\N,deconstructing the beatles' revolver,david zellerford,scott freiman,\N,\N,\N
tt7221772,seized,isaac florentine,richard lowry,seized,isaac florentine,\N,seized,isaac florentine,richard lowry,seized,isaac florentine,richard lowry
tt7222936,her war: women vs. isis,anastasia trofimova,\N,\N,\N,\N,her war: women vs. isis,anastasia trofimova,\N,her war: women vs. isis,anastasia trofimova,\N
tt7231518,\N,\N,\N,\N,\N,\N,\N,\N,\N,\N,\N,\N
tt7236120,\N,\N,\N,\N,\N,\N,nippon ana-bushi,shinya yamamoto,\N,\N,\N,\N
tt7238912,"hey you, the cowboys!",abdulla karsakbayev,arnold neggo,"hey you, cowboys!",abdulla karsakbayev,\N,"hey you, the cowboys!",abdulla karsakbayev,\N,"hey you, the cowboys!",abdulla karsakbayev,arnold neggo
tt7256940,\N,\N,\N,\N,\N,\N,ningen sadakuro,shiroku nagao,\N,\N,\N,\N
tt7260856,\N,\N,\N,\N,\N,\N,"broken, shutters, softly",\N,hank orion,\N,\N,\N
tt7260950,\N,\N,\N,\N,\N,\N,escort driver,\N,\N,\N,\N,\N
tt7262606,\N,\N,\N,\N,\N,\N,how to build an o gauge train layout beginner & advanced: using lionel fastrack,joseph stachler,joseph stachler,\N,\N,\N
tt7268604,\N,\N,\N,\N,\N,\N,therodum veedhiyile,saro sriram,\N,\N,\N,\N
tt7270396,\N,\N,\N,\N,\N,\N,schools that change communities,bob gliner,bob gliner,\N,\N,\N
tt7272574,\N,\N,\N,\N,\N,\N,"stay tuned: the beginnings of springfield, mo television",tom carter,tom carter,\N,\N,\N
tt7274518,\N,\N,\N,\N,\N,\N,trio pa bio,eva eriksson; jan gustavsson; stig bergqvist,eva eriksson; gunnar berefelt,\N,\N,\N
tt7285216,52 seconds,javier andrade,javier andrade,\N,\N,\N,52 seconds,javier andrade,\N,52 seconds,javier andrade,javier andrade
tt7297962,the poet and the boy,kim yanghee,kim yanghee,the poet and the boy,yanghee kim,\N,the poet and the boy,yanghee kim,\N,the poet and the boy,kim yanghee,kim yanghee
tt7298108,\N,\N,\N,\N,\N,\N,crossing,z eric yang,andrew fukuda; clay baird; z eric yang,\N,\N,\N
tt7320324,following seas,araby williams; tyler j kelley,\N,following seas,\N,\N,following seas,araby williams; tyler j kelley,\N,following seas,araby williams; tyler j kelley,\N
tt7321988,\N,\N,\N,\N,\N,\N,inanna,adoniyas y,adoniyas y,\N,\N,\N
tt7326798,\N,\N,\N,\N,\N,\N,sisters,james wilsher,james wilsher,\N,\N,\N
tt7328422,\N,\N,\N,\N,\N,\N,am kreuzweg der leidenschaften,eugen illes,lissy reinecke,\N,\N,\N
tt7332988,\N,\N,\N,\N,\N,\N,im dienste der wissenschaft,max maschke,margarete lindauschulz,\N,\N,\N
tt7340824,du madel vom rhein,hans felsing,\N,the girl from the rhine,\N,\N,du madel vom rhein,hans felsing,\N,du madel vom rhein,hans felsing,\N
tt7349910,nightmare cinema,alejandro brugues; david slade; joe dante; mick garris; ryuhei kitamura,alejandro brugues; david slade; lawrence c connolly; mick garris; richard christian matheson; sandra becerril,nightmare cinema,mick garris,\N,nightmare cinema,alejandro brugues; joe dante; mick garris,alejandro brugues; mick garris; richard christian matheson,nightmare cinema,alejandro brugues; david slade; joe dante; mick garris; ryuhei kitamura,alejandro brugues; david slade; lawrence c connolly; mick garris; richard christian matheson; sandra becerril
tt7350810,onsen porno chitai,wataru nakagawa,wataru nakagawa,\N,\N,\N,onsen porno chitai,wataru nakagawa,wataru nakagawa,onsen porno chitai,wataru nakagawa,wataru nakagawa
tt7356752,\N,\N,\N,\N,\N,\N,see you later,amanda albertini,amanda albertini,\N,\N,\N
tt7361968,\N,\N,\N,\N,\N,\N,huang yan da bao zha,liang hou,guanghui zhang,\N,\N,\N
tt7363342,we love television?,toshio tsuchiya,\N,\N,\N,\N,we love television?,toshio tsuchiya,\N,we love television?,toshio tsuchiya,\N
tt7363412,\N,\N,\N,\N,\N,\N,stahlplatte 1517,siegfried dessauer,hans hyan; siegfried dessauer,\N,\N,\N
tt7366356,\N,\N,\N,\N,\N,\N,blame the victim,alejandro soto,\N,\N,\N,\N
tt7373632,\N,\N,\N,\N,\N,\N,a force on s'habitue,jeanpierre gallepe,jacques bidou; jeanpierre gallepe,\N,\N,\N
tt7391362,\N,\N,\N,\N,\N,\N,instinct,\N,mark bertolini; sean wathen,\N,\N,\N
tt7396340,\N,\N,\N,\N,\N,\N,storage,lucia garcia,lucia garcia,\N,\N,\N
tt7398934,\N,\N,\N,\N,\N,\N,livin' in a pumpkin patch,john laaks; scott mabbutt,john laaks; scott mabbutt,\N,\N,\N
tt7423410,\N,\N,\N,\N,\N,\N,rangyo shibire shimai,kaoru umezawa,\N,\N,\N,\N
tt7424824,speedway,dorota kedzierzawska,dorota kedzierzawska,speedway,\N,\N,speedway,dorota kedzierzawska,\N,speedway,dorota kedzierzawska,dorota kedzierzawska
tt7435168,christmas down under,louis mandylor,adam horner; leigh joel scott,\N,\N,\N,christmas down under,louis mandylor,\N,christmas down under,louis mandylor,leigh joel scott
tt7441876,four cornered triangle,mehmet gureli,gorkem yeltan,\N,\N,\N,four cornered triangle,mehmet gureli,\N,four cornered triangle,mehmet gureli,gorkem yeltan
tt7442284,the human body,\N,\N,\N,\N,\N,the human body,\N,\N,\N,\N,\N
tt7447100,\N,\N,\N,\N,\N,\N,fright fighters,christopher downie,christopher downie,\N,\N,\N
tt7449594,music when the lights go out,ismael caneppele,germano de oliveira; ismael caneppele,\N,\N,\N,musica para quando as luzes se apagam,ismael caneppele,germano de oliveira; ismael caneppele,music when the lights go out,ismael caneppele,germano de oliveira; ismael caneppele
tt7454030,tiwa's baggage,biodun stephen,biodun stephen,tiwa's baggage,biodun stephen,biodun stephen,tiwa's baggage,biodun stephen,biodun stephen,tiwa's baggage,biodun stephen,biodun stephen
tt7454474,\N,\N,\N,\N,\N,\N,die xue jie hua,kai chang,kai chang,\N,\N,\N
tt7458942,\N,\N,\N,\N,\N,\N,bottom,asaad sindian,asaad sindian; omar awany,\N,\N,\N
tt7471530,modern love,takuya fukushima,takuya fukushima,\N,\N,\N,modern love,takuya fukushima,\N,modern love,takuya fukushima,takuya fukushima
tt7472398,\N,\N,\N,\N,\N,\N,akutoku kyoshi,shintaro go,\N,\N,\N,\N
tt7483934,\N,\N,\N,\N,\N,\N,the beloved community,pamela calvert,pamela calvert,\N,\N,\N
tt7486562,the stars and the storms,conrad faraj,\N,\N,\N,\N,the stars and the storms,conrad faraj,\N,the stars and the storms,conrad faraj,\N
tt7488208,over the moon,glen keane,audrey wells,over the moon,glen keane,audrey wells,over the moon,glen keane; john kahrs,alice wu; audrey wells; jennifer yee mcdevitt,over the moon,glen keane,audrey wells
tt7488520,\N,\N,\N,\N,\N,\N,do the right film: le cinema black americain aujourd'hui,didier allouch,didier allouch,\N,\N,\N
tt7517518,prisoners and pups,shalom almond,\N,\N,\N,\N,prisoners and pups,shalom almond,\N,prisoners and pups,shalom almond,\N
tt7520148,vaanga partner vaanga,rama narayanan,rama narayanan,vaanga partner vaanga,rama narayanan,\N,vaanga partner vaanga,rama narayanan,\N,vaanga partner vaanga,rama narayanan,rama narayanan
tt7520568,the hyperions,jon mcdonald,jon mcdonald,the hyperions,\N,\N,the hyperions,jon mcdonald,jon mcdonald; mike timm,the hyperions,jon mcdonald,jon mcdonald
tt7525402,\N,\N,\N,\N,\N,\N,athinei,thanos sidiras,anna mattheou,\N,\N,\N
tt7527876,\N,\N,\N,\N,\N,\N,crystal,mohsen mohseninasab,mohsen mohseninasab,\N,\N,\N
tt7528182,\N,\N,\N,\N,\N,\N,are you winking at me?,tzuping lin,\N,\N,\N,\N
tt7529606,\N,\N,\N,saving barbara sizemore,david j steiner,david j steiner,saving barbara sizemore,david j steiner,david j steiner,\N,\N,\N
tt7532690,\N,\N,\N,\N,\N,\N,untitled avila beach project,\N,stephanie fredricks,\N,\N,\N
tt7550270,maldita sucia,alonso o lara,\N,\N,\N,\N,maldita sucia,alonso o lara,\N,maldita sucia,alonso o lara,\N
tt7558384,\N,\N,\N,\N,\N,\N,ellines eiste kai faineste,\N,\N,\N,\N,\N
tt7564428,the unforgiven,lars feldballe petersen,lars feldballe petersen,the unforgiven,lars feldballe petersen,\N,the unforgiven,lars feldballe petersen,lars feldballe petersen,the unforgiven,lars feldballe petersen,lars feldballe petersen
tt7569826,\N,\N,\N,\N,\N,\N,life beyond our existence,thomas mikey scrder jensen,billy carson; thomas mikey scrder jensen,\N,\N,\N
tt7573266,zvicra,fisnik maxhuni,benoit goncerut; fisnik maxhuni,\N,\N,\N,zvicra,fisnik maxhuni,\N,zvicra,fisnik maxhuni,benoit goncerut; fisnik maxhuni
tt7579100,\N,\N,\N,\N,\N,\N,il lavoro che vogliamo,andrea salvadore,andrea salvadore,\N,\N,\N
tt7580276,\N,\N,\N,\N,\N,\N,broke: the santa barbara oil pipeline spill of 2015,gail osherenko,\N,\N,\N,\N
tt7583096,\N,\N,\N,\N,\N,\N,only human,david king,david king,\N,\N,\N
tt7585172,\N,\N,\N,\N,\N,\N,patient number five,alex fahl,\N,\N,\N,\N
tt7587882,\N,\N,\N,\N,\N,\N,sitting under the chestnut tree,marc zammit,cheryl neve,\N,\N,\N
tt7596336,\N,\N,\N,\N,\N,\N,"nepek krisztusa, magyarorszag 1956",istvan jelenczki,\N,\N,\N,\N
tt7598840,shinpan botan doro,tamizo ishida,\N,\N,\N,\N,shinpan botan doro,tamizo ishida,\N,shinpan botan doro,tamizo ishida,\N
tt7604174,\N,\N,\N,\N,\N,\N,measure for measure,stephen armourae,william shakespeare,\N,\N,\N
tt7610024,\N,\N,\N,\N,\N,\N,shilalipi,palash bannerjee,\N,\N,\N,\N
tt7611836,\N,\N,\N,\N,\N,\N,grapefruit,thea gajic,thea gajic,\N,\N,\N
tt7614716,\N,\N,\N,\N,\N,\N,moyuru tamashi,hirofumi takada,\N,\N,\N,\N
tt7620556,\N,\N,\N,\N,\N,\N,journeys to adaka,fritz mueller,teresa earle,\N,\N,\N
tt7624126,\N,\N,\N,\N,\N,\N,treasure hunt,yao huang,yao huang,\N,\N,\N
tt7626340,\N,\N,\N,\N,\N,\N,black mountain,christopher w bailey,christopher w bailey,\N,\N,\N
tt7632610,swarna mahal,sukhen das,\N,\N,\N,\N,swarna mahal,sukhen das,\N,swarna mahal,sukhen das,\N
tt7638060,\N,\N,\N,\N,\N,\N,marchands de bonheur,jeansimon chartier,jeansimon chartier,\N,\N,\N
tt7639582,\N,\N,\N,\N,\N,\N,mindenem megvan,eliza zolnai,\N,\N,\N,\N
tt7639988,bully high,bill mcadams jr,bill mcadams jr,bully high,\N,\N,bully high,bill mcadams jr,\N,bully high,bill mcadams jr,bill mcadams jr
tt7653094,\N,\N,\N,\N,\N,\N,berge und zwerge,matthias steurer,\N,\N,\N,\N
tt7665408,\N,\N,\N,\N,\N,\N,escape maze,\N,xenia puiggros,\N,\N,\N
tt7679754,blossom valley,laszlo csuja,gergo v nagy; laszlo csuja,blossom valley,laszlo csuja,laszlo csuja,blossom valley,laszlo csuja,gergo v nagy; laszlo csuja,blossom valley,laszlo csuja,gergo v nagy; laszlo csuja
tt7682292,\N,\N,\N,\N,\N,\N,broken vessels,david vega,david vega; matthew santia; ryan lax,\N,\N,\N
tt7683724,seigmen at the opera,lars martin krmer; pal martin rossing,\N,\N,\N,\N,seigmen at the opera,lars martin krmer; pal martin rossing,\N,seigmen at the opera,lars martin krmer; pal martin rossing,\N
tt7709312,\N,\N,\N,\N,\N,\N,the flame,\N,jenny dome,\N,\N,\N
tt7725008,little miss westie,dan hunt; joy e reed,\N,\N,\N,\N,little miss westie,dan hunt; joy e reed,\N,little miss westie,dan hunt; joy e reed,\N
tt7731866,yureito,koji inaba,\N,\N,\N,\N,yureito,koji inaba,\N,yureito,koji inaba,\N
tt7736606,\N,\N,\N,\N,\N,\N,must kill karl,\N,\N,\N,\N,\N
tt7738450,thunder road,jim cummings,jim cummings,thunder road,jim cummings,jim cummings,thunder road,jim cummings,jim cummings,thunder road,jim cummings,jim cummings
tt7751320,\N,\N,\N,\N,\N,\N,on the irtysh,vyacheslav sorokin,sergey zalygin,\N,\N,\N
tt7765850,walking with herb,ross kagan marks,mark medoff,walking with herb,ross kagan marks,\N,walking with herb,ross kagan marks,mark medoff,walking with herb,ross kagan marks,mark medoff
tt7778366,\N,\N,\N,\N,\N,\N,"louis-dreyfus vs. marseille, l'histoire d'un rendez-vous manque (version projection)",marc maouad,marc maouad,\N,\N,\N
tt7779728,\N,\N,\N,veda bf,\N,\N,veda bf,altaf dadasaheb shaikh,altaf dadasaheb shaikh,\N,\N,\N
tt7782630,\N,\N,\N,\N,\N,\N,the ravine,\N,\N,\N,\N,\N
tt7789472,\N,\N,\N,\N,\N,\N,dirty deeds,lukas chmiel; margo graff,margo graff,\N,\N,\N
tt7795344,"hoher, vigyazz!",\N,\N,\N,\N,\N,"hoher, vigyazz!",\N,\N,"hoher, vigyazz!",\N,\N
tt7799536,\N,\N,\N,\N,\N,\N,shinren inazuma otoko,matsuo hashimoto,\N,\N,\N,\N
tt7807214,\N,\N,\N,\N,\N,\N,aramusha daishingun,kanenori yamada,\N,\N,\N,\N
tt7814758,\N,\N,\N,\N,\N,\N,the best christian testimony: christian movie - the exchange account of an interrogation,\N,\N,\N,\N,\N
tt7827058,\N,\N,\N,\N,\N,\N,edl short film,craig thomas,\N,\N,\N,\N
tt7829490,cezanne: portraits of a life,phil grabsky,phil grabsky,exhibition on screen: cezanne - portraits of a life,phil grabsky,\N,exhibition on screen: cezanne: portraits of a life,phil grabsky,\N,cezanne: portraits of a life,phil grabsky,phil grabsky
tt7830806,my best friend's exorcism,damon thomas,\N,my best friend's exorcism,damon thomas,jenna lamia,my best friend's exorcism,damon thomas,grady hendrix; jenna lamia,my best friend's exorcism,damon thomas,jenna lamia
tt7843600,fyre fraud,jenner furst; julia willoughby nason,jed lipinski; jenner furst; julia willoughby nason; lana barkin,fyre fraud,jenner furst; julia willoughby nason,\N,fyre fraud,jenner furst; julia willoughby nason,jed lipinski; jenner furst; lana barkin,fyre fraud,jenner furst; julia willoughby nason,jed lipinski; jenner furst; julia willoughby nason; lana barkin
tt7848980,generale mori. un'italia a testa alta,ambrogio crespi,\N,\N,\N,\N,generale mori. un'italia a testa alta,ambrogio crespi,\N,generale mori. un'italia a testa alta,ambrogio crespi,\N
tt7850980,ghajinikanth,santhosh p jayakumar,santhosh p jayakumar,ghajinikanth,santhosh p jayakumar,\N,ghajinikanth,santhosh p jayakumar,maruthi dasari,ghajinikanth,santhosh p jayakumar,santhosh p jayakumar
tt7870578,girls vs gangsters,barbara wong chunchun,barbara wong chunchun; shanyu zheng; yingyan hou,girls 2,wong chunchun,\N,girls vs gangsters,barbara wong chunchun,barbara wong chunchun; daryl doo; skipper cheng,girls vs gangsters,barbara wong chunchun,barbara wong chunchun; shanyu zheng; yingyan hou
tt7872280,\N,\N,\N,\N,\N,\N,the hard way,\N,reinhard denke,\N,\N,\N
tt7874276,\N,\N,\N,\N,\N,\N,"l'eveil, madagascar",juan ignacio davila; marine pouchin,juan ignacio davila; marine pouchin,\N,\N,\N
tt7884596,\N,\N,\N,\N,\N,\N,present time: journal of a country monastery,john slattery,john slattery,\N,\N,\N
tt7889930,mr. virgin,bisharad basnet,mahesh dawadi,mr. virgin,bisharad basnet,\N,mr. virgin,bisharad basnet,\N,mr. virgin,bisharad basnet,mahesh dawadi
tt7929832,\N,\N,\N,\N,\N,\N,youn kaikijo,hozo nakajima,\N,\N,\N,\N
tt7931422,foreboding,kiyoshi kurosawa,\N,foreboding,kiyoshi kurosawa,kiyoshi kurosawa,foreboding,kiyoshi kurosawa,kiyoshi kurosawa; tomohiro maekawa,foreboding,kiyoshi kurosawa,hiroshi takahashi; kiyoshi kurosawa
tt7935784,transformer,michael del monte,\N,transformer,michael del monte,\N,transformer,michael del monte,michael del monte; paul kemp; samuel fussell,transformer,michael del monte,\N
tt7944380,\N,\N,\N,\N,\N,\N,voices,lori holladay,\N,\N,\N,\N
tt7946640,\N,\N,\N,\N,\N,\N,kosovo united,\N,noli mollakuqe,\N,\N,\N
tt7950510,a piece of paradise,patrick alcedo,\N,\N,\N,\N,a piece of paradise,patrick alcedo,\N,a piece of paradise,patrick alcedo,\N
tt7951634,naalu peruku nalladhuna edhuvum thappilla,dinesh selvaraj,\N,naalu peruku nalladhuna edhuvum thappilla,\N,\N,naalu peruku nalladhuna edhuvum thappilla,dinesh selvaraj,\N,naalu peruku nalladhuna edhuvum thappilla,dinesh selvaraj,\N
tt7954266,\N,\N,\N,\N,\N,\N,literary sensation of china,yingmin he,\N,\N,\N,\N
tt7954562,\N,\N,\N,\N,\N,\N,a fine night for dying,ryan ellis,roy french,\N,\N,\N
tt7959898,somm iii,jason wise,jason wise,somm 3,jason wise,\N,somm 3,jason wise,\N,somm iii,jason wise,jason wise
tt7967834,meet me in st. gallen,irene emma villamor,irene emma villamor,meet me in st. gallen,irene emma villamor,\N,meet me in st. gallen,irene villamor,irene villamor,meet me in st. gallen,irene emma villamor,irene emma villamor
tt7974152,\N,\N,\N,\N,\N,\N,surreabsurdia,\N,nicolas naranjo,\N,\N,\N
tt7986222,kolamavu kokila,nelson dilipkumar,nelson dilipkumar,kolamavu kokila,nelson dilipkumar,\N,kolamavu kokila,nelson dilipkumar,nelson dilipkumar,kolamavu kokila,nelson dilipkumar,nelson dilipkumar
tt7996692,\N,\N,\N,\N,\N,\N,no more blondes,\N,m kevin flynn,\N,\N,\N
tt7999754,\N,\N,\N,\N,\N,\N,comrade bethune,leslie fruman,leslie fruman,\N,\N,\N
tt8011324,seethakathi,balaji tharaneetharan,balaji tharaneetharan,seethakaathi,balaji tharaneetharan,\N,seethakaathi,balaji tharaneetharan,rishabh purohit,seethakathi,balaji tharaneetharan,balaji tharaneetharan
tt8017226,die wilden tiere,gerd conradt; katrin seybold,katrin seybold,\N,\N,\N,die wilden tiere,gerd conradt; katrin seybold,\N,die wilden tiere,gerd conradt; katrin seybold,katrin seybold
tt8022784,\N,\N,\N,\N,\N,\N,a spy's journey,wesley barton,wesley barton,\N,\N,\N
tt8038674,the silent eye,amiel courtinwilson,\N,\N,\N,\N,the silent eye,amiel courtinwilson,\N,the silent eye,amiel courtinwilson,\N
tt8042468,\N,\N,\N,\N,\N,\N,dirty hacks & suicide jacks,montgomery markland,montgomery markland,\N,\N,\N
tt8043354,\N,\N,\N,\N,\N,\N,el nuevo orden,sergi rodon,sergi rodon,\N,\N,\N
tt8045396,a costume for nicolas,eduardo rivero,miguel angel uriegas,a costume for nicholas,eduardo rivero,\N,a costume for nicholas,eduardo rivero,miguel angel uriegas,a costume for nicolas,eduardo rivero,miguel angel uriegas
tt8047440,"uproar, eclipse",ico costa,\N,\N,\N,\N,"uproar, eclipse",ico costa,\N,"uproar, eclipse",ico costa,\N
tt8051172,\N,\N,\N,\N,\N,\N,archipel des galapagos,christian zuber,christian zuber,\N,\N,\N
tt8060326,mooncake story,garin nugroho,aldo swastia; garin nugroho,\N,\N,\N,mooncake story,garin nugroho,\N,mooncake story,garin nugroho,aldo swastia; garin nugroho
tt8080262,\N,\N,\N,\N,\N,\N,les dragons: the dragons - dir. p. meranger,paul meranger,paul meranger,\N,\N,\N
tt8080960,theneechayum peerankippadayum,haridas,haridas; kp sunil,\N,\N,\N,theneechayum peerankippadayum,haridas,\N,theneechayum peerankippadayum,haridas,haridas; kp sunil
tt8101298,olum bizi bulunca,tevfik fikret ucak,omer ugur,\N,\N,\N,olum bizi bulunca,tevfik fikret ucak,\N,olum bizi bulunca,tevfik fikret ucak,omer ugur
tt8101772,\N,\N,\N,\N,\N,\N,the epoch index,brad peyton,christian cantrell; justin rhodes,\N,\N,\N
tt8102046,lazzaro,paolo pisoni,angelo calvisi; paolo pisoni,\N,\N,\N,lazzaro,paolo pisoni,angelo calvisi; paolo pisoni,lazzaro,paolo pisoni,angelo calvisi; paolo pisoni
tt8107316,\N,\N,\N,\N,\N,\N,no turning back,karim jamal,tony robinson jr,\N,\N,\N
tt8116368,big as a sun,kasper kiertzner,\N,\N,kasper kiertzner,\N,big as a sun,kasper kiertzner,\N,big as a sun,kasper kiertzner,\N
tt8119680,dark figure of crime,kim taegyoon,kim taegyoon; kwak kyungtaek,dark figure of crime,taegyun kim,kwak kyungtaek; taegyun kim,dark figure of crime,taegyun kim,kyungtaek kwak; taegyun kim,dark figure of crime,kim taegyoon,kim taegyoon; kwak kyungtaek
tt8125084,\N,\N,\N,\N,\N,\N,gateway,michael andrew prieto,michael andrew prieto,\N,\N,\N
tt8129968,frankly a mess,michael fredianelli,maralynn adams; natasha estrada,\N,\N,\N,frankly a mess,michael fredianelli,\N,frankly a mess,michael fredianelli,maralynn adams; natasha estrada
tt8136908,halkaa,nila madhab panda,nila madhab panda; nitin dixit,halkaa,nila madhab panda,\N,halkaa,inderjeet singh; nila madhab panda,nila madhab panda; nitin dixit; protiqe mojoomdar,halkaa,nila madhab panda,nitin dixit
tt8140564,my perfect you,cathy garciasampana,carmi raymundo; cathy garciasampana; kristine s gabriel,my perfect you,cathy garciasampana,\N,my perfect you,cathy garciasampana,carmi raymundo; cathy garciasampana; kristine gabriel,my perfect you,cathy garciasampana,carmi raymundo; cathy garciasampana; kristine s gabriel
tt8150778,colors of tobi,alexa bakony,alexa bakony; marianna rudas,colors of tobi,alexa bakony,\N,colors of tobi,alexa bakony,alexa bakony; marianna rudas,colors of tobi,alexa bakony,alexa bakony; marianna rudas
tt8161092,\N,\N,\N,\N,\N,\N,the golden section,\N,stellan forsberg,\N,\N,\N
tt8161404,\N,\N,\N,\N,\N,\N,attack decay release,frank luchs,frank luchs,\N,\N,\N
tt8177262,\N,\N,\N,\N,\N,\N,utah's famous firsts,rob sibley,rob sibley,\N,\N,\N
tt8185412,"kostis papagiorgis, the sweetest misanthrope",eleni alexandrakis,\N,\N,\N,\N,"kostis papagiorgis, the sweetest misanthrope",eleni alexandrakis,\N,"kostis papagiorgis, the sweetest misanthrope",eleni alexandrakis,\N
tt8195664,\N,\N,\N,\N,\N,\N,return to trophy point,thomas berens,\N,\N,\N,\N
tt8197150,\N,\N,\N,\N,\N,\N,pre-consciousness,\N,scott hellon,\N,\N,\N
tt8197248,\N,\N,\N,\N,\N,\N,karkey,\N,\N,\N,\N,\N
tt8200998,mister rogers: it's you i like,john paulson,joann young,\N,\N,\N,mister rogers: it's you i like,john paulson,joann young,mister rogers: it's you i like,john paulson,joann young
tt8209150,macbeth,daryl chase,daryl chase,\N,\N,\N,macbeth,daryl chase,daryl chase written for the screen by; william shakespeare based on the play by,macbeth,daryl chase,daryl chase
tt8235120,death to summer,sebastian padillapadilla,alexandro aldrete; sebastian padillapadilla,\N,\N,\N,death to summer,sebastian padillapadilla,\N,death to summer,sebastian padillapadilla,alexandro aldrete
tt8245126,\N,\N,\N,\N,\N,\N,bodybuilding with kevan wilson,jason gurr,\N,\N,\N,\N
tt8245334,michael kirby: don't forget the justice bit,daryl dellora,daryl dellora,\N,\N,\N,michael kirby: don't forget the justice bit,daryl dellora,\N,michael kirby: don't forget the justice bit,daryl dellora,daryl dellora
tt8260150,\N,\N,\N,\N,\N,\N,piece of mind,kobie nichols,\N,\N,\N,\N
tt8286728,the shady lady,guy bordin; renaud de putter,\N,\N,\N,\N,the shady lady,guy bordin; renaud de putter,\N,the shady lady,guy bordin; renaud de putter,\N
tt8297300,fractured,jamie patterson,christian j hearn; jamie patterson,\N,\N,\N,fractured,jamie patterson,christian j hearn; jamie patterson,fractured,jamie patterson,christian j hearn
tt8311286,\N,\N,\N,\N,\N,\N,le partie,erik mauck,erik mauck,\N,\N,\N
tt8327630,they live inside us,michael ballif,caroman turner; james morris; michael ballif,they live inside us,\N,\N,they live inside us,michael ballif,caroman turner; james morris; michael ballif,they live inside us,michael ballif,caroman turner; james morris; michael ballif
tt8330176,\N,\N,\N,\N,\N,\N,swipe left to live,neil brimelow,neil brimelow,\N,\N,\N
tt8332364,here and now,roman shumunov,alexander plavnik; roman shumunov,\N,\N,\N,here and now,roman shumunov,alexander plavnik; maria pinhasova; roman shumunov,here and now,roman shumunov,alexander plavnik; maria pinhasova; roman shumunov
tt8333386,killer highway 21,\N,\N,\N,\N,\N,killer highway 21,parveen dagar,\N,killer highway 21,\N,\N
tt8333800,\N,\N,\N,2006 varanasi the untold,\N,\N,2006 varanasi: the untold,aryeman ramsay,aryeman ramsay; nikhil joshi,\N,\N,\N
tt8334282,the man with the fir tree,owez gelen,byulbyul mamedov,\N,\N,\N,the man with the fir tree,owez gelen,\N,the man with the fir tree,owez gelen,byulbyul mamedov
tt8337248,\N,\N,\N,\N,\N,\N,as themselves,michal cohen,michal cohen,\N,\N,\N
tt8344344,pak pong,\N,\N,\N,\N,\N,pak pong,\N,\N,pak pong,\N,\N
tt8348188,\N,\N,\N,\N,\N,\N,monster under skin,ekenna udo igwe,ekenna udo igwe,\N,\N,\N
tt8355062,\N,\N,\N,\N,\N,\N,angel,alan lawless,alan lawless,\N,\N,\N
tt8357116,\N,\N,\N,\N,\N,\N,phir aaya satte pe satta,r mittal; rajesh mittal,rajesh mittal,\N,\N,\N
tt8359154,\N,\N,\N,\N,\N,\N,herman and hawthorne,tim kirkman,jay parini; samantha silva,\N,\N,\N
tt8365002,run,scott graham,scott graham,run,scott graham,\N,run,scott graham,scott graham,run,scott graham,scott graham
tt8365390,mr. bangladesh,abu akhtarul iman,hasnat piash; khijir hayat khan,mr. bangladesh,\N,\N,mr. bangladesh,abu akhtarul iman,hasnat piash; khijir hayat khan,mr. bangladesh,abu akhtarul iman,hasnat piash; khijir hayat khan
tt8395096,\N,\N,\N,\N,\N,\N,give or take,\N,gabriel mizrahi; suzanne farwell,\N,\N,\N
tt8407614,our quinceanera,fanny veliz grande,\N,\N,\N,\N,our quinceanera,fanny veliz grande,\N,our quinceanera,fanny veliz grande,\N
tt8409472,\N,\N,\N,\N,\N,\N,a lucky break,\N,fahad albutairi,\N,\N,\N
tt8417162,\N,\N,\N,\N,\N,\N,aurora,drake doremus,ben york jones; salvador paskowitz,\N,\N,\N
tt8421814,\N,\N,\N,\N,\N,\N,ouruj,noor hashim abir,siddiq barmak,\N,\N,\N
tt8427854,the accordionist's son,fernando bernues,patxo telleria,the accordionist's son,fernando bernues,patxo telleria,the accordionist's son,fernando bernues,bernardo atxaga; patxo telleria,the accordionist's son,fernando bernues,patxo telleria
tt8431170,\N,\N,\N,"nicola, li dove sorge il sole",\N,antonio garofalo,"nicola, li dove sorge il sole",vito giuss potenza,antonio garofalo; luca vessio; vito giuss potenza,\N,\N,\N
tt8433786,night into day,ben hall,ben hall; darren hummel,\N,\N,\N,night into day,ben hall,ben hall; darren hummel,night into day,ben hall,ben hall; darren hummel
tt8451400,la bound,chris mcgowan,chris mcgowan,\N,\N,\N,la bound,chris mcgowan,\N,la bound,chris mcgowan,chris mcgowan
tt8451954,second samuel,j wayne patterson jr,j wayne patterson jr; pamela parker,\N,\N,\N,second samuel,j wayne patterson jr,\N,second samuel,j wayne patterson jr,j wayne patterson jr; pamela parker
tt8452558,\N,\N,\N,\N,\N,\N,star wars: episode 112: a deadly interception,ryan glista,ryan glista,\N,\N,\N
tt8462202,\N,\N,\N,\N,\N,\N,clowns,\N,zac taft,\N,\N,\N
tt8463628,the prague orgy,irena pavlaskova,irena pavlaskova,the prague orgy,irena pavlaskova,irena pavlaskova,the prague orgy,irena pavlaskova,irena pavlaskova; philip roth,the prague orgy,irena pavlaskova,irena pavlaskova
tt8466030,\N,\N,\N,\N,\N,\N,the girl who could sing,\N,jailyn osborne,\N,\N,\N
tt8474782,\N,\N,\N,\N,\N,\N,finn and marco,jack dever,jack dever,\N,\N,\N
tt8493810,\N,\N,\N,\N,\N,\N,to failure and back,\N,\N,\N,\N,\N
tt8499638,saturday fiction,lou ye,ma yingli,saturday fiction,lou ye,ma yingli,saturday fiction,ye lou,hong ying; riichi yokomitsu; yingli ma,\N,\N,\N
tt8501500,backwoods,thomas smith,erin lilley; thomas smith,\N,\N,\N,backwoods,thomas smith,\N,backwoods,thomas smith,erin lilley; thomas smith
tt8505104,\N,\N,\N,\N,\N,\N,dirge,adam leader; richard oakes,adam leader; nadia lamin; richard oakes,\N,\N,\N
tt8506652,\N,\N,\N,\N,\N,\N,insta famous,pm lipscomb,alysia kaempf; martin washington,\N,\N,\N
tt8507350,kaygszlar: tak fisi bitir isi,cetin inanc,cetin inanc,\N,\N,\N,kaygszlar: tak fisi bitir isi,cetin inanc,\N,kaygszlar: tak fisi bitir isi,cetin inanc,cetin inanc
tt8510070,summerland,kurtis david harder; noah kentis,kurtis david harder; noah kentis,\N,\N,\N,summerland,kurtis david harder; noah kentis,\N,summerland,kurtis david harder; noah kentis,kurtis david harder; noah kentis
tt8510274,\N,\N,\N,\N,\N,\N,the legend of yasuke,\N,nicole jonesdion,\N,\N,\N
tt8513320,the young sea,\N,iris alexandrov klum; mattias klum,\N,\N,\N,the young sea,\N,\N,the young sea,\N,iris alexandrov klum; mattias klum
tt8515090,\N,\N,\N,\N,\N,\N,the picturehouse,james barker; matthew bland,james barker; matthew bland,\N,\N,\N
tt8526506,dust 2 glory,dana brown,dana brown,\N,\N,\N,dust 2 glory,dana brown,dana brown,dust 2 glory,dana brown,dana brown
tt8528490,klanken van oorsprong,hetty naaijkensretel helmrich,\N,\N,\N,\N,klanken van oorsprong,hetty naaijkensretel helmrich,\N,klanken van oorsprong,hetty naaijkensretel helmrich,\N
tt8550208,romeo akbar walter,robby grewal,robby grewal,romeo akbar walter,\N,\N,romeo akbar walter,robbie grewal,ishraq shah; robbie grewal; shreyansh pandey,romeo akbar walter,robby grewal,robby grewal
tt8552834,a bennett song holiday,harley wallen,nancy oeswein,\N,\N,\N,a bennett song holiday,harley wallen,\N,a bennett song holiday,harley wallen,nancy oeswein
tt8560754,wee dragons,alex sebastian,bc fourteen,\N,\N,\N,wee dragons,alex sebastian,bc fourteen,wee dragons,alex sebastian,bc fourteen
tt8573992,\N,\N,\N,\N,\N,\N,familienleben,irina heckmann,\N,\N,\N,\N
tt8574170,the pension,jeonghuh deokjae; ryu jangha; yang jonghyun; yoon changmo,ryu jangha; yang jonghyun,the pension,\N,\N,the pension,jeonghuh deokjae; ryu jangha; yang jonghyun; yoon changmo,\N,the pension,jeonghuh deokjae; ryu jangha; yang jonghyun; yoon changmo,ryu jangha; yang jonghyun
tt8581622,\N,\N,\N,\N,\N,\N,xiong hun,jinbiao zhang,lie meng; xiaosheng liang,\N,\N,\N
tt8582056,high holiday,brian herzlinger,larry postel,high holiday,brian herzlinger,\N,high holiday,brian herzlinger,\N,high holiday,brian herzlinger,larry postel
tt8590318,\N,\N,\N,\N,\N,\N,jack and lem,michael grandage,david scearce,\N,\N,\N
tt8594834,wedding night mystery,atok suharto,sisworo gautama putra,\N,\N,sisworo gautama putra,wedding night mystery,atok suharto,\N,wedding night mystery,atok suharto,sisworo gautama putra
tt8614076,\N,\N,\N,\N,\N,\N,crowded,\N,christopher sebela; kathleen jordan; ted brandt,\N,\N,\N
tt8619856,invisible tattoo,lu yitong,\N,invisible tattoo,\N,\N,invisible tattoo,yitong lu,shuang qin; yitong lu,invisible tattoo,lu yitong,\N
tt8663774,\N,\N,\N,\N,\N,\N,reality bath,ian seabrook,eric matthies; ian seabrook,\N,\N,\N
tt8669132,rocker balik kampung,uli rahman,getar jagatraya; uli rahman,\N,\N,\N,rocker balik kampung,uli rahman,\N,rocker balik kampung,uli rahman,getar jagatraya; uli rahman
tt8676838,20va sathabdam,kodi ramakrishna,\N,20va shatabdam,kodi ramakrishna,\N,20va sathabdam,kodi ramakrishna,\N,20va sathabdam,kodi ramakrishna,\N
tt8682626,\N,\N,\N,\N,\N,\N,prem parinoti,sangram biswal,subrata samanta roy,\N,\N,\N
tt8686178,\N,\N,\N,\N,\N,\N,alludu kosam,ms kota reddy,\N,\N,\N,\N
tt8686460,baby mamas,stephina zwane,ricardo arendse; stephina zwane,baby mamas,\N,\N,baby mamas,stephina zwane,ricardo arendse; stephina zwane,baby mamas,stephina zwane,ricardo arendse; stephina zwane
tt8690180,where i got my balls from,lee syatt,\N,\N,\N,\N,where i got my balls from,lee syatt,\N,where i got my balls from,lee syatt,\N
tt8691764,\N,\N,\N,\N,\N,\N,near dark: part i,\N,lisa killiany; matthew m crain,\N,\N,\N
tt8698766,\N,\N,\N,\N,\N,\N,izumiya jirokichi,donkai nakayama,\N,\N,\N,\N
tt8701430,madame de void: a melodrama,felix bernstein,gabe rubin,\N,\N,\N,madame de void: a melodrama,felix bernstein,\N,madame de void: a melodrama,felix bernstein,gabe rubin
tt8702848,\N,\N,\N,\N,\N,\N,the mad doctor,ftt,\N,\N,\N,\N
tt8715206,aagaya thamaraigal,v azhagappan,v azhagappan,aagaya thamaraigal,v azhagappan,\N,aagaya thamaraigal,v azhagappan,\N,aagaya thamaraigal,v azhagappan,i s n ravi; v azhagappan
tt8719418,\N,\N,\N,\N,\N,\N,angry grandpa v psycho dad: resurgence,\N,\N,\N,\N,\N
tt8725086,\N,\N,\N,\N,\N,\N,a thousand clouds,david wilks,\N,\N,\N,\N
tt8727380,\N,\N,\N,\N,\N,\N,the devil went down,mark wilson sunderland,mark wilson sunderland,\N,\N,\N
tt8749000,\N,\N,\N,\N,\N,\N,il fiore e la violenza,francois reichenbach; jean renoir; michelangelo antonioni,diego fabbri; michelangelo antonioni; suso cecchi damico,\N,\N,\N
tt8757818,\N,\N,\N,\N,\N,\N,mama alludu sawal,ksr das,\N,\N,\N,\N
tt8765728,\N,\N,\N,\N,\N,\N,kokkuri monogatari,kiichiro sato,\N,\N,\N,\N
tt8773662,vengeance,\N,\N,friday the 13th: vengeance,\N,\N,vengeance,\N,\N,\N,\N,\N
tt8777780,\N,\N,\N,\N,\N,\N,beneath the bassline,nick wells,nick wells,\N,\N,\N
tt8784736,\N,\N,\N,\N,\N,\N,no entry,p vijay varma,\N,\N,\N,\N
tt8785018,\N,\N,\N,\N,\N,\N,aghora,durgam rao,\N,\N,\N,\N
tt8792898,l'amour flou,philippe rebbot; romane bohringer,philippe rebbot; romane bohringer,l'amour flou,philippe rebbot; romane bohringer,philippe rebbot; romane bohringer,l'amour flou,philippe rebbot; romane bohringer,philippe rebbot; romane bohringer,l'amour flou,philippe rebbot; romane bohringer,philippe rebbot; romane bohringer
tt8793678,\N,\N,\N,\N,\N,\N,a day in hell,branden anthony bayless; dustin andrew jones,branden anthony bayless,\N,\N,\N
tt8796438,\N,\N,\N,\N,\N,\N,cabrujas en el pais del disimulo,antonio llerandi; belen orsini,antonio llerandi; belen orsini; leonardo henriquez,\N,\N,\N
tt8799960,\N,\N,\N,\N,\N,\N,iron heart,cristian iezzi,cristian iezzi,\N,\N,\N
tt8802350,\N,\N,\N,\N,\N,\N,untitled food documentary,\N,\N,\N,\N,\N
tt8826496,chacun pour tous,vianney lebasque,frank bellocq; vianney lebasque,chacun pour tous,vianney lebasque,frank bellocq; vianney lebasque,chacun pour tous,vianney lebasque,frank bellocq; vianney lebasque; victor rodenbach,chacun pour tous,vianney lebasque,frank bellocq; vianney lebasque
tt8831150,\N,\N,\N,\N,\N,\N,the education of a negro,ryan culver,ryan culver,\N,\N,\N
tt8832030,\N,\N,\N,\N,\N,\N,the goumada,lloyd culberson,lloyd culberson,\N,\N,\N
tt8835200,the in-between,mindy bledsoe,jennifer stone; mindy bledsoe; rob senska,the in-between,\N,\N,the in-between,mindy bledsoe,\N,the in-between,mindy bledsoe,jennifer stone; mindy bledsoe; rob senska
tt8839192,tisis - chapter i: the cursed love,georgios evangellopoulos,georgios evangellopoulos,\N,\N,\N,tisis - chapter i: the cursed love,evangellopoulos georgios,evangellopoulos georgios,tisis - chapter i: the cursed love,georgios evangellopoulos,georgios evangellopoulos
tt8846862,your face,tsai mingliang,\N,your face,tsai mingliang,\N,your face,tsai mingliang,\N,your face,tsai mingliang,\N
tt8848706,the stone speakers,igor drljaca,igor drljaca,the stone speakers,igor drljaca,\N,the stone speakers,igor drljaca,\N,the stone speakers,igor drljaca,igor drljaca
tt8851796,\N,\N,\N,\N,\N,\N,state rowdy,vikram gandhi,phani prakash,\N,\N,\N
tt8865066,the pine barrens,david scott kessler,david scott kessler,\N,\N,\N,the pine barrens,david scott kessler,\N,\N,\N,\N
tt8888460,\N,\N,\N,\N,\N,\N,the count of monte cristo,\N,debbie horsfield,\N,\N,\N
tt8889856,the porn factor,david corlett; maree crabbe,\N,\N,\N,\N,the porn factor,david corlett,david corlett; maree crabbe,the porn factor,david corlett; maree crabbe,\N
tt8894018,devils tramping ground,weiss night,\N,\N,\N,\N,devils tramping ground,weiss night,\N,devils tramping ground,weiss night,\N
tt8896918,\N,\N,\N,\N,\N,\N,indestructible: reckoning,matt spease,john vasiliou; matt spease,\N,\N,\N
tt8897790,\N,\N,\N,\N,\N,\N,fubuki to tomo ni kieyukinu,keigo kimura,sumie tanaka,\N,\N,\N
tt8902422,\N,\N,\N,\N,\N,\N,chibusa de shobu,koji seki,\N,\N,\N,\N
tt8903096,\N,\N,\N,\N,\N,\N,zone d'ombre: l'affaire thomas f.,wilfred rebetez,\N,\N,\N,\N
tt8906370,\N,\N,\N,\N,\N,\N,een laatste mohikaan,tom dangremond,\N,\N,\N,\N
tt8906976,"8, avenue lenine",anna pitoun; valerie mitteaux,\N,"8, lenin avenue",anna pitoun; valerie mitteaux,\N,"8, avenue lenine",anna pitoun; valerie mitteaux,\N,"8, avenue lenine",anna pitoun; valerie mitteaux,\N
tt8907988,\N,\N,\N,\N,\N,\N,aata baas,shirish rane,\N,\N,\N,\N
tt8931714,\N,\N,\N,\N,\N,\N,snox,soma kanthan,soma kanthan,\N,\N,\N
tt8938916,\N,\N,\N,deivega uravu,\N,\N,deiveega uravu,\N,\N,\N,\N,\N
tt8943272,under the same sky-cambodia,\N,\N,\N,\N,\N,under the same sky-cambodia,\N,\N,under the same sky-cambodia,\N,\N
tt8943650,\N,\N,\N,en pondatti nallava,senthilnathan jambulingam,\N,en pondatti nallave,senthilnathan,\N,\N,\N,\N
tt8948408,\N,\N,\N,\N,\N,\N,princess margaret: her real life story,\N,\N,\N,\N,\N
tt8957458,pink moon,carol brandt; meredith johnston,meredith johnston,\N,\N,\N,pink moon,carol brandt; meredith johnston,\N,pink moon,carol brandt; meredith johnston,meredith johnston
tt8960190,\N,\N,\N,\N,\N,\N,arjon,shibli sadique,\N,\N,\N,\N
tt8976682,\N,\N,\N,\N,\N,\N,the killer,anand p raju; p rani,\N,\N,\N,\N
tt8978190,fearing future,nacho sesma,nacho sesma,\N,\N,\N,fearing future,nacho sesma,\N,fearing future,nacho sesma,nacho sesma
tt8982672,resilience and the lost gems,brian finn,\N,\N,\N,\N,resilience and the lost gems,brian finn,\N,resilience and the lost gems,brian finn,\N
tt8997078,haole,james sereno,chris mckinny,\N,\N,\N,haole,james sereno,\N,haole,james sereno,chris mckinny
tt8999494,luz,javier borrayo,\N,\N,\N,\N,luz,javier borrayo,javier borrayo,luz,javier borrayo,\N
tt9001572,louder than rock,valerie j tucker,valerie j tucker,\N,\N,\N,louder than rock,valerie j tucker,\N,louder than rock,valerie j tucker,valerie j tucker
tt9006568,\N,\N,\N,\N,\N,\N,1933 french grand prix,\N,\N,\N,\N,\N
tt9008292,\N,\N,\N,\N,\N,\N,elo musica,juan zapata,juan zapata,\N,\N,\N
tt9021494,coffee talk,kamal smith,kamal smith,\N,\N,\N,coffee talk,kamal smith,\N,coffee talk,kamal smith,kamal smith
tt9037032,\N,\N,\N,\N,\N,\N,can't stop the surf!,anthony arrigali,william saintemarie,\N,\N,\N
tt9054222,\N,\N,\N,\N,\N,\N,1932nen no hara,minoru murata,\N,\N,\N,\N
tt9055262,\N,\N,\N,\N,\N,\N,my kids type: a new york autism documentary,eurydice roman,\N,\N,\N,\N
tt9061042,\N,\N,\N,\N,\N,\N,funland,bryan norton,bryan norton,\N,\N,\N
tt9067644,carmela's diary,vincenzo caiazzo,vincenzo caiazzo,carmela's diary,\N,\N,carmela's diary,vincenzo caiazzo,\N,carmela's diary,vincenzo caiazzo,vincenzo caiazzo
tt9075432,the challenger,martin zandvliet,jayson rothwell,\N,\N,\N,the challenger,martin zandvliet,\N,\N,\N,\N
tt9076118,\N,\N,\N,\N,\N,\N,the promoter,\N,brian cordray; jim burleson,\N,\N,\N
tt9079080,an irrepressible woman,laurent heynemann,laurent heynemann; luc beraud,je ne reve que de vous,laurent heynemann,\N,an irrepressible woman,laurent heynemann,dominique missika; laurent heynemann; luc beraud,an irrepressible woman,laurent heynemann,laurent heynemann; luc beraud
tt9085038,\N,\N,\N,\N,\N,\N,bijo to inju,koji seki,\N,\N,\N,\N
tt9093328,\N,\N,\N,\N,\N,\N,midara na kaben,mamoru watanabe,\N,\N,\N,\N
tt9098488,\N,\N,\N,\N,\N,\N,naomi,avraham pesso; aya bennhaum; shay kaplan,avraham pesso; aya bennhaum; shay kaplan,\N,\N,\N
tt9098938,sharmaji namkeen,hitesh bhatia,hitesh bhatia; supratik sen,sharmaji namkeen,\N,\N,sharmaji namkeen,hitesh bhatia,hitesh bhatia; supratik sen,sharmaji namkeen,hitesh bhatia,hitesh bhatia; supratik sen
tt9117814,tao - fighting for football in china,michiel ebbing,\N,\N,\N,\N,tao - fighting for football in china,michiel ebbing,\N,tao - fighting for football in china,michiel ebbing,\N
tt9124378,\N,\N,\N,\N,\N,\N,divided we fall: a story of redemption,rahim brazil,belinda rogers,\N,\N,\N
tt9128190,sekuritas,carmen stadler,carmen stadler,\N,\N,\N,sekuritas,carmen stadler,\N,sekuritas,carmen stadler,carmen stadler
tt9149328,\N,\N,\N,\N,\N,\N,he huo ren de chun tian,xiaohe zhao,zijin dong,\N,\N,\N
tt9151040,my sister's silence...,kiran kolarov,\N,\N,\N,\N,my sister's silence...,kiran kolarov,\N,my sister's silence...,kiran kolarov,\N
tt9152914,\N,\N,\N,\N,\N,\N,banana moon: the legend of sukari,\N,\N,\N,\N,\N
tt9159824,\N,\N,\N,\N,\N,\N,agreement,flintlee; lin sheng,\N,\N,\N,\N
tt9168712,\N,\N,\N,\N,\N,\N,soldiers of god (guy quigley),mike yurinko,guy quigley,\N,\N,\N
tt9169222,flavioh - tributo a flavio bucci,riccardo zinna,\N,\N,\N,\N,flavioh - tributo a flavio bucci,riccardo zinna,\N,flavioh - tributo a flavio bucci,riccardo zinna,\N
tt9169552,\N,\N,\N,\N,\N,\N,teatro do pretinho basico - tv show,david reis; edu mendas,\N,\N,\N,\N
tt9170528,lucid dreams,teddy robin,ng hoyin; teddy robin,lucid dreams,\N,\N,lucid dreams,teddy robin kwan,hoyin ng; teddy robin kwan,lucid dreams,teddy robin,ng hoyin; teddy robin
tt9173566,\N,\N,\N,\N,\N,\N,camp neverland,\N,midniyte gregg,\N,\N,\N
tt9179096,minamata,andrew levitas,andrew levitas; david k kessler; jason forman; stephen deuters,minamata,andrew levitas,david kessler,minamata,andrew levitas,andrew levitas; david kessler; stephen deuters,minamata,andrew levitas,andrew levitas; david k kessler; jason forman; stephen deuters
tt9190048,\N,\N,\N,\N,\N,\N,tongue,osayande agbontaen,osayande agbontaen,\N,\N,\N
tt9206516,our mothers,cesar diaz,cesar diaz,our mothers,cesar diaz,cesar diaz,our mothers,cesar diaz,cesar diaz,our mothers,cesar diaz,cesar diaz
tt9212662,anton bruckner - a giant in the making,reiner moritz,\N,anton bruckner - giant in the making,reiner e moritz,reiner e moritz; torsten bonnhoff,anton bruckner: a giant in the making,reiner moritz,reiner moritz; torsten bonnhoff,anton bruckner - a giant in the making,reiner moritz,\N
tt9219868,hao wela: the untold story of hot rodding in hawai'i,mark hanson; wojciech lorenc,\N,\N,\N,\N,hao wela: the untold story of hot rodding in hawai'i,mark hanson; wojciech lorenc,\N,hao wela: the untold story of hot rodding in hawai'i,mark hanson; wojciech lorenc,\N
tt9221026,the band,ladislav kabos,ladislav kabos; svatava maria kabosova,\N,\N,\N,the band,ladislav kabos,\N,the band,ladislav kabos,ladislav kabos; svatava maria kabosova
tt9231092,\N,\N,\N,\N,\N,\N,the last car ride home,\N,chris castle,\N,\N,\N
tt9233838,\N,\N,\N,\N,\N,\N,the way we were,rome mubarak,rome mubarak,\N,\N,\N
tt9265566,\N,\N,\N,\N,\N,\N,toruko maruhi sex,kazuo kasahara,\N,\N,\N,\N
tt9269308,\N,\N,\N,\N,\N,\N,koshoku dori monogatari,shinobu monzen,\N,\N,\N,\N
tt9270546,\N,\N,\N,\N,\N,\N,untitled rock eisteddfod musical,alethea jones,thomas wilsonwhite; yve blake,\N,\N,\N
tt9270566,\N,\N,\N,\N,\N,\N,the inheritance,\N,lou sanz,\N,\N,\N
tt9284216,\N,\N,\N,\N,\N,\N,wrong ship,jenet agbor,jenet agbor,\N,\N,\N
tt9284254,\N,\N,\N,\N,\N,\N,shochikubai,seiichi ina,\N,\N,\N,\N
tt9284760,\N,\N,\N,\N,\N,\N,mittei,seiichi ina,\N,\N,\N,\N
tt9296828,\N,\N,\N,\N,\N,\N,never stop,shi zhao,\N,\N,\N,\N
tt9298074,kino wien film,paul rosdy,paul rosdy,\N,\N,\N,kino wien film,paul rosdy,\N,kino wien film,paul rosdy,paul rosdy
tt9301312,from the tatras to the sea of azov,ivan julius kovacevic,jan doransky,\N,\N,\N,from the tatras to the sea of azov,ivan julius kovacevic,\N,from the tatras to the sea of azov,ivan julius kovacevic,jan doransky
tt9307740,\N,\N,\N,\N,\N,\N,alive and kicking,\N,john william young; rob fox,\N,\N,\N
tt9313070,\N,\N,\N,\N,\N,\N,ruths ehe,\N,hedwig courthsmahler; margarete lindauschulz,\N,\N,\N
tt9333208,\N,\N,\N,\N,\N,\N,the pink elephant in the middle of the getto,titi ladette,titi ladette,\N,\N,\N
tt9335946,\N,\N,\N,\N,\N,\N,the object ii,\N,\N,\N,\N,\N
tt9337128,\N,\N,\N,\N,\N,\N,lezioni d'amore,\N,ruth rachel andersonavraham,\N,\N,\N
tt9340882,\N,\N,\N,\N,\N,\N,a pail of air,\N,alistair mcdowall; fritz leiber jr,\N,\N,\N
tt9347120,\N,\N,\N,\N,\N,\N,the drought,fahad olayan,fahad olayan; waheed,\N,\N,\N
tt9363208,the guest,hadi el bagoury,ibrahim issa,the guest,\N,\N,the guest,hadi el bagoury,\N,the guest,hadi el bagoury,ibrahim issa
tt9363366,\N,\N,\N,\N,\N,\N,curtains (live),john pope,john pope,\N,\N,\N
tt9371850,\N,\N,\N,\N,\N,\N,"right time, right place: the jim hickey story",susan pellegrini,\N,\N,\N,\N
tt9373484,\N,\N,\N,\N,\N,\N,on bended knees,lancelot oduwa imasuen,\N,\N,\N,\N
tt9374378,high school teacher: the breeding campus,hiroshi ando,satoru tamaki; toshiaki sato,\N,\N,\N,high school teacher: the breeding campus,hiroshi ando,\N,high school teacher: the breeding campus,hiroshi ando,satoru tamaki; toshiaki sato
tt9384150,trop belge pour toi,ann sirot; meryl fortunatrossi; pablo munoz gomez; raphael balboni; xavier seron,\N,\N,\N,\N,trop belge pour toi,ann sirot; meryl fortunatrossi; pablo munoz gomez; raphael balboni; xavier seron,\N,trop belge pour toi,ann sirot; meryl fortunatrossi; pablo munoz gomez; raphael balboni; xavier seron,\N
tt9395724,\N,\N,\N,\N,\N,\N,tannerin tie,\N,niilo ihamaki,\N,\N,\N
tt9408446,the lewd dance of sexual power,satoru kobayashi,\N,\N,\N,\N,the lewd dance of sexual power,satoru kobayashi,\N,the lewd dance of sexual power,satoru kobayashi,\N
tt9409638,\N,\N,\N,\N,\N,\N,fifteen thirty,\N,\N,\N,\N,\N
tt9435472,\N,\N,\N,\N,\N,\N,jane,\N,sheldon turner,\N,\N,\N
tt9449904,\N,\N,\N,\N,\N,\N,rex,fernando basile,fernando basile; javier aparicio,\N,\N,\N
tt9454916,\N,\N,\N,\N,\N,\N,de boue,georges guillot,\N,\N,\N,\N
tt9461490,\N,\N,\N,\N,\N,\N,toll gate,harikrishnan,\N,\N,\N,\N
tt9466032,mountaineer,murat dzhusoyty,murat dzhusoyty,highlander,murat dzhusoyty,murat dzhusoyty,mountaineer,murat dzhusoyty,\N,mountaineer,murat dzhusoyty,murat dzhusoyty
tt9470060,\N,\N,\N,\N,\N,\N,terrified,demian rugna,demian rugna; sacha gervasi,\N,\N,\N
tt9471428,\N,\N,\N,\N,\N,\N,chijo: hadaka no boso,koji seki,\N,\N,\N,\N
tt9500248,\N,\N,\N,\N,\N,\N,this ain't harvard,alicia st john,alicia st john; ray bourhis,\N,\N,\N
tt9521894,\N,\N,\N,\N,\N,\N,"olly und derjenige, welcher",rudi bach,rudi bach,\N,\N,\N
tt9529756,\N,\N,\N,\N,\N,\N,not-so amazing,calob robinson,calob robinson; gage clift,\N,\N,\N
tt9530732,\N,\N,\N,\N,\N,\N,jessica,brewster hammer,brewster hammer,\N,\N,\N
tt9533162,\N,\N,\N,\N,\N,\N,trust,lewis clift,jp conway,\N,\N,\N
tt9534442,\N,\N,\N,\N,\N,\N,breaking point: the united states and mexico at the ballot box,samuel george,\N,\N,\N,\N
tt9536990,the mosquito philosophy,jayaprakash radhakrishnan,jayaprakash radhakrishnan,the mosquito philosophy,jayaprakash radhakrishnan,\N,the mosquito philosophy,jayaprakash radhakrishnan; ravi kathiresan,jayaprakash radhakrishnan,the mosquito philosophy,jayaprakash radhakrishnan,jayaprakash radhakrishnan
tt9548040,national emblem,shumin xing,yun lang; zhishu xiu,\N,\N,\N,national emblem,shumin xing,\N,national emblem,shumin xing,yun lang; zhishu xiu
tt9548124,\N,\N,\N,\N,\N,\N,man vs ocean,\N,justin kohlas; michael arter; sebastian siegel,\N,\N,\N
tt9558170,\N,\N,\N,\N,\N,\N,resplendence,lloyd maroti,lloyd maroti,\N,\N,\N
tt9572420,the game,orxan bayramov,eren azak; orxan bayramov,once upon a time in sheki,orkhan bayramov,orkhan bayramov,the game,orkhan bayramov,\N,the game,orkhan bayramov,eren azak; orkhan bayramov
tt9575206,private,mehdi rahmani,mehdi rahmani; mehdi shirzad,\N,\N,\N,private,mehdi rahmani,\N,private,mehdi rahmani,mehdi rahmani; mehdi shirzad
tt9575330,\N,\N,\N,\N,\N,\N,#hashtag,leticia rossglass,leticia rossglass,\N,\N,\N
tt9595360,killing cabos 2: the mask of el mascara,alejandro lozano,alejandra rodriguez; alejandro lozano; raquel aedo; rosa clemente garcia,matando cabos 2,\N,\N,"matando cabos 2, la mascara del mascara",alejandro lozano,alejandro lozano; raquel aedo; rosa clemente garcia,killing cabos 2: the mask of el mascara,alejandro lozano,alejandra rodriguez; alejandro lozano; raquel aedo; rosa clemente garcia
tt9618660,\N,\N,\N,\N,\N,\N,cannabis cancer kid (wt),\N,chico ryder; jeff tetreault,\N,\N,\N
tt9619832,el-mahraja,fadi haddad,\N,\N,\N,\N,el-mahraja,fadi haddad,\N,el-mahraja,fadi haddad,\N
tt9623288,\N,\N,\N,\N,\N,\N,chris and adri,quentin lee,james l sorensen,\N,\N,\N
tt9625264,\N,\N,\N,\N,\N,\N,engines of destiny,hunter cressall,brian pace; hunter cressall,\N,\N,\N
tt9625632,my days of glory,antoine de bary,antoine de bary; elias belkeddar,my days of glory,antoine de bary,\N,my days of glory,antoine de bary,antoine de bary; elias belkeddar,my days of glory,antoine de bary,antoine de bary; elias belkeddar
tt9630910,\N,\N,\N,\N,\N,\N,shogeki! nawa fujin,kaoru umezawa,\N,\N,\N,\N
tt9640622,\N,\N,\N,\N,\N,\N,ritmo sbilenco - un filmino su elio e le storie tese,mattia colombo,mattia colombo,\N,\N,\N
tt9642216,\N,\N,\N,\N,\N,\N,they warned us,\N,\N,\N,\N,\N
tt9656994,the betrayed square,gilles lepore; maciej madracki; micha madracki,\N,\N,\N,\N,the betrayed square,gilles lepore; maciej madracki; micha madracki,\N,the betrayed square,gilles lepore; maciej madracki; micha madracki,\N
tt9657556,\N,\N,\N,\N,\N,\N,reviver,cavi borges; patricia niedermeier,jorge caetano; patricia niedermeier,\N,\N,\N
tt9672302,\N,\N,\N,\N,\N,\N,hitobashira yonyushi,keisuke sasaki; yasushi sasaki,\N,\N,\N,\N
tt9676274,ambar,esteban ramirez,agustina liendo; esteban ramirez,ambar,esteban ramirez,\N,ambar,esteban ramirez,agustina liendo; esteban ramirez; matias bertilotti,ambar,esteban ramirez,agustina liendo; esteban ramirez
tt9678460,destini,luciano luminelli,\N,\N,\N,\N,destini,luciano luminelli,\N,destini,luciano luminelli,\N
tt9680204,\N,\N,\N,\N,\N,\N,roach,fahad aljoudi,\N,\N,\N,\N
tt9689866,\N,\N,\N,\N,\N,\N,bao die ji,ji zhu,\N,\N,\N,\N
tt9690790,paradise cove,martin guigui,sherry klein,paradise cove,martin guigui,\N,paradise cove,martin guigui,sherry klein,paradise cove,martin guigui,sherry klein
tt9695686,\N,\N,\N,\N,\N,\N,a dangerous thing,\N,trevor peterson,\N,\N,\N
tt9708284,"i love you, you're perfect, now change!",wong cholam,joey leung choyiu; wang jue; wong cholam,\N,\N,\N,"i love you, you're perfect, now change!",wong cholam,\N,"i love you, you're perfect, now change!",wong cholam,joey leung choyiu; wang jue; wong cholam
tt9718974,beyond the beach: the hell and the hope,buddy squires; graeme a scott,\N,\N,\N,\N,beyond the beach: the hell and the hope,buddy squires; graeme a scott,\N,beyond the beach: the hell and the hope,buddy squires; graeme a scott,\N
tt9721830,disguised sex maniac,satoru kobayashi,shoichi ikeda,\N,\N,\N,disguised sex maniac,satoru kobayashi,\N,disguised sex maniac,satoru kobayashi,shoichi ikeda
tt9733060,marrying myself,eran by,eran by,marrying myself,eran ben yaakov,eran ben yaakov,mithatenet,eran by,eran by,marrying myself,eran by,eran by
tt9741882,\N,\N,\N,\N,\N,\N,hitozuma kankin,seiji izumi,\N,\N,\N,\N
tt9759046,\N,\N,\N,\N,\N,\N,model combat,\N,tiffani kelsi,\N,\N,\N
tt9765780,the secret sex lives of housewives,lars pedersen,\N,\N,\N,\N,the secret sex lives of housewives,lars pedersen,\N,the secret sex lives of housewives,lars pedersen,\N
tt9777742,\N,\N,\N,\N,\N,\N,first and goal,\N,gretchen atwood,\N,\N,\N
tt9778030,\N,\N,\N,\N,\N,\N,art of surfing,cam mchutchison,\N,\N,\N,\N
tt9783534,\N,\N,\N,\N,\N,\N,untitled coachella project,\N,brandy finmark; jessica blackwell,\N,\N,\N
tt9784952,children of football,pavel ivanov,pavel ivanov,\N,\N,\N,children of football,pavel ivanov,\N,children of football,pavel ivanov,pavel ivanov
tt9793114,\N,\N,\N,\N,\N,\N,longwater drive,\N,matt griffin; troy bridson,\N,\N,\N
tt9811798,0009: the sharks make contact,iki eneng,iki eneng,\N,\N,\N,0009: the sharks make contact,iki eneng,\N,0009: the sharks make contact,iki eneng,iki eneng
tt9815554,not to forget,valerio zanoli,valerio zanoli,not to forget,valerio zanoli,\N,not to forget,valerio zanoli,valerio zanoli,not to forget,valerio zanoli,valerio zanoli
tt9827784,farewell song,akihiko shiota,akihiko shiota,farewell song,akihiko shiota,\N,farewell song,akihiko shiota,\N,farewell song,akihiko shiota,akihiko shiota
tt9843292,fish takes off,deniz raunig,\N,fisch lernt fliegen,deniz raunig,salka weber,fisch lernt fliegen,deniz cooper,deniz cooper; salka weber,fish takes off,deniz raunig,\N
tt9854664,\N,\N,\N,\N,\N,\N,love crazy,\N,angela featherstone,\N,\N,\N
tt9858432,\N,\N,\N,\N,\N,\N,her name is zelda,mona eldaief; nicole sampogna,\N,\N,\N,\N
tt9860282,\N,\N,\N,\N,\N,\N,nozoki nerai,seiichiro nakamura,\N,\N,\N,\N
tt9865032,\N,\N,\N,\N,\N,\N,no outlet,\N,anthony stitt,\N,\N,\N
tt9882378,groper hypnosis,kensuke sawa,\N,\N,\N,\N,groper hypnosis,kensuke sawa,\N,groper hypnosis,kensuke sawa,\N
tt9885098,\N,\N,\N,\N,\N,\N,sibling rivals the millers and the saints,wesley ellenwood,wesley ellenwood,\N,\N,\N
tt9904096,\N,\N,\N,\N,\N,\N,pour ne plus mourir,simon plante,\N,\N,\N,\N
tt9904250,the queen of the lizards,burnin percebes; juan gonzalez; nando martinez,juan gonzalez; nando martinez,the queen of the lizards,\N,\N,the queen of the lizards,burnin percebes; juan gonzalez; nando martinez,\N,the queen of the lizards,burnin percebes; juan gonzalez; nando martinez,juan gonzalez; nando martinez
tt9909714,confessions of a criminal: before and after opening,satoru kobayashi,\N,\N,\N,\N,confessions of a criminal: before and after opening,satoru kobayashi,\N,confessions of a criminal: before and after opening,satoru kobayashi,tomoya yoda
