tconst,tmdb_title,tmdb_directors,tmdb_writers,wikidata_title,wikidata_directors,wikidata_writers
tt0001993,\N,\N,\N,\N,camille de morlhon,abel gance
tt0002735,\N,\N,\N,the cameo,maurice tourneur,\N
tt0003227,the unknown woman,mauritz stiller,hugo von hofmannsthal; mauritz stiller,"the girl from abroad; or, the great underworld",mauritz stiller,mauritz stiller
tt0003324,a regiment of two,george d baker; ralph ince,anthony e wills,a regiment of two,george d baker; ralph ince,\N
tt0003632,dear eva,robert wiene,\N,frau eva,artur berger; robert wiene,artur berger; robert wiene
tt0003887,\N,\N,\N,\N,\N,\N
tt0004435,the opened shutters,otis turner,\N,the opened shutters,otis turner,\N
tt0004493,the pride of jennico,j searle dawley,abby sage richardson; grace livingston furniss,the pride of jennico,j searle dawley,\N
tt0004519,\N,\N,\N,\N,\N,\N
tt0004831,\N,\N,\N,\N,\N,\N
tt0004926,\N,\N,\N,\N,\N,\N
tt0004942,the battle cry of peace,j stuart blackton; wilfrid north,j stuart blackton,the battle cry of peace,j stuart blackton; wilfrid north,j stuart blackton
tt0004950,the beachcomber,phil rosen,\N,the beachcomber,phil rosen,\N
tt0005041,\N,\N,\N,the butterfly on the wheel,maurice tourneur,edward hemmerde
tt0005172,the darkening trail,william s hart,c gardner sullivan,the darkening trail,william s hart,c gardner sullivan
tt0005689,the majesty of the law,julia crawford ivers,julia crawford ivers,the majesty of the law,julia crawford ivers,\N
tt0005928,the prince and the pauper,edwin s porter; hugh ford,hugh ford,the prince and the pauper,edwin stanton porter,mark twain
tt0006043,the silent voice,william bowman,\N,the silent voice,william bowman,\N
tt0006773,the heart of a hero,emile chautard,frances marion,the heart of a hero,emile chautard; george archainbaud,frances marion
tt0007458,thrown to the lions,lucius henderson,norbert lusk; wallace irwin,thrown to the lions,lucius j henderson,\N
tt0007655,\N,\N,\N,the auction block,laurence trimble,\N
tt0007926,the fair barbarian,robert thornby,edith m kennedy,the fair barbarian,robert thornby,\N
tt0008202,\N,\N,\N,the lonesome chap,edward lesaint,harvey gates
tt0008459,\N,\N,\N,the primitive call,bertram bracken,\N
tt0008466,\N,\N,\N,\N,\N,\N
tt0008521,the rose of blood,j gordon edwards,bernard mcconville; ryszard ordynski,the rose of blood,j gordon edwards,bernard mcconville
tt0009110,the girl who wouldn't quit,edgar jones,james oliver curwood,the girl who wouldn't quit,edgar jones,\N
tt0009319,love me,roy william neill,\N,love me,roy william neill,c gardner sullivan
tt0009325,the lure of the circus,jp mcgowan,hope loring; william e wing,the lure of the circus,j p mcgowan,hope loring
tt0009521,the prodigal wife,frank reicher,edith barnard delano,the prodigal wife,frank reicher,\N
tt0009559,a romance of happy valley,dw griffith,dw griffith; mary castelman,a romance of happy valley,d w griffith,\N
tt0009595,\N,\N,\N,the secret woman,ae coleby,eden phillpotts
tt0009650,the squaw man,cecil b demille,beulah marie dix,the squaw man,anne bauchens; cecil b demille; sam wood,beulah marie dix
tt0009965,\N,\N,\N,breezy jim,lorimer johnston,\N
tt0010389,the lottery man,james cruze,elmer harris; frank urson,the lottery man,james cruze,frank urson
tt0010534,the other half,king vidor,king vidor,the other half,king vidor,king vidor
tt0010536,the other,eduardo zamacois; juan maria codina,eduardo zamacois,\N,\N,\N
tt0010742,\N,\N,\N,\N,\N,\N
tt0010934,\N,\N,\N,ray of sunshine,theo frenkel,theo frenkel
tt0011166,eyes of the heart,paul powell,clara genevieve kennedy; dana burnet,eyes of the heart,paul powell,clara genevieve kennedy
tt0011167,the face at your window,richard stanton,max marcin,the face at your window,richard stanton,edward sedgwick; max marcin
tt0011280,helleveeg,theo frenkel sr,theo frenkel sr,helleveeg,theo frenkel,theo frenkel
tt0011483,mothers of men,edward jose,charles e whittaker; de witte kaplan,mothers of men,edward jose,\N
tt0011616,the red lane,lynn reynolds,violet clark,the red lane,lynn reynolds,\N
tt0011625,the riddle: woman,edward jose,charlotte e wells; dorothy donnelly; john b clymer,the riddle: woman,edward jose,charlotte e wells; dorothy donnelly; john b clymer
tt0011726,a splendid hazard,allan dwan,\N,a splendid hazard,arthur rosson,\N
tt0011784,trailed by three,perry n vekroff,charles t dazey,trailed by three,perry n vekroff,\N
tt0012016,buried treasure,george d baker,\N,buried treasure,george d baker,\N
tt0012065,\N,\N,\N,o condenado,\N,\N
tt0012446,mann uber bord,karl grune,georg franck; karl grune,man overboard,karl grune,\N
tt0012586,the primal law,bernard j durning,\N,the primal law,bernard durning,paul schofield
tt0013366,man with two mothers,paul bern,\N,\N,paul bern,\N
tt0013415,\N,\N,\N,\N,\N,\N
tt0013437,\N,\N,\N,\N,\N,\N
tt0013484,\N,\N,\N,\N,\N,\N
tt0013732,versunkene welten,siegfried philippi,\N,sunken worlds,siegfried philippi,\N
tt0013746,western speed,cr wallace; scott r dunlap; william wallace,scott r dunlap,western speed,scott r dunlap,\N
tt0013814,abysmal brute,hobart henley,ap younger,the abysmal brute,hobart henley,\N
tt0014206,\N,\N,\N,the little red schoolhouse,john g adolfi,\N
tt0014341,our hospitality,buster keaton; john g blystone,clyde bruckman; jean c havez; joseph a mitchell,our hospitality,buster keaton; john g blystone,clyde bruckman; jean havez; joseph a mitchell
tt0014611,why worry?,fred c newmeyer; sam taylor,sam taylor; ted wilde; tim whelan,why worry?,sam taylor,sam taylor; ted wilde
tt0014769,cheap kisses,cullen tate; john ince,c gardner sullivan,cheap kisses,john ince,\N
tt0014799,the conspirators,sinclair hill,sinclair hill,the conspirators,sinclair hill,\N
tt0014822,the dangerous blonde,robert f hill,hulbert footner,the dangerous blonde,robert f hill,\N
tt0014827,daring chances,clifford smith,isadore bernstein; wyndham gittens,daring chances,clifford smith,\N
tt0014980,\N,\N,\N,\N,\N,\N
tt0015077,lolita the orphan,alejandro olavarria,\N,lolita la huerfana,aureliano gonzalez,alejandro olabarria; aureliano gonzalez
tt0015248,the price she paid,henry macrae,\N,the price she paid,henry macrae,\N
tt0015382,\N,\N,\N,\N,\N,\N
tt0015528,man of destiny,john lindlof,j ericius,\N,john lindlof,\N
tt0015734,daring days,john b obrien,george c hull,\N,\N,\N
tt0015764,\N,\N,\N,\N,\N,\N
tt0015997,the stationmaster,ivan moskvin; yuri zhelyabuzhsky,fyodor otsep; valentin turkin,the stationmaster,ivan moskvin; yuri zhelyabuzhsky,fedor ozep; nikolai kovarsky
tt0016029,the little colonel,david butler,anne fellows johnston; william m conselman,the little colonel,david butler,william conselman
tt0016042,the love gamble,edward lesaint,\N,the love gamble,edward lesaint,\N
tt0016044,the love hour,herman c raymaker,bess meredyth,the love hour,herman c raymaker,bess meredyth
tt0016255,\N,\N,\N,\N,\N,\N
tt0016316,scandal street,whitman bennett,frank r adams; harry chandlee,scandal street,whitman bennett,\N
tt0016374,a son of his father,victor fleming,anthony coldeway,a son of his father,victor fleming,\N
tt0016522,whistling jim,wilbur mcgaugh,peggy oday,\N,\N,\N
tt0016633,beatrice cenci,baldassarre negroni; torello rolli,luciano doria,beatrice cenci,baldassarre negroni,\N
tt0016642,bertha the sewing machine girl,irving cummings,gertrude orr,"bertha, the sewing machine girl",irving cummings,gertrude orr
tt0016652,bigger than barnum's,ralph ince,arthur guy empey; j grubb alexander,bigger than barnum's,ralph ince,j grubb alexander
tt0016682,the broadway boob,joseph henabery,ev durling; monte m katterjohn,the broadway boob,joseph henabery,monte m katterjohn
tt0016765,\N,\N,\N,the dangerous dub,richard thorpe,\N
tt0016832,exit smiling,sam taylor,marc connelly,exit smiling,sam taylor,joseph farnham; sam taylor
tt0016884,flesh and the devil,clarence brown,benjamin glazer; marian ainslee,flesh and the devil,clarence brown,benjamin glazer
tt0016946,hands across the border,david kirkland,frances marion,hands across the border,david kirkland,\N
tt0017051,laddie,james leo meehan,jeanette porter meehan,laddie,james leo meehan,\N
tt0017156,\N,\N,\N,the miracle of life,stanner ev taylor,\N
tt0017561,wild to go,robert de lacey,fae pine,wild to go,robert de lacey,\N
tt0017723,by whose hand?,walter lang,marion orth,by whose hand?,walter lang,\N
tt0017845,eins + eins = drei,felix basch,bela balazs; henry koster,one plus one equals three,felix basch,bela balazs
tt0017874,\N,\N,\N,\N,\N,\N
tt0018084,let it rain,edward f cline,earle snell; george crone; wade boteler,let it rain,edward f cline,wade boteler
tt0018164,the missing link,charles reisner,charles reisner,the missing link,charles reisner,\N
tt0018479,a texas steer,richard wallace,bernard mcconville; will rogers,a texas steer,richard wallace,garrett graham
tt0018515,two arabian knights,lewis milestone,cyril gardner; donald mcgibney; wallace smith,two arabian knights,lewis milestone,cyril gardner; george marion jr; wallace smith
tt0018606,sword of penitence,torajiro saito; yasujiro ozu,kogo noda,sword of penitence,yasujiro ozu,kogo noda; yasujiro ozu
tt0018719,breed of the sunsets,wallace fox,stanner ev taylor,\N,\N,\N
tt0018842,\N,\N,\N,domestic meddlers,james flood,\N
tt0018853,driftwood,christy cabanne,richard harding davis,driftwood,christy cabanne,\N
tt0019076,\N,\N,\N,law of the mounted,j p mcgowan,\N
tt0019175,my son,yevgeni chervyakov,nikolay dirin; yevgeni chervyakov; yuri gromov,my son,yevgeni chervyakov,\N
tt0019292,prep and pep,david butler,john stone; malcolm stuart boylan,prep and pep,david butler,john stone
tt0019380,the showdown,victor schertzinger,ethel doherty; hope loring,the showdown,victor schertzinger,\N
tt0019463,that's my daddy,fred c newmeyer,albert demond; earle snell; reginald denny,that's my daddy,fred c newmeyer,\N
tt0019663,\N,\N,\N,\N,\N,\N
tt0019877,figaro,gaston ravel; tony lekain,gaston ravel; tony lekain,figaro,tony lekain,\N
tt0019992,the hole in the wall,robert florey,frederick j jackson; pierre collings,the hole in the wall,robert florey,pierre collings
tt0020000,hot stuff,mervyn leroy,humphrey pearson; louis stevens; robert s carr,hot stuff,mervyn leroy,\N
tt0020081,the last of mrs. cheyney,sidney franklin,hanns kraly,the last of mrs. cheyney,sidney franklin,claudine west; hanns kraly
tt0020261,\N,\N,\N,the passion song,harry o hoyt,\N
tt0020475,diary of a lost girl,gw pabst,rudolf leonhardt,diary of a lost girl,georg wilhelm pabst,margarete bohme
tt0020867,the eyes of the world,henry king,brewster morse; clarke silvernail; harold bell wright,the eyes of the world,henry king,\N
tt0020942,grumpy,cyril gardner; george cukor,doris anderson,grumpy,cyril gardner; george cukor,\N
tt0021299,ridin' law,harry s webb,\N,\N,\N,\N
tt0021412,the spoilers,edwin carewe,agnes brand leahy; bartlett cormack,the spoilers,edwin carewe,\N
tt0021707,the skulls,james w horne,\N,los calaveras,james parrott; james w horne,h m walker
tt0021746,cimarron,wesley ruggles,howard estabrook,cimarron,wesley ruggles,howard estabrook
tt0021905,a gentleman of paris,sinclair hill,sewell collins; sidney gilliat,a gentleman of paris,sinclair hill,sewell collins
tt0022371,sheer luck,bruce mitchell,bruce mitchell,sheer luck,bruce m mitchell,\N
tt0022509,tukkipojan morsian,erkki karu,erkki karu,tukkipojan morsian,erkki karu,\N
tt0022582,the yellow ticket,raoul walsh,guy bolton; jules furthman,the yellow ticket,raoul walsh,jules furthman
tt0022771,ladies hairdresser,rene guissart,rene guissart,ladies hairdresser,rene guissart,\N
tt0023749,air hostess,albert s rogell,milton raison,air hostess,albert s rogell,\N
tt0023941,destination unknown,tay garnett,tom buckingham,destination unknown,tay garnett,tom buckingham
tt0023987,enemy of the police,george king,\N,enemy of the police,george king,\N
tt0024046,gallant lady,gregory la cava,douglas z doty; gilbert emery; sam mintz,gallant lady,gregory la cava,sam mintz
tt0024343,mistigri,harry lachman,\N,mistigri,harry lachman,marcel achard
tt0024370,the night of the great love,geza von bolvary,martha albrand,\N,\N,\N
tt0024383,night of the garter,jack raymond,austin melford; marjorie gaffney,night of the garter,jack raymond,wilson collison
tt0024653,their night out,harry hughes,harry hughes,their night out,harry hughes,\N
tt0024690,trailing north,john p mccarthy,harry l fraser,trailing north,john p mccarthy,\N
tt0026050,\N,\N,\N,\N,\N,\N
tt0026073,annie oakley,george stevens,ewart adamson; joel sayre; john twist; joseph fields,annie oakley,george stevens,joel sayre; john twist
tt0026605,the last days of pompeii,ernest b schoedsack,ruth rose,the last days of pompeii,ernest b schoedsack; merian c cooper,james ashmore creelman; ruth rose
tt0026949,the roof,george a cooper,\N,the roof,george a cooper,\N
tt0027075,a tale of two cities,jack conway,s n behrman; wp lipscomb,a tale of two cities,jack conway; robert z leonard,s n behrman; w p lipscomb
tt0027330,ballerine,gustav machaty,albrecht joseph; leo bomba; rudolf s joseph,ballerine,gustav machaty,albrecht joseph
tt0027393,brand of the outlaws,robert n bradbury,forbes parkhill,brand of the outlaws,robert n bradbury,\N
tt0027687,the golden arrow,alfred e green,charles kenyon; michael arlen,the golden arrow,alfred edward green,charles kenyon
tt0027710,a little street in paradise,martin fric,georg wittuhn; hugo haas; otakar vavra,\N,martin fric,hugo haas; otakar vavra; tr georg wittuhn
tt0027918,\N,\N,\N,\N,\N,\N
tt0028145,public nuisance no. 1,marcel varnel,val guest,public nuisance no. 1,marcel varnel,franz arnold
tt0028158,ramona,henry king,lamar trotti,ramona,henry king,lamar trotti; sonya levien
tt0028501,white fang,david butler,gene fowler; hal long; sg duncan,white fang,david butler,\N
tt0028534,who loves me?,jose luis saenz de heredia,eduardo ugarte; luis bunuel,\N,eduardo ugarte; jose luis saenz de heredia; luis bunuel,eduardo ugarte; enrique horta; luis bunuel
tt0028873,the firefly,robert z leonard,albert hackett; frances goodrich,the firefly,joseph m newman; robert z leonard,albert hackett; frances goodrich; ogden nash
tt0029157,"live, love and learn",george fitzmaurice,charles brackett; cyril hume; herman j mankiewicz; richard maibaum,"live, love and learn",george fitzmaurice,charles brackett
tt0029280,the mutiny of the elsinore,roy lockwood,beaufoy milton,the mutiny of the elsinore,roy lockwood,roy lockwood
tt0029380,partners in crime,ralph murphy,garnett weston; gladys unger,partners in crime,ralph murphy,gladys buchanan unger
tt0029482,rhythm in the clouds,john h auer,george mence; nathanael west; olive cooper; ray bond,rhythm in the clouds,john h auer,\N
tt0029519,said o'reilly to mcnab,william beaudine,\N,said o'reilly to mcnab,william beaudine,leslie arliss
tt0029764,when's your birthday?,harry beaumont,harry clork,when's your birthday?,harry beaumont,harvey gates
tt0030142,flirting with fate,frank mcdonald,a dorian otvos; charlie melson; daniel jarrett; ethel la blanche; harry clork; joseph moncure march,flirting with fate,frank mcdonald,joseph moncure march
tt0030325,die kleine und die groe liebe,josef von baky,\N,the great and the little love,josef von baky,heinrich oberlander
tt0030384,lord jeff,sam wood,bradford ropes; endre bohem; james kevin mcguinness; val burton,lord jeff,sam wood,james kevin mcguinness
tt0030479,my bill,john farrow,robertson white; vincent sherman,my bill,john farrow,vincent sherman
tt0030516,\N,\N,\N,\N,\N,\N
tt0030579,die pfingstorgel,franz seitz,alois johannes lippl; heinz pauck,die pfingstorgel,franz seitz sr,\N
tt0030704,rykmentin murheenkryyni,tj sarkka; yrjo norta,tj sarkka,\N,yrjo norta,\N
tt0030841,tenth avenue kid,bernard vorhaus,adele buffington; gordon kahn,tenth avenue kid,bernard vorhaus,gordon kahn
tt0030906,\N,\N,\N,\N,piero ballerini,giuseppe guarino; piero ballerini
tt0030913,the impossible mr. pitt,harry piel,\N,the impossible mister pitt,harry piel,georg muhlenschulte
tt0031018,across the plains,spencer gordon bennet,robert emmett tansey,across the plains,jack randall; spencer gordon bennet,\N
tt0031277,it was a gay ballnight,carl froelich,geza von cziffra,the life and loves of tschaikovsky,carl froelich,frank thiess; geza von cziffra; tr georg wittuhn
tt0031337,woman at the wheel,paul martin,pal barabas; paul hellbracht; paul martin,woman at the wheel,paul martin,\N
tt0031440,honeymoon in bali,edward h griffith,virginia van upp,honeymoon in bali,edward h griffith,virginia van upp
tt0031585,law of the north,jacques feyder,alexandre arnoux; charles spaak; maurice constantinweyer,law of the north,jacques feyder,jacques feyder
tt0031633,\N,\N,\N,\N,\N,\N
tt0031826,the private lives of elizabeth and essex,michael curtiz,neas mackenzie; norman reilly raine,the private lives of elizabeth and essex,michael curtiz,maxwell anderson; neas mackenzie; norman reilly raine
tt0031889,saga of death valley,joseph kane,karen dewolf; stuart anthony,saga of death valley,joseph kane,\N
tt0031914,seitseman veljesta,wilho ilmari,kalle kaarna; mika waltari,seven brothers,wilho ilmari,\N
tt0031925,silver on the sage,lesley selander,clarence e mulford; maurice geraghty,silver on the sage,lesley selander,maurice geraghty
tt0032456,the farmer's daughter,james p hogan,delmer daves; lewis r foster,the farmer's daughter,james p hogan,lewis r foster
tt0032699,let george do it!,marcel varnel,angus macphail; austin melford; basil dearden; john dighton,let george do it!,marcel varnel,basil dearden
tt0033155,those were the days!,theodore reed,don hartman,those were the days!,theodore reed,\N
tt0033766,it started with eve,henry koster,hanns kraly; leo townsend; norman krasna,it started with eve,henry koster,norman krasna
tt0034086,reaching for the sun,william a wellman,w l river,reaching for the sun,william a wellman,\N
tt0034164,secret evidence,william nigh,brenda cline; edward bennett,secret evidence,william nigh,\N
tt0034249,swineherd and shepherd,ivan pyryev,viktor gusev,they met in moscow,ivan pyryev,viktor gusev
tt0034379,week-end in havana,walter lang,darrell ware; karl tunberg,week-end in havana,walter lang,karl tunberg
tt0034593,china girl,henry hathaway,ben hecht; darryl f zanuck,china girl (1942 film),henry hathaway,ben hecht
tt0034739,flight lieutenant,sidney salkow,betty hopkins; michael blankfort; richard carroll,flight lieutenant,sidney salkow,michael blankfort
tt0034853,highways by night,peter godfrey,clarence budington kelland; frank fenton; lynn root,highways by night,peter godfrey,\N
tt0034941,kid glove killer,fred zinnemann,allen rivkin; john c higgins,kid glove killer,fred zinnemann,john c higgins
tt0035089,mr. celebrity,william beaudine,charles samuels; martin mooney,mr. celebrity,william beaudine,\N
tt0035111,nai duniya,abdul rashid kardar,\N,nai duniya,abdur rashid kardar,\N
tt0035117,il nemico,guglielmo giannini,guglielmo giannini,\N,\N,\N
tt0035151,once upon a honeymoon,leo mccarey,leo mccarey; sheridan gibney,once upon a honeymoon,leo mccarey,leo mccarey; sheridan gibney
tt0035462,tower of terror,lawrence huntington,john argyle; john reinhardt,tower of terror,lawrence huntington,john reinhardt
tt0035591,between heaven and earth,harald braun,\N,between heaven and earth,harald braun,\N
tt0035726,the chance of a lifetime,william castle,paul yawitz,the chance of a lifetime,william castle,\N
tt0036017,hostages,frank tuttle,frank butler; lester cole,hostages,frank tuttle,frank butler
tt0036177,the life of matsu the untamed,hiroshi inagaki,mansaku itami,the rickshaw man,hiroshi inagaki,\N
tt0036347,she's for me,reginald le borg,henry blankfort,she's for me,\N,\N
tt0036515,watch on the rhine,herman shumlin,dashiell hammett,watch on the rhine,hal mohr; herman shumlin,dashiell hammett; lillian hellman
tt0036580,"adam, eve and the devil",alfredo b crevenna,alfredo b crevenna; edmundo baez; francisco cabrera,"adam, eve and the devil",alfredo b crevenna,\N
tt0036595,am ende der welt,gustav ucicky,\N,\N,gustav ucicky,gerhard menzel
tt0037011,law of the valley,howard bretherton,joseph odonnell,law of the valley,howard bretherton,\N
tt0037133,noche decisiva,julio de fleischner,\N,\N,\N,\N
tt0037430,via mala,josef von baky,thea von harbou,via mala,josef von baky,thea von harbou
tt0037737,getting gertie's garter,allan dwan,allan dwan; avery hopwood; karen dewolf; wilson collison,getting gertie's garter,allan dwan,allan dwan; karen dewolf
tt0038728,martin roumagnac,georges lacombe,georges lacombe; pierre very,martin roumagnac,georges lacombe,pierre very
tt0038819,\N,\N,\N,ouvert pour cause d'inventaire,alain resnais,\N
tt0038853,gates of the night,marcel carne,jacques prevert,gates of the night,marcel carne,jacques prevert
tt0038873,the razor's edge,edmund goulding,lamar trotti,the razor's edge,edmund goulding,lamar trotti
tt0038902,tell the truth,helmut weiss,ernst marischka,tell the truth,helmut weiss,ernst marischka
tt0039024,this man is mine,marcel varnel,reginald beckwith,this man is mine,marcel varnel,reginald beckwith
tt0039310,the last vacation,roger leenhardt,roger leenhardt,the last vacation,roger leenhardt,\N
tt0039527,no place for love,hans deppe,hans deppe; margarete hackebeil,no place for love,hans deppe,\N
tt0039816,seven were saved,william h pine,maxwell shane,seven were saved,william h pine,\N
tt0039951,variety girl,george marshall,edmund l hartmann; frank tashlin; monte brice; robert l welch,variety girl,george marshall,edmund hartmann; frank tashlin; monte brice; robert l welch
tt0039959,vigilantes of boomtown,rg springsteen,earle snell,vigilantes of boomtown,r g springsteen,\N
tt0040074,adventures in silverado,phil karlson,jo pagano; kenneth gamet; tom kilpatrick,adventures in silverado,phil karlson,\N
tt0040105,the original sin,helmut kautner,bobby todd; helmut kautner; kurd e heyne,the original sin,helmut kautner,kurd erich heyne
tt0040326,la esfinge maragata,antonio de obregon,antonio de obregon; jose luis gamboa; selma barberi,the maragatan sphinx,antonio de obregon,concha espina
tt0040410,gunning for justice,ray taylor,j benton cheney,gunning for justice,ray taylor,\N
tt0040444,hollow triumph,paul henreid; steve sekely,daniel fuchs,hollow triumph,steve sekely,daniel fuchs
tt0040746,rope,alfred hitchcock,arthur laurents,rope,alfred hitchcock,arthur laurents; ben hecht; hume cronyn; patrick hamilton
tt0040903,triggerman,howard bretherton,ronald davidson,triggerman (film),howard bretherton,\N
tt0041296,dick barton strikes back,godfrey grayson,ambrose grayson; elizabeth baron,dick barton strikes back,godfrey grayson,\N
tt0041392,frontier investigator,fred c brannon,robert creighton williams,frontier investigator,fred c brannon,\N
tt0041626,the man from yesterday,oswald mitchell,john gilling,the man from yesterday,oswald mitchell,john gilling
tt0041764,the possession,julio bracho,jose lopez portillo y rojas; julio bracho; maria luisa algarra,\N,\N,\N
tt0042255,black jack,jose antonio nieves conde; julien duvivier,charles spaak; julien duvivier; robert gaillard; roland pertwee,black jack,jose antonio nieves conde; julien duvivier,charles spaak; julien duvivier
tt0042478,the franchise affair,lawrence huntington,lawrence huntington; robert hall,the franchise affair,lawrence huntington,\N
tt0042482,frenchie,louis king,oscar brodney,frenchie,louis king,oscar brodney
tt0042992,square dance katy,jean yarbrough,warren wilson,square dance katy,jean yarbrough,\N
tt0043021,seraphin,paul gury,claudehenri grignon; paul gury,seraphin,paul gury,claudehenri grignon; paul gury
tt0043515,the strange case of the man and the beast,mario soffici,carlos marin; mario soffici; ulyses petit de murat,el extrano caso del hombre y la bestia,mario soffici,mario soffici; ulyses petit de murat
tt0043708,the kid from amarillo,ray nazarro,barry shipman,the kid from amarillo,ray nazarro,\N
tt0044043,skipalong rosenbloom,sam newfield,dean riesner; eddie forman,skipalong rosenbloom,sam newfield,dean riesner
tt0044147,streetwalker,matilde landeta,jose aguila; luis spota; matilde landeta,streetwalker,matilde landeta,\N
tt0044210,whirlwind,john english,norman s hall,whirlwind,john english,\N
tt0044569,du bist die rose vom worthersee,hubert marischka,rudolf osterreicher,rose of the mountain,hubert marischka,rudolf oesterreicher
tt0044582,the firebird,hasse ekman,hasse ekman,the firebird,hasse ekman,hasse ekman
tt0044814,krlighedsdoktoren,asbjrn andersen,helge kjrulffschmidt,\N,asbjrn andersen,helge kjrulffschmidt
tt0044848,lockende sterne,hans muller,\N,lockende sterne,hans muller,otto heinz jahn
tt0044852,love is better than ever,stanley donen,ruth brooks flippen,love is better than ever,stanley donen,ruth brooks flippen
tt0044928,mr. denning drives north,anthony kimmins,alec coppel,mr. denning drives north,anthony kimmins,alec coppel
tt0044966,night stage to galveston,george archainbaud,norman s hall,night stage to galveston,george archainbaud,\N
tt0045354,"che, que loco!",ramon torrado,ramon torrado; victor lopez iglesias,what madness!,ramon torrado,ramon torrado
tt0045525,before the deluge,andre cayatte,andre cayatte; charles spaak,before the deluge,andre cayatte,andre cayatte; charles spaak
tt0045595,the bandit,lima barreto,lima barreto,the bandit of brazil,lima barreto,lima barreto; rachel de queiroz
tt0045834,\N,\N,\N,\N,\N,\N
tt0045873,the milkmaid,tj sarkka,juha nevalainen,the milkmaid,toivo sarkka,juha nevalainen
tt0046161,the red beret,terence young,frank s nugent; richard maibaum,the red beret,terence young,frank s nugent; richard maibaum; sy bartlett
tt0046322,siren of bagdad,richard quine,robert e kent,siren of bagdad,richard quine,robert e kent
tt0046369,steppe dawns,lev saakov,\N,steppe dawns,lev saakov,\N
tt0046394,tagebuch einer verliebten,josef von baky,emil burri; johannes mario simmel; kp gillmann,diary of a married woman,josef von baky,emil burri; johannes mario simmel
tt0046429,therese raquin,marcel carne,\N,therese raquin,marcel carne,charles spaak; marcel carne
tt0046467,dreaming lips,josef von baky,johanna sibelius,dreaming lips,josef von baky,paul czinner
tt0046492,the vanquished,edward ludwig,karl brown,the vanquished,edward ludwig,lewis r foster
tt0047054,groe starparade,paul martin,ernst neubach; franz tanzler,the big star parade,paul martin,ernst neubach
tt0047267,napoli terra d'amore,camillo mastrocinque,camillo mastrocinque; fernando barbieri; gianni puccini; giovanni addessi; luigi capuano; mario brancacci,\N,camillo mastrocinque,camillo mastrocinque; gianni puccini
tt0047673,white christmas,michael curtiz,melvin frank; norman krasna; norman panama,white christmas,michael curtiz,melvin frank; norman krasna; norman panama
tt0048006,beautiful but dangerous,robert z leonard,cesare cavagna; franco solinas; giovanna soria; liana ferri; luciano martino; maleno malenotti; mario monicelli; piero pierotti,beautiful but dangerous,robert z leonard,franco solinas; luciano martino; mario monicelli; piero pierotti
tt0048082,flickan i regnet,alf kjellin,alf kjellin; volodja semitjov,the girl in the rain,alf kjellin,volodja semitjov
tt0048212,io piaccio,giorgio bianchi,marcello marchesi; vittorio metz,io piaccio,giorgio bianchi,marcello marchesi; vittorio metz
tt0048284,earth,amvrosii buchma; oleksiy shvachko,oleksiy shvachko,\N,aleksei shvachko; amvrosy buchma,aleksei shvachko
tt0048779,the golden vein,mauro bolognini,gino de santis; jacques remy; mauro bolognini,golden vein,mauro bolognini,jacques remy
tt0049018,women without men,elmo williams,richard h landau; val guest,women without men,elmo williams,val guest
tt0049149,a weary road,leonid gaidai; valentin nevzorov,boris brodskiy; mikhail romm,a weary road,leonid gaidai; valentin nevzorov,boris brodsky; mikhail romm
tt0049158,"dort oben, wo die alpen gluhen",otto meyer,theodor ottawa,\N,otto meyer,theodor ottawa
tt0049392,k. und k. feldmarschall,ew emo,\N,imperial and royal field marshal,e w emo,\N
tt0049431,the last frontier,anthony mann,philip yordan; russell s hughes,the last frontier,anthony mann,philip yordan
tt0049465,malaguena,ricardo nunez,mauricio torres; nene cascallar; ricardo nunez; sebastian rives,\N,\N,\N
tt0049603,different fortunes,leonid lukov,leonid lukov; yakov smolyak,different fortunes,leonid lukov,leonid lukov
tt0049775,solange noch die rosen bluh'n,hans deppe,hans fritz kollner; helga von wangenheimhaeussler; j joachim bartsch; karl heinz busse,as long as the roses bloom,hans deppe,julius joachim bartsch
tt0049864,tosca,carmine gallone,carmine gallone,tosca,carmine gallone,giuseppe giacosa
tt0049961,a woman's devotion,paul henreid,robert hill,a woman's devotion,paul henreid,robert hill
tt0050155,baby face nelson,don siegel,daniel mainwaring; irving shulman; robert adler,baby face nelson,don siegel,daniel mainwaring
tt0050296,decision at sundown,budd boetticher,charles lang; vernon l fluharty,decision at sundown,budd boetticher,charles lang
tt0050302,the delinquents,robert altman,robert altman,the delinquents,robert altman,robert altman
tt0050583,jagerblut,hans h konig,johannes kai,\N,hans heinz konig,johannes kai
tt0050723,monster from green hell,kenneth g crane,endre bohem; louis vittes,monster from green hell,kenneth g crane,endre bohem
tt0050778,not of this earth,roger corman,charles b griffith; mark hanna,not of this earth,roger corman,charles b griffith; mark hanna
tt0050816,panama sal,william witney,arnold belgard,panama sal,william witney,\N
tt0050934,the scamp,wolf rilla,wolf rilla,the scamp,wolf rilla,wolf rilla
tt0050980,school for fathers,ladislav helge,ivan kriz; ladislav helge,school for fathers,ladislav helge,ivan kriz
tt0050992,la sombra del otro,gilberto martinez solares,fernando de fuentes; francisco javier camargo; josefina vicens; maria luisa algarra,la sombra del otro,gilberto martinez solares,\N
tt0051199,die winzerin von langenlois,hans h konig,janne furch; werner eplinius; wolf neuber,the winemaker of langenlois,hans heinz konig,janne furch; werner eplinius
tt0051211,times of joy and sorrow,keisuke kinoshita,keisuke kinoshita,times of joy and sorrow,keisuke kinoshita,keisuke kinoshita
tt0051407,the beautiful legs of sabrina,camillo mastrocinque,edoardo anton; marcello fondato; piero pierotti; vittorio metz,the beautiful legs of sabrina,camillo mastrocinque,piero pierotti; vittorio metz
tt0051490,sunday buddies,henri aisner,gaston bounoure; henri aisner; lilo dammert; raymond lavigne,les copains du dimanche,henri aisner,\N
tt0051492,count five and die,victor vicas,david pursall; jack seddon,count five and die,victor vicas,\N
tt0051755,i bury the living,albert band,louis garfinkle,i bury the living,albert band,louis garfinkle
tt0051851,the law is the law,christianjaque,agenore incrocci; christianjaque; furio scarpelli; jacques emmanuel; jean manse; jeancharles tacchella,the law is the law,christianjaque,agenore incrocci; christianjaque; furio scarpelli; jean manse; jeancharles tacchella
tt0051857,letters from china,joris ivens,joris ivens,\N,\N,\N
tt0051899,man of the west,anthony mann,reginald rose,man of the west,anthony mann,reginald rose
tt0051971,munchhausen in afrika,werner jacobs,hans rameau; johannes hendrich; max nosseck,munchhausen in afrika,werner jacobs,max nosseck
tt0052042,il padrone delle ferriere,anton giulio majano,anton giulio majano,il padrone delle ferriere,anton giulio majano,anton giulio majano
tt0052605,battle flame,rg springsteen,elwood ullman; lester a sansom,battle flame,r g springsteen,\N
tt0052652,broth of a boy,george pollock,blanaid irvine; patrick kirwan,broth of a boy,george pollock,\N
tt0052812,floods of fear,charles crichton,charles crichton,floods of fear,charles crichton,charles crichton
tt0052918,imitation of life,douglas sirk,allan scott; eleanore griffin,imitation of life,douglas sirk,allan scott; eleanore griffin; fannie hurst
tt0053188,the price of silence,montgomery tully,laurence meynell,the price of silence,montgomery tully,\N
tt0053435,was eine frau im fruhling traumt,erik ode,curth flatow; eckart hachfeld,what a woman dreams of in springtime,erik ode,curth flatow
tt0053562,91:an karlsson muckar (tror han),ake gronberg,per lennart ekstrom,\N,ake gronberg,lennart ekstrom
tt0053797,die entscheidung des dr. ahrendt,frank vogel,frank vogel; hasso grabner,doctor ahrendt's decision,frank vogel,\N
tt0054285,atom age vampire,anton giulio majano,piero monviso,atom age vampire,anton giulio majano,alberto bevilacqua
tt0054332,spartakiada,bohumil brejcha; elmar klos; ivo novak; jan kadar; jindrich pus; martin fric,\N,\N,\N,\N
tt0054363,for men only,fernando fernan gomez,fernando fernan gomez,for men only,fernando fernan gomez,fernando fernan gomez; miguel mihura
tt0054463,watch your stern,gerald thomas,alan hackney; earle couttie; vivian cox,watch your stern,gerald thomas,alan hackney
tt0054492,the manneken pis case,bert haanstra,\N,de zaak m.p.,bert haanstra,\N
tt0054660,la banda de los ocho,tulio demicheli,florentino soria; pedro mario herrero,the gang of eight,tulio demicheli,florentino soria; pedro mario herrero
tt0054703,seduction of the south,mario camerini,carlo romano; diego fabbri; ghigo de chiara; ivo perilli; luciano vincenzoni; mario camerini,the italian brigands,mario camerini,diego fabbri; ghigo de chiara; ivo perilli; luciano vincenzoni; rodolfo sonego
tt0054910,gunga jumna,nitin bose,dilip kumar,ganga jamna,nitin bose,dilip kumar
tt0054918,the george raft story,joseph m newman,crane wilbur,the george raft story,joseph m newman,crane wilbur
tt0055383,romanoff and juliet,peter ustinov,peter ustinov,romanoff and juliet,peter ustinov,peter ustinov
tt0055944,dziewczyna z dobrego domu,antoni bohdziewicz,mieczysaw piotrowski,\N,antoni bohdziewicz,tadeusz wybult
tt0056015,gentlemen prefer nature girls,doris wishman,doris wishman,gentlemen prefer nature girls,doris wishman,doris wishman
tt0056085,how the west was won,george marshall; henry hathaway; john ford,james r webb; john gay,how the west was won,george marshall; henry hathaway; john ford,james r webb
tt0056110,it's only money,frank tashlin,john fenton murray,it's only money,frank tashlin,\N
tt0056223,the sea,giuseppe patroni griffi,alfio valdarnini; giuseppe patroni griffi,the sea,giuseppe patroni griffi,giuseppe patroni griffi
tt0056831,apartmentzauber,helmuth m backhaus,helmuth m backhaus,apartmentzauber,helmuth m backhaus,helmuth m backhaus
tt0057111,goldilocks and the three bares,herschell gordon lewis,william r johnson,goldilocks and the three bares,herschell gordon lewis,\N
tt0057166,a million girls,heinosuke gosho,eijiro hisaita; heinosuke gosho,\N,\N,\N
tt0057171,"yesterday, today and tomorrow",vittorio de sica,billa billa; cesare zavattini; eduardo de filippo,"yesterday, today and tomorrow",vittorio de sica,cesare zavattini; eduardo de filippo; isabella quarantotti; marialisa pedroni zanuso
tt0057225,kings of the sun,j lee thompson,elliott arnold; james r webb,kings of the sun,j lee thompson,james r webb
tt0057431,prselo jim stesti,antonin kachlik,antonin kachlik; jan trefulka,\N,\N,\N
tt0057534,strange lovers,robert stambler,\N,\N,\N,\N
tt0058122,the guns,ruy guerra,miguel torres; ruy guerra,the guns,ruy guerra,miguel torres de andrade; ruy guerra
tt0058132,secret of the chinese carnation,rudolf zehetgruber,rudolf zehetgruber,secret of the chinese carnation,rudolf zehetgruber,rudolf zehetgruber
tt0058313,a mad woman,chor yuen,cheng kang; chor yuen; sit hau,\N,\N,\N
tt0058454,\N,\N,\N,not three,alain bornet,\N
tt0058500,the pumpkin eater,jack clayton,harold pinter,the pumpkin eater,jack clayton,harold pinter
tt0058690,the troublemaker,theodore j flicker,buck henry; theodore j flicker,the troublemaker,theodore j flicker,buck henry
tt0058711,heat,kazimierz kutz,jadwiga berens; jeremi przybora,heat,kazimierz kutz,jadwiga berens; jeremi przybora
tt0058876,\N,\N,\N,\N,\N,\N
tt0059038,five dollars for ringo,ignacio f iquino; juan xiol,ignacio f iquino; miguel maria astrain bada,five dollars for ringo,ignacio f iquino; juan xiol marchal,ignacio f iquino
tt0059056,the exterminators,riccardo freda,\N,the exterminators,riccardo freda,riccardo freda
tt0059104,snow devils,antonio margheriti,aubrey wisberg; bill finger; charles sinclair; ivan reiner,snow devils,antonio margheriti,renato moretti
tt0059120,two gangsters in the wild west,giorgio simonelli,giorgio simonelli; marcello ciorciolini,two mafiamen in the far west,giorgio simonelli,marcello ciorciolini
tt0059348,the coward,satyajit ray,satyajit ray,kapurush,satyajit ray,satyajit ray
tt0059550,operation y and other shurik's adventures,leonid gaidai,leonid gaidai; moris slobodskoy; yakov kostyukovskiy,operation y and other shurik's adventures,leonid gaidai,leonid gaidai; moris slobodskoy; yakov kostyukovsky
tt0059678,the satan bug,john sturges,edward anhalt; james clavell,the satan bug,john sturges,edward anhalt; james clavell
tt0059685,die schwedische jungfrau,kurt wilhelm,\N,die schwedische jungfrau,kurt wilhelm,franz seitz jr; ilse lotzdupont
tt0059686,the violin case murders,fritz umgelter,george hurdalek,tread softly,fritz umgelter,george hurdalek
tt0060094,the alphabet murders,frank tashlin,david pursall; jack seddon,the alphabet murders,frank tashlin,\N
tt0060143,"texas, adios",ferdinando baldi,ferdinando baldi; franco rossetti,"texas, adios",ferdinando baldi,ferdinando baldi; franco rossetti
tt0060490,harper,jack smight,william goldman,harper,jack smight,william goldman
tt0060492,he who rides a tiger,charles crichton,trevor peacock,he who rides a tiger,charles crichton,\N
tt0060519,hotel alojamiento,fernando ayala,horacio de dios,hotel alojamiento,fernando ayala,\N
tt0060766,nu stiger den,annelise hovmand,\N,nu stiger den,annelise hovmand,annelise hovmand; jrgen hartmannpetersen
tt0060886,hudson river massacre,amando de ossorio,amando de ossorio,rebeldes en canada,amando de ossorio rodriguez,amando de ossorio rodriguez
tt0060888,red roses of passion,joseph w sarno,joseph w sarno,\N,\N,\N
tt0061530,black birds,eduard galic,eduard galic,black birds,eduard galic,grgo gamulin
tt0061628,veneri in collegio,marino girolami,gino de santis; ricardo nunez; tito carpi,veneri in collegio,marino girolami,ricardo nunez; tito carpi
tt0061748,the happening,elliot silverstein,frank pierson; james d buchanan; ronald austin,the happening,elliot silverstein,frank pierson
tt0062213,\N,\N,\N,\N,\N,\N
tt0062973,"finders keepers, lovers weepers!",russ meyer,richard zachary,"finders keepers, lovers weepers!",russ meyer,russ meyer
tt0063043,korn's password,waldemar podgorski,henryk kawka; marian struzynski,parole korn,waldemar podgorski,marian reniak
tt0063192,sinai commados,raphael nussbaum,\N,sinai commandos,raphael nussbaum,\N
tt0063321,mondo freudo,lee frost,\N,sensuous taboo,lee frost,\N
tt0063344,\N,\N,\N,\N,\N,\N
tt0063374,the odd couple,gene saks,neil simon,the odd couple,gene saks,neil simon
tt0063398,\N,\N,\N,\N,pawe komorowski,jerzy lutowski
tt0063567,schusse unterm galgen,horst seemann,horst seemann; wolfgang held,shots under the gallows,horst seemann,\N
tt0063643,"stay away, joe",peter tewksbury,michael a hoey,"stay away, joe",peter tewksbury,michael a hoey
tt0063715,spirits of the dead,federico fellini; louis malle; roger vadim,bernardino zapponi; clement biddle wood; federico fellini; louis malle; pascal cousin; roger vadim,spirits of the dead,federico fellini; louis malle; roger vadim,bernardino zapponi; daniel boulanger; federico fellini; louis malle; roger vadim
tt0064046,\N,\N,\N,\N,\N,\N
tt0064120,bloody nitrate,helvio soto,helvio soto,caliche sangriento,helvio soto soto,\N
tt0064124,a candidate for a killing,jose maria elorrieta,aurelio lopez monis,a candidate for a killing,jose maria elorrieta,\N
tt0064231,the devil's eight,burt topper,james gordon white; john milius; larry gordon; willard huyck,the devil's 8,burt topper,john milius
tt0064414,helgalein,herbert ballmann,charly schmitz; herbert ballmann; peter anton,\N,herbert ballmann,\N
tt0064602,\N,\N,\N,the lost man,robert alan aurthur,robert alan aurthur
tt0064610,ludwig on the lookout for a wife,franz seitz junior,franz seitz junior,\N,franz seitz jr,franz seitz jr
tt0064689,monterey pop,d a pennebaker,\N,monterey pop,d a pennebaker,\N
tt0064893,ring of bright water,jack couffer,bill travers; jack couffer,ring of bright water,jack couffer,\N
tt0064934,\N,\N,\N,sappho darling,albert zugsmith,albert zugsmith
tt0065062,ein tag ist schoner als der andere,kurt hoffmann,\N,\N,kurt hoffmann,\N
tt0065130,turistas y bribones,fernando merino,jaime jesus balcazar; jose maria palacio,turistas y bribones,fernando merino,jaime jesus balcazar
tt0065870,\N,\N,\N,\N,\N,\N
tt0066056,the man from o.r.g.y.,james hill,ted mark,the man from o.r.g.y.,james hill,\N
tt0066811,the barefoot executive,robert butler,bernie kahn; joseph l mceveety; lila garrett; stewart c billett,the barefoot executive,robert butler,joseph l mceveety
tt0066909,the man from the other side,yuri yegorov,emil braginskiy; vasiliy solovyov; volodja semitjov; yuri yegorov,the man from the other side,yuri yegorov,emil braginsky; vasily solovyov; volodja semitjov; yuri yegorov
tt0066963,dad's army,norman cohen,david croft; jimmy perry,dad's army,norman cohen,david croft; jimmy perry
tt0067012,\N,\N,\N,sleeping beauty,walter beck,\N
tt0067093,fiddler on the roof,norman jewison,joseph stein,fiddler on the roof,norman jewison,joseph stein
tt0067274,jo,jean girault,claude magnier,jo,jean girault,claude magnier
tt0067365,the lonely violent beach,ernesto gastaldi,alberto cardone; ernesto gastaldi; vittorio salerno,the lonely violent beach,ernesto gastaldi,ernesto gastaldi
tt0067369,der lusterne turke,michael miller,michael miller,der lusterne turke,michael miller,\N
tt0067477,naughty!,stanley a long,stanley a long; suzanne mercer,naughty!,stanley long,\N
tt0067506,la novicia rebelde,luis lucia,jose luis colina; manuel tamayo castro,the rebellious novice,luis lucia mingarro,luis lucia mingarro
tt0067634,the pursuit of happiness,robert mulligan,george l sherman; jon boothe,the pursuit of happiness,robert mulligan,\N
tt0067796,\N,\N,\N,\N,\N,\N
tt0067800,straw dogs,sam peckinpah,david zelag goodman; sam peckinpah,straw dogs,sam peckinpah,david zelag goodman; sam peckinpah
tt0067922,o vale do canaa,jece valadao,carlos alberto de souza barros; jece valadao; ney modenesi,vale do canaa,jece valadao,\N
tt0068502,dr. jekyll & sister hyde,roy ward baker,brian clemens,dr. jekyll and sister hyde,roy ward baker,brian clemens
tt0068711,the honkers,steve ihnat,stephen lodge; steve ihnat,the honkers,steve ihnat,\N
tt0068944,one billion for a blonde,pedro lazaga sabater,pedro lazaga sabater; santiago moncada,one billion for a blonde,pedro lazaga,\N
tt0068980,muschimaus mag's grad heraus,hubert frank,hubert frank,muschimaus mag's grad heraus,hubert frank,hubert frank
tt0069670,\N,\N,\N,\N,\N,\N
tt0069691,alpha,ola balogun,ola balogun,alpha,ola balogun,\N
tt0069775,"beautiful, rich, slight physical defect, seeks soulmate",nando cicero,giancarlo fusco; nando cicero; sandro continenza,"bella, ricca, lieve difetto fisico, cerca anima gemella",nando cicero,giancarlo fusco; nando cicero; sandro continenza
tt0069995,don't look now,nicolas roeg,allan scott; chris bryant,don't look now,nicolas roeg,allan scott; chris bryant; daphne du maurier
tt0070051,heroes two,chang cheh,chang cheh; ni kuang,heroes two,chang cheh,\N
tt0070183,hit!,sidney j furie,alan trustman; david m wolf,hit!,sidney j furie,alan trustman
tt0070271,the magic jacket,mihaly szemes,marianne szemes; mihaly szemes,kincskereso kiskodmon,mihaly szemes,marianne szemes; mihaly szemes
tt0070437,bequest to the nation,james cellan jones,terence rattigan,bequest to the nation,james cellan jones,terence rattigan
tt0070601,\N,\N,\N,repelsteeltje,harry kumel,harry kumel
tt0070647,schlo hubertus,harald reinl,werner p zibaso,hubertus castle,harald reinl,werner p zibaso
tt0071308,evil of dracula,michio yamamoto,ei ogawa; masaru takesue,evil of dracula,michio yamamoto,\N
tt0071733,"lacombe, lucien",louis malle,louis malle; patrick modiano,"lacombe, lucien",louis malle,louis malle; patrick modiano
tt0071762,the little prince,stanley donen,alan jay lerner,the little prince,stanley donen,alan jay lerner
tt0072270,the devil in miss jonas,erwin c dietrich,erwin c dietrich,\N,\N,\N
tt0072446,the promised land,andrzej wajda,andrzej wajda,the promised land,andrzej wajda,andrzej wajda; wadysaw reymont
tt0072616,aggro seizeman,brian stuartyoung; james mannas,brian stuartyoung; f hamley case; james mannas,\N,\N,\N
tt0072676,identification,laszlo lugossy,istvan kardos; luca karall,man without a name,laszlo lugossy,\N
tt0073021,lady inger of ostrat,sverre udns,ase vikene,lady inger of ostrat,sverre udns,ase vikene
tt0073519,blood river,gianfranco baldanello,gianfranco baldanello; jose antonio verdugo; mario damiani,blood river,gianfranco baldanello,gianfranco baldanello
tt0073594,four of the apocalypse,lucio fulci,bret harte; ennio de concini,four of the apocalypse,lucio fulci,ennio de concini
tt0074146,holy year,jean girault,jacques vilfrid; louisemile galey,holy year,jean girault,louisemile galey
tt0074166,la aventura explosiva,orestes trucco,salvador valverde calvo,la aventura explosiva,ricardo bauleo,\N
tt0074210,black fist,richard kaye; timothy galfas,andrew maisner; richard kaye; tim kelly,black fist,timothy galfas,tim kelly
tt0074231,the good and the bad,claude lelouch,claude lelouch; pierre uytterhoeven,the good and the bad,claude lelouch,claude lelouch
tt0074271,heat of the flame,rafael romero marchent,santiago moncada,\N,\N,\N
tt0074420,doctor judym,wodzimierz haupe,andrzej szczypiorski; wodzimierz haupe,doktor judym,wodzimierz haupe,andrzej szczypiorski; wodzimierz haupe
tt0074700,italy is rotten,steno,luciano vincenzoni; sergio donati; steno,l'italia s'e rotta,steno,luciano vincenzoni; sergio donati; steno
tt0074883,maitresse,barbet schroeder,barbet schroeder; paul voujargol,maitresse,barbet schroeder,barbet schroeder
tt0075018,the opening of misty beethoven,radley metzger,radley metzger,the opening of misty beethoven,radley metzger,radley metzger
tt0075019,operation: daybreak,lewis gilbert,ronald harwood,operation daybreak,lewis gilbert,ronald harwood
tt0075210,the sleeping lion,mahmoud kushan,esmail koushan; jamshid sedaghat nejad,the sleeping lion,esmail koushan; mahmoud koushan,esmail koushan
tt0075243,son nom de venise dans calcutta desert,marguerite duras,marguerite duras,her venetian name in deserted calcutta,\N,\N
tt0076029,fire sale,alan arkin,robert klane,fire sale,alan arkin,robert klane
tt0076339,luto riguroso,jose ramon larraz,jose ramon larraz,\N,\N,\N
tt0076415,guardian of the wilderness,david omalley,casey conlon; david omalley,guardian of the wilderness,david omalley,david omalley
tt0076552,the fight in the taiga,ivan lukinsky; vladimir zlatoustovsky,nikolai figurovsky,\N,vladimir zlatoustovsky,nikolai figurovsky
tt0076660,death duel,chor yuen,chor yuen; gu long,death duel,chor yuen,chor yuen
tt0076687,sertorio,antonio faria,pierre corneille,\N,\N,\N
tt0076688,servant and mistress,bruno gantillon,dominique fabre; frantzandre burguet,servant and mistress,bruno gantillon,\N
tt0076873,"the virgo, the taurus and the capricorn",luciano martino,cesare frugoni; francesco milizia; luciano martino,"the virgo, the taurus and the capricorn",luciano martino,cesare frugoni; francesco milizia; luciano martino
tt0077581,the woman across the way,hans noever,hans noever,\N,hans noever,hans noever
tt0077831,"dirty tiger, crazy frog",karl maka,eric tsang chiwai; karl maka,"dirty tiger, crazy frog",karl maka,\N
tt0077875,\N,\N,\N,\N,\N,\N
tt0077940,naked sicilian wife,andrea bianchi,adriano lazzaro,\N,andrea bianchi,\N
tt0078023,the sun of death,dinos dimopoulos,\N,\N,\N,\N
tt0078026,the olsen gang goes to war,erik balling,erik balling; henning bahs,the olsen gang goes to war,\N,henning bahs
tt0078205,scared straight!,arnold shapiro,arnold shapiro,scared straight!,arnold shapiro,arnold shapiro
tt0078244,shaolin invincible guys,raymond lui,raymond lui,\N,\N,\N
tt0078284,smokey and the good time outlaws,alexander grasshoff,frank q dobbs; jesse turner; robert walsh,\N,\N,\N
tt0078928,california dreaming,john d hancock,ned wynn,california dreaming,john d hancock,\N
tt0079094,eagle's wing,anthony harvey,john briley; michael syson,eagle's wing,anthony harvey,john briley
tt0079098,ek din pratidin,mrinal sen,mrinal sen,ek din pratidin,mrinal sen,mrinal sen
tt0079224,the golden lady,jose ramon larraz,joshua sinclair,the golden lady,jose ramon larraz,joshua sinclair
tt0079571,glowing autumn,masaki kobayashi,shun inagaki,glowing autumn,masaki kobayashi,\N
tt0079648,nutcracker fantasy,takeo nakamura,shintaro tsuji,nutcracker fantasy,takeo nakamura,\N
tt0079815,rockers,ted bafaloukos,ted bafaloukos,rockers,theodoros bafaloukos,theodoros bafaloukos
tt0080072,the morning round,aida manasarova,anatoli grebnev,\N,aida manasarova,\N
tt0080416,\N,\N,\N,\N,\N,\N
tt0080451,blue ecstasy,kemal horulu,jack parro,\N,\N,\N
tt0080492,can't stop the music,nancy walker,allan carr; bronte woodard,can't stop the music,nancy walker,allan carr; bronte woodard
tt0080646,don't go in the house,joseph ellison,ellen hammill; joe masefield; joseph ellison,don't go in the house,joseph ellison,\N
tt0080660,three swedes on the reeperbahn,walter boos,george elmer,nympho girls,walter boos,\N
tt0080698,esthappan,govindan aravindan,govindan aravindan; isaac thomas kottukappally; kavalam narayana panicker,esthappan,g aravindan,g aravindan
tt0080773,the gamekeeper,ken loach,barry hines; ken loach,the gamekeeper,ken loach,ken loach
tt0081053,the life and times of rosie the riveter,connie field,\N,the life and times of rosie the riveter,connie field,\N
tt0081267,"ogaryova street, number 6",boris grigorev,yulian semyonov,"ogaryova street, number 6",boris grigoryev,yulian semyonov
tt0082370,the woman next door,francois truffaut,francois truffaut; jean aurel; suzanne schiffman,the woman next door,francois truffaut,francois truffaut; jean aurel; suzanne schiffman
tt0082422,fruits of passion,shuji terayama,dominique aury; rio kishida; shuji terayama,fruits of passion,shuji terayama,anne desclos; shuji terayama
tt0082763,modern problems,ken shapiro,arthur sellers; ken shapiro; tom sherohman,modern problems,ken shapiro,\N
tt0082871,outside in,stephen dwoskin,stephen dwoskin,outside in,stephen dwoskin,\N
tt0082894,pennies from heaven,herbert ross,dennis potter,pennies from heaven,herbert ross,dennis potter
tt0083046,la segunda guerra de los ninos,javier aguirre,javier aguirre,\N,\N,\N
tt0083708,once upon a rainbow,agnes ng,hoh hongkiu; kenneth yee; lo mansang; wong karwai,once upon a rainbow,agnes ng,\N
tt0083719,hooray for divorce!,juan bosch,juan bosch,\N,\N,\N
tt0084013,waves,annette apon,annette apon,golven,annette apon,annette apon
tt0084075,eternal monument,tadashi imai,yoko mizuki,himeyuri no to,tadashi imai,\N
tt0084545,pronto... lucia,ciro ippolito,ciro ippolito; massimo franciosa,\N,ciro ippolito,ciro ippolito; massimo franciosa
tt0084675,shoot the moon,alan parker,bo goldman,shoot the moon,alan parker,bo goldman
tt0084709,spaghetti house,giulio paradisi,agenore incrocci; furio scarpelli,spaghetti house,giulio paradisi,age scarpelli; agenore incrocci; furio scarpelli; nino manfredi; peter barnes
tt0084727,stark raving mad,george hood,don gronquist,stark raving mad,george hood,\N
tt0084959,perche non facciamo l'amore,maurizio lucidi,francisco lara polop; sandro continenza,perche non facciamo l'amore?,maurizio lucidi,sandro continenza
tt0085220,bearn,jaime chavarri,lola salvador,bearn o la sala de las munecas,jaime chavarri,\N
tt0085496,dark habits,pedro almodovar,pedro almodovar,dark habits,pedro almodovar,pedro almodovar
tt0085625,grunt!,andy luotto,andy luotto; giorgio faletti,grunt!,andy luotto,andy luotto; giorgio faletti
tt0085835,pharos of chaos,manfred blank; wolfeckart buhler,hella kothmann,leuchtturm des chaos,manfred blank; wolfeckart buhler,\N
tt0086088,lady football,nando cicero,francesco milizia; luciano martino; nando cicero,paulo roberto cotechino centravanti di sfondamento,nando cicero,francesco milizia; nando cicero
tt0086525,valley girl,martha coolidge,andrew lane; wayne crawford,valley girl,martha coolidge,\N
tt0086930,bad girls dormitory,tim kincaid,tim kincaid,\N,\N,\N
tt0087368,cargo with no markings,vladimir popkov,volodymyr mazur,\N,vladimir popkov,\N
tt0087431,la hoz y el martinez,alvaro saenz de heredia,alvaro saenz de heredia,la hoz y el martinez,alvaro saenz de heredia,alvaro saenz de heredia
tt0087442,the chieftain,terje kristiansen,terje kristiansen,the chieftain,terje kristiansen,\N
tt0087486,isabel on the stairs,hannelore unterberg,hannelore unterberg; waltraud lewin,isabel on the stairs,hannelore unterberg,\N
tt0087493,jack 'n jill 2,chuck vincent,chuck vincent; rick marx,\N,\N,\N
tt0087636,israel forever,assi dayan,assi dayan,am yisrael hai,assi dayan,assi dayan
tt0087751,mrs. soffel,gillian armstrong,ron nyswaner,mrs. soffel,gillian armstrong,ron nyswaner
tt0087795,night patrol,jackie kong,bill osco; jackie kong; murray langston; william a levey,night patrol,jackie kong,jackie kong
tt0088196,streetwise,martin bell,cheryl mccall,streetwise,martin bell,\N
tt0088371,the red countess,andras kovacs,mihalyne karolyi,the red countess,andras kovacs,andras kovacs
tt0088717,l'amour propre ne le reste jamais tres longtemps,martin veyron,martin veyron,\N,martin veyron,\N
tt0088785,beinahe trinidad,oliver storz,\N,\N,\N,\N
tt0088834,\N,\N,\N,\N,\N,\N
tt0088902,charley,theo van gogh,theo van gogh,\N,theo van gogh,theo van gogh
tt0088981,working class,tsui hark,chan gamkuen,da gung wong dai,tsui hark,\N
tt0089623,woman requiem,park cheolsu,\N,mother,park cheolsu,kim soohyun
tt0089774,the lost paradise,basilio martin patino,basilio martin patino,the lost paradise,basilio martin patino,\N
tt0089839,private resort,george bowers,alan wenkus; gordon mitchell; ken segall,private resort,george bowers,gordon mitchell
tt0090001,wonder season,georgi yungvaldkhilkevich,sergei abramov,\N,georgi yungvaldkhilkevich,sergey abramov
tt0090011,it's a drink! it's a bomb!,david chung,tsang kancheong,it's a drink! it's a bomb!,\N,\N
tt0090205,sadness and beauty,joy fleury,joy fleury; pierre grillet,\N,joy fleury,\N
tt0090351,yerma,barna kabay; imre gyongyossy,barna kabay; federico garcia lorca; imre gyongyossy; katalin petenyi,yerma,barna kabay; imre gyongyossy,\N
tt0090645,anjaam,t hariharan,\N,\N,\N,\N
tt0090689,ballad of dog beach,jose fonseca e costa,antonio larreta; jose cardoso pires; jose fonseca e costa; pedro bandeirafreire,a balada de praia do caes,jose fonseca e costa,antonio larreta
tt0091389,"the twenties, the thirties",janusz rzeszewski,micha komar; ryszard marek gronski,"lata dwudzieste, lata trzydzieste",janusz rzeszewski,micha komar
tt0091540,the devils of monza,luciano odorisio,carlo lizzani; gino capone; luciano odorisio; piero chiara,devils of monza,luciano odorisio,carlo lizzani
tt0091729,pasos largos (el ultimo bandido andaluz),rafael moreno alba,rafael moreno alba,\N,\N,\N
tt0092051,escape from coral cove,terence chang,terence chang,\N,\N,\N
tt0092088,three daughters,candida royalle,candida royalle,\N,\N,\N
tt0092513,adventures in babysitting,chris columbus,david simkins,adventures in babysitting,chris columbus,david simkins
tt0092574,appeal,valeriy guryanov,eduard volodarskiy,\N,valeriy guryanov,eduard volodarsky
tt0092682,"bocca bianca, bocca nera",arduino sacco; renato polselli,\N,\N,arduino sacco,arduino sacco
tt0092906,dolls,stuart gordon,ed naha,dolls,stuart gordon,ed naha
tt0092946,shadows of the peacock,phillip noyce,jan sharp,echoes of paradise,phillip noyce,\N
tt0092964,empire state,ron peck,mark ayres; ron peck,empire state,ron peck,\N
tt0093002,fakta homma,jukka virtanen,eija vilpas; riitta havukainen; taneli makela,fakta homma,jukka virtanen,\N
tt0093183,the hero's journey: the world of joseph campbell,janelle balnicke,\N,the hero's journey,david kennard; janelle balnicke,\N
tt0093291,how poets are enjoying their lives,dusan klein,dusan klein; ladislav pechacek,how poets are enjoying their lives,dusan klein,dusan klein; ladislav pechacek
tt0093321,juillet en septembre,sebastien japrisot,\N,juillet en septembre,sebastien japrisot,sebastien japrisot
tt0093336,the cat,dominik graf,christoph fromm; uwe erichsen,the cat,dominik graf,uwe erichsen
tt0093418,like father like son,rod daniel,david hoselton; lorne cameron; steve bloom,like father like son,rod daniel,\N
tt0093778,the princess academy,bruce a block,sandra weintraub,the princess academy,bruce a block,sandra weintraub
tt0093804,seven years itch,johnnie to,raymond wong pakming,seven years itch,johnnie to,wong pak ming
tt0093810,the dear lilas,artur semedo,artur semedo; herman jose; joao lopes,o querido lilas,artur semedo,\N
tt0094023,stacking,martin rosen,victoria jenkins,stacking,martin rosen,\N
tt0094818,bush shrink,ivan hall,bruce keating; richard schiller,\N,\N,\N
tt0094822,baton rouge,rafael moleon,agustin diaz yanes; rafael moleon,baton rouge,rafael moleon gavilanes,agustin diaz yanes
tt0095120,evil laugh,dominick brascia,dominick brascia; steven baio,evil laugh,dominick brascia,\N
tt0095363,in dangerous company,ruben preuss,mitch brown,in dangerous company,\N,\N
tt0095423,kadaicha,james bogle,ian coughlan,kadaicha,james bogle,\N
tt0095435,\N,\N,\N,\N,\N,\N
tt0095493,last platoon,ignazio dolce,tito carpi,last platoon,ignazio dolce,tito carpi
tt0095582,nailcruncher,moshe mizrahi,moshe mizrahi,mangeclous,moshe mizrahi,albert cohen
tt0095811,pacto de sangre,malena roncayolo,diana lichy,\N,\N,\N
tt0096180,stormy monday,mike figgis,mike figgis,stormy monday,mike figgis,mike figgis
tt0096223,tapeheads,bill fishman,bill fishman; jim herzfeld; peter mccarthy; ryan rowe,tapeheads,bill fishman,bill fishman
tt0096386,life is a long quiet river,etienne chatiliez,etienne chatiliez; florence quentin,life is a long quiet river,etienne chatiliez,etienne chatiliez; florence quentin
tt0096744,84 charlie mopic,patrick sheane duncan,patrick sheane duncan,84c mopic,patrick sheane duncan,patrick sheane duncan
tt0096917,beverly hills bodysnatchers,jonathan mostow,jonathan mostow; pk simonds,beverly hills bodysnatchers,jonathan mostow,\N
tt0096944,blind fear,tom berry,sergio altieri,blind fear,tom berry,\N
tt0097020,time of the servants,irena pavlaskova,irena pavlaskova,time of the servants,irena pavlaskova,irena pavlaskova
tt0097129,crossing the line,gary graver,james ryan; rick marcus,\N,\N,\N
tt0097144,codename cougar,yang fengliang; zhang yimou,cheng shiqing,codename cougar,yang fengliang; zhang yimou,cheng shiqing
tt0097241,\N,\N,\N,\N,\N,\N
tt0097348,the unmatchable match,parkman wong pakman,andy liu chikeung; james fung shuihung; parkman wong pakman,the unmatchable match,parkman raphael wong,\N
tt0097474,halloween 5: the revenge of michael myers,dominique otheningirard,dominique otheningirard; michael jacobs; shem bitterman,halloween 5: the revenge of michael myers,dominique otheningirard,dominique otheningirard; john carpenter
tt0097477,"hanna monster, darling",christian berger,christian berger,\N,\N,\N
tt0097624,into the night,lo kin,lo kin,\N,\N,\N
tt0098409,suivez cet avion,patrice ambard,\N,suivez cet avion,patrice ambard,alain eteve; patrice ambard
tt0098437,the winter war,pekka parikka,antti tuuri; pekka parikka,the winter war,pekka parikka,antti tuuri; pekka parikka
tt0098687,all night long,peter mak taikit,chi gagoh; muk baakji; peter mak taikit,\N,\N,\N
tt0099498,empire of the dark,steve barkett,steve barkett,empire of the dark,\N,\N
tt0099593,the fool,christine edzard,christine edzard; olivier stockman,the fool,christine edzard,\N
tt0099689,gosses de rio,thierry michel,\N,\N,\N,\N
tt0099871,jacob's ladder,adrian lyne,bruce joel rubin,jacob's ladder,adrian lyne,bruce joel rubin
tt0100031,lisa,gary sherman,gary sherman; karen clark,lisa,gary sherman,karen clark
tt0100045,lung fung restaurant,poon mankit,clarence yip waichung; hau chikeung,lung fung restaurant,poon mankit,\N
tt0100301,opportunity knocks,donald petrie,mitchel katlin; nat bernstein,opportunity knocks,donald petrie,\N
tt0100362,die philosophie der ameise: die geschichte der letzten menschheit hat begonnen,michael satzinger,\N,\N,\N,\N
tt0100420,the king's trial,joao mario grilo,colin thiele; daniel arasse; joao mario grilo,the king's trial,joao mario grilo,colin thiele; joao mario grilo
tt0100707,streets,katt shea,andy ruben; katt shea,streets,katt shea,\N
tt0100820,tsugumi,jun ichikawa,jun ichikawa,tugumi,jun ichikawa,\N
tt0100836,sandra,franck landron,\N,\N,franck landron,\N
tt0100915,\N,\N,\N,what the moon saw,pino amenta,frank howson
tt0101262,\N,\N,\N,aasmaan se gira,\N,\N
tt0101284,akayla,ramesh sippy,salim khan,akayla,ramesh sippy,salim khan
tt0101526,children of nature,fridrik thor fridriksson,einar mar gumundsson; fridrik thor fridriksson,children of nature,fririk or fririksson,einar mar gumundsson; fririk or fririksson
tt0101745,doc hollywood,michael catonjones,daniel pyne; jeffrey price; peter s seaman,doc hollywood,michael catonjones,daniel pyne; jeffrey price; peter s seaman
tt0101847,the fabulous voyage of the angel,jean pierre lefebvre,jean pierre lefebvre; normand desjardins,the fabulous voyage of the angel,jean pierre lefebvre,jean pierre lefebvre
tt0101955,the giving,eames demetrios,eames demetrios,\N,\N,\N
tt0102278,flying machines versus mr. samochodzik,janusz kidawa,janusz kidawa,flying machines against mr. motor car,janusz kidawa,janusz kidawa
tt0102540,\N,\N,\N,\N,\N,\N
tt0102608,"hotel ""eden""",vladimir lyubomudrov,anatoli galiyev; vladimir lyubomudrov,\N,vladimir lubomudrov,anatoly galiev; vladimir lubomudrov
tt0102737,the magnificent scoundrels,lee likchi,edward leung yiuming; lee likchi; tsang kwokchi; wellington fung wing,the magnificent scoundrels,lee likchee,\N
tt0102975,star trek vi: the undiscovered country,nicholas meyer,denny martin flinn; lawrence konner; leonard nimoy; mark rosenthal; nicholas meyer,star trek vi: the undiscovered country,nicholas meyer,denny martin flinn; gene roddenberry; lawrence konner; leonard nimoy; mark rosenthal; nicholas meyer
tt0102980,\N,\N,\N,\N,\N,\N
tt0103055,a fine romance,gene saks,ronald harwood,a fine romance,gene saks,francois billetdoux; ronald harwood
tt0103603,call girl '92,andy chin wingkeung,andy chin wingkeung; joyee cheung lailing,\N,\N,\N
tt0103660,"alaska, sir!",vyacheslav rebrov,alexander remnev,"alaska, sir!",\N,\N
tt0103923,captain america,albert pyun,lawrence j block; stephen tolkin,captain america,albert pyun,lawrence block; stephen tolkin
tt0104120,\N,\N,\N,\N,\N,\N
tt0104247,brats,janos rozsa,istvan kardos,brats,janos rozsa,\N
tt0104336,giant steps,richard rose,greg dummett; paul quarrington,\N,\N,\N
tt0104477,\N,\N,\N,\N,\N,\N
tt0104548,jeevan ek sanghursh,rahul rawail,\N,jeevan ek sanghursh,rahul rawail,\N
tt0105483,a stranger among us,sidney lumet,robert j avrech,a stranger among us,sidney lumet,robert j avrech
tt0105880,cash on delivery,terry tong geiming,cheung kin; james yuen saisang; terry tong geiming,cash on delivery,terry tong kei ming,\N
tt0105897,zindagi ek juaa,prakash mehra,prakash mehra; satish bhatnagar,zindagi ek juaa,prakash mehra,\N
tt0105901,zoologico,fernando venturini,\N,\N,\N,\N
tt0106494,\N,\N,\N,\N,\N,\N
tt0106664,the dark half,george a romero,george a romero,the dark half,george a romero,george a romero
tt0106796,eight hundred leagues down the amazon,luis llosa,jackson barr; laura schiff,eight hundred leagues down the amazon,luis llosa,\N
tt0106983,future shock,eric parkinson; matt reeves; oley sassone,david dubos; eric parkinson; matt reeves; oley sassone; vivian schilling,future shock,matt reeves,\N
tt0107220,inside monkey zetterland,jefery levy,steve antin,inside monkey zetterland,jefery levy,steve antin
tt0107313,i want to go to america,sergey nikonenko,yaroslav filippov,\N,\N,\N
tt0107394,a letter to l...,romain goupil,romain goupil,\N,romain goupil,romain goupil
tt0107434,far from the barbarians,liria begeja,liria begeja; olivier douyere; philippe barassat,\N,liria begeja,liria begeja
tt0107572,daughter of darkness,ivan lai kaiming,book gwai; ivan lai kaiming,daughter of darkness,kaiming lai,\N
tt0107949,rescue me,arthur allan seidelman,mike snyder,rescue me,arthur allan seidelman,michael james snyder
tt0108468,usureyuku kioku no nakade,kazuyuki shinoda,kazuyuki shinoda,\N,kazuyuki shinoda,\N
tt0109271,bigfoot: the unforgettable encounter,corey michael eubanks,corey michael eubanks,bigfoot: the unforgettable encounter,corey michael eubanks,\N
tt0109336,a brilliant disguise,nick vallelonga,nick vallelonga,\N,\N,\N
tt0109929,grande petite,sophie fillieres,\N,grande petite,sophie fillieres,sophie fillieres
tt0109974,halb wien,hannelore tiefenthaler; kenan kilic; leopold lummerstorfer; victor jaschke,\N,\N,\N,\N
tt0110113,im schneeland,stephan settele,stephan settele,\N,\N,\N
tt0110210,the violin player,charles van damme,\N,the violin player,charles van damme,charles van damme
tt0110225,lost paradise,anastasia lapsui; markku lehmuskallio,anastasia lapsui; markku lehmuskallio,\N,markku lehmuskallio,anastasia lapsui; markku lehmuskallio
tt0110323,a hot night,atef eltayeb,bashir el deek; rafik el saban,leila sakhina,atef el tayeb,\N
tt0110353,lightning jack,simon wincer,paul hogan,lightning jack,simon wincer,paul hogan
tt0111063,oh! my three guys....,derek chiu,raymond to kwokwai,oh! my three guys,sung kee chiu,\N
tt0111268,\N,\N,\N,\N,\N,\N
tt0111610,\N,\N,\N,\N,\N,\N
tt0111626,the rascal,sven methling,jrgen kastrup; peter bay,vildbassen,sven methling,peter bay
tt0111649,\N,\N,\N,\N,\N,\N
tt0111672,watchers iii,jeremy stanford,michael palmer,watchers 3,jeremy stanford,dean koontz
tt0111812,z-man's kinder,heidi specogna,\N,\N,\N,\N
tt0112417,\N,\N,\N,\N,\N,\N
tt0112430,babam askerde,handan ipekci,handan ipekci,babam askerde,handan ipekci,\N
tt0113176,\N,\N,\N,\N,\N,\N
tt0113314,hollow reed,angela pope,paula milne,hollow reed,angela pope,paula milne
tt0113357,human prey,james adam tucker,james adam tucker,\N,\N,\N
tt0113490,the journey of august king,john duigan,john ehle,the journey of august king,john duigan,john ehle
tt0113630,outlaws: the legend of o.b. taggart,rupert hitzig,mickey rooney,outlaws: the legend of o.b. taggart,rupert hitzig,\N
tt0113632,\N,\N,\N,legion of the night,matt jaissle,\N
tt0113840,"mother dao, the turtlelike",vincent monnikendam,vincent monnikendam,\N,\N,\N
tt0113876,\N,\N,\N,\N,\N,\N
tt0114211,\N,\N,\N,\N,\N,\N
tt0114293,romancing sara,lawrence lanoff,lawrence lanoff,romancing sara,lawrence lanoff,\N
tt0114474,small faces,gillies mackinnon,billy mackinnon; gillies mackinnon,small faces,gillies mackinnon,william mackinnon
tt0114485,all of them witches,daniel gruener,daniel gruener; gabriel gonzalez melendez,all of them witches,daniel gruener,\N
tt0114616,tarantella,helen de michiel,helen de michiel; richard hoblock,tarantella,helen de michiel,helen de michiel
tt0114709,toy story,john lasseter,alec sokolow; andrew stanton; joel cohen; joss whedon,toy story,john lasseter,alec sokolow; andrew stanton; joe ranft; joel cohen; john lasseter; joss whedon; pete docter
tt0114732,the three brothers,bernard campan; didier bourdon,bernard campan; didier bourdon; michel lengliney,the three brothers,bernard campan; didier bourdon,bernard campan; didier bourdon; michel lengliney
tt0114775,a summer in la goulette,ferid boughedir,ferid boughedir,a summer in la goulette,ferid boughedir,ferid boughedir; nouri bouzid
tt0114883,\N,\N,\N,\N,\N,\N
tt0115007,school days,chin aohsun,\N,school days,chu yenping,\N
tt0115622,scarred memory,ray leung kahei,au kincheong; hsu jentu; ray leung kahei; steve cheng waiman; wong safai,\N,\N,\N
tt0115630,baseball girls,lois siegel,lois siegel,baseball girls,lois siegel,\N
tt0116169,edie & pen,matthew irmas,victoria tennant,edie & pen,matthew irmas,victoria tennant
tt0116341,forest warrior,aaron norris,galen thompson; ron swanson,forest warrior,aaron norris,\N
tt0116529,hide and seek,su friedrich,cathy nan quinlan; su friedrich,hide and seek,su friedrich,\N
tt0116534,my secret cache,shinobu yaguchi,shinobu yaguchi; takuji suzuki,my secret cache,shinobu yaguchi,shinobu yaguchi; takuji suzuki
tt0116708,joe's so mean to josephine,peter wellington,peter wellington,joe's so mean to josephine,peter wellington,\N
tt0116843,white night,arnon zadok,arnon zadok; shlomo kfir; yoav halevy; yosh halevi,white night,arnon zadok,\N
tt0117161,sleeping man,kohei oguri,kiyoshi kenmochi; kohei oguri,sleeping man,kohei oguri,\N
tt0117305,passage to paradise,antonio baiocco,antonio baiocco; fabrizio bettelli,gentle into the night,antonio baiocco,antonio baiocco
tt0117699,sotto voce,mario levin,mario levin; roberto scheuer,sotto voce,mario levin,\N
tt0117826,bordello of blood,gilbert adler,a l katz; bob gale; gilbert adler; robert zemeckis,bordello of blood,gilbert adler,gilbert adler
tt0117956,3,christian de sica,christian de sica; giovanni veronesi,3,christian de sica,christian de sica; giovanni veronesi
tt0118992,the gods must be daring,michel deville,michel deville; rosalinde deville,the gods must be daring,michel deville,\N
tt0119074,\N,\N,\N,\N,\N,\N
tt0119303,home alone 3,raja gosnell,john hughes,home alone 3,raja gosnell,john hughes
tt0119388,\N,\N,\N,isana no umi,kazuhiro higaki,kazuhiro higaki
tt0119617,la vie de marianne,benoit jacquot,benoit jacquot; pierre de marivaux,\N,\N,\N
tt0119733,murmur of youth,lin chengsheng,lin chengsheng; soching ko,murmur of youth,lin chengsheng,\N
tt0119935,preaching to the perverted,stuart urban,stuart urban,preaching to the perverted,stuart urban,\N
tt0120142,the 6th man,randall miller,christopher reed; cynthia carle; don rhymer,the 6th man,randall miller,\N
tt0120692,strike!,sarah kernochan,sarah kernochan,all i wanna do,sarah kernochan,sarah kernochan
tt0121473,poor chasers,pai chingjui,chang yunghsiang,a pair of silly birds,\N,\N
tt0122367,\N,\N,\N,\N,\N,\N
tt0122864,addicted to love,paul thomas,chad randolph; marc cushman,\N,\N,\N
tt0123028,the betrayal,tokuzo tanaka,seiji hoshikawa; tsutomu nakamura,the betrayal,tokuzo tanaka,seiji hoshikawa
tt0123061,\N,\N,\N,\N,\N,\N
tt0123253,journey to the land of the traveler,bahman kiarostami,\N,journey to the land of the traveller,bahman kiarostami,abbas kiarostami
tt0123331,going astray,khosrow sinai,\N,going astray,khosrow sinai,khosrow sinai
tt0123385,artemisia,agnes merlet,agnes merlet; christine miller; patrick amos,artemisia,agnes merlet,agnes merlet
tt0123518,blonde fire,bob chinn,jeffrey fairbanks,\N,\N,\N
tt0123558,\N,\N,\N,\N,\N,\N
tt0123625,campus girls,richard dantoni,lawrence mayer,\N,\N,\N
tt0123711,come with me my love,doris wishman,bran toulose; doris wishman,\N,\N,\N
tt0123964,life,ted demme,matthew stone; robert ramsey,life,ted demme,\N
tt0124104,mr. aiello,paul tana,bruno ramirez; paul tana; tony nardi,mr. aiello,paul tana,\N
tt0124928,wienerbarnet,arne weel,fleming lynge; svend rindom,\N,arne weel,fleming lynge; sam ask; svend rindom
tt0125032,cardboard hotel,sirus alvand,\N,hotel carton,sirus alvand,ahmad najafi; sirus alvand
tt0125215,i'm no virgin,\N,\N,\N,\N,\N
tt0125949,best enemies,david baker,david baker; paul davies,niel lynne,david baker,\N
tt0126031,\N,\N,\N,\N,\N,\N
tt0126283,the end of war,dragan kresoja,gordan mihic,the end of the war,dragan kresoja,\N
tt0127072,paprika,joe damato,\N,\N,\N,\N
tt0127136,polymorph,jr bookwalter,james l edwards; jr bookwalter,polymorph,jr bookwalter,\N
tt0127176,psychedelic sexualis,albert zugsmith,albert zugsmith,psychedelic sexualis,albert zugsmith,\N
tt0127575,girl in trouble,brandon chase,anthony naylor; brandon chase,girl in trouble,\N,\N
tt0127874,the sexaholic,richard goodman,richard goodman,\N,\N,\N
tt0128066,\N,\N,\N,\N,\N,\N
tt0128187,\N,\N,\N,\N,\N,\N
tt0128417,\N,\N,\N,\N,\N,\N
tt0128611,stiff competition,paul vatelli,colin de jacques; paul vatelli; steve h mehoff,\N,\N,\N
tt0128966,black mirror,pierrealain jolivet,arthur samuels; jean genet; jeanclaude carriere; pierrealain jolivet,black mirror,pierrealain jolivet,\N
tt0129170,\N,\N,\N,\N,\N,\N
tt0129273,the olsen gang,knut bohwim,erik balling; henning bahs,olsenbanden,knut bohwim,henning bahs
tt0129352,\N,\N,\N,\N,\N,\N
tt0129993,the sky-blue evening dress,erich engels,\N,\N,\N,\N
tt0130259,\N,\N,\N,\N,\N,\N
tt0130331,under den gamle fane,olaf fnss,richard lund,\N,olaf fnss,richard lund
tt0130619,\N,\N,\N,\N,\N,\N
tt0130713,\N,\N,\N,\N,\N,\N
tt0130730,the lighthouse keepers,jean gremillon,jacques feyder,the lighthouse keepers,jean gremillon,jacques feyder
tt0130735,gesche's poison,walburg von waldenfels,christian frosch; walburg von waldenfels,\N,\N,\N
tt0130757,the harpist,hansjorg thurn,\N,the harpist,hansjorg thurn,\N
tt0130971,the long winter,michel brault,michel brault,the long winter,michel brault,michel brault
tt0130996,the satan killer,steve sayre,edward benton; james brandauer,the satan killer,steve sayre,eddie benton
tt0131775,\N,\N,\N,\N,\N,\N
tt0131880,\N,\N,\N,\N,\N,\N
tt0131978,blood orgy of the leather girls,meredith lucas,meredith lucas; sarah dicken,blood orgy of the leather girls,\N,\N
tt0132051,\N,\N,\N,\N,\N,\N
tt0132062,\N,\N,\N,\N,\N,\N
tt0132204,hatschipuh,ulrich konig,franz marischka; leon pulwer; ulrich konig,hatschipuh,ulrich konig,\N
tt0132455,perola do atlantico,heinrich gartner; mota da costa,\N,\N,\N,\N
tt0132662,stargames,greydon clark,david reskin; greydon clark,star games,greydon clark,\N
tt0132878,\N,\N,\N,\N,\N,\N
tt0133709,the debt,manuel jose alvarez; nicolas buenaventura,\N,the debt,manuel jose alvarez; nicolas buenaventura,\N
tt0133752,fallen arches,ron cosentino,ron cosentino,fallen arches,ron cosentino,\N
tt0133890,\N,\N,\N,\N,\N,\N
tt0134662,the bitter fruit,arthur gregor; jose lopez rubio,salvador de alberich; tono,\N,\N,\N
tt0134803,\N,\N,\N,madhubala,\N,\N
tt0134929,raw talent,larry revene,joyce snyder,raw talent,larry revene,\N
tt0135131,\N,\N,\N,\N,\N,\N
tt0135370,\N,\N,\N,\N,\N,\N
tt0135420,fight that ghost,sam newfield,sam newfield; ted toddy,fight that ghost,sam newfield,\N
tt0136169,eros center hamburg,gunter hendel,alois brummer,\N,gunter hendel,\N
tt0136235,\N,kostas dritsas,kostas dritsas,\N,\N,\N
tt0136345,kongo-express,eduard von borsody,\N,congo express,eduard von borsody,ernst von salomon
tt0136527,bullets don't come back,nikos foskolos,nikos foskolos,bullets don't come back,nikos foskolos,nikos foskolos
tt0137512,faschingszauber,rudolf dworsky; rudolf waltherfein,walter reisch,carnival magic,rudolf waltherfein,\N
tt0137700,\N,\N,\N,\N,\N,\N
tt0137854,\N,\N,\N,\N,\N,\N
tt0137955,miljoonaliiga,maunu kurkvaara,jaakko pakkasvirta; maunu kurkvaara,\N,maunu kurkvaara,\N
tt0138074,santa and the ice cream bunny,r winer,hans christian andersen,santa and the ice cream bunny,barry mahon,\N
tt0138477,die groe unbekannte,willi wolff,\N,the great unknown,willi wolff,\N
tt0138681,the opportunists,myles connell,myles connell,the opportunists,myles connell,\N
tt0138689,paging emma,roberto busogarcia,roberto busogarcia,paging emma,roberto busogarcia,\N
tt0138725,il professor matusa e i suoi hippies,carlo martinelli,carlo martinelli,\N,carlo martinelli,\N
tt0138734,raportti eli balladi laivatytoista,maunu kurkvaara,heikki ritavuori; maunu kurkvaara,a report,maunu kurkvaara,\N
tt0139398,kaajal,ram maheshwari,gulshan nanda; phani majumdar; z hussain,kaajal,ram maheshwari,gulshan nanda
tt0139571,\N,\N,\N,\N,\N,\N
tt0139654,training day,antoine fuqua,david ayer,training day,antoine fuqua,david ayer
tt0139809,the thirteenth floor,josef rusnak,josef rusnak; ravel centenorodriguez,the thirteenth floor,josef rusnak,josef rusnak
tt0140110,head nurse,tim davies,\N,\N,\N,\N
tt0140308,keine angst vor schwiegermuttern,erich engels,\N,don't worry about your mother-in-law,erich engels,hans wolff
tt0140347,mahalia jackson: the power and the glory,jeff scheftel,\N,\N,\N,\N
tt0140670,vaihdokas,teuvo puro,karl fager,vaihdokas,teuvo puro,\N
tt0140811,antti puuhaara,heikki partanen; katariina lahti; riitta rautoma,erkki makinen; heikki partanen; katariina lahti; riitta rautoma,antti the treebranch,heikki partanen; katariina lahti,\N
tt0140876,\N,\N,\N,\N,\N,\N
tt0141236,house of the rising moon,\N,\N,\N,\N,\N
tt0141343,gli inaffidabili,jerry cala,gino capone; jerry cala,gli inaffidabili,jerry cala,jerry cala
tt0141413,jacqueline,david decoteau,\N,\N,\N,\N
tt0141529,the tent show,carlos avila,carlos avila; edit villarreal,\N,\N,\N
tt0141634,the mysteries of paris,albert capellani,albert capellani,the mysteries of paris,\N,\N
tt0141874,passion,gyorgy feher,bela tarr; gyorgy feher,passion,gyorgy feher,bela tarr; gyorgy feher
tt0142288,\N,\N,\N,\N,\N,\N
tt0143437,charlotte wets her panties,francis leroi,francis leroi,looking good,francis leroi,\N
tt0143520,\N,\N,\N,\N,\N,\N
tt0143737,\N,\N,\N,\N,\N,\N
tt0144117,the boondock saints,troy duffy,troy duffy,the boondock saints,troy duffy,troy duffy
tt0144442,\N,\N,\N,\N,\N,\N
tt0144608,sinbad: beyond the veil of mists,alan jacobs; evan ricks,jeff wolverton,sinbad: beyond the veil of mists,alan jacobs,\N
tt0144778,ava & gabriel: a love story,felix de rooy,felix de rooy; norman de palm,\N,\N,\N
tt0144933,\N,\N,\N,\N,\N,\N
tt0145254,out of phoenix bridge,li hong,\N,out of phoenix bridge,hong li,\N
tt0145814,heaven sent,craig clyde,craig clyde; james hennessy,heaven sent,craig clyde,craig clyde; james hennessy
tt0146237,restless passion,hal freeman,philip dennis connors,\N,\N,\N
tt0146281,the end of milton levy,nissim dayan,nissim dayan,sofo shel milton levi,nissim dayan,nissim dayan
tt0146329,two off the cuff,bob godfrey,stan hayward,two off the cuff,\N,\N
tt0147216,\N,\N,\N,\N,\N,\N
tt0147643,unbowed,nanci rossov,mildred lewis,\N,\N,\N
tt0148245,\N,\N,\N,\N,\N,\N
tt0148445,\N,\N,\N,\N,\N,\N
tt0148462,men cry bullets,tamara hernandez,tamara hernandez,men cry bullets,\N,\N
tt0148812,she's no angel,ron jeremy,\N,\N,\N,\N
tt0148891,6 faces of samantha,jack genero,\N,\N,\N,\N
tt0148894,\N,\N,\N,\N,\N,\N
tt0149026,brides of lucifer,\N,\N,\N,\N,\N
tt0149652,\N,\N,\N,\N,\N,\N
tt0150892,her great price,edwin carewe,florence auer,her great price,edwin carewe,june mathis
tt0151405,lucerna,karel lamac,bohumir polach; frantisek kozik; vaclav wasserman,the lantern,karel lamac,bohumir polach; frantisek kozik; vaclav wasserman
tt0151805,\N,\N,\N,\N,\N,\N
tt0151856,\N,\N,\N,\N,\N,\N
tt0151990,a night in tiberias,herve bromberger,david greenberg; frederic grendel; herve bromberger,un soir a tiberiade,herve bromberger,\N
tt0152074,principe coronato cercasi per ricca ereditiera,giovanni grimaldi,giovanni grimaldi,principe coronato cercasi per ricca ereditiera,giovanni grimaldi,giovanni grimaldi
tt0152252,the times that are,pierre perrault,\N,the times that are,pierre perrault,\N
tt0152443,\N,\N,\N,the silver greyhound,bannister merwin,bannister merwin
tt0153032,this year's love,david kane,david kane,this year's love,david kane,\N
tt0153165,\N,\N,\N,\N,\N,\N
tt0153292,\N,\N,\N,\N,\N,\N
tt0153297,\N,\N,\N,\N,\N,\N
tt0153534,\N,\N,\N,\N,\N,\N
tt0154241,the blue ones of the sky,henri decoin,henri decoin,\N,henri decoin,\N
tt0155086,\N,\N,\N,rajani,\N,\N
tt0155401,\N,\N,\N,\N,\N,\N
tt0155685,trouble among widows,jacques poitrenaud,\N,trouble among widows,jacques poitrenaud,denys de la patelliere
tt0155994,\N,\N,\N,\N,\N,\N
tt0156432,the court dancer: raj nartaki,modhu bose,manmatha ray; modhu bose,raj nartaki,madhu,\N
tt0156702,dream land,vijay bhatt,\N,khwab ki duniya,vijay bhatt,\N
tt0156704,\N,\N,\N,\N,\N,\N
tt0157479,the conquest of canaan,george irving,\N,the conquest of canaan,george irving,\N
tt0157581,enga veettu pillai,tapi chanakya,d v narasa raju; sakthi t k krishnasamy,enga veettu pillai,tapi chanakya,sakthi t k krishnasamy
tt0157607,extravagance,burton l king,aaron hoffman; wallace clifton,extravagance,burton l king,\N
tt0157880,\N,\N,\N,\N,\N,\N
tt0158457,afsana,br chopra,is johar,afsana,baldev raj chopra,i s johar
tt0158462,amore mio,raffaello matarazzo,raffaello matarazzo,\N,raffaello matarazzo,\N
tt0158464,anath ashram,hemchandra chunder,kidar nath sharma,\N,\N,\N
tt0158736,the fast set,pierre foucaud,alice colanis,mademoiselle strip-tease,pierre foucaud,\N
tt0159101,out of the cold,aleksandr buravskiy,aleksandr buravskiy; alex kustanovich,\N,\N,\N
tt0159434,the faking of the president,alan abel; jeanne abel,alan abel; jeanne abel; murray hurwitz,\N,\N,\N
tt0159495,\N,\N,\N,jakko,fritz peter buch,fritz peter buch
tt0160596,with or without you,michael winterbottom,john forte,with or without you,michael winterbottom,john forte
tt0160830,sergeant x,vladimir strizhevsky,a loukine; vladimir strizhevsky,sergeant x,vladimir strizhevsky,\N
tt0161215,"a volar, joven!",miguel m delgado,miguel m delgado; paul colline,"fly away, young man!",miguel m delgado,jaime salvador
tt0161378,carnevalesca,amleto palermi,lucio dambra,carnevalesca,amleto palermi,lucio dambra
tt0161927,\N,\N,\N,\N,\N,\N
tt0163131,the other girl,percy winter,\N,\N,\N,\N
tt0163207,\N,\N,\N,\N,\N,\N
tt0163623,fata morgana,elefterie voiculescu,florian grecea; ion grecea,fata morgana,\N,\N
tt0163629,\N,\N,\N,\N,\N,\N
tt0164064,\N,\N,\N,\N,\N,\N
tt0164857,\N,\N,\N,ruslan and ludmila,\N,\N
tt0165100,the telephone bar,claude barrois,claude neron,le bar du telephone,claude barrois,claude neron
tt0165612,alf's baby,maclean rogers,ap dearsley,alf's baby,maclean rogers,\N
tt0165655,grease rock,michele massimo tarantini,alessandro capone; michele massimo tarantini; pino pellegrino,disco crazy,michele massimo tarantini,alessandro capone
tt0165753,emily's ghost,colin finbow,colin finbow,\N,\N,\N
tt0165846,kill the man,jon kean; tom booker,jon kean; tom booker,kill the man,tom booker,\N
tt0166151,la grande ora: concilio ecumenico vaticano ii,antonio petrucci,\N,\N,\N,\N
tt0166233,when the dead start singing,krsto papic,krsto papic; mate marisic,when the dead start singing,krsto papic,krsto papic; mate matisic
tt0166647,\N,\N,\N,hleda se tata,frank daniel,frank daniel
tt0166873,watch beverly,arthur maude,john cousins; nw baringpemberton,watch beverly,arthur maude,\N
tt0166948,\N,\N,\N,the adventures of the american rabbit,fred wolf,\N
tt0167290,misty,toshiharu ikeda,masahito kagawa; toshiharu ikeda,\N,\N,\N
tt0168205,taken alive,philip marcus,bobb hopkins; christopher holmes; donna jeffries; franco columbu,taken alive,philip marcus,\N
tt0168581,\N,\N,\N,"the chosen prince, or the friendship of david and jonathan",william v mong,\N
tt0168584,the cigarette girl,william parke,\N,the cigarette girl,william parke,\N
tt0168631,innocents,gregory marquette,gregory marquette,dark summer,gregory marquette,\N
tt0168722,dum ztraceneho stesti,josef rovensky,josef rovensky; martin fric,\N,\N,\N
tt0169004,mazlicek,martin fric,hugo haas; martin fric,the little pet,martin fric,hugo haas; martin fric
tt0169062,"my dog, buddy",ray kellogg,ray kellogg,"my dog, buddy",ray kellogg,\N
tt0169307,\N,\N,\N,cheyenne trails,robert j horner,\N
tt0169975,\N,\N,\N,\N,\N,\N
tt0170336,a child of community,mladomir purisa orevic,miodrag urevic; mladomir purisa orevic,opstinsko dete,mladomir purisa orevic,\N
tt0170407,pizza king,ole christian madsen,\N,pizza king,ole christian madsen,lars k andersen; ole christian madsen
tt0170483,pa spaning,ulf von strauss,ulf von strauss,\N,ulf von strauss,\N
tt0170494,\N,\N,\N,\N,arne brandhild,\N
tt0170648,\N,\N,\N,\N,\N,\N
tt0171388,hyena of london,gino mangini,gino mangini,the hyena of london,gino mangini,\N
tt0172299,duty and sacrifice,ion sahighian,\N,duty and sacrifice,ion sahighian,\N
tt0172723,\N,\N,\N,\N,\N,\N
tt0173390,sugar town,allison anders; kurt voss,allison anders; kurt voss,sugar town,allison anders; kurt voss,allison anders
tt0174073,nona,grisha ostrovski,stefan tsanev; yordan yovkov,\N,grisha ostrovski,stefan tsanev
tt0174131,the other woman,ivan pyryev,anatoli marienhof; nikolay erdman,\N,ivan pyryev,anatoly marienhof; nikolai erdman
tt0174280,\N,\N,\N,\N,\N,\N
tt0174993,about show-white,vera plivovasimkova,frantisek pavlicek; vera plivovasimkova,snow white,drahomira kralova; vera plivovasimkova,vera plivovasimkova
tt0175267,two-fisted jefferson,roy clements,roy clements,two-fisted jefferson,roy clements,\N
tt0175721,\N,\N,\N,\N,\N,\N
tt0175848,let's have a murder,john e blakeley,john e blakeley,let's have a murder,john e blakeley,\N
tt0175892,"on tuesdays, orchids",francisco mugica,carlos olivari; francisco oyarzabal; sixto pondal rios,"los martes, orquideas",francisco mugica,\N
tt0175936,\N,\N,\N,\N,\N,\N
tt0176485,\N,\N,\N,\N,\N,\N
tt0176539,\N,\N,\N,\N,\N,\N
tt0176648,\N,\N,\N,\N,\N,\N
tt0177159,ratrace,valentin hitz,\N,\N,\N,\N
tt0177845,hotel splendide,terence gross,terence gross,hotel splendide,terence gross,terence gross
tt0178294,capitan veneno,henri martinent,enrique amorim; ramon gomez macia,captain poison,henri martinent,\N
tt0178393,\N,\N,\N,\N,\N,\N
tt0178506,challenge of the gladiator,domenico paolella,alessandro ferrau; domenico paolella,challenge of the gladiator,domenico paolella,domenico paolella
tt0178850,psique y sexo,dino minniti; enrique cahen salaberry; ernesto bianco; manuel antin,ernesto bianco; mariucha y lugano,psique y sexo,enrique cahen salaberry; ernesto bianco; manuel antin,\N
tt0178930,the third kiss,luis cesar amadori,luis cesar amadori,the third kiss,luis cesar amadori,luis cesar amadori
tt0178966,a cia cinematografica vera cruz,jeanclaude bernardet; joao batista de andrade,\N,\N,\N,\N
tt0178970,rape,pierre chevalier,marius lesoeur; pierre chevalier,rape: the great fear,pierre chevalier,\N
tt0178986,where the north holds sway,bennett cohen,bennett cohen; evan merritt post,\N,\N,\N
tt0179664,el baisano jalil,joaquin pardave,adolfo fernandez bustamante,el baisano jalil,joaquin pardave; roberto gavaldon,adolfo fernandez bustamante
tt0179696,"...but then, she's betty carter",michelle parkerson,michelle parkerson,\N,\N,\N
tt0179886,io con te non ci sto piu,gianni amico,enzo ungari; francesco tullio altan; gianni amico,io con te non ci sto piu,gianni amico,francesco tullio altan
tt0180467,babylon pink iii,henri pachard,henri pachard,\N,\N,\N
tt0180669,a funny girl,takis vougiouklakis,lakis mihailidis,joy and tears,takis vougiouklakis,lakis michaelides
tt0180725,the war of pelados,sylvio back,\N,a guerra dos pelados,sylvio back,\N
tt0180749,and the woman shall fear her husband,yorgos tzavellas,yorgos tzavellas,and the wife shall revere her husband,giorgos tzavellas,giorgos tzavellas
tt0181335,"cada hogar, un mundo",carlos f borcosque,\N,"cada hogar, un mundo",carlos f borcosque,carlos a petit
tt0181633,kiss the girls,giannis dalianidis,giannis dalianidis,kiss the girls,yannis dalianidis,yannis dalianidis
tt0181686,mientras haya un circo,carlos f borcosque,carlos f borcosque,mientras haya un circo,carlos f borcosque,\N
tt0181689,minority report,steven spielberg,jon cohen; scott frank,minority report,steven spielberg,jon cohen; scott frank
tt0181764,\N,\N,\N,\N,\N,\N
tt0181998,carnaval atlantida,jose carlos burle,berliet jr; jose carlos burle; victor lima,carnaval atlantida,jose carlos burle,\N
tt0183285,irresistible ii,gary graver,\N,\N,\N,\N
tt0183301,jewel of the nite,\N,jacques khoulter,\N,\N,\N
tt0183337,kaplanlar,cetin inanc; cuneyt arkn,cuneyt arkn,kaplanlar,cetin inanc; cuneyt arkn,\N
tt0183384,lsd flesh of devil,massimo mida,bruno baratti; massimo mida; odoardo fiory; tiziano cortini; vittorio orano,lsd flesh of devil,\N,\N
tt0183787,\N,\N,\N,\N,\N,\N
tt0183951,"people, years, life",angela ricci lucchi; yervant gianikian,angela ricci lucchi; yervant gianikian,\N,\N,\N
tt0184060,you are here,tom rooney,tom rooney,\N,\N,\N
tt0184440,enigma for demons,carlos hugo christensen,carlos hugo christensen,enigma para demonios,carlos hugo christensen,\N
tt0185287,don bildigerno en pago milagro,antonio ber ciani,yamandu rodriguez,don bildigerno de pago milagro,antonio ber ciani,\N
tt0185925,\N,\N,\N,\N,\N,\N
tt0186071,i killed lucio flavio,antonio calmon,alberto magno; leopoldo serran,eu matei lucio flavio,antonio calmon,\N
tt0186103,\N,\N,\N,\N,\N,\N
tt0186240,the invisibles,noah stern,noah stern,\N,\N,\N
tt0186601,the naughty girl,ting shanhsi,ting shanhsi,\N,\N,\N
tt0186626,to you with love,sung tsun shou,sung hsiangyu,\N,\N,\N
tt0186725,zatoichi's cane sword,kimiyoshi yasuda,ryozo kasahara,zatoichi's cane sword,kimiyoshi yasuda,ryozo kasahara
tt0186794,thaayillamal naanillai,r thyagarajan,sandow mma chinnappa devar,thaayillamal naan illai,r thyagarajan,\N
tt0187097,\N,\N,\N,\N,\N,\N
tt0187363,oss 77 - operation lotus flower,bruno paolinelli,bruno paolinelli; claudio biondi,oss 77 operazione fior di loto,bruno paolinelli,\N
tt0187401,pilot premnath,a c tirulokchandar,\N,pilot premnath,a c tirulokchandar,a c tirulokchandar
tt0187477,\N,\N,\N,\N,\N,\N
tt0188204,un soltero en apuros,alberto dubois,pastor y rojas,\N,alberto du bois,\N
tt0188309,the education in love of valentin,jean lhote,\N,l'education amoureuse de valentin,jean lhote,jean lhote
tt0188442,part-time lifeguards,carlos galettini,salvador valverde calvo,los baneros mas locos del mundo,carlos galettini,\N
tt0188524,couturier de mon coeur,raymond de cesse; rene jayet,\N,\N,rene jayet,\N
tt0188728,\N,\N,\N,\N,\N,\N
tt0189219,spring in a small town,fei mu,li tianji,spring in a small town,fei mu,li tianji
tt0189427,\N,\N,\N,\N,\N,\N
tt0189448,courage for two,dell henderson,hamilton smith,courage for two,dell henderson,\N
tt0189658,lola's lolos,bernard dubois,\N,les lolos de lola,bernard dubois,bernard dubois
tt0189742,\N,\N,\N,\N,\N,\N
tt0189762,a moreninha,glauco mirko laurelli,glauco mirko laurelli,a moreninha,glauco mirko laurelli,\N
tt0189889,"paraiba, vida e morte de um bandido",victor lima,victor lima,"paraiba, vida e morte de um bandido",victor lima,\N
tt0189953,\N,\N,\N,\N,\N,\N
tt0190151,\N,\N,\N,winning grandma,william bertram,clara beranger
tt0190380,\N,\N,\N,\N,\N,\N
tt0190458,his wife's friend,joseph de grasse,\N,his wife's friend,joe de grasse,\N
tt0190460,hoje o galo sou eu!,aloisio t de carvalho,chico anysio; jose wanderley; ronaldo lupo,\N,\N,\N
tt0190520,land of doom,peter maris,craig rand,land of doom,peter maris,\N
tt0190581,house of sleeping beauties,hiroto yokoyama,toshiro ishido,\N,\N,\N
tt0191315,night of the female,fauzi mansur,fauzi mansur; marcos rey,a noite das femeas,fauzi mansur,\N
tt0191625,barbara the fair with the silken hair,aleksandr rou,mikhail chuprin,barbara the fair with the silken hair,alexander rou,alexander rou
tt0191828,the big blow,reinaldo marcus green,\N,\N,\N,\N
tt0192022,the spanking,pierre caron,\N,\N,pierre caron,jean nohain
tt0192069,gendernauts: a journey through shifting identities,monika treut,monika treut,gendernauts,monika treut,monika treut
tt0192135,\N,\N,\N,\N,\N,\N
tt0192330,\N,\N,\N,\N,\N,\N
tt0192429,\N,\N,\N,\N,\N,\N
tt0192490,\N,\N,\N,\N,\N,\N
tt0192788,where the red fern grows,lyman dayton; sam pillsbury,douglas c stewart; eleanor lamb; lyman dayton; sam pillsbury,where the red fern grows,lyman dayton; sam pillsbury,\N
tt0193022,prince of broadcasters,patrick lung kong,patrick lung kong,\N,\N,\N
tt0193119,\N,\N,\N,\N,\N,\N
tt0193124,double role,jaromil jires,jaromil jires; jaroslava moserovadavidova,double role,jaromil jires,jaromil jires; jaroslava moserova
tt0193236,\N,\N,\N,flowers of memory,christian braad thomsen,christian braad thomsen
tt0193366,our friends the hayseeds,beaumont smith,beaumont smith,"our friends, the hayseeds",beaumont smith,beaumont smith
tt0193565,third at heart,jacques de casembroot,\N,third at heart,jacques de casembroot,marcgilbert sauvajon
tt0193571,the grey rats,emilio ghione,emilio ghione; pio vanzi,the grey rats,emilio ghione,\N
tt0193613,voyeur,michael goi,michael goi,\N,\N,\N
tt0193657,\N,\N,\N,\N,\N,\N
tt0194339,se rematan ilusiones,mario c lugones,wilfredo jimenez,\N,mario c lugones,\N
tt0194540,the nuremberg trials,felix podmaniczky,joe j heydecker; johannes leeb,\N,\N,\N
tt0194686,balada para un mochilero,carlos rinaldi,carlos rinaldi; norberto aroldi; rodolfo m taboada,balada para un mochilero,carlos rinaldi; rene mugica,\N
tt0194909,5 bemerkungen zum dokumentarfilm,gisela tuchtenhagen,gisela tuchtenhagen,\N,gisela tuchtenhagen,\N
tt0195175,\N,\N,\N,\N,\N,\N
tt0195315,strangers,anthony spinelli,anthony spinelli,\N,\N,\N
tt0195325,fire!,adama drabo,adama drabo,fire!,adama drabo,\N
tt0195633,death is not the end,\N,\N,\N,\N,\N
tt0195692,\N,\N,\N,\N,\N,\N
tt0195898,madame louise,maclean rogers,michael pertwee,madame louise,maclean rogers,michael pertwee
tt0196179,unrecht gut gedeiht nicht,jakob fleck; luise fleck,jakob fleck; luise fleck,\N,\N,\N
tt0196730,madonnas and men,ba rolfe,carey wilson; edmund goulding; violet clark,madonnas and men,b a rolfe,carey wilson; edmund goulding; violet clark
tt0196892,querida suzana,alberto pieralisi,alberto pieralisi; alipio ramos,\N,\N,\N
tt0197299,black sea raid,jeno hodi,\N,black sea raid,jeno hodi,\N
tt0197819,retribuicao,gentil roiz,gentil roiz,\N,\N,\N
tt0197968,\N,\N,\N,\N,\N,\N
tt0198472,faut reparer sophie,alexandre ryder,\N,\N,alexandre ryder,andre mouezyeon
tt0198588,the chinese mack,tachuan hsu,wu tieyi,\N,\N,\N
tt0198869,\N,\N,\N,\N,\N,\N
tt0199131,voyage illusoire,georges dufaux,\N,\N,\N,\N
tt0199578,feminism,errikos thalassinos,errikos thalassinos; theodoros katsadramis,\N,\N,\N
tt0199978,the fake theodore,vasilis papazoglou,vasilis betsos,\N,\N,\N
tt0200250,veni conmigo,luis saslavsky,\N,veni conmigo,luis saslavsky,\N
tt0200614,love and betrayal,hristos kyriakopoulos,nikos foskolos,\N,\N,\N
tt0201506,viejo reales' long journey to death,gerardo vallejo,fernando e solanas; gerardo vallejo; octavio getino,\N,gerardo vallejo,fernando solanas; gerardo vallejo; octavio getino
tt0201875,\N,\N,\N,quase no ceu,oduvaldo vianna,\N
tt0202000,todo el ano es navidad,roman vinoly barreto,horacio s meyrialle,todo el ano es navidad,roman vinoly barreto,\N
tt0202460,sophie's misfortune,jacqueline audry,\N,the misfortunes of sophie,jacqueline audry,colette audry
tt0202587,siberian express,haruo mizuno,haruo mizuno,siberian express,\N,\N
tt0202991,song of spring,simon koster,lydia krienen; simon koster,lentelied,simon koster,\N
tt0203277,a casa di irma,alberto bader,gianni biondillo; roberta giudetti; vinicio canton,\N,\N,\N
tt0203369,calore in corpo,arduino sacco,\N,\N,\N,\N
tt0203463,drei kaiserjager,franz hofer,\N,three soldiers in the kaiserjager,franz hofer; robert land,\N
tt0203561,\N,\N,\N,the hellion,george l cox,\N
tt0203669,\N,\N,\N,\N,\N,\N
tt0203943,the squatter's daughter,bert bailey,\N,the squatter's daughter,bert bailey,\N
tt0204270,detective transex,luigi soldati,\N,\N,\N,\N
tt0204355,"grenada, grenada, my grenada",roman karmen,\N,\N,\N,\N
tt0204568,\N,\N,\N,prohibido para menores,ignacio tankel,\N
tt0204789,\N,\N,\N,\N,\N,\N
tt0204863,beby la figlia libidinosa,mario bianchi,\N,\N,\N,\N
tt0204887,bella entre las flores,miguel somera,\N,\N,\N,\N
tt0204965,\N,\N,\N,\N,\N,\N
tt0205210,\N,hasan elsaifi,mohamed osman,\N,\N,\N
tt0205373,\N,\N,\N,\N,\N,\N
tt0206226,psycho beach party,robert lee king,charles busch,psycho beach party,robert lee king,charles busch
tt0206258,radio pirata,lael rodrigues,yoya wursch,radio pirata,lael rodrigues,\N
tt0206767,just like a cat,gianni cozzolino,nini grassia,just like a cat,\N,nini grassia
tt0207233,\N,\N,\N,\N,\N,\N
tt0207271,sirens of the deep,steve wang,\N,\N,\N,\N
tt0207597,manny's orphans,sean s cunningham,steve miner; victor miller,manny's orphans,sean s cunningham,victor miller
tt0207606,mirador,werner nekes,werner nekes,\N,\N,\N
tt0207811,a woman in the night,edmond t greville,jacques companeez; jean bernardluc; pierre laroche,a woman in the night,edmond t greville,jean bernardluc
tt0207984,\N,\N,\N,\N,\N,\N
tt0207994,\N,\N,\N,\N,\N,\N
tt0208779,things fall apart,hansjurgen pohland,fern mosk,\N,\N,\N
tt0209371,stress,corrado prisco,corrado prisco; mauro bologna,\N,\N,\N
tt0210773,jam session (the official bootleg of kikujiro),makoto shimazaki,\N,jam session,makoto shinozaki,\N
tt0211059,il trasloco,renato de maria,franco bifo berardi; giampietro huber; renato de maria,\N,renato de maria,franco berardi; renato de maria
tt0211068,il treno del sabato,vittorio sala,adriano baracco; marcello fondato; vittorio sala,il treno del sabato,vittorio sala,adriano baracco
tt0211425,the bride napping,yan jun,king hu,\N,\N,\N
tt0211492,the luzhin defence,marleen gorris,peter berry,the luzhin defence,marleen gorris,vladimir nabokov
tt0211570,\N,\N,\N,\N,\N,\N
tt0211906,african jim,donald swanson,\N,african jim aka jim comes to jo'burg,\N,\N
tt0212048,cause of death,marc s grenier,les weldon,cause of death,marc s grenier,\N
tt0212111,\N,\N,\N,\N,\N,\N
tt0212301,the last grave at dimbaza,chris curling; nana mahome; pascoe macfarlane,\N,\N,\N,\N
tt0212423,the personals,chen kuofu,chen kuofu; chen shihchieh,the personals,chen kuofu,\N
tt0212527,\N,\N,\N,\N,\N,\N
tt0213272,el septimo cielo,juan fischer,\N,\N,\N,\N
tt0214222,l'ultima volta insieme,nini grassia,graziella marsetti; nini grassia,l'ultima volta insieme,nini grassia,nini grassia
tt0214625,dev pavla,\N,\N,\N,\N,\N
tt0215201,\N,\N,\N,\N,\N,\N
tt0215323,venere creola,lorenzo ricciardi,lorenzo ricciardi,venere creola,lorenzo ricciardi,\N
tt0215792,\N,\N,\N,\N,\N,\N
tt0215809,glad tidings,wolf rilla,wolf rilla,glad tidings,wolf rilla,wolf rilla
tt0216389,crossroads of love,carmine gallone,filippo folchi; giorgio mannini,the faces of love,carmine gallone,\N
tt0216733,ektemann alene,nils r muller,eva seeberg; nils r muller,ektemann alene,nils r muller,eva seeberg; nils r muller
tt0216817,hum saath saath hain,sooraj barjatya,sooraj barjatya,hum saath-saath hain,sooraj r barjatya,sooraj r barjatya
tt0216912,\N,\N,\N,a metade da vida,manuel castelao,manuel castelao
tt0216987,\N,\N,\N,\N,\N,\N
tt0218253,\N,\N,\N,\N,\N,\N
tt0218256,flesh of my flesh,\N,\N,\N,\N,\N
tt0218449,la mulata de cordoba,adolfo fernandez bustamante,\N,the mulatta of cordoba,adolfo fernandez bustamante,adolfo fernandez bustamante; xavier villaurrutia
tt0218998,the game is set,harry wuest,gary mertin,\N,\N,\N
tt0219012,\N,\N,\N,\N,\N,\N
tt0219820,\N,\N,\N,\N,\N,\N
tt0219854,the kid,jon turteltaub,audrey wells,disney's the kid,jon turteltaub,audrey wells
tt0220385,\N,\N,\N,\N,\N,\N
tt0220389,god wills it so,luc monheim,dominique rozan; luc monheim; zoe zurstrassen,\N,\N,\N
tt0220494,\N,\N,\N,\N,\N,\N
tt0220570,ichijo's wet lust,tatsumi kumashiro,tatsumi kumashiro,ichijo's wet lust,tatsumi kumashiro,tatsumi kumashiro
tt0220594,kartoos,mahesh bhatt,\N,kartoos,mahesh bhatt,\N
tt0220703,plenilune,imanol uribe,elvira lindo,plenilunio,imanol uribe,antonio munoz molina; elvira lindo
tt0220716,\N,\N,\N,\N,\N,\N
tt0221911,deutsche polizisten: viele kulturen - eine truppe,aysun bademsoy,aysun bademsoy,\N,\N,\N
tt0221999,\N,\N,\N,\N,\N,\N
tt0222054,john the fearless,jef cassiers,jef cassiers,john the fearless,jef cassiers,jef cassiers
tt0222096,kalt ist der abendhauch,rainer kaufmann,kathrin richter; ralf hertwig,cold is the breath of evening,rainer kaufmann,kathrin richter; ralf hertwig
tt0223123,\N,\N,\N,\N,\N,\N
tt0223455,afternoon affair: kyoto holy tapestry,masaru konuma,takehiro nakajima,\N,\N,\N
tt0223801,dark story of a japanese rapist,koji wakamatsu,osamu yamashita,\N,\N,\N
tt0224009,\N,\N,\N,gorilla's king,rene cardona jr,\N
tt0224246,\N,\N,\N,\N,\N,\N
tt0224274,\N,\N,\N,\N,\N,\N
tt0224359,\N,\N,\N,de vrouw clasina,maurits binger,\N
tt0225177,\N,\N,\N,\N,\N,\N
tt0225553,\N,\N,\N,double or nothing: the rise and fall of robert campeau,paul cowan,paul cowan
tt0226050,\N,\N,\N,\N,\N,\N
tt0226598,\N,\N,\N,\N,\N,\N
tt0227539,\N,\N,\N,\N,\N,\N
tt0229340,dinner rush,bob giraldi,brian s kalata; rick shaughnessy,dinner rush,bob giraldi,\N
tt0229603,mysterious britain,rubert barker,paolo de paolis,\N,\N,\N
tt0230075,\N,\N,\N,\N,\N,\N
tt0230301,hombres del mar,chano urueta,chano urueta; margarita urueta,hombres de mar,chano urueta,\N
tt0230349,jacke wie hose,eduard kubat,arthur pohl; jan koplowitz,swings or roundabouts,eduard kubat,jan koplowitz
tt0230553,\N,\N,\N,mysore tanga,g v iyer,\N
tt0230625,\N,\N,\N,\N,\N,\N
tt0230652,spring of life,milan cieslar,milan cieslar; vladimir korner,spring of life,milan cieslar,milan cieslar; vladimir korner
tt0230656,father's law,marek kondrat,micha szczerbic,law of the father,marek kondrat,micha szczerbic
tt0230921,family pack,chris vander stappen,chris vander stappen,family pack,chris vander stappen,chris vander stappen
tt0231150,anita,raj khosla,\N,anita,raj khosla,\N
tt0231209,baap re baap,abdul rashid kardar,jagdish kanwal; sn banerjee,baap re baap,abdur rashid kardar,\N
tt0231349,ernoa's way,louis delluc; rene coiffard,\N,ernoa's way,louis delluc,louis delluc
tt0231866,to kanarini podilato,dimitris stavrakas,dimitris stavrakas; stavros tsiolis; vasilis spiliopoulos,the canary yellow bicycle,dimitris stavrakas,\N
tt0231886,let the cobbler stick to his last,kostas andritsos,giorgos lazaridis,\N,kostas andritsos,giorgos lazarides
tt0231887,\N,apostolos tegopoulos,hristos kyriakos,\N,\N,\N
tt0232245,\N,grigoris grigoriou,kostas asimakopoulos; nestoras matsas,\N,grigoris grigoriou,kostas asemakopoulos; nestoras matsas
tt0232484,puberun,prabhat mukhopadhyay,kc roy,puberun,prabhat mukherjee,\N
tt0233007,l'ile jaune,jean cousineau,\N,\N,\N,\N
tt0233226,anokha bandhan,mehul kumar,\N,anokha bandhan,mehul kumar,\N
tt0233574,the dracula dynasty,alfredo b crevenna; claudia becker,jorge patino,\N,\N,\N
tt0234102,the light of love,gunther scholz,gunther scholz; henrik hertz; wolf muller,the light of love,gunther scholz,\N
tt0234363,der nurnberger parteitag der nationalsozialistischen deutschen arbeiterpartei,baldur von schirach,\N,der nurnberger parteitag der nsdap,baldur von schirach,\N
tt0234727,\N,\N,\N,shree krishna gaarudi,hunsur krishnamurthy,\N
tt0235202,oh shorties... how many!,rolando aguilar,\N,\N,\N,\N
tt0235263,caruta cu mere,george cornea,dumitru radu popescu,applecart,george cornea,\N
tt0235474,i like to see the wheels turn,giles walker,\N,\N,\N,\N
tt0235522,kokila,balu mahendra,balu mahendra,kokila,balu mahendra,balu mahendra
tt0235816,\N,\N,\N,\N,\N,\N
tt0235822,tokende,gerard de boe,\N,\N,\N,\N
tt0236155,\N,\N,\N,\N,\N,\N
tt0236332,\N,\N,\N,jagmagti jawani,nagendra majumdar,\N
tt0236480,\N,\N,\N,matrubhoomi,nagendra majumdar,\N
tt0236508,\N,\N,\N,\N,\N,\N
tt0236690,\N,\N,\N,rock of ages,bertram phillips,kenelm foss
tt0236880,the hotel of the corrupt,dimitris athanasiadis,dimitris athanasiadis,\N,\N,\N
tt0237072,cannibal rollerbabes,kalman szegvary,jason wolthuizen,cannibal rollerbabes,kalman szegvary,\N
tt0237440,\N,\N,\N,\N,\N,\N
tt0238625,staatsinrichting 3/13 uip r.t.,elsbeth dijkstra,\N,\N,\N,\N
tt0239103,mist,krisztina deak,\N,\N,\N,\N
tt0239259,\N,\N,\N,\N,\N,\N
tt0240108,\N,\N,\N,\N,\N,\N
tt0240344,\N,\N,\N,\N,\N,\N
tt0240473,the edelweiss pirates,niko von glasow,kiki von glasow; niko von glasow,edelweiss pirates,niko von glasow,kirstin von glasow
tt0241190,\N,\N,\N,\N,\N,\N
tt0241644,eyes of the spider,kiyoshi kurosawa,kiyoshi kurosawa; yoichi nishiyama,eyes of the spider,kiyoshi kurosawa,\N
tt0241645,bruce lee versus gay power,adriano stuart,adriano stuart; alfredo palacios; raja de aragao; walther negrao,bruce lee versus gay power,adriano stuart,\N
tt0241667,\N,\N,\N,\N,\N,\N
tt0241802,parallel worlds,petr vaclav,marie desplechin; petr vaclav,parallel worlds,petr vaclav,marie desplechin; petr vaclav
tt0241934,sans elle...,anna da palma,anna da palma,sem ela...,anna da palma,\N
tt0242045,\N,\N,\N,\N,\N,\N
tt0242360,\N,\N,\N,\N,\N,\N
tt0242441,the long awaited desperate love,julian pastor,emilio carballido,\N,\N,\N
tt0242468,frisians in peril,willi krause,\N,friesennot,peter hagen,werner kortwich
tt0242675,mi esposa busca novio,carlos orellana,carlos orellana; eugenio heltai,\N,\N,\N
tt0242916,summer children,james bruner,norman handelsman,\N,\N,\N
tt0243390,lotat,taru makela,irma taina; taru makela,lotat (1995),taru makela,\N
tt0244752,\N,\N,\N,rakta palash,\N,\N
tt0245704,alludaa majakaa,evv satyanarayana,posani krishna murali,alluda majaka,e v v satyanarayana,posani krishna murali
tt0246190,rani and lalpari,ravikant nagaich,pandit puranik,rani aur lalpari,ravikant nagaich,\N
tt0247291,dilli ka thug,sd narang,sd narang,dilli ka thug,sd narang,\N
tt0247576,"nezlob, kristino",vladimir cech,vladimir neff,\N,\N,\N
tt0247744,super spook,tony major,\N,\N,\N,\N
tt0248601,forget america,vanessa jopp,maggie peren,forget america,vanessa jopp,maggie peren
tt0248666,\N,\N,\N,\N,\N,\N
tt0249086,poor liza,slava tsukerman,sophia romma,poor liza,slava tsukerman,\N
tt0249109,"red maid, the matchmaker",lung to,fung king,\N,\N,\N
tt0250067,the trip,miles swain,miles swain,the trip,miles swain,miles swain
tt0250129,y si cristobal despierta?,sonia valentin,bernardo romero pereiro; juan camilo jaramillo,\N,\N,\N
tt0250342,dirty rice,pat mire,pat mire,\N,\N,\N
tt0250361,\N,\N,\N,\N,\N,\N
tt0250507,la loca,miguel zacarias,edmundo baez; miguel zacarias,\N,\N,\N
tt0250533,\N,\N,\N,\N,\N,\N
tt0250563,\N,\N,\N,\N,\N,\N
tt0250759,sutradhaarulu,k viswanath,\N,sutradharulu,kasinathuni viswanath,kasinathuni viswanath
tt0251318,\N,\N,\N,paris by night,\N,\N
tt0251399,\N,\N,\N,shri krishna bhakta peepaji,s n patankar,\N
tt0252195,weaknesses,angelos fortounas,angelos fortounas,\N,\N,\N
tt0252656,lebanon at night,muhammad selman,\N,\N,\N,\N
tt0252665,ghislain lambert's bicycle,philippe harel,benoit poelvoorde; olivier dazat; philippe harel,ghislan lambert's bicycle,philippe harel,benoit poelvoorde; olivier dazat; philippe harel
tt0252703,less is more,michael lehmann; pascal jongen,pascal jongen,\N,\N,\N
tt0253109,\N,\N,\N,\N,\N,\N
tt0253252,the burning mountains,joe hamman; luis trenker,\N,\N,\N,\N
tt0253540,\N,\N,\N,\N,\N,\N
tt0253677,shadia al-jabal,ahmed diaa aldin,ahmed diaa aldin,\N,\N,\N
tt0253707,\N,\N,\N,simantak mani,dadasaheb phalke,\N
tt0254683,phool aur kaante,kuku kohli,iqbal durrani,phool aur kaante,kuku kohli,iqbal durrani
tt0255109,\N,\N,\N,devanthakudu,c pullaiah,vempati sadasivabrahmam
tt0255179,fraulein hoffmanns erzahlungen,karel lamac,\N,\N,\N,\N
tt0255943,\N,\N,\N,\N,\N,\N
tt0256045,\N,\N,\N,\N,\N,\N
tt0256139,ladronzuela,agustin p delgado,\N,\N,\N,\N
tt0256198,la moderna poesia,birgit hein,\N,\N,\N,\N
tt0256632,bala nagamma,vedantam raghavaiah,\N,bala nagamma,vedantam raghavaiah,\N
tt0257127,\N,\N,\N,\N,\N,\N
tt0257251,the enclosed valley,jeanclaude rousseau,\N,la vallee close,jeanclaude rousseau,\N
tt0257573,the art of tripping,storm thorgerson,david gale; storm thorgerson,\N,\N,\N
tt0257609,\N,\N,\N,\N,\N,\N
tt0258058,la pulqueria,victor manuel castro,victor manuel castro,the pulque tavern,victor manuel castro,\N
tt0259571,shaque,aruna raje; vikas desai,aruna raje; vikas desai,shaque,aruna raje,\N
tt0259663,\N,\N,\N,\N,\N,\N
tt0259667,tojuro no koi,kazuo mori,yoshikata yoda,tojuro no koi,kazuo mori,kan kikuchi
tt0259831,aakhri cheekh,kiran ramsay,\N,aakhri cheekh,kiran ramsay,\N
tt0260011,eu compro essa virgem,roberto mauro,\N,\N,\N,\N
tt0260093,\N,\N,\N,\N,\N,\N
tt0260576,\N,\N,\N,\N,\N,\N
tt0261029,\N,\N,\N,maa gopi,b s ranga,kovvali lakshmi narasimha rao
tt0261164,amina,goffredo alessandrini,\N,amina,goffredo alessandrini,\N
tt0261262,\N,\N,\N,\N,\N,\N
tt0261914,\N,\N,\N,\N,\N,\N
tt0261994,\N,\N,\N,sri krishna maya,c s rao,\N
tt0262238,arrabalera,joaquin pardave,joaquin pardave; luis manrique,arrabalera,joaquin pardave,\N
tt0262485,the sun-born,panagiotis konstadinou,panagiotis konstadinou,\N,\N,\N
tt0263497,passion,hiroshi shimizu,\N,\N,\N,\N
tt0263637,\N,\N,\N,\N,\N,\N
tt0264073,\N,\N,\N,\N,\N,\N
tt0264154,\N,\N,\N,\N,\N,\N
tt0264909,\N,\N,\N,misar ka khazana,\N,\N
tt0265429,\N,\N,\N,\N,\N,\N
tt0265678,let's wait with the anniversary,boris goroshko,anatoli kudryavtsev; yevgeni budinas,\N,\N,anatol kudravets
tt0265735,\N,\N,\N,\N,\N,\N
tt0266040,what about me: the rise of the nihilist spasm band,zev asher,zev asher,\N,\N,\N
tt0266077,yogi vemana,kadri venkata reddy,kadri venkata reddy; kamalakara kameshwara rao; samudrala raghavacharya,yogi vemana,kadiri venkata reddy,samudrala raghavacharya
tt0266765,mere mehboob,harnam singh rawail,vinod kumar,mere mehboob,h s rawail,\N
tt0267073,bewitching eyes,ahmed galal,ahmed galal,uyun sahira,ahmed galal,\N
tt0267764,\N,\N,\N,\N,\N,\N
tt0268331,ghar basake dekho,kishore sahu,\N,ghar basake dekho,kishore sahu,\N
tt0268926,love and other curiosities,miguel santesmases,miguel santesmases,"love, curiosity, prozac and doubt",miguel santesmases,\N
tt0269107,conscience and the constitution,frank abe,\N,\N,\N,\N
tt0269422,kanamarayathu,i v sasi,\N,kanamarayathu,i v sasi,p padmarajan
tt0270187,\N,\N,\N,\N,\N,\N
tt0271173,\N,\N,\N,sholay,yunus malik,\N
tt0271543,hidden agenda,marc s grenier,les weldon,hidden agenda,marc s grenier,\N
tt0271712,\N,\N,\N,\N,\N,\N
tt0271968,\N,\N,\N,\N,\N,\N
tt0272356,\N,\N,\N,\N,\N,\N
tt0272588,\N,\N,\N,\N,\N,\N
tt0272919,\N,\N,\N,\N,\N,\N
tt0273096,asuravamsam,shaji kailas,ranjith,asuravamsam,shaji kailas,ranjith
tt0273528,\N,\N,\N,\N,\N,\N
tt0273840,moscow square,ferenc torok,ferenc torok,moscow square,ferenc torok,ferenc torok
tt0274022,who killed pacifico?,renato santos pereira,mario lucio brandao; renato santos pereira,\N,\N,\N
tt0274056,roald amundsen,reidar lunde,\N,roald amundsen,reidar lunde,reidar lunde
tt0275261,chuvanna kannukal,sasi mohan,\N,chuvanna kannukal,\N,\N
tt0275671,\N,\N,\N,shathru,\N,\N
tt0275907,alla en el rancho de las flores,\N,\N,\N,\N,\N
tt0276068,\N,\N,\N,\N,\N,\N
tt0276077,lives in the sands,nguyen thanh van,quang lap nguyen,sandy lives,nguyen thanh van,nguyen quang lap
tt0276792,azhakulla saleena,\N,\N,azhakulla saleena,k s sethumadhavan,muttathu varkey
tt0277056,jugandose la vida,arturo martinez,\N,\N,\N,\N
tt0277125,\N,\N,\N,\N,\N,\N
tt0277214,la pandilla en accion,julio porter,\N,\N,\N,\N
tt0278293,el misterio del trinidad,jose luis garcia agraz,carlos cuaron,the mystery of the trinidad,jose luis garcia agraz,carlos cuaron
tt0278683,\N,\N,\N,\N,\N,\N
tt0278900,\N,\N,\N,\N,\N,\N
tt0278991,\N,\N,\N,\N,\N,\N
tt0279112,"godzilla, mothra and king ghidorah: giant monsters all-out attack",shusuke kaneko,keiichi hasegawa; masahiro yokotani; shusuke kaneko,"godzilla, mothra and king ghidorah: giant monsters all-out attack",shusuke kaneko,keiichi hasegawa; masahiro yokotani; shusuke kaneko
tt0279986,nirnayam,sangeeth sivan,cheriyan kalpakavadi,nirnayam,sangeeth sivan,cheriyan kalpakavadi
tt0280143,el terror de la frontera,zacarias gomez urquiza,\N,\N,\N,\N
tt0280408,\N,\N,\N,akshayapaathram,j sasikumar,kedamangalam sadanandan
tt0280483,\N,\N,\N,\N,\N,\N
tt0280597,\N,\N,\N,\N,\N,\N
tt0280717,\N,\N,\N,gumasthavin penn,\N,\N
tt0280907,la maldicion de mi raza,juan orol,juan orol,\N,\N,\N
tt0280976,the drawn circle,dito tsintsadze,beso odisharia; dito tsintsadze,\N,\N,\N
tt0281120,rathi manmathan,\N,\N,rathimanmadhan,j sasikumar,pappanamkodu lakshmanan
tt0282008,\N,\N,\N,\N,\N,\N
tt0282039,\N,\N,\N,\N,\N,\N
tt0282248,distant wind,manuel michel; salomon laiter; sergio vejar,manuel michel; salomon laiter; sergio magana hidalgo; sergio vejar,distant wind,manuel michel; salomon laiter; sergio vejar,\N
tt0282466,epoch of lotus,vincent lee,david tzeng,\N,\N,\N
tt0282477,\N,\N,\N,\N,\N,\N
tt0282826,papadistik company,omiros efstratiadis,giannis sklavos,\N,\N,\N
tt0282895,\N,\N,\N,\N,\N,\N
tt0283012,sto metrow miosci,micha waszynski,\N,sto metrow miosci,micha waszynski,adolf dymsza
tt0283084,tuck everlasting,jay russell,james v hart; jeffrey lieber,tuck everlasting,jay russell,james v hart; jeffrey lieber
tt0283145,the great way,micha waszynski,konrad tom,wielka droga,micha waszynski; vittorio cottafavi,konrad tom
tt0283908,dangerous summer,aigars grauba,aigars grauba; andrejs ekis; pauls bankovskis,dangerous summer,aigars grauba,\N
tt0283992,\N,\N,\N,\N,\N,\N
tt0284075,duck ugly,deane taylor; emmanuel klotz,deane taylor; frederic louf; paul morris,duck ugly,deane taylor; emmanuel klotz,\N
tt0284182,away from home,semih kaplanoglu,ozden cankaya; semih kaplanoglu; serpil kirel,herkes kendi evinde,semih kaplanoglu,\N
tt0284213,la isla de rarotonga,alfredo b crevenna,alfredo b crevenna; carlos valdemar; raul ramirez,\N,\N,\N
tt0284245,kucuk balklar uzerine bir masal,bars pirhasan,bars pirhasan,\N,\N,\N
tt0285537,girls of nowolipki,jozef lejtes,jozef lejtes,dziewczeta z nowolipek,jozef lejtes,\N
tt0285723,\N,\N,\N,\N,\N,\N
tt0285735,\N,\N,\N,\N,\N,\N
tt0285816,oiran,tetsuji takechi,tetsuji takechi,\N,\N,\N
tt0285927,thumbs up,pierre badel,guy bedos; sophie daumier,thumbs up,pierre badel,guy bedos; sophie daumier
tt0285997,the ride,jeff myers,kris konrad,\N,\N,\N
tt0286846,lusty afternoon,akira kato,masayasu oebara,\N,\N,\N
tt0286900,returning in autumn,georgis agathonikiadis,georgis agathonikiadis,podzimni navrat,georgis agathonikiadis,georgis agathonikiadis
tt0286945,\N,\N,\N,\N,\N,\N
tt0287302,the red petal is wet,shogoro nishimura,yoshio shirasaka,\N,\N,\N
tt0287356,caccia grossa,\N,\N,\N,\N,\N
tt0287982,"grandpa, kylian and i",jiri hanibal,jan ryska; jiri hanibal,"grandpa, kylian and i",jiri hanibal,jan ryska; jiri hanibal
tt0288037,a womb to let,koji wakamatsu,masao adachi,\N,\N,\N
tt0288551,the great adventure of zorro,raul de anda jr,x randa,la gran aventura del zorro,raul de anda,\N
tt0288685,until the last moment,marios retsilas,giannis maris,\N,\N,\N
tt0289303,\N,\N,\N,\N,\N,\N
tt0289465,\N,\N,\N,\N,\N,\N
tt0290231,lav kush,v madhusudhan rao,bhring tupkaria,lav kush,v madhusudhan rao,\N
tt0290238,made in israel,ari folman,ari folman,made in israel,ari folman,ari folman
tt0290258,paandav,raj n sippy,anand s vardhan,paandav,raj n sippy,\N
tt0290656,hicran gecesi,osman f seden,osman f seden,\N,\N,\N
tt0290701,\N,\N,\N,\N,\N,\N
tt0290794,one night the moon,rachel perkins,\N,one night the moon,rachel perkins,john romeril; rachel perkins
tt0290865,\N,\N,\N,\N,\N,\N
tt0291235,perverted sex play: tease me dirty!,kazuhiro sano,kazuhiro sano,\N,\N,\N
tt0291239,torn love affair,koji wakamatsu,masao adachi,\N,\N,\N
tt0292108,mila,joel lamangan,ricky lee,mila,joel lamangan,ricky lee
tt0292981,bonne nouvelle,vincent dieutre,\N,\N,\N,\N
tt0292991,i delete and i judge,arnost grund,ignjat borstnik,brisem i sudim,arnost grund,ignjat borstnik
tt0293107,conjugation,emily tang,emily tang,\N,\N,\N
tt0293158,\N,\N,\N,\N,\N,\N
tt0293272,i'll wait on you hand and foot,iain dilthey,edin hinrichshadzimahovic; iain dilthey; silke parzich,i'll wait on you hand and foot,iain dilthey,\N
tt0293566,latest soap technique 2: bubble princess palace,toshiki sato,toshiki sato,\N,\N,\N
tt0293584,\N,\N,\N,\N,khosrow parvizi,khosrow parvizi
tt0293662,the transporter,corey yuen; louis leterrier,luc besson; robert mark kamen,the transporter,corey yuen; louis leterrier,luc besson; robert mark kamen
tt0293667,tsatsiki: friends forever,eddie thomas petersen,eddie thomas petersen,tsatsiki vanner for alltid,\N,\N
tt0294258,\N,\N,\N,\N,\N,\N
tt0294589,immoral affairs,katsuo naruse,tomomi tsutsui,immoral affairs,katsuo naruse,\N
tt0294863,when the dates ripen,abdelaziz ramdani; larbi bennani,\N,\N,\N,\N
tt0295159,ambassadors seek country,mircea daneliuc,mircea daneliuc,\N,mircea daneliuc,\N
tt0295425,marriages,catherine martin,catherine martin,marriages,catherine martin,catherine martin
tt0296591,17 fois cecile cassard,christophe honore,christophe honore,seventeen times cecile cassard,christophe honore,christophe honore
tt0297258,\N,\N,\N,\N,\N,\N
tt0297832,\N,\N,\N,\N,\N,\N
tt0298243,a l'est du rio concho,gilbert roussel,\N,\N,gilbert roussel,\N
tt0298951,"how's home, how's everything?",samvel gasparov,aghasi ayvazyan,\N,samvel gasparov,aghasi ayvazyan
tt0299636,canon operation,\N,\N,\N,\N,\N
tt0299731,\N,\N,\N,\N,\N,\N
tt0300436,\N,\N,\N,\N,elsayed ziada,\N
tt0303830,casa de los babys,john sayles,john sayles,casa de los babys,john sayles,john sayles
tt0304907,life kills me,jeanpierre sinapi,daniel tonachella; jeanpierre sinapi,life kills me,jeanpierre sinapi,jeanpierre sinapi
tt0305254,auf dem sprung,evelyn schmidt,evelyn schmidt; rainer koch,auf dem sprung,evelyn schmidt,\N
tt0305906,\N,\N,\N,\N,hr nordahl nielsen,\N
tt0307086,legend of the ancient mountains,yazgeldy seidov,vladislav fedoseyev; yazgeldy seidov,\N,\N,\N
tt0307376,retribution in the year 2050,brendan muldowney,brendan muldowney,\N,\N,\N
tt0307484,sonsuz ac,talat artemel,talat artemel,\N,talat artemel,talat artemel
tt0308273,\N,\N,\N,\N,alexander christian,carl theodor dreyer; sven elvestad
tt0308447,juventud en drogas,enrique murillo,\N,\N,\N,\N
tt0308756,\N,\N,\N,\N,ole roos,\N
tt0308903,"the tale of fedot, the shooter",sergey ovcharov,leonid filatov,"the tale of fedot, the shooter",sergey ovcharov,sergey ovcharov
tt0309119,\N,\N,\N,\N,\N,\N
tt0309299,the arkansas swing,ray nazarro,\N,the arkansas swing,ray nazarro,\N
tt0309377,blood work,clint eastwood,brian helgeland,blood work,clint eastwood,brian helgeland; michael connelly
tt0309500,\N,\N,\N,\N,\N,\N
tt0309927,nostalgia,vakhtang kotetishvili,vakhtang kotetishvili,\N,\N,\N
tt0310711,girls are sweet,helmy rafla,abu seoud elibiary,\N,helmy rafla,\N
tt0311008,girlie,benjamin tucek,benjamin tucek,girlie,benjamin tucek,benjamin tucek
tt0311013,dinmeyen sz,sadan kamil,\N,\N,\N,\N
tt0311110,it runs in the family,fred schepisi,jesse wigutow,it runs in the family,fred schepisi,\N
tt0311144,flores robadas en los jardines de quilmes,antonio ottone,jorge asis,\N,antonio ottone,\N
tt0311293,\N,\N,\N,chon que,\N,\N
tt0311564,my name is maya,kim eungchun,\N,my name is maya,kim eungcheon,\N
tt0311721,rikard nordraak,alf scotthansen,alf scotthansen,rikard nordraak,alf scotthansen jr,alf scotthansen jr
tt0311823,\N,\N,\N,\N,\N,\N
tt0312365,\N,\N,\N,\N,\N,\N
tt0312528,the cat in the hat,bo welch,alec berg; david mandel; jeff schaffer,the cat in the hat,bo welch,alec berg; david mandel; jeff schaffer
tt0312955,me he de comer esa tuna,alfredo zacarias,miguel zacarias,\N,\N,\N
tt0313211,wind horse,daoud aouladsyad,ahmed bouanani,wind horse,daoud aouladsyad,ahmed bouanani
tt0313274,\N,\N,\N,bhaaryaavijayam,a b raj,chitralaya gopu
tt0313901,the cinemascope parade,\N,\N,\N,\N,\N
tt0314145,\N,\N,\N,\N,\N,\N
tt0315901,gnana oli,p madhavan,vietnam veedu sundaram,gnana oli,p madhavan,vietnam veedu sundaram
tt0315956,black rain,an seungho,\N,black rain,an seungho; tony an,\N
tt0316220,\N,\N,\N,\N,\N,\N
tt0316598,\N,\N,\N,\N,\N,\N
tt0317080,miss hanafi,fatin abdel wahab,galil albendary,miss hanafi,fatin abdelwehab,\N
tt0317789,\N,\N,\N,kaattu kallan,p chandrakumar,t k balachandran
tt0317973,\N,\N,\N,pambaram,baby,t k balachandran
tt0318270,la quimera de los heroes,daniel rosenfeld,daniel rosenfeld; edgardo cozarinsky; eugenia capizzano,the chimera of heroes,daniel rosenfeld,\N
tt0318667,scorpion,\N,ando kimura; gil rosenblum,\N,\N,\N
tt0318751,thangai,a c tirulokchandar,\N,thangai,a c tirulokchandar,a c tirulokchandar
tt0319357,enga ooru pattukaran,gangai amaran,sangili murugan,enga ooru pattukaran,gangai amaran,sangili murugan
tt0319380,\N,\N,\N,\N,fernando siro,\N
tt0319504,historias do olhar,isa albuquerque,\N,historias do olhar,\N,\N
tt0319587,the white hell,samuel khachikian,misha ashoorian,the white hell,samuel khachikian,masoud kimiai
tt0319761,\N,\N,\N,\N,\N,\N
tt0320116,naan sigappu manithan,s a chandrasekhar,s a chandrasekhar,naan sigappu manithan,s a chandrasekhar,s a chandrasekhar
tt0320152,"you become a star, too",lee jangho,im chunghui,"you become a star, too",\N,\N
tt0320739,\N,\N,\N,\N,\N,\N
tt0322674,twin sisters,ben sombogaart,marieke van der pol,twin sisters,ben sombogaart,marieke van der pol; tessa de loo
tt0322738,\N,\N,\N,\N,\N,\N
tt0323317,el mundo de los aviones,rene cardona jr,mario a zacarias; rene cardona jr,el mundo de los aviones,rene cardona jr,\N
tt0323469,la odisea de los munecos,carlos gonzalez groppa,\N,la odisea de los munecos,\N,\N
tt0324125,\N,\N,\N,\N,\N,\N
tt0324514,weekend shuffle,genji nakamura,genji nakamura; masahiro yoshimoto,\N,\N,\N
tt0324554,wicker park,paul mcguigan,brandon boyce,wicker park,paul mcguigan,brandon boyce; gilles mimouni
tt0324618,la yegua colorada,mario hernandez,antonio aguilar; mario hernandez,\N,\N,\N
tt0325266,diskarte,edgardo vinarao,humilde meek roxas; senen dimaguila,\N,\N,\N
tt0325269,kamikaze diary,dmitry meskhiev,eduard volodarskiy,diary of a kamikaze,dmitry meskhiev,eduard volodarsky
tt0325409,\N,\N,\N,\N,\N,\N
tt0325761,luster,everett lewis,dennis cooper; everett lewis,luster,everett lewis,everett lewis
tt0325978,piyoli phukan,phani sarma,phani sarma,piyoli phukan,phani sarma,\N
tt0326339,\N,\N,\N,\N,\N,\N
tt0327226,verruckt nach paris,eike besuden; pago bahlke,\N,crazy about paris,eike besuden; pago balke,eike besuden
tt0327488,\N,\N,\N,\N,\N,\N
tt0327865,\N,\N,\N,\N,\N,\N
tt0327916,the inheritance,mohamed bouamari,mohamed bouamari,\N,\N,\N
tt0328531,\N,\N,\N,\N,\N,\N
tt0328815,after dark,albert parker,\N,after dark,albert parker,\N
tt0330030,\N,\N,\N,\N,\N,\N
tt0330524,\N,\N,\N,\N,\N,\N
tt0330872,\N,\N,\N,\N,\N,\N
tt0332194,why did you make me love you?,sandra nashaat,walid youssef,\N,sandra nashaat,\N
tt0332460,\N,\N,\N,\N,\N,\N
tt0332596,current events,ralph arlyck,ralph arlyck,\N,\N,\N
tt0333034,hotel at 00:00,nam kinam,\N,hotel at midnight,nam ginam,\N
tt0333105,\N,\N,\N,atha okinti kodale,k b tilak,\N
tt0333343,\N,\N,\N,\N,\N,\N
tt0333394,robbery in emei mountain,zhang xihe,daoyuan qian,\N,\N,\N
tt0333886,mataron a camelia la texana,arturo martinez,arturo martinez,\N,\N,\N
tt0334023,\N,\N,\N,\N,\N,\N
tt0334141,los porfiados,mariano manzur,mariano manzur,\N,mariano manzur,\N
tt0334700,\N,\N,\N,\N,\N,\N
tt0335192,jirocho gaiden: haikagura no santaro,nobuo aoyagi,isamu onoda; toru kino,\N,\N,\N
tt0336025,\N,\N,\N,der bergfuhrer,eduard bienz,\N
tt0336176,\N,\N,\N,cinta segitiga,yung indrajaya,maman firmansjah; rhoma irama
tt0336488,gamitan,quark henares,quark henares,\N,\N,\N
tt0336792,sex of magic,bang sungwoong,bang sungwoong,sex of magic,\N,\N
tt0336846,mi casa es tu casa,miguel alvarez,daniel castro,mi casa es tu casa,\N,\N
tt0336929,north on evers,james benning,\N,\N,\N,\N
tt0337993,derive gallizio,monica repetto; pietro balla,\N,\N,\N,\N
tt0338748,autumn came,ekaterina sokolova,\N,\N,\N,\N
tt0339200,\N,\N,\N,\N,\N,\N
tt0341502,la noche del ku klux klan,ruben galindo,ruben galindo,\N,\N,\N
tt0342285,detective fiction,\N,\N,\N,\N,\N
tt0342385,dawn,atef salem,\N,dawn,atef salem,\N
tt0342557,\N,\N,\N,farewell 2,lee hyeongpyo,\N
tt0342802,the foghorn,minoru murata,minoru murata,the foghorn,minoru murata,minoru murata
tt0342814,the naked road,william martin,william martin,\N,\N,\N
tt0343214,\N,\N,\N,\N,\N,\N
tt0345124,\N,\N,\N,\N,\N,\N
tt0345490,kapantay ay langit,joel lamangan,\N,kapantay ay langit,joel lamangan,\N
tt0345753,\N,\N,\N,\N,richard daneel,\N
tt0345973,\N,\N,\N,\N,\N,\N
tt0347066,\N,\N,\N,\N,\N,\N
tt0347087,dead man's memories,markus heltschl,markus heltschl,\N,\N,\N
tt0347778,\N,\N,\N,\N,\N,\N
tt0348057,smrt na cerno,ivo toman,drahoslav makovicka,\N,\N,\N
tt0348185,the mystery of the kaniyuta cave,habib fayziev,igor lukovskiy,\N,\N,\N
tt0348596,decryptage,philippe bensoussan,jacques tarnero,decryptage,philippe bensoussan,\N
tt0349096,\N,\N,\N,\N,\N,\N
tt0349247,corrupcion,ismael rodriguez,ismael rodriguez,\N,\N,\N
tt0349512,the unknown corpse,wong tinlam,lo yukei,\N,\N,\N
tt0349517,scent of love,lee jeongwook,kim heejae; lee jeongwook,scent of love,lee jeongwook,\N
tt0349588,\N,\N,\N,\N,\N,\N
tt0350365,\N,\N,\N,\N,\N,\N
tt0350717,\N,\N,\N,circumstance,lawson harris,\N
tt0350792,\N,\N,\N,\N,maris rudzitis,\N
tt0350804,god is brazilian,carlos diegues,carlos diegues; joao emanuel carneiro; joao ubaldo ribeiro; renata almeida magalhaes,deus e brasileiro,carlos diegues,joao emanuel carneiro
tt0351270,\N,\N,\N,\N,\N,\N
tt0351407,nan jiang zhao chun,xiao lang,\N,\N,\N,\N
tt0352654,\N,\N,\N,\N,\N,\N
tt0352707,\N,\N,\N,penn simham,crossbelt mani,\N
tt0352779,el rey de oros,mario hernandez,francisco sanchez; luis mariano salinas; xavier robles,\N,\N,\N
tt0352783,\N,\N,\N,\N,\N,\N
tt0354914,si li tao sheng,zhang xin,\N,\N,\N,\N
tt0355035,wu du mang mang,wang jin; zhang bo,kuang haowen,\N,\N,\N
tt0355036,five golden flowers,wang jiayi,gongpu wang; jikang zhao,five golden flowers,wang jiayi,\N
tt0355052,zelimo,aleks rosenberg,\N,\N,\N,\N
tt0355209,arabia,jayaraj,jayaraj,arabia,jayarajan rajasekharan nair,\N
tt0355263,\N,\N,\N,\N,\N,\N
tt0356884,footsteps without a trace,cirio h santiago,augusto buenaventura; eddie romero,\N,\N,\N
tt0357677,fremds land,luke gasser,luke gasser,\N,luke gasser,luke gasser
tt0358106,\N,\N,\N,sati savitri,\N,\N
tt0358373,\N,\N,\N,\N,\N,\N
tt0358704,society em baby-doll,luiz carlos maciel; waldemar lima,luiz carlos maciel; waldemar lima,\N,\N,\N
tt0359063,chanti,ravi raja pinisetty,\N,chanti,ravi raja pinisetty,ravi raja pinisetty
tt0359225,\N,\N,\N,\N,\N,\N
tt0359469,\N,\N,\N,\N,\N,\N
tt0359783,\N,\N,\N,oru sumangaliyude katha,baby,pappanamkodu lakshmanan
tt0360053,\N,\N,\N,\N,\N,\N
tt0360204,winter holiday,jose de villa,jose de villa; marichu maceda,\N,\N,\N
tt0360463,chalte chalte,sunder dar,\N,chalte chalte,\N,\N
tt0361313,armaan,anand sagar,moti sagar,armaan,anand sagar,\N
tt0361422,\N,\N,\N,\N,\N,\N
tt0361887,martiros saryan,laert vagharshyan,ilya ehrenburg; laert vagharshyan,\N,\N,\N
tt0361965,\N,\N,\N,\N,\N,\N
tt0362018,paris selon moussa,cheik doukoure,\N,paris selon moussa,cheik doukoure,\N
tt0362227,the terminal,steven spielberg,andrew niccol; jeff nathanson; sacha gervasi,the terminal,steven spielberg,jeff nathanson; sacha gervasi
tt0362455,blockade,johann feindt; thomas kufus,\N,\N,\N,\N
tt0364121,\N,\N,\N,\N,\N,\N
tt0364130,yo quiero con la tia,\N,\N,\N,\N,\N
tt0364347,flores de septiembre,nicolas wainszelbaum; pablo osores; roberto testa,roberto testa,flores de septiembre,nicolas wainzelbaum; pablo osores; roberto testa,\N
tt0364507,maten al chacal,\N,\N,\N,\N,\N
tt0364658,shama,naeem basit,jarasandha; kader khan,\N,\N,\N
tt0364661,si j'te cherche... j'me trouve,roger diamantis,\N,\N,roger diamantis,\N
tt0364681,\N,\N,\N,\N,\N,\N
tt0365907,a walk among the tombstones,scott frank,scott frank,a walk among the tombstones,scott frank,lawrence block; scott frank
tt0366173,\N,\N,\N,me and my daughters,\N,\N
tt0366552,\N,\N,\N,\N,\N,\N
tt0366852,operacion norte,ezequiel abalos,\N,operacion norte,ezequiel abalos,\N
tt0366945,"redskins, tricksters and puppy stew",drew hayden taylor,\N,\N,\N,\N
tt0368114,\N,\N,\N,\N,\N,\N
tt0368428,walang kapalit,joel lamangan,raquel villavicencio,walang kapalit,joel lamangan,\N
tt0368851,maestro,josell ramos,\N,maestro,josell ramos,josell ramos
tt0368906,off-balance,shin togashi,shiori kazama,off-balance,shin togashi,\N
tt0370624,\N,\N,\N,\N,\N,\N
tt0370840,kasaysayan ni rudy concepcion,octavio silos,fausto j galauran,\N,\N,\N
tt0370915,no understanding,atef salem,nairuz abdel malek,\N,\N,\N
tt0370931,malkiyat sodom,dimitar avramov,\N,malkiyat sodom,dimitar avramov,\N
tt0371367,vacacionista,mar s torres,\N,\N,\N,\N
tt0371559,\N,\N,\N,\N,\N,\N
tt0371623,dasiseh,ali kasmaie,ali kasmaie,\N,\N,\N
tt0371966,\N,\N,\N,\N,\N,\N
tt0372363,\N,\N,\N,\N,\N,\N
tt0372847,\N,\N,\N,\N,\N,\N
tt0373158,rocking horse and a girl,lee wonse,\N,rocking horse and a girl,lee wonse,\N
tt0373173,murder below the line,norman macera,norman macera,\N,\N,\N
tt0373472,dilemma,edmund heuberger,stefan markus,\N,\N,\N
tt0373882,the naked truth,atef salem,wagih naguib,the naked truth,atef salem,\N
tt0374103,ori,raquel gerber,maria beatriz nascimento; raquel gerber,\N,\N,\N
tt0374869,\N,\N,\N,\N,\N,\N
tt0374928,\N,\N,\N,\N,\N,\N
tt0375636,la calzonuda,\N,\N,\N,\N,\N
tt0375929,\N,\N,\N,\N,\N,\N
tt0376200,\N,\N,\N,\N,\N,\N
tt0377083,le lac et la riviere,sarah leonor,sarah leonor,\N,\N,\N
tt0377397,ask bekliyor,umit utku,\N,\N,\N,\N
tt0377692,\N,\N,\N,\N,\N,\N
tt0378071,hum tere ashiq hain,prem sagar,kamleshwar; kulwant singh jani; ramanand sagar,hum tere aashiq hain,\N,ramanand sagar
tt0378116,isla paraiso,\N,\N,\N,\N,\N
tt0378342,\N,\N,\N,\N,\N,\N
tt0378606,prostitutes,eugeniusz priwieziencew,eugeniusz priwieziencew,prostitutes,eugeniusz priwieziencew,eugeniusz priwieziencew
tt0378973,\N,\N,\N,\N,\N,\N
tt0379484,gun-shy,dito tsintsadze,dito tsintsadze,gun-shy,dito tsintsadze,dirk kurbjuweit; dito tsintsadze
tt0379502,\N,\N,\N,shri ram bhakta hanuman,homi wadia,\N
tt0379561,"the tulse luper suitcases, part 3: from sark to the finish",peter greenaway,peter greenaway,"the tulse luper suitcases, part 3: from sark to the finish",peter greenaway,peter greenaway
tt0379930,la pipe au bois,maxime debest,jacques chaumelle; maxime debest,\N,\N,\N
tt0380381,\N,\N,\N,worth dying for,\N,\N
tt0380811,"der weg, der zur verdammnis fuhrt, 2. teil - hyanen der lust",otto rippert,julius sternheim,\N,otto rippert,julius sternheim
tt0381034,\N,\N,\N,\N,\N,\N
tt0381228,\N,\N,\N,the butch belgica story,toto natividad,\N
tt0381525,quiltmakers of gee's bend,celia carey,\N,\N,\N,\N
tt0382532,\N,\N,\N,\N,\N,\N
tt0384991,heat after dark,ryuhei kitamura,ryuhei kitamura,heat after dark,ryuhei kitamura,\N
tt0385036,kapag lumaban ang api,ronwaldo reyes,fred navarro,\N,\N,\N
tt0386667,\N,\N,\N,\N,karl gass,\N
tt0387303,\N,\N,\N,\N,\N,\N
tt0387629,they call him chop-suey,jun gallardo,bobby a suarez; nestor torre,\N,\N,\N
tt0388829,\N,\N,\N,\N,\N,\N
tt0388984,\N,\N,\N,\N,\N,\N
tt0389451,tightrope to terror,bob kellett,bob kellett,tightrope to terror,\N,\N
tt0390128,\N,\N,\N,\N,\N,\N
tt0390525,\N,\N,\N,surya chandra,vijaya nirmala,\N
tt0390858,\N,\N,\N,atma bal,\N,\N
tt0390939,\N,\N,\N,boodha bubukh,\N,\N
tt0391222,\N,\N,\N,\N,\N,\N
tt0391766,\N,\N,\N,\N,\N,\N
tt0391970,esclavo y amo,christian gonzalez,\N,\N,\N,\N
tt0392175,\N,\N,\N,jai vijay,narayanrao d sarpotdar,\N
tt0392478,\N,\N,\N,nakhreli nar,nanubhai vakil,\N
tt0393074,la banda del tandito,christian gonzalez,\N,\N,\N,\N
tt0393454,manos magicas,guillermo jaime alarid,\N,\N,\N,\N
tt0393804,\N,\N,\N,sorathi yoddho,\N,\N
tt0393897,\N,\N,\N,tridandi sanyas,vp divekar,\N
tt0395556,\N,\N,\N,\N,\N,\N
tt0395631,lamb to the slaughter,nicole barnette,deborah cohn; mari colabelli,\N,\N,\N
tt0396637,hilde's journey,christof vorster,\N,\N,\N,\N
tt0396781,peculiarities of the national politics,dmitry meskhiev; yuri konopkin,aleksandr rogozhkin,peculiarities of national politics,dmitry meskhiev,aleksandr rogozhkin
tt0398185,\N,\N,\N,mard-e-maidan,\N,\N
tt0399516,property of the state: gay men in the apartheid military,gerald kraak,\N,\N,\N,\N
tt0399913,\N,\N,\N,yangsan province,ahn hyeoncheol,\N
tt0400264,\N,\N,\N,\N,\N,\N
tt0401394,duel,ahmad reza darvish,ramin mebdy,the duel,ahmad reza darvish,ahmad reza darvish
tt0401762,\N,\N,\N,\N,\N,\N
tt0402039,\N,\N,\N,\N,\N,\N
tt0402607,tum: a dangerous obsession,aruna raje,aruna raje,tum a dangerous obsession,aruna raje,\N
tt0404401,satlk kzlar,suha dogan,suha dogan,\N,\N,\N
tt0404755,\N,\N,\N,\N,\N,\N
tt0405069,\N,\N,\N,\N,\N,\N
tt0405152,\N,\N,\N,\N,andrea gschwendtner,\N
tt0405676,all the king's men,steven zaillian,steven zaillian,all the king's men,steven zaillian,steven zaillian
tt0405838,\N,\N,\N,\N,\N,\N
tt0407003,\N,\N,\N,\N,\N,\N
tt0407300,volegeny,laszlo vamos,erno szep,\N,\N,\N
tt0407338,zero in condotta,giuliano carnimeo,giorgio mariuzzo,zero in condotta,giuliano carnimeo,giorgio mariuzzo
tt0407872,hrsz,zafer davutoglu,osman f seden,the thief,zafer davutoglu,\N
tt0408209,\N,\N,\N,\N,\N,\N
tt0409074,\N,\N,\N,\N,\N,\N
tt0409097,\N,\N,\N,\N,\N,\N
tt0411753,geraldine's fortune,john n smith,michel tremblay; tim burns,geraldine's fortune,john n smith,tim burns
tt0411900,soytar,hulki saner,hulki saner,\N,\N,\N
tt0413234,das schlangenfischkanu - eine reise in amazonien,herbert brodl,\N,\N,\N,\N
tt0413677,altn kollu adam,aram gulyuz,erdogan tunas,\N,\N,\N
tt0413681,anadolu kanunu,hasan kazankaya,sinasi onengut,\N,\N,\N
tt0414075,a sunflower family,park seongbok,\N,the sunflower family,park seongbok,\N
tt0414798,\N,\N,\N,\N,\N,\N
tt0416206,santos peregrinos,juan carlos carrasco,juan carlos carrasco,santos peregrinos,juan carlos carrasco aguayo,juan carlos carrasco aguayo
tt0417056,pledge this!,william heins,anna obropta; cheryl guerriero,national lampoon's pledge this!,strathford hamilton; william heins,\N
tt0417106,samba,v v vinayak,kona venkat,samba,v v vinayak,kona venkat
tt0417243,vital,shinya tsukamoto,shinya tsukamoto,vital,shinya tsukamoto,shinya tsukamoto
tt0418081,the dirty princess,mario ohara,\N,\N,\N,\N
tt0418257,the truth or consequences of delmas howe,matt sneddon,\N,the truth or consequences of delmas howe,\N,\N
tt0418689,flags of our fathers,clint eastwood,paul haggis; william broyles jr,flags of our fathers,clint eastwood,paul haggis; william broyles jr
tt0418813,kung tayo'y magkakalayo,mel chionglo,ricky lee,\N,\N,\N
tt0418819,land of the dead,george a romero,george a romero,land of the dead,george a romero,george a romero
tt0419173,\N,\N,\N,\N,\N,\N
tt0419279,yesterday,darrell james roodt,darrell james roodt,yesterday,darrell roodt,darrell roodt
tt0419837,\N,\N,\N,\N,\N,\N
tt0420132,river,takayuki suzui,takayuki suzui,river,takayuki suzui,\N
tt0420344,twelve chairs,ulrike ottinger,ulrike ottinger,the twelve chairs,ulrike ottinger,\N
tt0420971,13 at a table,enrico oldoini,enrico oldoini,13 at a table,enrico oldoini,enrico oldoini
tt0422066,\N,\N,\N,\N,abolghassem malakouti,\N
tt0422067,\N,\N,\N,\N,\N,\N
tt0422462,ill fated,mark a lewis,john callander; mark a lewis,ill fated,mark a lewis,\N
tt0423368,\N,\N,\N,\N,\N,\N
tt0423605,\N,\N,\N,\N,\N,\N
tt0423859,\N,\N,\N,\N,\N,\N
tt0424438,\N,\N,\N,\N,\N,\N
tt0425195,the life and crimes of citizen ming,\N,\N,\N,\N,\N
tt0425419,365 nights: osaka,kon ichikawa,\N,\N,\N,\N
tt0425531,teri kasam,\N,\N,teri kasam,a c tirulokchandar,\N
tt0426582,stalin's wife,slava tsukerman,slava tsukerman,\N,\N,\N
tt0427363,huapango,ivan lipkies,ivan lipkies; maria elena velasco,huapango,ivan lipkies,maria elena velasco
tt0427580,mecanix,remy m larochelle,melissa hebert; remy m larochelle,\N,\N,\N
tt0427711,release the head,john barnum; rick schmidt; stephen w gillard,john barnum; rick schmidt; stephen w gillard,\N,\N,\N
tt0428054,yabanc,osman f seden,ihsan yuce,\N,\N,\N
tt0429054,\N,\N,\N,\N,\N,\N
tt0429269,why?,ilya gurin,ilya gurin; vatslav mikhalsky,\N,ilya gurin,ilya gurin; vatslav mikhalsky
tt0430524,\N,\N,\N,\N,\N,\N
tt0430734,\N,\N,\N,\N,\N,\N
tt0432867,\N,\N,\N,\N,\N,\N
tt0433350,boy culture,q allan brocka,matthew rettenmund; philip pierce; q allan brocka,boy culture,q allan brocka,q allan brocka
tt0433923,\N,\N,\N,\N,\N,\N
tt0433963,dark ride,craig singer,craig singer; robert dean klein,dark ride,craig singer,\N
tt0433974,deli murat,ertem gorec,fuat ozluer,\N,\N,\N
tt0435385,shaolin ulysses: kung fu monks in america,martha burr; meijuin chen,martha burr; michael cho,\N,\N,\N
tt0435647,die garde-diva,curt blachnitzky,\N,the diva,curt blachnitzky,\N
tt0435754,\N,\N,\N,\N,\N,\N
tt0436084,atrapados en el fin del mundo,eduardo l sanchez,eduardo l sanchez; fernando moyano; pablo wainschenker,\N,\N,\N
tt0436171,\N,\N,\N,\N,\N,\N
tt0436435,into the air: a kiteboarding experience,marq morrison,\N,\N,\N,\N
tt0436590,the miracle of candeal,fernando trueba,\N,el milagro de candeal,fernando trueba,\N
tt0437268,\N,\N,\N,\N,\N,\N
tt0437447,riding alone for thousands of miles,zhang yimou,zou jingzhi,riding alone for thousands of miles,yasuo furuhata; zhang yimou,zhang yimou; zou jingzhi
tt0438038,"frauenbeichte, 1. teil - die beichte einer ausgestossenen",gerhard lamprecht,alfred schirokauer,\N,\N,\N
tt0438260,the girl with a patron,max mack,willy haas,the girl with a patron,max mack,willy haas
tt0439156,las delicias del matrimonio,julian pastor,\N,\N,\N,\N
tt0439575,hatemongers,steve drain,fred phelps; steve drain,\N,\N,\N
tt0439874,wesley cash,\N,\N,\N,\N,\N
tt0440016,leave me alone,danny pang phat,curran pang; danny pang phat,leave me alone,danny pang phat,\N
tt0440074,bad boy,eddie rodriguez,rod santiago,\N,\N,\N
tt0440560,lab kita... bilib ka ba?,\N,\N,"lab kita, bilib ka ba?",\N,\N
tt0441357,snake woman,artemio marquez,\N,\N,\N,\N
tt0441620,emotional pain,chico ejiro,\N,\N,\N,\N
tt0441960,\N,\N,\N,\N,\N,\N
tt0442320,\N,\N,\N,\N,\N,\N
tt0442487,\N,\N,\N,\N,\N,\N
tt0443059,im nordwind,bettina oberli,bettina oberli,north wind,bettina oberli,bettina oberli
tt0443097,die liebe der maria bonde,emmerich hanus,friedel kohne,\N,emmerich hanus,fridel koehne
tt0444665,the man without nerves,gerard bourgeois; harry piel,\N,the man without nerves,gerard bourgeois; harry piel,edmund heuberger
tt0445029,\N,\N,\N,\N,\N,\N
tt0445322,diau charn,li hanhsiang,kao li,diau charn,li hanhsiang,kao li
tt0445473,mysterious dwarf,seiichiro uchikawa,kennosuke tateoka,\N,\N,\N
tt0445776,u-carmen ekhayelitsha,mark dornfordmay,andiswa kedama; mark dornfordmay; pauline malefane,u-carmen ekhayelitsha,mark dornfordmay,mark dornfordmay
tt0446916,\N,\N,\N,\N,\N,\N
tt0448075,the night listener,patrick stettner,armistead maupin; patrick stettner; terry anderson,the night listener,patrick stettner,armistead maupin
tt0448551,ich hatte einst ein schones vaterland,max mack,\N,i once had a beautiful homeland,max mack,\N
tt0448921,\N,\N,\N,\N,\N,\N
tt0448927,if i were you,daniel filho,adriana falcao; carlos gregorio; daniel filho; iafa britz; rene belmonte; roberto frota,se eu fosse voce,daniel filho,\N
tt0449511,\N,\N,\N,\N,\N,\N
tt0449951,ghajini,a r murugadoss,a r murugadoss,ghajini,a r murugadoss,a r murugadoss
tt0450128,sandesaya,lester james peries,benedict dodampage; k a w perera; lester james peries,sandesaya,lester james peries,\N
tt0450369,a sidewalk astronomer,\N,\N,a sidewalk astronomer,\N,\N
tt0450804,metiche y encajoso iii,alejandro todd,\N,\N,\N,\N
tt0451102,the lost,chris sivertson,chris sivertson; jack ketchum,the lost,chris sivertson,jack ketchum
tt0451875,\N,\N,\N,\N,\N,\N
tt0452175,\N,\N,\N,\N,\N,\N
tt0453211,love letter murder,li hanhsiang,wong yuetting,\N,\N,\N
tt0453233,tres tristes trinqueteros,victor manuel castro,\N,\N,\N,\N
tt0453385,oorlog en vrede: 1916,maurits binger,\N,oorlog en vrede (1916),maurits binger,\N
tt0454919,pulse,jim sonzero,ray wright; wes craven,pulse,jim sonzero,vince gilligan; wes craven
tt0455299,29th and gay,carrie preston,james vasquez,29th and gay,carrie preston,james vasquez
tt0455307,\N,\N,\N,\N,\N,\N
tt0455442,\N,\N,\N,\N,\N,\N
tt0455507,the god who wasn't there,brian flemming,brian flemming,the god who wasn't there,brian flemming,brian flemming
tt0457353,die frau ohne namen - 2. teil,georg jacoby,hans brennert,nameless woman: part 2,georg jacoby,\N
tt0458003,\N,\N,\N,\N,\N,\N
tt0458096,\N,\N,\N,the sleeping volcano,james bauer,\N
tt0460043,unutulmayanlar,remzi jonturk,ali fuat kalkan; mehmet samsa; remzi jonturk,unutulmayanlar,remzi jonturk,\N
tt0460430,un controtipo - appunti su gillo pontecorvo,\N,\N,\N,\N,\N
tt0461539,pirated copy,he jianjun,he jianjun; zien cui,\N,\N,\N
tt0461835,\N,\N,\N,\N,\N,\N
tt0464131,\N,\N,\N,\N,\N,\N
tt0465140,rough winds,gerardo herrero,alberto macias; almudena grandes; angeles gonzalezsinde,rough winds,gerardo herrero,\N
tt0465402,\N,\N,\N,\N,\N,\N
tt0466802,\N,\N,\N,\N,\N,\N
tt0468802,\N,\N,\N,lyubov i prestaplenie,\N,\N
tt0469073,electric purgatory: the fate of the black rocker,raymond gayle,raymond gayle,\N,\N,\N
tt0469135,mil mascaras vs. the aztec mummy,chip gubera; jeff burr,jeffrey uhlmann,mil mascaras vs. the aztec mummy,chip gubera; jeff burr,jeffrey uhlmann
tt0471084,awit ng bulag,octavio silos,fausto j galauran,\N,\N,\N
tt0471141,\N,\N,\N,\N,\N,\N
tt0472721,\N,\N,\N,\N,\N,\N
tt0472784,\N,\N,\N,\N,\N,\N
tt0472917,\N,\N,\N,\N,\N,\N
tt0473623,\N,\N,\N,\N,\N,\N
tt0473638,\N,\N,\N,the secret of santa maria,lothar mendes,\N
tt0474372,il etait une fois marilyn jess,michel caputo,\N,\N,\N,\N
tt0474654,"eu, o tolo",chano pineiro,chano pineiro,\N,\N,\N
tt0477022,junges blut,manfred noa,max glass,young blood,manfred noa,\N
tt0477474,stella runs for office,guny halldorsdottir,guny halldorsdottir,stella i framboi,guny halldorsdottir,\N
tt0477861,\N,\N,\N,\N,\N,\N
tt0477864,\N,\N,\N,\N,\N,\N
tt0478187,for bread alone,mohamed rachid benhadj,mohamed rachid benhadj,el khoubz el hafi,rachid benhadj,rachid benhadj
tt0478365,how to get rid of the others,anders rnnow klarlund,anders rnnow klarlund; rasmus botoft,how to get rid of others,anders rnnow klarlund,anders rnnow klarlund
tt0478548,red needles,jeanfrancois davy,elisabeth lajarige diot; gaia guasti; jeanfrancois davy,red needles,jeanfrancois davy,\N
tt0478693,lawless street,melih gulgen,melih gulgen,kanunsuz sokak,melih gulgen,melih gulgen
tt0478763,be my baby,bryce olson,chris kennedy; jackie linder olson; rene ashton,be my baby,\N,\N
tt0479254,\N,\N,\N,kadirgali ali,\N,\N
tt0479368,\N,\N,\N,\N,\N,\N
tt0480005,\N,\N,\N,\N,\N,\N
tt0481662,\N,\N,\N,\N,\N,\N
tt0483191,\N,\N,\N,\N,\N,\N
tt0484357,chariton's choir,grigoris karantinakis,\N,chariton's choir,grigoris karantinakis,\N
tt0486220,valse wals,mark de cloe,mark de cloe; ria marks; titus tiel groenestege,\N,mark de cloe,mark de cloe; ria marks; titus tiel groenstege
tt0486617,lovecracked! the movie,ashley thorpe; brian a bernhard; brian barnes; chad bernhard; doug sakmann; elias argentiere; grady granros; jane rose; justin powers; simon ruben; tomas almgren,brian a bernhard; brian barnes; doug sakmann; elias argentiere; gillian macgregor; hp lovecraft; jane rose; rebecca finley; robbie simons; simon ruben; tom wontner; tomas almgren,\N,\N,\N
tt0488759,\N,\N,\N,\N,\N,\N
tt0490079,aristide and the endless revolution,nicolas rossier,cameron clendaniel; nicolas rossier,aristide and the endless revolution,nicolas rossier,\N
tt0490604,\N,\N,\N,\N,\N,\N
tt0492000,\N,\N,\N,\N,\N,\N
tt0492499,an unreasonable man,henriette mantel; steve skrovan,\N,an unreasonable man,henriette mantel; steve skrovan,\N
tt0492637,\N,\N,\N,\N,\N,\N
tt0493824,wolf girl,yoshihiro fukagawa,tamotsu oomi; tomoko ogawa,wolf girl,yoshihiro fukagawa,\N
tt0494253,long-term relationship,rob williams,rob williams,long-term relationship,rob williams,rob williams
tt0494959,\N,\N,\N,\N,\N,\N
tt0495829,\N,\N,\N,\N,claus heinberg,\N
tt0495851,langit at lupa,emmanuel h borlaza,humilde meek roxas,\N,\N,\N
tt0496055,\N,\N,\N,\N,\N,\N
tt0496386,the secret of the magic gourd,frankie chung chihang; john chu kayan,john chu kayan; zhang tianyi,secret of the magic gourd,frankie chung,zhang tianyi
tt0497045,\N,\N,\N,\N,\N,\N
tt0497453,\N,\N,\N,\N,\N,\N
tt0497793,lessons in love,artemio marquez,jose javier reyes,\N,\N,\N
tt0497887,\N,\N,\N,bhola in bollywood,\N,\N
tt0498362,\N,\N,\N,\N,\N,\N
tt0756345,spicebush,kevin jerome everson,kevin jerome everson,\N,\N,\N
tt0757146,alakdang bato,\N,\N,\N,\N,\N
tt0759658,ruine par l'ambition,louis paglieri,\N,\N,\N,\N
tt0760180,propensity,dave sapp; rob diamond,rob diamond,\N,\N,\N
tt0760230,\N,\N,\N,\N,\N,\N
tt0764802,kidlat... ngayon!,oscar del rosario,leonardo abutin,"kidlat, ngayon",oscar del rosario,\N
tt0765251,\N,\N,\N,the daughter of the brigadier,friedrich porges,\N
tt0765437,bye bye berlusconi!,jan henrik stahlberg,jan henrik stahlberg; lucia chiarla,bye bye berlusconi!,jan henrik stahlberg,jan henrik stahlberg; lucia chiarla
tt0772796,ellos robaron la picha de hitler,pedro temboury,pablo alvarez almagro; pedro temboury,ellos robaron la picha de hitler,pedro temboury,\N
tt0777866,golpe brutal,\N,\N,\N,\N,\N
tt0778051,shanghai rumba,peng xiaolian,\N,shanghai rumba,peng xiaolian,peng xiaolian
tt0778600,9/10,masatoshi tojo,\N,\N,\N,\N
tt0778899,the wall man,wataru hayakawa,daijiro morohoshi; wataru hayakawa,\N,\N,\N
tt0779262,damn yankee day,robert shupe,robert shupe,\N,\N,\N
tt0780158,sun dogs,andrea stewart,\N,sun dogs,\N,\N
tt0780552,lady godiva: back in the saddle,baz taylor,frank sacks; heath jones,lady godiva: back in the saddle,baz taylor,\N
tt0783598,until death,simon fellows,dan harris; james portolese,until death,simon fellows,dan harris
tt0783713,forever yours,monica csango,monica csango,\N,\N,\N
tt0787109,\N,\N,\N,\N,\N,\N
tt0788246,west town girls,alice wang yu ya,alice wang yu ya,\N,\N,\N
tt0790810,the last bad neighborhood,\N,\N,\N,\N,\N
tt0795361,cougar club,christopher duddy,christopher duddy; cris mancuso; glenn w garland,cougar club,christopher duddy,cris mancuso
tt0797096,\N,\N,\N,\N,\N,\N
tt0798898,walking to werner,linas phillips,\N,\N,\N,\N
tt0800248,two families,romano scavolini,catherine linstrum; romano scavolini,two families,romano scavolini,\N
tt0803100,the crocodiles,christian ditter,christian ditter; martin ritzenhoff,the crocodiles,christian ditter,christian ditter; martin ritzenhoff
tt0808139,977,nikolay khomeriki,alexander rodionov; nikolay khomeriki; yuni davydov,977,nikolay khomeriki,nikolay khomeriki
tt0808406,on the edge: the femicide in ciudad juarez,steev hise,\N,\N,\N,\N
tt0811160,word: a hip-hop film,tony greer,\N,\N,\N,\N
tt0813391,tibet: a buddhist trilogy,graham coleman,grahram coleman,\N,\N,\N
tt0814365,trigger man,ti west,ti west,trigger man,ti west,ti west
tt0814761,minor revelations,marie vermillard,marie vermillard,minor revelations,marie vermillard,\N
tt0816107,terapias alternativas,rodolfo duran,\N,\N,\N,\N
tt0816539,jack brooks: monster slayer,jon knautz,john ainslie; jon knautz; patrick white; trevor matthews,jack brooks: monster slayer,jon knautz,\N
tt0816544,jump,joshua sinclair,joshua sinclair,jump!,joshua sinclair,joshua sinclair
tt0818534,this is a business,tom stern,daniel l stern; tom stern,\N,\N,\N
tt0820879,faustbook,eric leiser,jacob faust,\N,\N,\N
tt0821473,karmic mahjong,wang guangli,wang guangli,karmic mahjong,wang guangli,\N
tt0821479,\N,\N,\N,\N,\N,\N
tt0822845,the phobic,\N,\N,the phobic,margo romero,\N
tt0826039,blockade,sergei loznitsa,sergei loznitsa,blockade,sergei loznitsa,sergei loznitsa
tt0826099,\N,\N,\N,les formidables,jo minho,\N
tt0826646,\N,\N,\N,\N,\N,\N
tt0829439,unsettled,adam hootnick,\N,unsettled,adam hootnick,adam hootnick
tt0833438,dead end,dror sabo,amit lior; barak slonim; dror sabo,no exit,dror sabo,dror sabo
tt0833614,\N,\N,\N,\N,\N,\N
tt0834160,such was the s.o. 36,jorg buttgereit; manfred o jelinski,\N,such was the s.o. 36,jorg buttgereit; manfred jelinski,\N
tt0835876,\N,\N,\N,lora,gabor herendi,\N
tt0842549,\N,\N,\N,\N,\N,\N
tt0847764,the lost treasure of the knights templar ii,giacomo campeotto,philip lazebnik; sren frellesen,the lost treasure of the knights templar ii,\N,philip lazebnik; sren frellesen
tt0853096,death of a president,gabriel range,gabriel range; simon finch,death of a president,gabriel range,gabriel range
tt0854160,s11,gilbert chan; joshua chiang,gilbert chan; joshua chiang,s11,\N,\N
tt0860929,the autumn love song,pai chingjui,chang yunghsiang; chiung yao,\N,\N,\N
tt0867343,ksiaze jozef poniatowski,aleksander hertz,\N,\N,aleksander hertz,\N
tt0867595,love never to end,yasuo tsuruhashi,yasuo tsuruhashi,\N,\N,\N
tt0870967,maundy thursday,song haesung,jang minseok; park eunyoung,maundy thursday,song haeseong,\N
tt0870992,cyclops,george iida,george iida; hisashi saito,cyclops,joji iida,\N
tt0871509,masked mobsters,ariel zeitoun,daniel sainthamont; laurence siari,the last gang,ariel zeitoun,ariel zeitoun
tt0872231,\N,\N,\N,\N,\N,\N
tt0873626,\N,\N,\N,\N,\N,\N
tt0886476,desierto sur,shawn garry,trinidad jimenez,\N,\N,\N
tt0888496,fascists on mars,corrado guzzanti; igor skofic,corrado guzzanti,fascisti su marte,corrado guzzanti; igor skofic,corrado guzzanti
tt0896573,mystery of an old family,zbigniew gniazdowski,stefan kiedrzynski,tajemnica starego rodu,emil chaberski; zbigniew gniazdowski,stefan kiedrzynski
tt0896923,the city of your final destination,james ivory,ruth prawer jhabvala,the city of your final destination,james ivory,peter cameron; ruth prawer jhabvala
tt0900954,nagkaisang landas,carmen concha,ciciel,\N,\N,\N
tt0902282,\N,\N,\N,\N,\N,\N
tt0906031,\N,\N,\N,\N,\N,\N
tt0915462,how ohio pulled it off,charla barker; mariana quiroga; matthew kraus,charla barker; mariana quiroga; matthew kraus,\N,\N,\N
tt0922950,\N,\N,\N,\N,\N,\N
tt0923019,\N,\N,\N,\N,\N,\N
tt0926114,\N,\N,\N,\N,\N,\N
tt0927628,"ngoyaan, le chant de la seduction",moussa sene absa,moussa sene absa,\N,\N,\N
tt0928022,\N,\N,\N,boccaccesca,alfredo de antoni,\N
tt0933148,\N,\N,\N,\N,\N,\N
tt0938518,\N,\N,\N,amanda,giuseppe sterni,\N
tt0938723,manolita,ubaldo pittei,\N,\N,\N,\N
tt0943298,\N,\N,\N,\N,\N,\N
tt0944205,hothouse,jack deveau,moose 100,\N,\N,\N
tt0945327,china dolls,don barnhart jr,don barnhart jr,\N,\N,\N
tt0949428,\N,\N,\N,\N,\N,\N
tt0949898,tarzan: king of the jungle,ackyl anwary,\N,\N,\N,\N
tt0950681,\N,\N,\N,\N,\N,\N
tt0950757,operacion ursula. el misterio del submarino c-3,jose antonio hergueta,domingo lerin; jose antonio hergueta,\N,joseantonio hergueta,\N
tt0951327,and i saw in my dream,leila aranysheva,\N,\N,\N,\N
tt0960100,zhan dou li cheng zhang,sun min; yan jizhou,hu ke,\N,\N,\N
tt0962572,green ashes,ebrahim hatamikia,ebrahim hatamikia,green ashes,ebrahim hatamikia,ebrahim hatamikia
tt0962756,casanova's last stand,mark murphy,gabriel murray; mark murphy,\N,\N,\N
tt0965235,vijaya,inara kolmane,inara kolmane,\N,\N,\N
tt0965427,a hero... in rome,panos angelopoulos,ksenofon brountzakis; xenofon a brountzakis,\N,\N,\N
tt0965509,\N,\N,\N,\N,\N,\N
tt0969348,the toe tactic,emily hubley,emily hubley,the toe tactic,emily hubley,\N
tt0969694,the sperm,taweewat wantha,kiat sansanandana; kiat songsanant; prachya pinkaew; siwaporn pongsuwan; taweewat wantha,the sperm,taweewat wantha,\N
tt0976027,chhoti bahoo,\N,anjan choudhury,chhoti bahoo,mm baig,\N
tt0981363,\N,\N,\N,\N,\N,\N
tt0983241,usa vs. al-arian,line halvorsen,line halvorsen,usa vs. al-arian,line halvorsen,line halvorsen
tt0988090,farewell darkness,\N,\N,\N,\N,\N
tt0989030,m,nicolas prividera,\N,\N,\N,\N
tt0989048,\N,\N,\N,\N,\N,\N
tt0997171,the invitation from cinema orion,kenki saegusa,kiyotaka inagaki,the invitation from cinema orion,kenki saegusa,\N
tt10009218,\N,\N,\N,\N,\N,\N
tt10011534,pohon terkenal,annisa meutia; monty tiwa,annisa meutia; lina nurmalina; monty tiwa,\N,monty tiwa,\N
tt10012786,\N,\N,\N,\N,\N,\N
tt1001543,\N,\N,\N,\N,\N,\N
tt10021478,\N,\N,\N,\N,\N,\N
tt10022010,we hit the road,deniz yesil,cigdem hacsoftaoglu; deniz yesil; meral hanbayat yesil,\N,\N,\N
tt10027662,\N,\N,\N,\N,\N,\N
tt10028818,el mercado de la inocencia,david beriain; fernando urena,blas maza; fernando urena,\N,\N,\N
tt1002978,\N,\N,\N,\N,tereza kopacova,\N
tt1002993,the enchanted chamber,sit kwan,pu songling,\N,\N,\N
tt10040392,\N,\N,\N,\N,\N,\N
tt10041170,\N,\N,\N,\N,\N,\N
tt10043150,\N,\N,\N,\N,\N,\N
tt10063028,puck & hans - made in holland,peter wingerder,\N,\N,\N,\N
tt10066666,\N,\N,\N,\N,\N,\N
tt10078138,\N,\N,\N,11 hopes,\N,\N
tt10081120,udgharsha,sunil kumar desai,sunil kumar desai,\N,\N,\N
tt1008903,\N,\N,\N,\N,alain platel,\N
tt10101296,\N,\N,\N,\N,\N,\N
tt1010435,one piece: curse of the sacred sword,kazuhisa takenouchi,yoshiyuki suga,one piece: the cursed holy sword,kazuhisa takenouchi,yoshiyuki suga
tt10106616,\N,\N,\N,\N,\N,\N
tt10117050,\N,\N,\N,\N,\N,\N
tt10122712,lost souls,issa lopez,issa lopez,\N,\N,\N
tt10136434,truth makes free,robert glinski,wojciech lepianka,truth makes free,robert glinski,\N
tt10146070,skin deep: the battle over morgellons,pi ware,\N,\N,\N,\N
tt1014766,the least of these,nathan scoggins,nathan scoggins,\N,\N,\N
tt10156586,snow black,robert d parham,robert d parham; trey mcintosh,\N,\N,\N
tt10157574,galatta ganapathi,karthik kumar,\N,galatta ganapathy,\N,\N
tt10159866,\N,\N,\N,\N,\N,\N
tt10174362,\N,\N,\N,\N,\N,\N
tt1018697,chermin,zarina abdullah,zarina abdullah,chermin,zarina abdullah,\N
tt10187780,meet the space guardians,james snider,bc fourteen,\N,\N,\N
tt1018924,quijote,mimmo paladino,corrado bologna,quijote,mimmo paladino,corrado bologna
tt10189414,\N,\N,\N,\N,\N,\N
tt10195224,\N,\N,\N,\N,\N,\N
tt10195242,zhou enlai's diplomatic career,fu hongxing,fu hongxing,\N,\N,\N
tt10196532,\N,\N,\N,\N,\N,\N
tt10199640,beanpole,kantemir balagov,alexander terekhov; kantemir balagov,beanpole,kantemir balagov,aleksandr terekhov; kantemir balagov
tt10201298,\N,\N,\N,\N,\N,\N
tt1020946,el clown,emilio rodriguez; pedro adorno,emilio rodriguez; pedro adorno,\N,\N,\N
tt10217578,\N,\N,\N,\N,\N,\N
tt10236434,\N,\N,\N,\N,\N,\N
tt10255408,\N,\N,\N,\N,\N,\N
tt10258650,seifuku kankin boko,yoshiho fukuoka,kazuo komizu,\N,\N,\N
tt10263504,\N,\N,\N,\N,\N,\N
tt10277326,\N,\N,\N,\N,\N,\N
tt10281188,\N,\N,\N,\N,\N,\N
tt10283398,\N,\N,\N,\N,\N,\N
tt1029134,birds of america,craig lucas,elyse friedman,birds of america,craig lucas,\N
tt10295298,awesomely righteous & radical,dean houlihan; dustin ferguson; shane ryanreid,\N,\N,\N,\N
tt10323172,\N,\N,\N,\N,\N,\N
tt10324178,"sazae-san, the wayward wife",nobuo aoyagi,ryozo kasahara,"sazae-san, the wayward wife",nobuo aoyagi,\N
tt1033483,kandisha,jerome cohenolivar,jerome cohenolivar,kandisha,jerome cohenolivar,jerome cohenolivar
tt10341996,uno sguardo alla terra,peter marcias,peter marcias,\N,\N,\N
tt1035522,infidelidad?,miguel oscar menassa,\N,\N,\N,\N
tt10359228,behind the scenes of obscenity,satoru kobayashi,\N,\N,\N,\N
tt10368012,two stupid men,jinke lei,\N,\N,\N,\N
tt10375094,pada,kamal km,kamal km,pada,\N,\N
tt10387818,centurion: the dancing stallion,dana gonzales,boon collins,centurion: the dancing stallion,dana gonzales,\N
tt10399086,steps on the border,alecu deleu,\N,\N,\N,\N
tt10402300,\N,\N,\N,\N,\N,\N
tt10410188,\N,\N,\N,\N,\N,\N
tt10417846,\N,\N,\N,\N,\N,\N
tt1041829,the proposal,anne fletcher,peter chiarelli,the proposal,anne fletcher,pete chiarelli
tt10423600,\N,\N,\N,\N,\N,\N
tt1042526,\N,\N,\N,\N,\N,\N
tt10427034,\N,\N,\N,\N,\N,\N
tt10427038,\N,\N,\N,\N,\N,\N
tt10433204,\N,\N,\N,\N,\N,\N
tt10443646,\N,\N,\N,\N,\N,\N
tt1045770,\N,\N,\N,\N,\N,\N
tt1045882,the blind man from ghost cave: valley of the skeletons,ratno timoer,ganes th,si buta dari gua hantu,lilik sudjio; ratno timoer,\N
tt10464968,\N,\N,\N,\N,\N,\N
tt10467336,\N,\N,\N,\N,\N,\N
tt10467800,aleesha,rajendra talak,\N,aleesha,rajendra talak,damodar mauzo
tt1047006,\N,\N,\N,\N,\N,\N
tt10470528,\N,\N,\N,\N,\N,\N
tt10476870,gore: all hallows' eve,jerry collins,oktober layne,\N,\N,\N
tt10488782,follow me to hell,azhar kinoi lubis,fajar umbara,follow me to hell,\N,\N
tt10498388,\N,\N,\N,\N,\N,\N
tt10499514,\N,\N,\N,\N,\N,\N
tt10500378,\N,\N,\N,\N,\N,\N
tt10500452,\N,\N,\N,\N,\N,\N
tt10500514,\N,\N,\N,\N,\N,\N
tt10507938,steampunk connection,annie deniel,\N,\N,\N,\N
tt10515480,vishwamitra,raaja kiran,raaja kiran,viswamitra,raj kiran,\N
tt1051829,revenge,damir manabaev,\N,\N,\N,\N
tt1052044,\N,\N,\N,\N,\N,\N
tt10522328,\N,\N,\N,\N,\N,\N
tt10526266,\N,\N,\N,stambul garden,ilker catak,finnole heinrich
tt10533078,i'll go where you go,geraldine nakache,geraldine nakache; rebecca zlotowski; yoann gromb,i'll go where you go,geraldine nakache,geraldine nakache
tt10534522,\N,\N,\N,\N,\N,\N
tt1053914,\N,\N,\N,\N,\N,\N
tt10540510,inu-oh,masaaki yuasa,akiko nogi,inu-oh,masaaki yuasa,akiko nogi
tt10557524,\N,\N,\N,brutus vs cesar,kheiron,kheiron
tt10559042,\N,\N,\N,\N,\N,\N
tt10559944,shimajiro and the flying ship,tomohiro kawamura,\N,\N,\N,\N
tt1056411,able danger,dave herman,\N,\N,\N,\N
tt1057892,cine negro,mariana wenger,\N,\N,\N,\N
tt10579432,\N,\N,\N,\N,\N,\N
tt1057948,nagin,khalil qaiser,aziz meeruti,nagin,khalil qaiser,\N
tt10583446,\N,\N,\N,\N,\N,\N
tt10590148,ghost boxer iii,zhuang yubin,yu bin zhuang,ghost boxer iii,\N,\N
tt10605698,\N,\N,\N,\N,\N,\N
tt10608624,veyil,sarath menon,sarath menon,veyil,\N,\N
tt10616314,\N,\N,\N,\N,\N,\N
tt1063653,\N,\N,\N,\N,\N,\N
tt1063660,\N,\N,\N,\N,\N,\N
tt1063670,\N,\N,\N,\N,\N,\N
tt10645356,makmum,hadrah daeng ratu,alim sudio; riza pahlevi; vidya talisa ariestya,makmum,hadrah daeng ratu,alim sudio
tt10662764,\N,\N,\N,\N,\N,\N
tt10671328,\N,\N,\N,\N,\N,\N
tt10673868,ullasam,jeevan jojo,praveen balakrishnan,ullasam,\N,\N
tt10676080,"tanto monta, fernando ii de aragon",gracia querejeta,\N,\N,gracia querejeta,\N
tt1067913,ettore sottsass - der sinn der dinge,heinz butler,\N,\N,\N,\N
tt10682852,\N,\N,\N,\N,\N,\N
tt10685330,domestic warfare,bobby peoples; renee s warren peoples,renee s warren peoples,\N,\N,\N
tt10691892,\N,\N,\N,\N,\N,\N
tt10703902,metatitanic,hannaleena hauru,hannaleena hauru,\N,\N,\N
tt1070837,performance,steve scott,\N,\N,\N,\N
tt1071877,jelly,waleed moursi,\N,\N,\N,\N
tt10721500,galore,dylan tonk; lazlo tonk,\N,\N,\N,\N
tt1072627,\N,\N,\N,\N,\N,\N
tt10726938,mulheres rurais em movimento,heloise prevost,\N,\N,\N,\N
tt10728764,nobody knows i'm here,gaspar antillo,enrique videla; gaspar antillo; josefina fernandez,nobody knows i'm here,gaspar antillo,\N
tt1073109,\N,\N,\N,\N,\N,\N
tt10732598,\N,\N,\N,\N,\N,\N
tt10738472,\N,\N,\N,\N,\N,\N
tt1074560,\N,\N,\N,\N,\N,\N
tt10746204,stripper: aiyoku no hibi,kinya ogawa,kinya ogawa,\N,\N,\N
tt1075648,the night is young,lo chen,do boon,\N,\N,\N
tt10761522,\N,\N,\N,\N,\N,\N
tt10767144,\N,\N,\N,\N,\N,\N
tt10775192,\N,\N,\N,\N,\N,\N
tt10778874,\N,\N,\N,\N,\N,\N
tt10782946,anou banou or the daughters of utopia,edna politi,edna politi,\N,\N,\N
tt10782970,\N,\N,\N,\N,\N,\N
tt10789662,\N,\N,\N,\N,\N,\N
tt10791784,\N,\N,\N,\N,\N,\N
tt10794994,\N,\N,\N,\N,\N,\N
tt10795084,\N,\N,\N,\N,\N,\N
tt10799690,trap house,michael dowse,gary scott thompson; tom oconnor,trap house,michael dowse,gary scott thompson
tt10799922,painkiller,mark savage,mark savage; tom parnell,\N,\N,\N
tt10800230,uwakizuma: nureta w furin,mototsugu watanabe,koji yamazaki,\N,\N,\N
tt10800932,gimmick,b naganna,b naganna,gimmick,naganna,\N
tt10804106,\N,\N,\N,\N,\N,\N
tt10815452,\N,\N,\N,\N,\N,\N
tt1081928,\N,\N,\N,\N,\N,\N
tt10822602,\N,\N,\N,\N,\N,\N
tt10827004,\N,\N,\N,\N,\N,\N
tt10839484,carcereiros: o filme,jose eduardo belmonte,dennison ramalho; fernando bonassi; marcal aquino; marcelo starobinas,\N,\N,\N
tt10846408,\N,\N,\N,\N,\N,\N
tt1084670,chateau de roses,hideki yamasaki,hideki yamasaki,chateau de roses,hideki yamasaki,\N
tt10849514,"this is not a burial, it's a resurrection",lemohang jeremiah mosese,lemohang jeremiah mosese,"this is not a burial, it's a resurrection",lemohang jeremiah mosese,lemohang jeremiah mosese
tt10855964,\N,\N,\N,\N,\N,\N
tt1086695,consider it all joy,william mings,william mings,\N,\N,\N
tt1086786,\N,\N,\N,\N,\N,\N
tt1086867,\N,\N,\N,\N,\N,\N
tt10873326,my beloved stranger,truong chi binh,truong chi binh,\N,\N,\N
tt10875350,\N,\N,\N,\N,\N,\N
tt1087898,guys from mars,sergey osipyan,alexandr lungin; sergey osipyan,guys from mars,sergey osipyan,\N
tt10883194,cornered,john henry westhead,john henry westhead,\N,\N,\N
tt10883296,\N,\N,\N,\N,\N,\N
tt10889030,\N,\N,\N,\N,\N,\N
tt1089677,god's puzzle,takashi miike,masaru nakamura; shinji kimoto,god's puzzle,takashi miike,\N
tt10896840,just like me,andreas thelander,andreas thelander,\N,\N,\N
tt1090754,come what may,george d escobar; manny edwards,david halbrook; george d escobar; manny edwards,come what may,manny edwards,\N
tt10910282,\N,\N,\N,\N,\N,\N
tt10914488,\N,\N,\N,\N,\N,\N
tt10918410,keep a lid on it,onur tan,bahadr ozdener,aman reis duymasn,onur tan,bahadr ozdener
tt10920562,under spanish skies,nathan buck,nathan buck,\N,\N,\N
tt10928774,\N,\N,\N,\N,\N,\N
tt1093394,the vampire combat,wilson tong waishing,larry cheung hoiching,the vampire combat,\N,\N
tt10935014,selfie king,bishal sapkota,bishal sapkota,selfie king,\N,\N
tt10937110,\N,\N,\N,\N,\N,\N
tt10950040,\N,\N,\N,\N,\N,\N
tt10955192,\N,\N,\N,\N,\N,\N
tt10969622,\N,\N,\N,\N,\N,\N
tt10981070,sumesh & ramesh,sanoop thykoodam,joseph vijeesh; sanoop thykoodam,sumesh and ramesh,\N,\N
tt10983956,\N,\N,\N,\N,\N,\N
tt10990768,\N,\N,\N,\N,\N,\N
tt10993838,\N,\N,\N,\N,\N,\N
tt1099932,bianca beauchamp: all access,\N,\N,\N,\N,\N
tt11003228,breeder,jens dahl,sissel dalsgaard thomsen,breeder,jens dahl,\N
tt11007176,once upon a family,sead sabotic,bojana radulovic; sead sabotic,\N,\N,\N
tt1101646,gold,bill desloge; bob levis,\N,\N,\N,\N
tt11026860,nezumi kozo jirokichi,kenji misumi,kaneto shindo,\N,\N,\N
tt11035256,\N,\N,\N,\N,\N,\N
tt11035364,\N,\N,\N,\N,\N,\N
tt11041018,the statement,callum wilkins,callum wilkins; hp lovecraft,\N,\N,\N
tt11058588,\N,\N,\N,\N,\N,\N
tt11058662,\N,\N,\N,\N,\N,\N
tt1107389,yaneura no sanposha,mitsuhiro mihara,kishu izuchi,\N,\N,\N
tt11076026,m,vardan tozija,darijan pejovski; vardan tozija,\N,vardan tozija,\N
tt11091572,rdx love,shankar bhanu,shankar bhanu,rdx love,\N,\N
tt11091644,ellidde illi tanaka,trishul thejasvi,\N,ellidde illi tanaka,\N,\N
tt11091996,\N,\N,\N,\N,\N,\N
tt11096026,am hoang,\N,\N,\N,\N,\N
tt11097506,\N,\N,\N,\N,\N,\N
tt11112072,\N,\N,\N,\N,\N,\N
tt11126046,\N,\N,\N,\N,\N,\N
tt11129970,billy connolly: the sex life of bandages,\N,\N,\N,\N,\N
tt11150224,\N,\N,\N,\N,\N,\N
tt11153896,\N,\N,\N,\N,\N,\N
tt11154008,\N,\N,\N,\N,\N,\N
tt11161028,\N,\N,\N,\N,\N,\N
tt11162952,ricky: nakalnya anak muda,achiel nasrun,marwan alkatiri,\N,\N,\N
tt11167484,\N,\N,\N,\N,\N,\N
tt11183166,\N,\N,\N,\N,\N,\N
tt1118679,\N,\N,\N,\N,\N,\N
tt11187282,\N,\N,\N,\N,\N,\N
tt11202668,\N,\N,\N,\N,\N,\N
tt11204146,\N,\N,\N,\N,\N,\N
tt11209982,\N,\N,\N,\N,\N,\N
tt11212886,\N,\N,\N,maryinogorsk researcher,mark veremeychik,mark veremeychik
tt11213140,england 79,goran olsson,goran olsson; tracey thorn,\N,\N,\N
tt1121986,art of submission,adam boster; kenneth chamitoff,kenneth chamitoff,the red canvas,adam boster; kenneth chamitoff,\N
tt11231362,\N,\N,\N,\N,\N,\N
tt11236226,\N,\N,\N,\N,\N,\N
tt11237874,roadkill,alexander whitrow,alexander whitrow,roadkill,\N,\N
tt11240506,nobody sleeps in the woods tonight,bartosz m kowalski,bartosz m kowalski; jan kwiecinski; mirella zaradkiewicz,nobody sleeps in the woods tonight,bartosz m kowalski,\N
tt11241932,\N,\N,\N,\N,\N,\N
tt1124374,gnomes and trolls: the secret chamber,robert rhodin,robert rhodin; salvatore cardoni,gnomes and trolls: the secret chamber,collette sunderman; robert rhodin,robert rhodin; salvatore cardoni
tt11261532,the mannequin,john berardo,john berardo,the mannequin,john berardo,\N
tt11262238,\N,\N,\N,\N,\N,\N
tt11269912,\N,\N,\N,\N,\N,\N
tt11274272,bird tears,carolin von petzholdt,carolin von petzholdt,\N,\N,\N
tt11277648,\N,\N,\N,\N,\N,\N
tt11284244,martin margiela: in his own words,reiner holzemer,reiner holzemer,martin margiela: in his own words,reiner holzemer,reiner holzemer
tt11296184,velleppam,praveen raj pookkadan,jeevan lal,velleppam,\N,\N
tt11310070,\N,\N,\N,\N,\N,\N
tt11310368,\N,\N,\N,\N,\N,\N
tt11310746,\N,\N,\N,\N,\N,\N
tt11313190,\N,\N,\N,\N,\N,\N
tt11319484,\N,\N,\N,\N,\N,\N
tt1132168,\N,\N,\N,\N,\N,\N
tt11356102,\N,\N,\N,\N,\N,\N
tt11356886,\N,\N,\N,\N,\N,\N
tt11377246,\N,\N,\N,\N,\N,\N
tt11379620,the last ride of the wolves,alberto de michele,\N,the last ride of the wolves,alberto de michele,\N
tt11380028,\N,\N,\N,\N,\N,\N
tt1139807,\N,\N,\N,\N,\N,\N
tt11401458,\N,\N,\N,\N,\N,\N
tt11409394,\N,\N,\N,\N,\N,\N
tt11417944,\N,\N,\N,\N,\N,\N
tt11418016,\N,\N,\N,\N,\N,\N
tt11423582,\N,\N,\N,\N,\N,\N
tt11427142,\N,\N,\N,\N,\N,\N
tt1144021,katotohanan o guniguni?,armando de guzman; fely crisostomo; jose miranda cruz; tommy c david,\N,\N,\N,\N
tt1144578,dark side of heaven,\N,\N,\N,\N,\N
tt11450902,meanwhile on earth,carl olsson,\N,meanwhile on earth,carl olsson,\N
tt11459138,\N,\N,\N,\N,\N,\N
tt11460678,\N,\N,\N,\N,\N,\N
tt11460862,"sometime, sometime",jacky yeap,jacky yeap,\N,\N,\N
tt11469732,\N,\N,\N,\N,\N,\N
tt11470456,love: dashuri,dionis papadhimitri,dionis papadhimitri; irvin mucaj,\N,\N,\N
tt11485294,\N,\N,\N,\N,\N,\N
tt11486832,the wrong people,steven fierberg,\N,\N,\N,\N
tt11489038,vaadivaasal,vetrimaaran,vetrimaaran,vaadivaasal,\N,\N
tt11492396,ou da... ou desce,jose vedovato,\N,\N,\N,\N
tt11497346,malgudi days,kishore moodbidri,\N,malgudi days,\N,\N
tt11502506,ghost train,akira nobuchi,hideo oguni,\N,\N,\N
tt11505550,tarantino's basterds: the homeless filmmakers of hollywood,bumdog torres,bumdog torres,\N,\N,\N
tt11508438,one for the road,nattawut poonpiriya,nattawut poonpiriya; nottapon boonprakob; puangsoi aksornsawang,one for the road,nattawut poonpiriya,\N
tt1151425,\N,\N,\N,\N,\N,\N
tt1152287,socialmente pericolosi,fabrizio lazzaretti,fabrizio lazzaretti; stefano mencherini,\N,\N,\N
tt1152830,the joneses,chris tyrrell,chris tyrrell; stacey cruwys,\N,\N,\N
tt1152840,racing dreams,marshall curry,marshall curry,racing dreams,marshall curry,marshall curry
tt11531530,varane avashyamund,anoop sathyan,anoop sathyan,varane avashyamund,\N,\N
tt11534386,\N,\N,\N,\N,\N,\N
tt11543704,\N,\N,\N,\N,\N,\N
tt1155527,a pillar in the stream,gerhard scheumann; walter heynowski,gerhard scheumann; walter heynowski,\N,\N,\N
tt11557830,tales from the prison cell,abel visky,abel visky,\N,\N,\N
tt11558304,\N,\N,\N,\N,\N,\N
tt11559914,\N,\N,\N,holocaust: the revenge plot,\N,\N
tt11561486,\N,\N,\N,\N,\N,\N
tt1156442,dancing trees,anne wheeler,joseph nasser,dancing trees,anne wheeler,\N
tt11568032,\N,\N,\N,\N,\N,\N
tt11570158,\N,\N,\N,\N,\N,\N
tt11570482,squeezed up - tales of polynesian pop and kustom kulture,\N,\N,\N,\N,\N
tt1157605,anvil! the story of anvil,sacha gervasi,sacha gervasi,anvil! the story of anvil,sacha gervasi,\N
tt1158703,\N,\N,\N,\N,\N,\N
tt1158710,groundwalk,gilitte leung,\N,\N,\N,\N
tt11591452,"look out, cow!",askar uzabaev,askar uzabaev,\N,\N,\N
tt1159485,the butterfly,nayato fio nuala,titien wattimena,the butterfly,nayato fio nuala,\N
tt11602014,\N,\N,\N,\N,\N,\N
tt1160370,"the rise of diy art, craft, & design",faythe levine,\N,\N,\N,\N
tt11606516,\N,\N,\N,\N,\N,\N
tt11614794,lee ufan: marking infinity,michael blackwood,\N,\N,\N,\N
tt1161798,oni azami,taizo fuyushima,taizo fuyushima,\N,\N,\N
tt1161992,\N,\N,\N,\N,\N,\N
tt11620908,\N,\N,\N,\N,ahmad reza darvish,ahmad reza darvish
tt11628272,unfollow,arturo montenegro,arturo montenegro,\N,\N,\N
tt11642302,#cats_the_mewvie,michael margolis,keely booth,\N,\N,\N
tt11643276,\N,\N,\N,\N,\N,\N
tt11643766,\N,\N,\N,\N,\N,\N
tt11655942,kamar 207,chiska doppert,hotnida harahap,room 207,chiska doppert; nayato fio nuala,hotnida harahap
tt11655996,\N,\N,\N,\N,\N,\N
tt1166810,fat people,daniel sanchez arevalo,daniel sanchez arevalo,fat people,daniel sanchez arevalo,daniel sanchez arevalo
tt11675352,cochin shadhi at chennai 03,manjith divakar,rijesh bhaskar,cochin shadhi at chennai 03,\N,\N
tt11678154,\N,\N,\N,\N,\N,\N
tt1167819,\N,\N,\N,\N,\N,\N
tt11689106,\N,\N,\N,\N,\N,\N
tt11694180,arto lindsay 4d,andre lavaquial,\N,\N,\N,\N
tt11703314,\N,\N,\N,may 29,awal abdulfatai rahmat,\N
tt1171264,the secret of marabou's code,maciej wojtyszko,maciej wojtyszko,the secret of the marabou cipher,maciej wojtyszko,maciej wojtyszko
tt11714608,\N,\N,\N,\N,\N,\N
tt1171498,almost there,joelle alexis; sigal yehuda,\N,\N,\N,\N
tt1171669,benek,robert glinski,irena morawska; jerzy morawski,benek,robert glinski,irena morawska
tt1172193,\N,\N,\N,\N,\N,\N
tt11724164,desde las sombras,javier h,\N,\N,\N,\N
tt1172587,delhi safari,nikkhil advani,girish dhamija; nikkhil advani; suresh nair,delhi safari,nikhil advani,nikhil advani
tt11729468,\N,\N,\N,\N,\N,\N
tt1173547,oona and me,nora meyer,\N,\N,\N,\N
tt1173941,contrato,nicolau breyner,alvaro romao; dinis machado; nicolau breyner; pedro bandeirafreire,el contrato,nicolau breyner,\N
tt1174693,the four-faced liar,jacob chase,marjalewis ryan,the four-faced liar,jacob chase,marjalewis ryan
tt1175266,le voyage sans fin,anne faisandier,\N,\N,\N,\N
tt11766590,\N,\N,\N,\N,\N,\N
tt1176726,cocaine cowboys 2,billy corben,\N,cocaine cowboys 2,billy corben,\N
tt11773648,bone marrow,hamid reza ghorbani,ali zarnegar,\N,\N,\N
tt11778146,\N,\N,\N,\N,\N,\N
tt11785434,\N,\N,\N,\N,\N,\N
tt11786894,\N,\N,\N,\N,\N,\N
tt11795394,light falls,phedon papamichael,sven dagones,\N,\N,\N
tt11805802,\N,\N,\N,\N,\N,\N
tt11816226,\N,\N,\N,\N,\N,\N
tt11817392,manuela,clara cullen,clara cullen,\N,\N,\N
tt11821522,\N,\N,\N,\N,\N,\N
tt11827350,far east deep south,larissa lam,larissa lam,\N,\N,\N
tt1184686,\N,\N,\N,\N,\N,\N
tt11847684,recep ibibik,oguz gozen,\N,\N,\N,\N
tt11852204,\N,\N,\N,\N,\N,\N
tt11852794,under cover,sue thomson,sue thomson,\N,\N,\N
tt11854142,v. silvestrov,serhii bukovskyi,serhii bukovskyi; victoria bondar,v.silvestrov,serhii bukovskyi,serhii bukovskyi; victoria bondar
tt11859952,\N,\N,\N,\N,\N,\N
tt1186656,swing,anton sivers,arkadiy tigay,kacheli,anton sivers,arkady tigay
tt11883994,\N,\N,\N,\N,\N,\N
tt1188740,\N,\N,\N,\N,\N,\N
tt11892174,\N,\N,\N,\N,\N,\N
tt1189349,a necessary death,daniel stamm,daniel stamm,\N,\N,\N
tt11896542,\N,\N,\N,\N,\N,\N
tt1190194,\N,\N,\N,\N,\N,\N
tt1190624,alyas phantom,paquito toledo,\N,alyas phantom,\N,\N
tt11908172,the kill room,nicol paone,jonathan jacobson,the kill room,nicol paone,\N
tt11918248,\N,\N,\N,\N,\N,\N
tt11924028,aghori,ds rajkumar,ds rajkumar,aghori,\N,\N
tt11926388,\N,\N,\N,\N,\N,\N
tt11926944,\N,\N,\N,\N,\N,\N
tt11933280,\N,\N,\N,\N,\N,\N
tt1193616,\N,\N,\N,\N,\N,\N
tt11941834,\N,\N,\N,\N,\N,\N
tt1194275,\N,\N,\N,\N,\N,\N
tt11948256,\N,\N,\N,lift,vineeth varaprasad,\N
tt11957016,1968: a greve de contagem,carlos pronzato,carlos pronzato,\N,\N,\N
tt11958790,the prophet and the space aliens,yoav shamir,yoav shamir,the prophet and the space aliens,yoav shamir,yoav shamir
tt1196940,\N,\N,\N,\N,\N,\N
tt11972016,\N,\N,\N,\N,\N,\N
tt11980542,brain in a jar,martin sonntag,martin sonntag,\N,\N,\N
tt11981334,\N,\N,\N,\N,\N,\N
tt11981382,the punished,thierry chavrimootoo,thierry chavrimootoo,\N,\N,\N
tt11997368,\N,\N,\N,\N,\N,\N
tt12025582,\N,\N,\N,\N,\N,\N
tt12033844,\N,\N,\N,\N,\N,\N
tt1204368,\N,\N,\N,\N,\N,\N
tt12044426,dheet patangey,ravi adhikari,ravi adhikari,\N,\N,\N
tt12053046,\N,\N,\N,\N,\N,\N
tt12056266,\N,\N,\N,\N,\N,\N
tt12065192,\N,\N,\N,\N,\N,\N
tt1207712,kunisada chuji: shinshu komoriuta,masahiro makino,daisuke ito; kyo chiji; masahiro makino,kunisada chuji shinshu komoriuta,masahiro makino,\N
tt12077246,\N,\N,\N,\N,\N,\N
tt1207781,\N,\N,\N,\N,\N,\N
tt1208657,\N,\N,\N,\N,\N,\N
tt12087874,\N,\N,\N,\N,\N,\N
tt12089676,\N,\N,\N,\N,\N,\N
tt1209380,cop dog,john murlowski,steven palmer peterson,cop dog,john murlowski,\N
tt12095964,\N,\N,\N,\N,\N,\N
tt1210117,impy's wonderland,holger tappe; reinhard klooss,oliver huzly; reinhard klooss; sven severin,impy's wonderland,holger tappe; reinhard klooss,\N
tt1211803,\N,\N,\N,\N,\N,\N
tt12120020,\N,\N,\N,\N,\N,\N
tt1212153,\N,\N,\N,sri ramulayya,nimmala shankar,\N
tt1213709,\N,\N,\N,\N,\N,\N
tt12157084,\N,\N,\N,\N,\N,\N
tt1215899,\N,\N,\N,\N,\N,\N
tt12169216,\N,\N,\N,sister mary ignatius davis,\N,\N
tt1217022,\N,\N,\N,\N,\N,\N
tt12182160,\N,\N,\N,\N,\N,\N
tt12186042,\N,\N,\N,\N,\N,\N
tt12208546,\N,\N,\N,\N,\N,\N
tt12218052,longstay,maria mok; meral uslu,\N,\N,\N,\N
tt1223384,\N,\N,\N,\N,\N,\N
tt12246218,\N,\N,\N,\N,\N,\N
tt12247290,jolsobi,jaicheng jai dohutia,jaicheng jai dohutia,jolsobi,jaicheng jai dohutia,\N
tt12247844,nature is the judge,yasujiro shimazu,yasujiro shimazu,\N,\N,\N
tt12250946,my sweet grappa remedies,akiko ohku,\N,\N,\N,\N
tt1225292,insidious,jerry schram,\N,\N,\N,\N
tt12255478,\N,\N,\N,\N,\N,\N
tt12275034,\N,\N,\N,\N,\N,\N
tt1227772,\N,\N,\N,\N,\N,\N
tt12289966,\N,\N,\N,\N,\N,\N
tt12305786,\N,\N,\N,\N,\N,\N
tt12308738,\N,\N,\N,\N,\N,\N
tt12313210,\N,\N,\N,\N,\N,\N
tt12323872,\N,\N,\N,\N,\N,\N
tt12326862,\N,\N,\N,\N,\N,\N
tt1232759,\N,\N,\N,\N,\N,\N
tt1233192,brighton rock,rowan joffe,rowan joffe,brighton rock,rowan joffe,rowan joffe
tt1233331,nagareru hoshi wa ikiteiru,eiichi koishi,kennosuke tateoka,\N,\N,\N
tt1233599,the juche idea,jim finn,jim finn,\N,\N,\N
tt12350140,karaoglan: bir ecevit belgeseli,\N,can dundar; rdvan akar,\N,\N,\N
tt1235522,broken city,allen hughes,brian tucker,broken city,allen hughes,brian tucker
tt12358104,two,mar targarona,christian molina; cuca canals; mike hostench,two,mar targarona,christian molina; cuca canals
tt12358410,\N,\N,\N,\N,\N,\N
tt12359018,\N,\N,\N,\N,\N,\N
tt12367628,\N,\N,\N,\N,\N,\N
tt1237887,\N,\N,\N,\N,\N,\N
tt12381202,dress rehearsal,miron bilinskiy; pavel kolomoytsev,m oleynichenko,\N,\N,\N
tt12403702,death toilet 3: doody calls,evan jacobs,evan jacobs; mike hartsfield,\N,\N,\N
tt12404448,\N,\N,\N,\N,\N,\N
tt1240929,\N,\N,\N,\N,\N,\N
tt1240982,your highness,david gordon green,ben best; danny mcbride,your highness,david gordon green,ben best; danny mcbride
tt12419732,\N,\N,\N,\N,\N,\N
tt1242517,"father, son & holy cow",radek wegrzyn,cezary iber; roberto gagnor,"father, son & holy cow",radek wegrzyn,radek wegrzyn; roberto gagnor
tt12427618,wonder dogs,jason wright,bc fourteen,\N,\N,\N
tt12448982,\N,\N,\N,\N,\N,\N
tt12452830,kaibatsu 0 meter,yoshiro kawazu,eibi motomochi; takao yanai,\N,yoshiro kawazu,\N
tt12453186,\N,\N,\N,\N,\N,\N
tt12454162,\N,\N,\N,\N,\N,\N
tt1245493,\N,\N,\N,\N,\N,\N
tt1245528,salami aleikum,ali samadi ahadi,arne nolting,salami aleikum,ali samadi ahadi,\N
tt12456584,\N,\N,\N,\N,\N,\N
tt1245668,\N,\N,\N,\N,\N,\N
tt12462730,\N,\N,\N,\N,\N,\N
tt12464416,\N,\N,\N,\N,\N,\N
tt1247246,\N,\N,\N,\N,\N,\N
tt12478874,\N,\N,\N,\N,\N,\N
tt1248235,\N,\N,\N,pape naa pranam,\N,\N
tt12482830,\N,\N,\N,\N,\N,\N
tt1248957,dumping lisa,john oliver,\N,\N,\N,\N
tt12490698,\N,\N,\N,\N,\N,\N
tt12492634,\N,\N,\N,\N,\N,\N
tt12511502,protege moi,robbie lopez,robbie lopez,\N,\N,\N
tt12512952,\N,\N,\N,\N,\N,\N
tt1252488,haal-e-dil,anil devgan,dheeraj rattan,haaledil,anil devgan,dheeraj rattan
tt12526694,\N,\N,\N,\N,\N,\N
tt1253596,midgets vs mascots,ron carlson,terry mann,midgets vs. mascots,ron carlson,\N
tt12537550,\N,\N,\N,\N,\N,\N
tt1253843,\N,\N,\N,\N,\N,\N
tt1253852,\N,\N,\N,\N,\N,\N
tt12546578,mamoor 0008,ebrahim bagheri,ebrahim bagheri,\N,ebrahim bagheri,\N
tt12557760,chef,mehmet gun,\N,\N,\N,\N
tt12565232,the bell affair,\N,\N,\N,\N,\N
tt12572710,lovers mystery,wong hang,lo lik; wong hang,\N,\N,\N
tt12592846,until i fly,kanishka sonthalia; siddesh shetty,\N,until i fly,\N,\N
tt12601334,the nothingness club,edgar pera,edgar pera; luisa costa gomes,\N,\N,\N
tt1260565,passport to love,victor vu,\N,passport to love,victor vu,\N
tt12606482,\N,\N,\N,\N,\N,\N
tt12623426,\N,\N,\N,\N,\N,\N
tt12626224,\N,\N,\N,\N,\N,\N
tt12631534,rosie: the saffron chapter,vishal mishra,aabhar dadhich; vishal mishra,rosie: the saffron chapter,vishal mishra,aabhar dadhich; vishal mishra
tt12632068,\N,\N,\N,\N,\N,\N
tt1264100,\N,\N,\N,\N,\N,\N
tt1265616,the id proxy,matthew c dumond,matthew c dumond,\N,\N,\N
tt1265619,port city,andy brown,andy brown,\N,\N,\N
tt1266545,chamku,kabeer kaushik,kabeer kaushik,chamku,kabeer kaushik,kabeer kaushik
tt12675106,nietzsche sils maria rochedo de surlej,julio bressane; rodrigo lima; rosa dias,julio bressane; rosa dias,\N,\N,\N
tt1268884,\N,\N,\N,\N,\N,\N
tt1268922,virgins of bali,deane h dickason,\N,\N,\N,\N
tt12702586,\N,\N,\N,\N,\N,\N
tt12724444,"war of human, gods and demons",liu hailiang,\N,\N,\N,\N
tt12728602,\N,\N,\N,\N,\N,\N
tt12728736,\N,\N,\N,\N,\N,\N
tt12737292,\N,\N,\N,\N,\N,\N
tt1274277,\N,\N,\N,\N,\N,\N
tt1274284,\N,\N,\N,\N,\N,\N
tt1274297,weddings and other disasters,nina di majo,antonio leotti; francesco bruni; nina di majo,matrimoni e altri disastri,nina di majo,francesco bruni; nina di majo
tt12750524,\N,\N,\N,\N,\N,\N
tt12755550,\N,\N,\N,\N,\N,\N
tt12758204,samadhi road,daniel hey; julio hey,\N,\N,\N,\N
tt12759014,\N,\N,\N,\N,\N,\N
tt1276420,rzeznia nr 1,dominik matwiejczyk,dominik matwiejczyk,\N,\N,\N
tt12764276,\N,\N,\N,\N,\N,\N
tt12766012,\N,\N,\N,\N,\N,\N
tt12767498,barbie: princess adventure,conrad helten,ann austen,barbie princess adventure,conrad helten,\N
tt1277145,roxy: the last dance,phil allocco,\N,\N,\N,\N
tt12787498,"boeing, boeing",clare marie ritter; hamilton gibson,\N,\N,\N,\N
tt12793052,\N,\N,\N,\N,\N,\N
tt1279492,the sister of the san-tung boxer,wang hungchang,chang hsinyi; yen chung,the sister of the san-tung boxer,hungchang wang,hsinyi chang; yen chung
tt12796236,the wake,gustavo arteaga,gustavo arteaga,\N,\N,\N
tt12806260,\N,\N,\N,\N,\N,\N
tt12809302,\N,\N,\N,\N,\N,\N
tt12831818,mary,\N,\N,\N,\N,\N
tt12833678,\N,\N,\N,\N,\N,\N
tt1283919,\N,\N,\N,\N,\N,\N
tt12842922,\N,\N,\N,\N,\N,\N
tt12845180,\N,\N,\N,\N,\N,\N
tt1285219,ghosts don't exist,eric espejo,eric espejo,ghosts don't exist,eric espejo,\N
tt12875228,\N,\N,\N,\N,\N,\N
tt12885748,\N,\N,\N,\N,\N,\N
tt12916150,noise of silence,saif baidya,abuwahab chodhry,\N,\N,\N
tt12924790,\N,\N,\N,\N,\N,\N
tt12927956,my pig,sergey pryanishnikov,sergey pryanishnikov,\N,\N,\N
tt12929238,\N,\N,\N,among nonbelievers,taner akcam,\N
tt1294215,\N,\N,\N,\N,\N,\N
tt12948832,\N,\N,\N,\N,\N,\N
tt12958516,\N,\N,\N,\N,\N,\N
tt12969746,\N,\N,\N,\N,\N,\N
tt12976188,\N,\N,\N,\N,\N,\N
tt12978528,a stage of twilight,sarah t schwab,sarah t schwab,\N,\N,\N
tt12980140,\N,\N,\N,\N,\N,\N
tt12982368,\N,\N,\N,\N,\N,\N
tt12985862,\N,\N,\N,\N,\N,\N
tt12987672,a nice housekeeper,choi sungeun,\N,a nice housekeeper,choi sungeun,\N
tt12990578,\N,\N,\N,\N,\N,\N
tt12993456,akhirat: a love story,jason iskandar,jason iskandar,akhirat: a love story,jason iskandar,jason iskandar
tt13007164,\N,\N,\N,\N,\N,\N
tt13009768,\N,\N,\N,\N,\N,\N
tt13011896,\N,\N,\N,\N,\N,\N
tt13022816,the legend of zu,zeng xiaoyu,wang lifeng,\N,\N,\N
tt13034320,\N,\N,\N,\N,\N,\N
tt13049952,\N,\N,\N,\N,\N,\N
tt13058146,fucking bornholm,anna kazejak,anna kazejak; filip k kasperaszek,fucking bornholm,anna kazejakdawid,anna kazejakdawid
tt13061978,bakerz union,gin x,\N,\N,\N,\N
tt13074728,\N,\N,\N,\N,\N,\N
tt13093552,jumprava: the big happening,aigars grauba,aigars grauba,\N,\N,\N
tt1310674,vashti bunyan: from here to before,kieran evans,\N,\N,\N,\N
tt1311645,force 8,pierre sisser,\N,force 8,pierre sisser,\N
tt1312159,\N,\N,\N,\N,\N,\N
tt1314242,evil - in the time of heroes,yorgos noussias,petros nousias; yorgos noussias,evil: in the time of heroes,yorgos noussias,\N
tt1314246,takut: faces of fear,kimo stamboel; raditya sidharta; rako prijanto; ray nayoan; razka robby ertanto; riri riza; timo tjahjanto,brian yuzna; kimo stamboel; raditya sidharta; rako prijanto; ray nayoan; riri riza; timo tjahjanto,takut: faces of fear,ertanto robby soediskam; kimo stamboel; raditya sidharta; rako prijanto; ray nayoan; riri riza; timo tjahjanto,\N
tt13143218,\N,\N,\N,\N,\N,\N
tt13143488,girls with guts,becca kozak,\N,\N,\N,\N
tt1315424,\N,\N,\N,\N,\N,\N
tt13157732,\N,\N,\N,\N,\N,\N
tt13158292,toroboro: the name of the plants,manolo sarmiento,\N,\N,\N,\N
tt13161258,chekmate,\N,\N,\N,\N,\N
tt13167320,\N,\N,\N,\N,\N,\N
tt13178236,11 colours of the bird,vojtech kopecky,vojtech kopecky,\N,\N,\N
tt13195740,\N,\N,\N,\N,\N,\N
tt13196156,amityville scarecrow,jack peter mundy,shannon holiday,\N,\N,\N
tt13202854,the lobby,heinz emigholz,\N,\N,\N,\N
tt13203582,the specter of waves,mikael huot,mikael huot,\N,\N,\N
tt1321874,\N,\N,\N,\N,\N,\N
tt13220764,return to the emerald city,aleksey andrianov,josh olson,\N,\N,\N
tt1322312,going the distance,nanette burstein,geoff latulippe,going the distance,nanette burstein,geoff latulippe
tt1325619,revue,sergei loznitsa,\N,revue,\N,\N
tt13266974,\N,\N,\N,\N,\N,\N
tt1326799,\N,\N,\N,\N,\N,\N
tt1326946,\N,\N,\N,\N,\N,\N
tt1327010,\N,\N,\N,\N,\N,\N
tt1327194,the lucky one,scott hicks,will fetters,the lucky one,scott hicks,nicholas sparks; will fetters
tt1327202,\N,\N,\N,\N,\N,\N
tt13272770,untitled rick famuyiwa project,rick famuyiwa,\N,\N,\N,\N
tt13276494,k9,vahid vakilifar,vahid vakilifar,\N,\N,\N
tt1328604,boys briefs 5: schoolboys,daniel ribeiro; dave snyder; jeff warden; lisa marie gamlem; magnus mork; soman chainani,\N,\N,\N,\N
tt1328615,\N,\N,\N,\N,\N,\N
tt13310936,thimmarusu: assignment vali,sharan koppisetty,mg srinivas; sharan koppisetty,thimmarusu,\N,\N
tt1332587,\N,\N,\N,\N,\N,\N
tt1333039,too dead to die,jason roth,jason roth,\N,\N,\N
tt1333631,art & copy,doug pray,\N,art & copy,doug pray,\N
tt13345130,\N,\N,\N,\N,\N,\N
tt13345182,\N,\N,\N,\N,\N,\N
tt13353520,\N,\N,\N,\N,\N,\N
tt13365078,\N,\N,\N,\N,caro lobig,\N
tt13372218,\N,binzhu zhang; chuanguang zhu,\N,\N,\N,\N
tt1337635,\N,\N,\N,\N,\N,\N
tt1337644,\N,\N,\N,\N,\N,\N
tt1337678,operai,monica repetto; pietro balla,\N,\N,\N,\N
tt13378004,trondheim captured on film - part 3,\N,\N,\N,\N,\N
tt13387604,checkered ninja 2,anders matthesen; thorbjrn christoffersen,anders matthesen,checkered ninja 2,\N,\N
tt13387738,\N,\N,\N,\N,\N,\N
tt1339556,\N,\N,\N,\N,\N,\N
tt13400076,\N,\N,\N,\N,\N,\N
tt13400316,\N,\N,\N,\N,\N,\N
tt13404340,the phantoms,logan thomas,\N,\N,\N,\N
tt1341167,four lions,chris morris,chris morris; jesse armstrong; sam bain; simon blackwell,four lions,chris morris,chris morris; jesse armstrong; sam bain
tt13416828,\N,\N,\N,\N,\N,\N
tt13417116,be my baby,yoo jongseok,yoo jongseok,\N,\N,\N
tt1341732,in the shadows,dan glynn,\N,\N,\N,\N
tt13417396,\N,\N,\N,\N,\N,\N
tt13417584,\N,\N,\N,\N,\N,\N
tt1341809,\N,\N,\N,\N,\N,\N
tt13423490,\N,\N,\N,\N,\N,\N
tt1342378,the girl,fredrik edfeldt,karin arrhenius,the girl,fredrik edfeldt,karin arrhenius
tt13428000,\N,\N,\N,\N,\N,\N
tt1343023,avoue que tu mens,serge roullet,serge roullet,\N,\N,\N
tt1343089,the garden of sinners: oblivion recording,takahiro miura,masaki hiramatsu,the garden of sinners: oblivion recording,takahiro miura,\N
tt13432938,meltdown,fredric golding,fredric golding,\N,\N,\N
tt13438392,\N,\N,\N,\N,\N,\N
tt13438628,romance in the wilds,justin g dyck,james foti,\N,\N,\N
tt1344662,\N,\N,\N,\N,\N,\N
tt1344690,\N,\N,\N,\N,\N,\N
tt13464586,\N,\N,\N,\N,\N,\N
tt13465976,9 fugas,fon cortizo,fon cortizo,\N,\N,\N
tt1346850,shrill cries: reshuffle,ataru oikawa,ataru oikawa,when they cry: reshuffle,ataru oikawa,\N
tt1347175,\N,\N,\N,\N,\N,\N
tt13496386,genesis impact,brett varvel,daniel a biddle,\N,\N,\N
tt13502992,\N,\N,\N,\N,\N,\N
tt13503078,\N,\N,\N,\N,\N,\N
tt1350546,redemption,joseph p stachura,joseph p stachura,\N,\N,\N
tt1350908,\N,\N,\N,\N,\N,\N
tt1351653,\N,\N,\N,\N,\N,\N
tt1351767,changes,tomas rehorek,tomas rehorek,promeny,tomas rehorek,tomas rehorek
tt13531012,\N,\N,\N,\N,\N,\N
tt13533622,zo in exile,dylan okeefe,dylan okeefe,\N,\N,\N
tt1354030,\N,\N,\N,manku thimma,h r bhargava,chi udaya shankar
tt1354065,\N,\N,\N,\N,\N,\N
tt13545702,karalahti,juuso syrja,joona louhivuori; mika karttunen,karalahti,juuso syrja,\N
tt13550894,yuna 3: everything erogenous/yuna ogura,\N,\N,\N,\N,\N
tt13551400,\N,\N,\N,\N,\N,\N
tt13554922,manolino nguema,antonio grunfeld,\N,\N,\N,\N
tt13563504,krodham 2,prem menon,prem menon,krodham 2,prem menon,\N
tt13565016,\N,\N,\N,\N,\N,\N
tt13567080,\N,\N,\N,\N,\N,\N
tt1356799,\N,\N,\N,\N,\N,\N
tt1356917,lost and found command: rebels without because,tony y reyes,felix e dalay; tony y reyes,\N,\N,\N
tt1356982,\N,\N,\N,\N,\N,\N
tt13570568,\N,\N,\N,\N,\N,\N
tt1358138,\N,\N,\N,\N,\N,\N
tt13582408,\N,\N,\N,\N,\N,\N
tt1360190,\N,\N,\N,\N,\N,\N
tt13611066,\N,\N,\N,\N,\N,\N
tt13620762,\N,\N,\N,\N,\N,\N
tt13623020,\N,\N,\N,\N,\N,\N
tt13624028,\N,\N,\N,\N,\N,\N
tt13633730,\N,\N,\N,\N,\N,\N
tt13651860,\N,\N,\N,\N,\N,\N
tt1365451,drama,matias lira,eliseo altunaga; matias lira; sebastian arrau,drama,matias lira,\N
tt13656182,a beautiful day,danis karaisaridis; yorgos paterakis,\N,\N,\N,\N
tt13660452,\N,\N,\N,\N,\N,\N
tt13661068,\N,\N,\N,\N,\N,\N
tt13666282,song of the reed,wu hsiuching,\N,song of the reed,\N,\N
tt13670962,\N,\N,\N,\N,\N,\N
tt13672900,\N,\N,\N,\N,\N,\N
tt13676948,drifted in life,lianlian shen,lianlian shen; qianli sha; xinyi cao,\N,\N,\N
tt13683442,\N,\N,\N,azhagiya asura,\N,\N
tt13684476,\N,\N,\N,\N,\N,\N
tt13685456,sangre en nueva york,jose antonio torres,edwin marcial,\N,\N,\N
tt13701810,\N,\N,\N,\N,\N,\N
tt13705684,\N,\N,\N,\N,\N,\N
tt1370856,\N,\N,\N,\N,\N,\N
tt1370865,\N,\N,\N,\N,\N,\N
tt1373147,hombisilu,geethapriya,geethapriya,hombisilu,geethapriya,\N
tt13733886,\N,\N,\N,\N,\N,\N
tt13742930,soak,usama alshaibi,usama alshaibi,\N,\N,\N
tt13745292,\N,\N,\N,\N,\N,\N
tt13751060,\N,\N,\N,\N,\N,\N
tt13774330,\N,\N,\N,\N,\N,\N
tt13793498,nabab llb,anonno mamun,anonno mamun,nabab llb,anonno mamun,\N
tt13819898,\N,\N,\N,\N,\N,\N
tt13834540,\N,\N,\N,\N,\N,\N
tt13846540,red island,robin campillo,gilles marchand; robin campillo,red island,robin campillo,gilles marchand; robin campillo
tt1385612,ouija board,matt stone,matt stone,\N,\N,\N
tt13857702,\N,\N,\N,\N,\N,\N
tt13857760,\N,\N,\N,\N,\N,\N
tt13858010,\N,\N,\N,\N,\N,\N
tt13872098,\N,\N,\N,\N,\N,\N
tt13872466,tropical gothic,isabel sandoval,isabel sandoval,\N,\N,\N
tt1387528,popieluszko: freedom is within us,rafa wieczynski,rafa wieczynski,popieluszko: freedom is within us,rafa wieczynski,\N
tt13882910,\N,\N,\N,\N,\N,\N
tt13891048,the dream of the useless,jose marques de carvalho jr,jose marques de carvalho jr,\N,\N,\N
tt13891744,\N,\N,\N,\N,\N,\N
tt1389504,\N,\N,\N,\N,\N,\N
tt1389510,jouissances garanties,alain payet,\N,\N,\N,\N
tt13899440,\N,\N,\N,\N,\N,\N
tt13905508,\N,\N,\N,\N,\N,\N
tt13907264,\N,\N,\N,sri naga shakthi,sai prakash,\N
tt13913926,\N,\N,\N,\N,\N,\N
tt1392259,veeradhi veera,vijay reddy,m d sundar,veeradhi veera,c m vijay,\N
tt13935548,\N,\N,\N,\N,\N,\N
tt1396224,\N,\N,\N,siri raja siri,somaratne dissanayake,\N
tt13968022,\N,\N,\N,\N,\N,\N
tt13969962,\N,\N,\N,\N,\N,\N
tt13973390,\N,\N,\N,\N,\N,\N
tt13977868,georama boy panorama girl,natsuki seta,natsuki seta,\N,\N,\N
tt13982842,\N,\N,\N,\N,\N,\N
tt13988386,3.30 pm,ludwig wust,ludwig wust,\N,\N,\N
tt13988678,bosco,alicia cano menoni,alicia cano menoni,\N,\N,\N
tt1398949,blank city,celine danhier,celine danhier,blank city,celine danhier,\N
tt13993546,\N,\N,\N,\N,\N,\N
tt13998560,\N,\N,\N,\N,\N,\N
tt14008324,\N,\N,\N,\N,\N,\N
tt14017278,our lies and truths: documentary of keyakizaka46,eiki takahashi,\N,our lies and truths: documentary of keyakizaka46,eiki takahashi,\N
tt14018772,\N,\N,\N,\N,\N,\N
tt14021922,\N,\N,\N,\N,\N,\N
tt14022054,\N,\N,\N,\N,\N,\N
tt1402532,naba janma,sachin mukherjee,\N,naba janma,sachin mukherjee,\N
tt14033522,\N,\N,\N,\N,\N,\N
tt14036690,\N,\N,\N,\N,\N,\N
tt1403861,shadow play: the making of anton corbijn,josh whiteman,josh whiteman,\N,\N,\N
tt1404074,phera,parthasarathi joarddar,\N,phera,parthasarathi joardar,\N
tt14044046,\N,\N,\N,\N,\N,\N
tt14054848,\N,\N,\N,\N,\N,\N
tt14063668,dictionary,bratya basu,bratya basu; buddhadeb guha; ujjal chatterjee,\N,\N,\N
tt1407164,revenge of a lady fighter,jun aristorenas,greg macabenta,\N,\N,\N
tt1407226,\N,\N,\N,janmadata,\N,\N
tt1407251,mun tume o se,kumar anand,jayant kumar; kumar anand,mu tume o se,\N,\N
tt14074042,\N,\N,\N,\N,\N,\N
tt14075518,\N,\N,\N,\N,\N,\N
tt14077250,\N,\N,\N,\N,\N,\N
tt1408086,\N,\N,\N,\N,\N,\N
tt14081126,"sangue, amor e neve",jeronimo geberlotti,jeronimo geberlotti,\N,\N,\N
tt14090546,\N,\N,\N,jamboo savari,\N,sudheer varma
tt1409815,\N,\N,\N,\N,\N,\N
tt1410246,the maharajah of bangmor,\N,\N,\N,\N,\N
tt14106290,\N,\N,\N,\N,\N,\N
tt14108010,\N,\N,\N,\N,\N,\N
tt14110690,vanakkamda mappilei,m rajesh,m rajesh,vanakkam da mappilei,m rajesh,\N
tt1411713,jaga hatare pagha,mohammad mohsin,mohammad mohsin,jaga hatare pagha,mohammad mohsin,mohammad mohsin
tt14122278,cara vista,tricia grashaw,todd theman,\N,\N,\N
tt14125262,love thing,anika decker,anika decker,love thing,anika decker,\N
tt1412531,\N,\N,\N,\N,\N,\N
tt1412561,\N,\N,\N,\N,\N,\N
tt14126724,\N,\N,\N,\N,\N,\N
tt14129454,you can never go home again,bobby peoples; renee s warren peoples,charles morris jr; harel goldstein; rebecca weaver,\N,\N,\N
tt14130154,\N,\N,\N,\N,\N,\N
tt1413851,\N,\N,\N,\N,\N,\N
tt14140740,what killed maradona?,nick clarke powell,jeremy philips,\N,\N,\N
tt14153584,\N,\N,\N,\N,\N,\N
tt14169156,\N,\N,\N,\N,\N,\N
tt1417034,the gift of pachamama,toshifumi matsushita,\N,el regalo de la pachamama,toshifumi matsushita,\N
tt1417054,the odd one out,johan timmers,\N,the odd one out,johan timmers,maria goos
tt1418252,\N,\N,\N,\N,\N,\N
tt14183024,\N,\N,\N,\N,\N,\N
tt14183904,\N,\N,\N,\N,\N,\N
tt14188294,\N,\N,\N,chamkaisi chindi udaysi,\N,\N
tt14210948,\N,\N,\N,\N,\N,\N
tt14212580,fast fashion - les dessous de la mode a bas prix,edouard perrin; gilles bovon,\N,fast fashion: the real price of low-cost fashion,edouard perrin; gilles bovon,\N
tt14214940,\N,\N,\N,\N,\N,\N
tt14216534,\N,\N,\N,\N,\N,\N
tt14217026,a santa joana dos matadouros,joao sousa cardoso,antonio preto; bertolt brecht; joao sousa cardoso,\N,\N,\N
tt1422602,\N,yiorgos drossis,yiorgos drossis,\N,\N,\N
tt1422712,\N,\N,\N,\N,\N,\N
tt14230306,\N,\N,\N,\N,\N,\N
tt14230740,\N,\N,\N,\N,\N,\N
tt14231706,\N,\N,\N,\N,\N,\N
tt14243068,\N,\N,\N,\N,\N,\N
tt14246460,\N,\N,\N,\N,\N,\N
tt1424791,\N,\N,\N,\N,\N,\N
tt14250244,\N,\N,\N,\N,\N,\N
tt14260794,\N,\N,\N,\N,\N,\N
tt14266488,\N,\N,\N,hathara varan,\N,\N
tt14272136,\N,\N,\N,\N,\N,\N
tt1427700,\N,\N,\N,\N,\N,\N
tt14285460,\N,\N,\N,\N,\N,\N
tt1429409,\N,\N,\N,\N,\N,\N
tt14296338,\N,\N,\N,blippi's snowflake scavenger hunt,\N,\N
tt14308892,to the journey: looking back at star trek: voyager,david zappone,\N,\N,\N,\N
tt1431005,\N,\N,\N,\N,\N,\N
tt1431108,\N,\N,\N,\N,\N,\N
tt1431142,in the name of the law,mukhtar dadashev,mukhtar dadashev,qanun namina,mukhtar dadashev,mukhtar dadashev
tt14315640,trans los angeles,kase pena,kase pena,\N,\N,\N
tt14315814,\N,\N,\N,\N,\N,\N
tt14318244,\N,\N,\N,\N,\N,\N
tt1433528,henri-georges clouzot's inferno,ruxandra medrea; serge bromberg,serge bromberg,henri-georges clouzot's inferno,ruxandra medrea; serge bromberg,serge bromberg
tt1433804,\N,\N,\N,\N,\N,\N
tt14350480,\N,\N,\N,\N,\N,\N
tt14362502,princess,roberto de paolis,roberto de paolis,princess,roberto de paolis,roberto de paolis
tt1436347,\N,\N,\N,\N,\N,\N
tt14371752,\N,\N,\N,\N,\N,\N
tt1437200,\N,\N,\N,\N,\N,\N
tt14389674,buns,oleg asadulin,konstantin trofimov; mikhail zubko,rolls,oleg asadulin,\N
tt14398828,el hombre que pudo salvar la vida de michael jackson por segunda vez,david chaumel,david chaumel; jorge chaumel,\N,\N,\N
tt1440245,\N,\N,\N,mahanayak,debu pattnaik; sudhanshu mohan sahu,\N
tt14403860,\N,jingcheng pan,quanlai ma,\N,\N,\N
tt14404384,\N,\N,\N,\N,\N,\N
tt14412532,the rapist,aparna sen,aparna sen,the rapist,aparna sen,\N
tt14416318,\N,\N,\N,\N,\N,\N
tt1442012,\N,\N,\N,\N,\N,\N
tt1442223,the sandman and the lost sand of dreams,jesper mller; sinem sakaoglu,jan strathmann; katharina reschke,the sandman and the lost sand of dreams,jesper mller; sinem sakaoglu,jan strathmann; katharina reschke
tt1442327,\N,\N,\N,\N,\N,\N
tt1444683,\N,\N,\N,\N,\N,\N
tt14464238,\N,\N,\N,\N,\N,\N
tt14484750,\N,\N,\N,\N,\N,\N
tt14484874,\N,\N,\N,\N,\N,\N
tt1449384,\N,\N,\N,\N,\N,\N
tt14502682,\N,\N,\N,\N,\N,\N
tt1450330,roadie,michael cuesta,gerald cuesta; michael cuesta,roadie,michael cuesta,\N
tt1451747,\N,\N,\N,\N,\N,\N
tt14521374,\N,\N,\N,\N,\N,\N
tt14532686,\N,\N,\N,\N,\N,\N
tt14548836,\N,\N,\N,\N,\N,\N
tt14550270,urge,peter mcneil,peter mcneil,\N,\N,\N
tt14577870,\N,\N,\N,\N,\N,\N
tt14579368,\N,\N,\N,\N,\N,\N
tt14583986,\N,\N,\N,\N,\N,\N
tt14586500,kylie jenner: billion dollar baby,danielle winter,\N,\N,\N,\N
tt1459219,the actresses,e jyong,e jyong,actresses,jeyong lee,jeyong lee
tt14599504,the hum of holland,stella van voorst van beest,\N,\N,\N,\N
tt14599606,suzana de moraes,suely rolnik,\N,\N,\N,\N
tt14611642,marionnettes de tous les pays: festival international de charleville-mezieres,\N,\N,\N,\N,\N
tt14617336,ruins,\N,\N,\N,\N,\N
tt14625692,\N,\N,\N,\N,\N,\N
tt14631360,\N,\N,\N,\N,\N,\N
tt1464344,\N,\N,\N,\N,\N,\N
tt14643640,otiti,ema edosio,chijioke ononiwu,otiti,\N,\N
tt1464605,the everlasting glory,ting shanhsi,ting shanhsi,everlasting glory,ting shanhsi,\N
tt14655354,\N,\N,\N,\N,\N,\N
tt14657212,small town pride,chelle turingan; riley sparks,chelle turingan; riley sparks,\N,\N,\N
tt14658160,\N,\N,\N,\N,\N,\N
tt1465840,the forbidden legend: sex & chopsticks 2,cash chin mankei,cash chin mankei,the forbidden legend sex & chopsticks 2,chin mankei,\N
tt14669722,moments of youth,gregory pellerito,gregory pellerito,\N,\N,\N
tt1467061,dusk,hanro smitsman,anjet daanje,schemer,hanro smitsman,anjet daanje
tt14677540,\N,\N,\N,\N,\N,\N
tt14682084,isewan taifuu monogatari,seijiro koyama,seijiro koyama,isewan taifu monogatari,seijiro koyama,\N
tt14713164,\N,\N,\N,\N,\N,\N
tt14714980,poker face,russell crowe,russell crowe; stephen m coates,poker face,russell crowe,\N
tt1472459,\N,\N,\N,\N,\N,\N
tt14726550,kimmapiiyipitssini: the meaning of empathy,ellemaija tailfeathers,ellemaija tailfeathers,kimmapiiyipitssini: the meaning of empathy,ellemaija tailfeathers,\N
tt1473002,aparichita,\N,\N,aparichita,sadhu meher,\N
tt14734066,half virgin,seiichiro uchikawa,matsuo kishi; nagayoshi akasaka,\N,\N,\N
tt14752690,\N,\N,\N,\N,\N,\N
tt1475350,line of beauty and grace - a documentary about jock sturges,christian e klinger,\N,\N,\N,\N
tt14760250,\N,\N,\N,\N,\N,\N
tt14764922,\N,\N,\N,\N,\N,\N
tt14765176,\N,\N,\N,\N,\N,\N
tt14770814,\N,\N,\N,\N,\N,\N
tt14772926,\N,\N,\N,\N,\N,\N
tt14779420,we used to live here,\N,\N,\N,\N,\N
tt14782096,\N,\N,\N,\N,\N,\N
tt14796672,\N,\N,\N,\N,\N,\N
tt14812544,\N,\N,\N,\N,\N,\N
tt1482461,the mulberry tree,mark heller,\N,\N,\N,\N
tt1482882,\N,\N,\N,\N,\N,\N
tt1482916,\N,\N,\N,\N,\N,\N
tt14831488,\N,\N,\N,\N,\N,\N
tt1483345,groper train: when a woman becomes a woman,masanori kudo,masanori kudo,\N,\N,\N
tt1485096,the prodigy,robert d hanna,robert d hanna,\N,\N,\N
tt14851344,#viral prapancham,brijesh tangi,\N,viral prapancham,\N,\N
tt14852596,\N,\N,\N,\N,\N,\N
tt1485804,\N,\N,\N,\N,\N,\N
tt14858290,\N,\N,\N,\N,\N,\N
tt14887922,\N,\N,\N,\N,\N,\N
tt1489921,\N,\N,\N,\N,\N,\N
tt14899598,\N,\N,\N,\N,\N,\N
tt14905256,\N,\N,\N,\N,\N,\N
tt14909010,\N,\N,\N,\N,boris maftsir,\N
tt14914580,ramekins: ramekin ii,cody clarke,cody clarke,\N,\N,\N
tt14927306,today is a beautiful day,neveen shalaby,\N,\N,neveen shalaby,\N
tt1492755,\N,\N,\N,\N,\N,\N
tt14927880,sublime,mariano biasin,mariano biasin,sublime,mariano biasin,mariano biasin
tt14935928,a turma do perere.doc,ricardo favilla,laura malin; ricardo favilla,\N,\N,\N
tt14949320,\N,\N,\N,\N,\N,\N
tt14967958,"goodbye, don glees!",atsuko ishizuka,atsuko ishizuka,"goodbye, don glees!",atsuko ishizuka,atsuko ishizuka
tt14985068,\N,\N,\N,\N,\N,\N
tt14998596,the secret 2: mystery of villa 666,bambang drias,yaseer alghazali,the secret 2: mystery of villa 666,\N,\N
tt14999604,\N,\N,\N,\N,\N,\N
tt15000226,\N,\N,\N,\N,\N,\N
tt1502407,halloween,david gordon green,danny mcbride; david gordon green; jeff fradley,halloween,david gordon green,david gordon green
tt1502418,\N,\N,\N,\N,\N,\N
tt1503121,\N,\N,\N,\N,\N,\N
tt15036426,\N,\N,\N,\N,\N,\N
tt15043114,\N,\N,\N,\N,\N,\N
tt15054124,one passed through hell,satoru ainoda,shinzo nakazawa,\N,\N,\N
tt15060436,\N,\N,\N,\N,\N,\N
tt15079852,field of operations: the war in the mediterranean,\N,\N,field of operations: the war in the mediterranean,christopher pugsley,\N
tt15082132,\N,\N,\N,\N,\N,\N
tt1508952,\N,\N,\N,\N,\N,\N
tt15096980,the orange grove,jotta dubio,jotta dubio,\N,\N,\N
tt1510777,kanaka durga pooja mahima,\N,\N,\N,\N,\N
tt15108182,\N,\N,\N,\N,\N,\N
tt1512149,\N,\N,\N,hammamet village,nini grassia,nini grassia
tt1512732,braille,matthew chuang,joe capelo; matthew chuang,\N,\N,\N
tt15128468,\N,\N,\N,\N,\N,\N
tt15128794,\N,\N,\N,\N,\N,\N
tt15129798,\N,\N,\N,\N,\N,\N
tt15137580,wheel chair romeo,g nataraj,\N,wheelchair romeo,\N,\N
tt15138438,\N,\N,\N,\N,\N,\N
tt15144532,\N,\N,\N,\N,\N,\N
tt15150318,\N,\N,\N,\N,\N,\N
tt1517197,\N,\N,\N,\N,\N,\N
tt1517509,the battleship yamato,yutaka abe,toshio yasumi,battleship yamato,yutaka abe,toshio yasumi
tt15181334,last night i conquered the city of thebes,gabriel azorin,celso gimenez; gabriel azorin,last night i conquered the city of thebes,gabriel azorin,\N
tt15181422,\N,\N,\N,\N,\N,\N
tt15197044,\N,\N,\N,\N,\N,\N
tt1521698,thin ice,vitold vidic,\N,\N,\N,\N
tt15223056,inside antifa,elliott welles,\N,\N,\N,\N
tt15225256,100 minutes,gleb panfilov,gleb panfilov,100 minutes from the life of ivan denisovich,gleb panfilov,aleksandr solzhenitsyn; gleb panfilov
tt1524144,\N,\N,\N,\N,\N,\N
tt15250962,\N,\N,\N,\N,\N,\N
tt15251228,tourist,andrey batov,\N,tourist,\N,\N
tt15257034,\N,\N,\N,\N,\N,\N
tt15257396,\N,\N,\N,\N,\N,\N
tt15257920,\N,\N,\N,\N,\N,\N
tt15260402,8mm boys,ryan a renfro,\N,\N,\N,\N
tt15262024,doll killer 2,dustin ferguson,dustin ferguson,\N,\N,\N
tt1527054,\N,\N,\N,\N,\N,\N
tt15273728,junk food,nicholas jensen,nicholas jensen,\N,\N,\N
tt1527641,jambo jumbo,\N,\N,\N,\N,\N
tt15281654,\N,\N,\N,\N,\N,\N
tt1528284,\N,\N,\N,\N,\N,\N
tt15287220,\N,\N,\N,\N,\N,\N
tt1530497,\N,\N,\N,malyavkin and company,yury kuzmenko,yuri yakovlev
tt15310750,\N,\N,\N,\N,\N,\N
tt15313304,gold medal,uday kumar muntha,uday kumar muntha,\N,\N,\N
tt15327042,\N,\N,\N,\N,\N,\N
tt15327088,kantara,rishab shetty,rishab shetty,kantara,rishab shetty,\N
tt1532958,battle of the year,benson lee,brin hill; chris parker,battle of the year,benson lee,\N
tt1533966,\N,\N,\N,\N,\N,\N
tt15358226,new york ninja,john liu; kurtis spieler,arthur schweitzer; john liu; kurtis spieler,new york ninja,john liu,\N
tt1537797,\N,\N,\N,\N,\N,\N
tt15385626,son of the streets,mohammed almughanni,\N,\N,\N,\N
tt1538872,\N,\N,\N,\N,\N,\N
tt1539995,\N,\N,\N,\N,\N,\N
tt1541020,\N,\N,\N,\N,\N,\N
tt1541083,the basement,jeff trujillo,\N,\N,\N,\N
tt15415924,agilan,n kalyanakrishnan,arun rajagopalan; n kalyanakrishnan; sai tamil,agilan,\N,\N
tt15417396,\N,\N,\N,\N,\N,\N
tt15423326,second sun,rinat tashimov,rinat tashimov,second sun,rinat tashimov,rinat tashimov
tt15434142,whatever,keith albert tedesco,\N,\N,\N,\N
tt1543666,\N,\N,\N,\N,\N,\N
tt15438266,\N,\N,\N,\N,\N,\N
tt15440496,\N,\N,\N,\N,\N,\N
tt15445726,\N,\N,\N,\N,\N,\N
tt15446344,spiritual paranoia,pia justine cruz,cleveland o mcleish; pia justine cruz,\N,\N,\N
tt15458686,\N,\N,\N,\N,\N,\N
tt15458880,louis tomlinson: riding high,billy simpson,billy simpson,\N,\N,\N
tt15464490,shyam's mother,sujay dahake,sunil sukthankar,shyamchi aai,sujay dahake,\N
tt15465382,\N,\N,\N,\N,\N,\N
tt15475322,the legend of sambo,andrey bogatyrev,giorgi shengelia,legends of sambo,andrei bogatyryov,\N
tt15477966,parisa,mohamad reza rahmani,\N,\N,\N,\N
tt1548547,\N,\N,\N,\N,\N,\N
tt1548648,ghost ship part 1,sadatsugu matsuda,katsuya susaki,\N,\N,\N
tt15490192,\N,\N,\N,\N,\N,\N
tt1549779,embargo,antonio ferreira,tiago sousa,embargo,antonio ferreira,\N
tt15507514,holes,shirly berkovitz,niv hachlili,\N,\N,\N
tt15516104,\N,\N,\N,\N,\N,\N
tt15528342,\N,\N,\N,\N,\N,\N
tt1553136,\N,\N,\N,\N,\N,\N
tt15534668,\N,\N,\N,\N,\N,\N
tt15551988,\N,\N,\N,\N,\N,\N
tt15554928,oorkuruvi,arun patrician,arun patrician,\N,\N,\N
tt15559652,\N,\N,\N,\N,\N,\N
tt1556012,\N,\N,\N,\N,\N,\N
tt15564666,\N,\N,\N,\N,\N,\N
tt1556613,\N,\N,\N,\N,\N,\N
tt1558247,\N,\N,\N,\N,\N,\N
tt1558827,\N,\N,\N,\N,\N,\N
tt1563135,\N,\N,\N,\N,\N,\N
tt1564007,\N,\N,\N,arctic cliffhangers,julia margaret; stephen a smith,\N
tt15654716,daktar kaku,pavel bhattacharjee,\N,\N,\N,\N
tt15655194,singing in the dark: erasing the disabled of okinawa,yoshikazu hara,\N,\N,\N,\N
tt15656662,\N,\N,\N,\N,\N,\N
tt15662636,\N,\N,\N,\N,\N,\N
tt15663290,gypsy,shashi chandrakant khandare,\N,\N,\N,\N
tt15663618,"le poete illumine, germain nouveau (1851-1920)",christian philibert,christian philibert,\N,\N,\N
tt1568153,papa a la chasse aux lagopedes,robert morin,\N,daddy goes ptarmigan hunting,robert morin,robert morin
tt15684798,\N,\N,\N,\N,\N,\N
tt15686992,\N,\N,\N,\N,\N,\N
tt1570409,\N,\N,\N,\N,\N,\N
tt15707246,\N,\N,\N,\N,\N,\N
tt15711402,lords of scam,guillaume nicloux,\N,\N,\N,\N
tt15716784,\N,\N,\N,\N,\N,\N
tt15717226,\N,\N,\N,oye anjali,\N,\N
tt15717242,kanjoos makhichoos,vipul mehta,vipul mehta,kanjoos makhichoos,vipul mehta,\N
tt15719874,\N,\N,\N,\N,\N,\N
tt15720814,life from ash and ice,\N,\N,\N,\N,\N
tt15727598,\N,\N,\N,\N,\N,\N
tt15727792,after narodnaya,vadim kostrov,\N,\N,\N,\N
tt1574610,\N,\N,\N,\N,\N,\N
tt1575705,\N,\N,\N,\N,\N,\N
tt1576702,\N,\N,\N,\N,\N,\N
tt15767726,ram asur,triparna venkatesh,triparna venkatesh,ram asur,\N,\N
tt1577064,seeing heaven,ian powell,ian powell,\N,\N,\N
tt15799564,wild horse nine,martin mcdonagh,martin mcdonagh,wild horse nine,martin mcdonagh,martin mcdonagh
tt1580021,silver tongues,simon arthur,simon arthur,silver tongues,simon arthur,\N
tt1580391,\N,\N,\N,\N,\N,\N
tt15807024,\N,\N,\N,\N,\N,\N
tt1580798,inspector spack,fredde granberg,alex kantsjo; daniel ottosson,kommissarie spack,fredde granberg,alex kantsjo
tt15809210,famille fc,andre valentim almeida,\N,\N,\N,\N
tt15831226,tom and jerry cowboy up!,darrell van citters,will finn,tom and jerry: cowboy up!,darrell van citters,william waldner
tt15834104,\N,\N,\N,the special atmosphere,pavlo cherepin,\N
tt15838536,\N,\N,\N,\N,\N,\N
tt15850292,some women,quen wong,quen wong,\N,\N,\N
tt15858100,\N,\N,\N,\N,\N,\N
tt1587107,rinko eighteen: find a new actress!,hideo jojo,taka matsumoto,\N,\N,\N
tt1587285,the colour of your socks: a year with pipilotti rist,michael hegglin,michael hegglin,\N,\N,\N
tt15873982,\N,\N,\N,\N,\N,\N
tt1587738,\N,\N,\N,\N,\N,\N
tt1587863,\N,\N,\N,\N,\N,\N
tt1587890,ultimos testigos,jose luis lopezlinares; manuel martin cuenca,\N,ultimos testigos,jose luis lopezlinares; manuel martin cuenca,jose luis lopezlinares; manuel martin cuenca; manuel milian mestre
tt15880220,\N,\N,\N,\N,\N,\N
tt1590026,facing genocide: khieu samphan and pol pot,david aronowitsch; staffan lindberg,\N,facing genocide khieu samphan and pol pot,david aronowitsch; staffan lindberg,\N
tt1592530,the guide,zacharias mavroeidis,zacharias mavroeidis,the guide,\N,\N
tt15939748,\N,\N,\N,\N,\N,\N
tt15944872,phulrani,vishwas joshi,guru thakur; vishwas joshi,phulrani,\N,\N
tt15979716,petting monster: kairaku kui makuri,daisuke yamanouchi,daisuke yamanouchi,petting monster: kairaku kui makuri,daisuke yamanouchi,daisuke yamanouchi
tt1598432,\N,\N,\N,\N,\N,\N
tt1601817,\N,\N,\N,\N,\N,\N
tt16024470,\N,\N,\N,nelia,\N,\N
tt1606839,\N,\N,\N,\N,camillo bruto bonzi; nino giannini,camillo bruto bonzi
tt16073660,\N,\N,\N,\N,\N,\N
tt16078266,rosh,jayveer panghaal,\N,rosh,\N,\N
tt16124388,\N,\N,\N,\N,\N,\N
tt1613045,\N,\N,\N,\N,\N,\N
tt1613060,the show so gay,chris durant; garrett vang; mark stearns,\N,\N,\N,\N
tt1613791,\N,\N,\N,\N,\N,\N
tt16142000,\N,\N,\N,\N,\N,\N
tt16151968,\N,\N,\N,\N,\N,\N
tt1616169,\N,\N,\N,\N,\N,\N
tt16226392,\N,\N,\N,\N,\N,\N
tt16227608,disappear: cover your online tracks,marc meillassoux,\N,\N,\N,\N
tt1622981,\N,\N,\N,\N,\N,\N
tt1623651,\N,\N,\N,\N,\N,\N
tt16243818,zzz: journal about zelimir zilnik,janko baljak,janko baljak,\N,\N,\N
tt16250242,\N,\N,\N,\N,\N,\N
tt16265420,besieged,ike nnaebue,jane gamdede,\N,\N,\N
tt16270504,\N,\N,\N,\N,\N,\N
tt1627065,\N,\N,\N,\N,\N,\N
tt1627124,\N,\N,\N,\N,\N,\N
tt16278434,crossfire,yadu krishnan,yadu krishnan,crossfire,\N,\N
tt1627892,flood streets,joseph meissner,helen krieger,flood streets,\N,\N
tt1628039,ghosted,craig viveiros,craig viveiros,ghosted,craig viveiros,\N
tt16280816,ghost trader,eric daniel,jason campbell,\N,\N,\N
tt16281758,\N,\N,\N,\N,\N,\N
tt16288228,\N,\N,\N,\N,\N,\N
tt16298782,phil lynott: the long goodbye,remarni ramchaitarjackman,\N,\N,\N,\N
tt16303830,nothing serious,jeong gayoung,jeong gayoung; wang hyeji,nothing serious,jeong gayoung,jeong gayoung; wang hyeji
tt16305150,o certovi a jine vanocni pohadky,\N,\N,\N,\N,\N
tt1634007,doman seman,go shibata,\N,\N,\N,\N
tt1634127,\N,\N,\N,\N,\N,\N
tt1634288,\N,\N,\N,\N,\N,\N
tt1634557,\N,\N,\N,\N,\N,\N
tt16346544,report to kapodistrias,yannis smaragdis,yannis smaragdis,\N,\N,\N
tt16347498,\N,\N,\N,\N,\N,\N
tt16349772,\N,\N,\N,\N,\N,\N
tt16354426,\N,\N,\N,\N,\N,\N
tt16358260,pooka,cathal fitzpatrick,cathal fitzpatrick,\N,\N,\N
tt16369412,\N,\N,\N,\N,\N,\N
tt16374466,a guide to love and fighting capitalism,basile carreagostini,\N,a guide to love and fighting capitalism,basile carreagostini,\N
tt16377980,the mission,tania anderson,tania anderson,the mission,tania anderson,\N
tt16384960,lot lizards,robert l parker iii,andrea parker,\N,\N,\N
tt1639081,madoff: made off with america,edmund druilhet,edmund druilhet,madoff: made off with america,edmund druilhet,\N
tt1640401,andartu terlampau 21 hari mencari suami,din cj,\N,\N,\N,\N
tt16424542,\N,\N,\N,\N,\N,\N
tt16432094,\N,\N,\N,\N,\N,\N
tt1648050,\N,\N,\N,\N,\N,\N
tt16481022,\N,\N,\N,\N,arantza diez,\N
tt1648214,\N,\N,\N,\N,\N,\N
tt16492910,\N,\N,\N,\N,\N,\N
tt1650524,\N,\N,\N,\N,\N,\N
tt16531964,\N,\N,\N,\N,\N,\N
tt1653850,the drifter,tatjana turanskyj,tatjana turanskyj,the drifter,tatjana turanskyj,tatjana turanskyj
tt1654054,a thousand fools,ventura pons,ventura pons,mil cretins,ventura pons,quim monzo; ventura pons
tt1660529,\N,\N,\N,the ragpicker of paris,hans otto lowenstein,\N
tt16608516,\N,\N,\N,\N,\N,\N
tt16611924,the burdened,amr gamal,amr gamal; mazen refaat,the burdened,amr gamal,\N
tt1661862,no rest for the wicked,enrique urbizu,enrique urbizu; michel gaztambide,no rest for the wicked,enrique urbizu,enrique urbizu; michel gaztambide
tt16636178,the trip 6,rodrigo triana,dago garcia,el paseo 6,rodrigo triana,dago garcia
tt1663659,\N,\N,\N,\N,\N,\N
tt1669228,siti muslihat,dhiresh ghosh,\N,siti muslihat,\N,\N
tt1669648,corrode,karan gour,karan gour,kshay,karan gour,\N
tt1672847,tanah air beta,ari sihasale,armantono,tanah air beta,ari sihasale,\N
tt16758012,\N,\N,\N,\N,\N,\N
tt16790672,freedom street,alfred darren pek,\N,\N,\N,\N
tt1680051,alyce kills,jay lee,jay lee,alyce kills,jay lee,jay lee
tt1680101,monster heroes,danny cistone,brent tarnol; josh cole,\N,\N,\N
tt1680121,\N,\N,\N,\N,\N,\N
tt1682978,the house in the park,hercli bundi,hercli bundi,\N,\N,\N
tt1683944,\N,\N,\N,\N,\N,\N
tt1684552,\N,\N,\N,\N,\N,\N
tt1686099,\N,\N,\N,\N,\N,\N
tt16868486,\N,\N,\N,\N,\N,\N
tt1686862,the pier of apolonovka,andrej schwartz,\N,\N,andrei schwartz,\N
tt1687856,city state,olaf de fleur johannesson,hrafnkell stefansson; olaf de fleur johannesson,city state,olaf de fleur,\N
tt1688421,breaking through the clouds,heather taylor,heather taylor,\N,\N,\N
tt16897764,\N,\N,\N,\N,\N,\N
tt16900304,reroute,lawrence fajardo,lawrence fajardo; roy bryant,reroute,\N,\N
tt1690197,mayohan,dan villegas,paul sta ana,\N,\N,\N
tt16913072,fallen,nicolo fumero,francesco lucci; nicolo fumero; simone chiattone,\N,\N,\N
tt1691439,\N,\N,\N,\N,\N,\N
tt1694524,\N,\N,\N,\N,\N,\N
tt1695804,\N,\N,\N,\N,\N,\N
tt1696208,pietro,daniele gaglianone,daniele gaglianone,\N,daniele gaglianone,daniele gaglianone
tt16978294,\N,\N,\N,\N,\N,\N
tt16982950,the beast must die: revenge,masato hironishi,toshiyuki morioka,\N,\N,\N
tt17008100,\N,\N,\N,\N,\N,\N
tt17044536,\N,\N,\N,\N,\N,\N
tt1705877,kochikame - the movie: save the kachidoki bridge!,taisuke kawamura,\N,kochikame the movie save the kachidoki bridge,taisuke kawamura,\N
tt1706591,the devil's bride,zdenek troska,marek kalis; zdenek troska,the devil's bride,zdenek troska,marek kalis; zdenek troska
tt1707238,\N,\N,\N,link,\N,\N
tt17079116,diary of a bride of christ,marta smerechynska,marta smerechynska,diary of a bride of christ,marta smerechynska,marta smerechynska
tt17080412,survive,mark pellington,alex morel; jeremy ungar; richard abate,survive,mark pellington,jeremy ungar
tt1711507,the legend of action man,andy young,andy young; derek papa,\N,\N,\N
tt1712088,\N,\N,\N,\N,\N,\N
tt1712215,out of focus,jim cocoliato,brian beavers; jason chau; peter calciano,\N,\N,\N
tt17145106,\N,\N,\N,\N,\N,\N
tt1714721,solidarnosc,serge poljinsky,\N,solidarnosc,serge poljinsky,\N
tt1714850,star watching dog,tomoyuki takimoto,hiroshi hashimoto,hoshi mamoru inu,tomoyuki takimoto,\N
tt1714872,nocturnos,aya koretzky; rodrigo barros,aya koretzky; rodrigo barros,\N,\N,\N
tt1718766,pg 16...,andrey kavun,oleg malovichko,skipped parts,andrei kavun,\N
tt1719581,\N,\N,\N,\N,\N,\N
tt17196124,grimcutty,john ross,john ross,grimcutty,john ross,john ross
tt1720081,\N,\N,\N,\N,\N,\N
tt1721051,the weather in august,lucija locmele,vladimir alenikov,pogoda na avgust,lucija locmele,\N
tt1721495,\N,\N,\N,\N,\N,\N
tt17220950,\N,\N,\N,\N,\N,\N
tt1723738,\N,\N,\N,\N,\N,\N
tt1728218,zduhac means adventure,milorad milinkovic,milorad milinkovic,zduhac znaci avantura,milorad milinkovic,\N
tt1728971,best little whorehouse in rochdale,ian vernon,ian vernon,\N,\N,\N
tt1729204,ken arok - ken dedes,djun saptohadi,djoko s koesdiman; wijono soewardjo,\N,\N,\N
tt1730764,supernova,tamar van den dop,tamar van den dop,supernova,tamar van den dop,\N
tt1731706,\N,\N,\N,\N,\N,\N
tt1732602,\N,\N,\N,\N,\N,\N
tt17342614,\N,\N,\N,\N,\N,\N
tt1737110,the actor,jon osman,jon osman; sam sherman,\N,\N,\N
tt17372192,\N,\N,\N,\N,\N,\N
tt1737268,yanoosak,alexandre monnier; elie khalife,\N,\N,\N,\N
tt1740007,nobody,christos nikoleris,panagiotis iosifelis,kanenas (nobody),\N,\N
tt1740790,kundalini,\N,\N,\N,\N,\N
tt1740799,my reincarnation,jennifer fox,jennifer fox,my reincarnation,jennifer fox,\N
tt1740812,\N,\N,\N,\N,\N,\N
tt1740813,\N,\N,\N,\N,\N,\N
tt17423814,\N,\N,\N,\N,\N,\N
tt1747993,\N,\N,\N,\N,\N,\N
tt17489070,\N,\N,\N,\N,\N,\N
tt17490838,the young general: reflections on michael reeves,calum waddell,\N,\N,\N,\N
tt17491834,\N,\N,\N,\N,\N,\N
tt17512182,lone wolf,eiichi koishi,ryuichiro yagi,\N,\N,\N
tt17519334,\N,\N,\N,\N,\N,\N
tt1753546,\N,\N,\N,\N,\N,\N
tt1753880,\N,\N,\N,\N,\N,\N
tt17543482,\N,\N,\N,\N,\N,\N
tt17544562,\N,\N,\N,\N,\N,\N
tt1754648,the lamp,tracy trost,jeff huston,the lamp,tracy trost,\N
tt1756426,\N,\N,\N,black over white,tomer heymann,\N
tt1758576,bombay beach,alma harel,\N,bombay beach,alma harel,\N
tt1758741,\N,\N,\N,\N,\N,\N
tt1759674,"john frum, he will come",\N,\N,\N,\N,\N
tt1763211,\N,\N,\N,\N,\N,\N
tt1764667,\N,\N,\N,\N,\N,\N
tt17676518,\N,\N,\N,\N,\N,\N
tt1770670,\N,\N,\N,\N,\N,\N
tt1772958,lover's discourse,derek tsang kwokcheung; wan chiman,derek tsang kwokcheung; wan chiman,lover's discourse,derek tsang,\N
tt1773578,my father is a cleaning lady,saphia azzedine,saphia azzedine,mon pere est femme de menage,saphia azzeddine,saphia azzeddine
tt1773594,\N,\N,\N,\N,\N,\N
tt17736454,\N,\N,\N,\N,\N,\N
tt1776325,found footage festival volume 5: live in milwaukee,andrew swant,\N,\N,\N,\N
tt1781922,no escape,john erick dowdle,drew dowdle; john erick dowdle,no escape,john erick dowdle,drew dowdle; john erick dowdle
tt1785386,love addiction,nobuteru uchida,nobuteru uchida,\N,\N,\N
tt1785669,vikingdom,yusry abdul halim,james coyne,vikingdom,yusry bin abdul halim,james coyne
tt1786756,\N,\N,\N,\N,\N,\N
tt17889522,\N,\N,\N,\N,\N,\N
tt17889892,\N,\N,\N,\N,\N,\N
tt17902464,\N,\N,\N,\N,\N,\N
tt1792797,\N,\N,\N,\N,\N,\N
tt1793217,\N,\N,\N,\N,\N,\N
tt1793229,\N,\N,\N,\N,\N,\N
tt1800325,\N,\N,\N,\N,\N,\N
tt1801061,me & you,bernardo bertolucci,bernardo bertolucci; francesca marciano; niccolo ammaniti; umberto contarello,me and you,bernardo bertolucci,bernardo bertolucci; francesca marciano; niccolo ammaniti; umberto contarello
tt1805318,making dances: seven post-modern choreographers,michael blackwood,\N,\N,\N,\N
tt1805471,\N,\N,\N,the talgai skull,thomas william haydon,\N
tt1805506,\N,\N,\N,\N,\N,\N
tt18069474,\N,\N,\N,\N,\N,\N
tt1807954,veuve et nymphomane,georges gueret; jeanclaude stromme,sergealain fayola,\N,\N,\N
tt18114570,a time to remember,hwang kyungsung,\N,time of memory,\N,\N
tt1813140,\N,\N,\N,\N,\N,\N
tt1813361,how are you,jannik splidsboel,\N,how are you,jannik splidsboel,jannik splidsboel
tt1813458,les derniers survivants,arnaud toussaint,\N,les derniers survivants,arnaud toussaint,\N
tt1816068,\N,\N,\N,\N,\N,\N
tt18161052,\N,\N,\N,\N,\N,\N
tt1817092,\N,\N,\N,from the dawn,jillali ferhati,jillali ferhati
tt1817779,one heart one spirit,mun yiuwah,\N,\N,\N,\N
tt1818388,kent nagano: montreal symphony,bettina ehrhardt,\N,kent nagano - montreal symphony,bettina ehrhardt,\N
tt18184298,\N,\N,\N,\N,\N,\N
tt1819601,miss dial,david h steinberg,david h steinberg,miss dial,david h steinberg; david steinberg,david h steinberg
tt1820611,\N,\N,\N,\N,\N,\N
tt1821663,\N,\N,\N,\N,\N,\N
tt18224832,\N,\N,\N,\N,\N,\N
tt18244208,\N,\N,\N,\N,\N,\N
tt18245480,la tajada,donald whittier,\N,\N,\N,\N
tt18254562,if we were lucky,\N,\N,\N,\N,\N
tt18255028,\N,\N,\N,\N,\N,\N
tt1825646,after the apocalypse,antony butts,\N,\N,\N,\N
tt18256970,\N,\N,\N,\N,\N,\N
tt18263516,\N,\N,\N,\N,\N,\N
tt18263854,the christmas games,salvador suarez obregon,constanza boquet,navidad en vivo,salvador suarez obregon,\N
tt1826577,14 americans: directions of the 1970s,michael blackwood; nancy rosen,\N,\N,\N,\N
tt18286640,bubblegum,jeffrey garcia,jeffrey garcia,\N,\N,\N
tt18302002,the case for heaven,mani sandoval,\N,\N,\N,\N
tt18306296,\N,\N,\N,\N,\N,\N
tt18310176,\N,\N,\N,\N,\N,\N
tt18312964,\N,\N,\N,\N,\N,\N
tt18313002,say it thrice,kautuk saksena,kautuk saksena,\N,\N,\N
tt18314066,tip-off,vyacheslav fedorov,igor safronov; vyacheslav fedorov,\N,\N,\N
tt1832420,the war and the wedding,zaza kolelishvili,paata berikashvili; tengiz tkhilava; zaza kolelishvili,\N,\N,\N
tt18327822,\N,\N,\N,\N,\N,\N
tt18334770,\N,\N,\N,\N,\N,\N
tt18336384,\N,\N,\N,\N,\N,\N
tt1836016,kantor,andrzej sapija,\N,\N,\N,\N
tt1836220,\N,\N,\N,\N,\N,\N
tt1837701,\N,\N,\N,\N,\N,\N
tt1839684,\N,\N,\N,\N,\N,\N
tt1840930,\N,\N,\N,oleg,mads koudal,mads koudal
tt1841513,bakroman,gianluca de serio; massimiliano de serio,\N,\N,\N,\N
tt1841781,orillas,pablo cesar,\N,\N,pablo cesar,\N
tt1842477,\N,\N,\N,\N,\N,\N
tt1843107,assisted fishing,joe crouch,joe crouch,\N,\N,\N
tt1844205,\N,\N,\N,\N,\N,\N
tt1844735,mekong hotel,apichatpong weerasethakul,apichatpong weerasethakul,mekong hotel,apichatpong weerasethakul,apichatpong weerasethakul
tt1845789,die tigerentenbande - der film,irina probost,\N,\N,irina probost,\N
tt1846733,\N,\N,\N,\N,\N,\N
tt1846803,troubleshooter,kwon hyeokjae,kim jeongmin; kwon hyeokjae; ryoo seungwan,hae-gyeol-sa,\N,\N
tt18469754,\N,\N,\N,\N,\N,\N
tt1847641,masters of modern sculpture part i: the pioneers,michael blackwood,\N,\N,\N,\N
tt1847651,\N,\N,\N,\N,\N,\N
tt1848999,\N,\N,\N,melati van agam,tan tjoei hock,\N
tt1849884,\N,\N,\N,\N,\N,\N
tt1853550,"echo of the elephants, the story of an elephant family",\N,\N,\N,\N,\N
tt1853614,a letter to momo,hiroyuki okiura,hiroyuki okiura,a letter to momo,hiroyuki okiura,hiroyuki okiura
tt1854279,\N,\N,\N,\N,\N,\N
tt18547228,"amen, amen, amen: a story for our times",tom gallagher,\N,\N,\N,\N
tt1855161,\N,\N,\N,\N,\N,\N
tt18561466,gajab thai gayo!,neeraj joshi,neeraj joshi,gajab thai gayo!,\N,\N
tt1860371,the blind hero fighting evil wolf,lee ying,ku chun,\N,\N,\N
tt1863157,ates parcas,ylmaz atadeniz,recep filiz,\N,\N,\N
tt1864428,navigate this maze,matthew scheller,matthew scheller,\N,\N,\N
tt1866079,\N,\N,\N,\N,\N,\N
tt18690318,\N,\N,\N,\N,\N,\N
tt18693144,\N,\N,\N,\N,\N,\N
tt1870484,somewhere else,kjellake andersson,hans gunnarsson,nagon annanstans i sverige,kjellake andersson,hans gunnarsson
tt1871434,\N,\N,\N,\N,\N,\N
tt1874820,witchcraft: the magick rituals of the coven,karen frandsen,karen frandsen,\N,\N,\N
tt1874821,\N,\N,\N,\N,\N,\N
tt1876415,\N,\N,\N,\N,\N,\N
tt1880204,\N,\N,\N,\N,\N,\N
tt1881015,\N,\N,\N,\N,\N,\N
tt18810706,rise above: the carl jackson story,maryilene blondell,maryilene blondell,\N,\N,\N
tt1884414,shakespeare high,alex rotaru,\N,\N,\N,\N
tt1887919,\N,\N,\N,this is my land... hebron,giulia amati,\N
tt1894537,japanese salaryman neo,teruyuki yoshida,daisuke habara; teruyuki yoshida,\N,\N,\N
tt18950346,the marriage fixer,toka mcbaror,darlington chukwunyere,\N,\N,\N
tt18952116,\N,\N,\N,\N,\N,\N
tt1895562,\N,\N,\N,\N,\N,\N
tt18974288,\N,\N,\N,\N,\N,\N
tt1899100,19 doors,bruce koehler,jacqueline druga,\N,\N,\N
tt19045420,\N,\N,\N,dangerous sex,lee jun,\N
tt19063724,\N,\N,\N,\N,\N,\N
tt1908455,among the fallen,jay shatzer,jay shatzer,\N,\N,\N
tt1908471,catching hell,alex gibney,alex gibney,\N,\N,\N
tt1913178,the crown and the dragon,anne k black,anne k black; justin partridge; kynan griffin,the crown and the dragon,anne k black,\N
tt1918750,\N,\N,\N,\N,\N,\N
tt1918892,\N,\N,\N,\N,\N,\N
tt1920816,\N,\N,\N,\N,\N,\N
tt1920870,\N,\N,\N,\N,\N,\N
tt1920996,the star making machine,esteban echeverria,\N,the star maker,\N,\N
tt1921143,to paradise,\N,\N,\N,\N,\N
tt19243810,\N,\N,\N,\N,\N,\N
tt19246224,\N,\N,\N,\N,\N,\N
tt19265480,manmatha leelai,venkat prabhu,manivannan balasubramaniam; venkat prabhu,manmadha leelai,venkat prabhu,\N
tt19269042,city of a dream,annabel loyola,annabel loyola,city of a dream,annabel loyola,annabel loyola
tt1927012,dead shadows,david cholewa,vincent jule,dead shadows,david cholewa,\N
tt1927025,trash,benoit pilon,\N,trash,benoit pilon,benoit pilon; pierre szalowski
tt1927055,hell of a day,daniele misischia,claudio camilli; daniele misischia,\N,\N,\N
tt1928172,frontalwatte,jakob lass,jakob lass,a mouth full of bandages,jakob lass,jakob lass
tt1931386,bali: life is an offering,\N,\N,\N,\N,\N
tt1935254,the adventists,\N,\N,\N,\N,\N
tt19353638,why we fight?,alain platel; mirjam devriendt,alain platel; mirjam devriendt,\N,\N,\N
tt19355752,\N,\N,\N,\N,\N,\N
tt19365512,\N,\N,\N,\N,\N,\N
tt19370932,paris and love,mohamed salman,mohamed salman,paris and love,mohamed salman,\N
tt19371340,spread: pigs to slaughter,robert christopher smith,kurt belcher; robert christopher smith,\N,\N,\N
tt19371532,\N,\N,\N,\N,\N,\N
tt1937326,\N,\N,\N,\N,\N,\N
tt1937386,\N,\N,\N,\N,\N,\N
tt19380758,\N,\N,\N,\N,\N,\N
tt19392202,quem matou laura paula,joao capela,carlos morais,\N,\N,\N
tt19397296,jackpot,emil krizka,albert cuba; vladimir polak,three tigers in the movie: jackpot,emil krizka,albert cuba; vladimir polak
tt19409960,songs above clouds,rafael gasparyants; yuriy gorkovenko,maksim gettuyev; yuriy gorkovenko,\N,\N,\N
tt1941585,les mythos,denis thybaud,beatrice fournera; cherif sais; samir oubechou,les mythos,denis thybaud,\N
tt1941686,\N,\N,\N,\N,\N,\N
tt19429498,\N,\N,\N,\N,\N,\N
tt1945228,voyage of time: life's journey,terrence malick,terrence malick,voyage of time,terrence malick,terrence malick
tt1948198,transnationalmannschaft,philipp kohl,ali badakhshan rad,transnational squad,ali badakhshan rad; phillip kohl,ali badakhshan rad; phillip kohl
tt1948629,tatooreh,kiumars pourahmad,kiumars pourahmad; mohammad reza safdari,tatooreh,kiumars pourahmad,kiumars pourahmad
tt1949605,who gets the dog?,huck botko,matt jl wheeler; rick rapoza,who gets the dog?,huck botko,\N
tt1950178,freedom from famine: the norman borlaug story,\N,\N,\N,\N,\N
tt19512418,brillantes,sylvie gautier,sylvie gautier,brillantes,\N,\N
tt1954433,\N,\N,\N,\N,\N,\N
tt1954714,osage tribal murders,sherwood ball,celia xavier,\N,\N,\N
tt1956603,postales colombianas,ricardo coraldorado,ricardo coraldorado,colombian postcards,ricardo coral dorado,\N
tt1956648,\N,\N,\N,\N,\N,\N
tt1957896,\N,\N,\N,\N,\N,\N
tt1959528,secos & molhados,armando mendz,\N,\N,\N,\N
tt19637712,\N,\N,\N,\N,\N,\N
tt1964495,\N,\N,\N,\N,\N,\N
tt1964850,\N,\N,\N,\N,\N,\N
tt1965250,\N,\N,\N,\N,\N,\N
tt19662422,\N,\N,\N,\N,\N,\N
tt1966368,bhalobaslei ghor bandha jay na,jakir hossain raju,\N,bhalobaslei ghor bandha jay na,jakir hossain raju,\N
tt1969062,infinitely polar bear,maya forbes,maya forbes,infinitely polar bear,maya forbes,maya forbes
tt19719162,distant thunder,takayuki ohashi,takayuki ohashi,\N,\N,\N
tt19721964,\N,\N,\N,\N,\N,\N
tt19753920,\N,\N,\N,\N,\N,\N
tt1975987,\N,\N,\N,\N,\N,\N
tt19796546,\N,\N,\N,\N,\N,\N
tt19798294,volodarka,nathalie vannereau,nathalie vannereau,\N,\N,\N
tt1980056,children of the revolution,shane osullivan,\N,children of the revolution,shane osullivan,\N
tt1981129,untitled fbi wedding sting film,\N,jonathan tropper,\N,\N,\N
tt19830276,\N,\N,\N,\N,\N,\N
tt19845648,tesseract: portals,richard oakes,\N,\N,\N,\N
tt19847338,reel rock 16,\N,\N,\N,\N,\N
tt19848774,\N,\N,\N,\N,\N,\N
tt19850564,saving ana,june daguiso,\N,\N,\N,\N
tt19852570,\N,\N,\N,\N,\N,\N
tt19859820,\N,\N,\N,\N,\N,\N
tt19872762,the olive tree of boul'hivet,mohamed nadir azizi,khaled benmiloud,l'olivier de boulhilet,\N,\N
tt19882472,parde mein rehne do,wajahat rauf,mohsin ali,parde mein rehne do,wajahat rauf,\N
tt1990235,\N,\N,\N,\N,\N,\N
tt1995385,\N,\N,\N,\N,\N,\N
tt1995445,swantham bharya zindabad,biju vattappara,biju vattappara,swantham bharya zindabad,\N,\N
tt1995458,the bang bang brokers,david n donihue,david n donihue,\N,\N,\N
tt1996398,\N,\N,\N,\N,\N,\N
tt1999998,jade hairpin alliance,chengda tang,lungsheng wo,\N,\N,\N
tt2002759,perfectmatch,chad eddy,chad eddy,\N,\N,\N
tt2006056,\N,\N,\N,\N,\N,\N
tt2007403,mendelsohn's incessant visions,duki dror,\N,mendelsohn's incessant visions,duki dror,\N
tt2007954,barefoot gen's hiroshima,ishida yuko,\N,\N,\N,\N
tt2009419,\N,\N,\N,\N,\N,\N
tt20118266,"aku jati, aku asperger",fajar bustomi,fikra fadilla; rinipta swasti simson,\N,fajar bustomi,\N
tt2014191,chapman,justin owensby,justin owensby,chapman,\N,\N
tt20149536,demons,nataliia vorozhbyt,nataliia vorozhbyt,demons,natalya vorozhbit,natalya vorozhbit
tt2016221,\N,\N,\N,\N,\N,\N
tt2016282,karate from shaolin temple,hideo nanbu,hideo nanbu; hiroshi nagao; kengo inomata,\N,\N,\N
tt20204588,\N,\N,\N,\N,\N,\N
tt20214260,\N,\N,\N,\N,\N,\N
tt20215968,hit man,richard linklater,glen powell; richard linklater,hit man,richard linklater,glen powell; richard linklater
tt20222484,\N,\N,\N,\N,\N,\N
tt20223758,\N,\N,\N,\N,\N,\N
tt2022497,play,nam dajung,nam dajung,play,\N,\N
tt20237930,\N,\N,\N,could you don't leave me,\N,\N
tt20239280,zoku santo juyaku,hideo suzuki,kenro matsuura,\N,\N,\N
tt2024463,the sea at the time of the eclipse,jure pervanje,jure pervanje,\N,jure pervanje,\N
tt20255394,wizards!,david michod,david michod; joel edgerton,wizards!,david michod,david michod
tt2025702,\N,\N,\N,\N,\N,\N
tt20318392,\N,\N,\N,\N,\N,\N
tt2033965,\N,\N,\N,\N,\N,\N
tt2035462,\N,\N,\N,\N,\N,\N
tt2040553,the love of beer,alison grayson,alison grayson,\N,\N,\N
tt2041463,\N,\N,\N,\N,\N,\N
tt2043938,"ocana, la memoria del sol",juan j moreno,\N,"ocana, la memoria del sol",juan j moreno,juan j moreno
tt2044014,\N,\N,\N,\N,\N,\N
tt20447894,\N,\N,\N,\N,\N,\N
tt2046116,lost years,\N,\N,lost years: a people's struggle for justice,kenda gee; tom radford,\N
tt2048778,\N,\N,\N,\N,\N,\N
tt2048929,\N,\N,\N,\N,\N,\N
tt20517442,red herring,kit vincent,\N,\N,\N,\N
tt2055767,the fourth reich,manie van rensburg,malcolm kohll,the fourth reich,manie van rensburg,\N
tt20563492,\N,\N,\N,\N,\N,\N
tt2057956,crocodile in the yangtze,porter erisman,\N,\N,\N,\N
tt2058092,\N,\N,\N,the book of mormon,casey nicholaw; trey parker,\N
tt20600384,benediction,kabat esosa egbon,\N,\N,\N,\N
tt20600404,\N,\N,\N,\N,\N,\N
tt2062606,\N,\N,\N,\N,\N,\N
tt20628954,goffredo e l'italia chiamo,angelo antonucci,angelo antonucci; ekaterina khudenkikh,\N,\N,\N
tt2063013,the assassins,zhao linshan,wang bin; wang hailin,the assassins,linshan zhao,wang bin
tt2064761,the house of the wind,vyacheslav zlatopolskiy,aleksei timm,dom vetra,vyacheslav zlatopolskiy,\N
tt2064960,the great flood,bill morrison,\N,\N,\N,\N
tt20673400,\N,\N,\N,\N,\N,\N
tt2072983,\N,\N,\N,\N,\N,\N
tt20765824,herman the clown and the hypnotist,timo koivusalo,timo koivusalo,herman the clown and the hypnotist,timo koivusalo,\N
tt20766126,vivaha avahanam,sajan alummoottil,nitaarah nadhine,\N,\N,\N
tt20766136,\N,\N,\N,\N,\N,\N
tt20770330,the roping fools,will fitzpatrick,\N,\N,\N,\N
tt2077772,hush,jyri kahonen,tuomas parviainen,ja saapuu oikea yo,jyri kahonen,\N
tt2077908,zarafa,jeanchristophe lie; remi bezancon,alexander abela; remi bezancon,zarafa,jeanchristophe lie; remi bezancon,alexander abela; remi bezancon
tt20781372,\N,\N,\N,\N,\N,\N
tt20783246,\N,\N,\N,\N,\N,\N
tt2081361,\N,\N,\N,\N,iksan lahardi,\N
tt2082463,\N,\N,\N,\N,\N,\N
tt2084832,fight to live,\N,\N,\N,\N,\N
tt20868642,the ex obsession,michael civille,ellen huggins,\N,\N,\N
tt20880118,\N,\N,\N,\N,\N,\N
tt20880676,i got problemz,christopher nolen,\N,\N,\N,\N
tt2093044,knock knock 2,chris sheng,chris sheng,\N,\N,\N
tt2094921,quartieri popolari di roma,alfredo leonardi; anna lajolo; guido lombardi,anna lajolo,\N,\N,\N
tt2099649,\N,\N,\N,\N,\N,\N
tt2100686,\N,\N,\N,the professional killer,chunliang chen,\N
tt2101424,\N,\N,\N,\N,\N,\N
tt2102353,kohi... mero,alok nembang,alok nembang; prawin adhikari,kohi mero,alok nembang,\N
tt2102360,a night when the moon cried,ahmed yehia,farouk sabry,a night when the moon cried,ahmed yehia,farouk sabry
tt2103281,dawn of the planet of the apes,matt reeves,amanda silver; mark bomback; rick jaffa,dawn of the planet of the apes,matt reeves,amanda silver; mark bomback; rick jaffa; scott z burns
tt21040632,living wine,lori miller,\N,\N,\N,\N
tt21046632,\N,\N,\N,\N,\N,\N
tt2105018,\N,\N,\N,\N,\N,\N
tt21051906,a family affair,richard lagravenese,carrie solomon,a family affair,richard lagravenese,carrie solomon
tt21055152,\N,\N,\N,\N,\N,\N
tt21056360,\N,\N,\N,\N,\N,\N
tt21058548,\N,\N,\N,\N,\N,\N
tt21059520,girl in the picture,skye borgman,\N,girl in the picture,skye borgman,\N
tt21066478,\N,\N,\N,\N,\N,\N
tt2108510,\N,\N,\N,\N,\N,\N
tt21087360,president dia,ousmane william mbaye,\N,\N,\N,\N
tt21088430,\N,\N,\N,\N,\N,\N
tt21104132,liebe angst,sandra prechtel,kim seligsohn; sandra prechtel,liebe angst,sandra prechtel,\N
tt21110648,\N,\N,\N,\N,\N,\N
tt2112303,the rocka,robert nss,hans bastian borg; robert nss,\N,\N,\N
tt2113021,\N,\N,\N,\N,\N,\N
tt21137264,\N,\N,\N,\N,\N,\N
tt2113753,sakuragi rui: gushonure kahanshin,sachi hamano,kuninori yamazaki,\N,\N,\N
tt2113817,\N,\N,\N,\N,\N,\N
tt21141632,\N,\N,\N,\N,\N,\N
tt21141904,\N,\N,\N,\N,\N,\N
tt2114410,it looks pretty from a distance,anka sasnal; wilhelm sasnal,anka sasnal,it looks pretty from a distance,wilhelm sasnal,\N
tt2115426,penny pinchers,kim junghwan,kim junghwan,penny pinchers,junghwan kim,\N
tt21159214,impuros: o filme,rene sampaio,\N,\N,\N,\N
tt2117840,canary brothers of tondo,\N,\N,\N,\N,\N
tt21190500,\N,\N,\N,\N,\N,\N
tt21201256,\N,\N,\N,\N,\N,\N
tt21204904,\N,\N,\N,\N,\N,\N
tt21210354,\N,\N,\N,\N,\N,\N
tt21214474,\N,\N,\N,\N,\N,\N
tt21217722,tales of terror: g men isolated island,hirokatsu kihara; kohei taniguchi,\N,\N,\N,\N
tt21222534,\N,kenkichi hara,takao yanai,\N,\N,\N
tt2124881,\N,\N,\N,\N,\N,\N
tt2125430,an american in hollywood,sai varadan,sai varadan,\N,\N,\N
tt2125467,charles bradley: soul of america,poull brien,\N,\N,\N,\N
tt21255232,\N,\N,\N,\N,\N,\N
tt21263500,contorted,kang donghun,kang donghun,contorted,kang dong hun,\N
tt21264854,\N,\N,\N,\N,\N,\N
tt21278536,\N,\N,\N,\N,\N,\N
tt21281018,\N,\N,\N,\N,\N,\N
tt21294164,\N,\N,\N,\N,\N,\N
tt21295236,\N,\N,\N,\N,\N,\N
tt21300748,la llave mortal,francisco guerrero,carlos valdemar; mil mascaras,\N,\N,\N
tt2130127,\N,\N,\N,\N,\N,\N
tt21308094,\N,\N,\N,kollura sri mookambika,renuka sharma,chi udaya shankar
tt21319196,\N,\N,\N,\N,\N,\N
tt21331844,\N,\N,\N,\N,\N,\N
tt21337988,\N,\N,\N,\N,\N,\N
tt2134077,it was fifty years ago today! the beatles: sgt. pepper & beyond,alan g parker,\N,it was fifty years ago today! the beatles: sgt. pepper & beyond,alan parker,\N
tt21367028,\N,\N,\N,\N,\N,\N
tt2136728,\N,\N,\N,\N,\N,\N
tt2137184,one hour to die,philip gardiner,philip gardiner,\N,\N,\N
tt21373190,\N,\N,\N,\N,\N,\N
tt2137406,\N,\N,\N,\N,\N,\N
tt21374990,\N,\N,\N,\N,\N,\N
tt21377362,\N,\N,\N,\N,\N,\N
tt21382750,\N,\N,\N,\N,\N,\N
tt21387888,\N,\N,\N,\N,\N,\N
tt2139725,cal,christian martin,christian martin,cal,christian martin,\N
tt2140087,\N,\N,\N,\N,\N,\N
tt21405534,retribution: venganza,gordon scott venters,gordon scott venters,\N,\N,\N
tt21419188,the chicago mob: deadly associates,\N,\N,\N,\N,\N
tt2142055,xingu,cao hamburger,anna muylaert; cao hamburger; elena soarez,xingu,cao hamburger,anna muylaert; cao hamburger
tt21423510,\N,\N,\N,\N,\N,\N
tt2142711,berlin kaplan,hakan algul,ata demirer,berlin kaplani,hakan algul,ata demirer
tt21427598,silent,shemi zarhin,\N,\N,shemi zarhin,shemi zarhin
tt2142815,life? or theatre?,frans weisz,\N,\N,frans weisz,\N
tt2142889,\N,\N,\N,when heroes lie,arto halonen,arto halonen
tt2142921,\N,\N,\N,\N,\N,\N
tt2144110,monk tang cho - virgin power,ah bu,kai man,\N,\N,\N
tt21444536,guru ngaji,erwin arnada,alim sudio,\N,\N,\N
tt21446550,\N,\N,\N,\N,\N,\N
tt2144820,stand your ground,michael mcclendon,michael mcclendon,\N,\N,\N
tt2145788,\N,\N,\N,\N,\N,\N
tt2146550,musgo,gami orbegoso,gami orbegoso,\N,\N,\N
tt21479726,\N,\N,\N,\N,\N,\N
tt2148320,back streets,kamal atteya,abd el rahman el sharqawy,\N,kamal attia,\N
tt2148821,\N,\N,\N,\N,\N,\N
tt2151764,nameless stars,kim kangyun,keumdong choi,\N,\N,\N
tt2155310,people in motion,\N,\N,\N,\N,\N
tt2156791,\N,\N,\N,\N,\N,\N
tt21599566,\N,\N,\N,\N,\N,\N
tt21600328,\N,\N,\N,\N,\N,\N
tt21600782,song of spring,vladimir gardin,ales lezhnevich; vladimir gardin,\N,\N,\N
tt21603304,\N,\N,\N,\N,\N,\N
tt21603806,\N,\N,\N,\N,\N,\N
tt21607880,\N,\N,\N,\N,\N,\N
tt21609046,\N,\N,\N,\N,\N,\N
tt21615422,\N,\N,\N,\N,\N,\N
tt21627390,believers,hideo jojo,hideo jojo,\N,\N,\N
tt21630100,\N,\N,\N,\N,yuri tarich,\N
tt2163594,\N,\N,\N,\N,\N,\N
tt21637810,\N,\N,\N,\N,\N,\N
tt21639500,\N,\N,\N,\N,\N,\N
tt2164468,dragonwolf,raimund huber,johan kirsten; raimund huber,\N,\N,\N
tt21651358,elipsis,\N,\N,\N,\N,\N
tt21653102,\N,\N,\N,\N,\N,\N
tt2167715,it's all so quiet,nanouk leopold,nanouk leopold,it's all so quiet,nanouk leopold,gerbrand bakker; nanouk leopold
tt2170004,\N,\N,\N,\N,\N,\N
tt2170626,groper's last train,akira fukamachi,shoichi ikeda,\N,\N,\N
tt2171761,nightfall in india,chema rodriguez,\N,nightfall in india,chema rodriguez,chema rodriguez; david planell
tt2174027,\N,\N,\N,\N,\N,\N
tt2175685,hakuchu no hitozuma: okarareru kyonyu,tetsuya takehora,kosuke komatsu,\N,\N,\N
tt2177884,a guide to dating at the end of the world,samuel gay,samuel gay; stewart klein,a guide to dating at the end of the world,\N,\N
tt21807858,\N,\N,\N,\N,\N,\N
tt21812016,\N,\N,\N,\N,\N,\N
tt21818548,\N,\N,\N,\N,\N,\N
tt2182259,\N,\N,\N,\N,\N,\N
tt21830540,nairobby,jennifer gatero,\N,nairobby,\N,\N
tt21839348,\N,\N,\N,\N,\N,\N
tt21843880,\N,\N,\N,\N,\N,\N
tt21853564,\N,\N,\N,maia,\N,\N
tt2185427,\N,\N,\N,\N,\N,\N
tt21861984,the enchanted,elena trape,elena trape; miguel ibanez monroy,els encantats,elena trape,\N
tt2186858,empty hands,abholghassem talebi,abholghassem talebi,\N,\N,\N
tt2187071,seeking dolly parton,michael worth,michael worth,seeking dolly parton,michael worth,\N
tt2187149,sword of the assassin,victor vu,oan nhat nam; victor vu,blood letter,victor vu,\N
tt21871754,all i want for christmas,armani martin,\N,\N,\N,\N
tt2188741,faro,fredrik edfeldt,karin arrhenius,faro,fredrik edfeldt,karin arrhenius
tt2190364,\N,\N,\N,\N,\N,\N
tt21905942,\N,\N,\N,\N,\N,\N
tt21923314,jiaoren of the south china sea,\N,\N,\N,\N,\N
tt2193183,\N,\N,\N,\N,\N,\N
tt21938272,\N,\N,\N,why are the flowers so red,\N,\N
tt21939168,\N,\N,\N,\N,\N,\N
tt21941472,\N,\N,\N,\N,\N,\N
tt21945108,\N,\N,\N,\N,\N,\N
tt21953824,\N,\N,\N,\N,\N,\N
tt21960166,\N,\N,\N,\N,\N,\N
tt2197068,\N,\N,\N,\N,\N,\N
tt21981936,\N,\N,\N,\N,\N,\N
tt21983552,\N,\N,\N,\N,\N,\N
tt21986454,\N,\N,\N,\N,\N,\N
tt21988264,\N,\N,\N,\N,\N,\N
tt21989280,pretty boy,camryn tynan; skylar schanen,\N,\N,\N,\N
tt21994376,\N,\N,\N,\N,\N,\N
tt21997718,life lessons,frederic sojcher,alain layrac,life lessons,frederic sojcher,\N
tt22012962,\N,\N,\N,\N,\N,\N
tt2201976,\N,\N,\N,\N,\N,\N
tt2202296,\N,\N,\N,\N,\N,\N
tt22030582,the master of dragon descendants magic dragon,\N,\N,\N,\N,\N
tt2203298,"cargo, lost and found",biljana tutorov,biljana tutorov; raphaelle desplechin,\N,\N,\N
tt22033776,\N,\N,\N,\N,\N,\N
tt22035932,\N,\N,\N,\N,\N,\N
tt2203855,left thumb signature,purshottam berde,ajit dalvi; prashant dalvi; ramesh ingale utraadarkar,nishani dava anghatha,\N,\N
tt22053038,\N,\N,\N,\N,\N,\N
tt2206188,the animals,gino m santos,gino m santos; jeff stelton,the animals,gino m santos,\N
tt22075030,\N,\N,\N,\N,\N,\N
tt22084900,\N,\N,\N,\N,\N,\N
tt2209706,\N,\N,\N,\N,\N,\N
tt2210524,\N,\N,\N,\N,\N,\N
tt22120686,the castle,martin benchimol,martin benchimol,the castle,martin benchimol,\N
tt2215163,issaq,manish tiwary,padmaja thakoretiwary,issaq,manish tiwary,\N
tt22163436,\N,\N,\N,\N,\N,\N
tt22174572,at first glance,arnaud lalanne; fabrizio benvenuto; ida hansen elden; julie robert; marta gonzalez de la vega; shanu sharma; sophie saville,\N,\N,\N,\N
tt2224349,\N,\N,\N,\N,\N,\N
tt22258844,\N,\N,\N,\N,\N,\N
tt22261200,\N,\N,\N,\N,\N,\N
tt22267880,\N,\N,\N,\N,\N,\N
tt22297382,\N,\N,\N,\N,\N,\N
tt2231413,\N,\N,\N,\N,\N,\N
tt22334258,someone like you,tyler russell,karen kingsbury; tyler russell,someone like you,\N,karen kingsbury
tt22353198,\N,\N,\N,\N,\N,\N
tt2235809,\N,\N,\N,\N,\N,\N
tt2238893,puthisen and lady kong rey,ly bun yim,\N,puthisean neang kong rey,ly bun yim,\N
tt2239654,the war on health: the fda's cult of tyranny,gary null,\N,\N,\N,\N
tt2239756,\N,\N,\N,\N,\N,\N
tt22409444,\N,\N,\N,\N,\N,\N
tt2241240,\N,\N,\N,\N,\N,\N
tt2242176,horsehead,romain basset,karim cheriguene; romain basset,horsehead,romain basset,\N
tt22441574,\N,\N,\N,\N,\N,\N
tt2245023,\N,\N,\N,\N,\N,\N
tt2246236,\N,\N,\N,\N,\N,\N
tt2248897,"leonardo: from the national gallery, london",phil grabsky,phil grabsky,\N,\N,\N
tt2249786,50 kisses,andrew t wright; chris jones; evan marlowe; rocko paolo; vlastimir stevanovic,\N,\N,\N,\N
tt22503050,\N,\N,\N,\N,\N,\N
tt22522126,gate money,jasper spanjaart,jasper spanjaart,\N,\N,\N
tt22524958,\N,\N,\N,\N,\N,\N
tt2252574,\N,hu mingkai,\N,\N,\N,\N
tt2258591,shoo bre,djengo esmer,djengo esmer,shoo bre,djengo esmer,\N
tt2259732,\N,\N,\N,\N,\N,\N
tt2261615,\N,\N,\N,\N,\N,\N
tt2263470,\N,\N,\N,\N,\N,\N
tt22640518,\N,\N,\N,\N,\N,\N
tt22641672,\N,\N,\N,\N,\N,\N
tt22644162,chicas en kerala,gonzalo garciapelayo,\N,\N,\N,\N
tt22694792,\N,\N,\N,\N,\N,\N
tt2272350,the battery,jeremy gardner,jeremy gardner,the battery,jeremy gardner,jeremy gardner
tt22751670,\N,\N,\N,\N,\N,\N
tt22752352,\N,\N,\N,\N,\N,\N
tt22756692,\N,\N,\N,\N,\N,\N
tt22780118,say a little prayer,patrick perez vidauri,nancy de los santosreza,\N,\N,\N
tt2279105,loss of life,david damiata,britton hein; michael matteo rossi,\N,\N,\N
tt22794548,the accident,bruno carboni,bruno carboni; marcela bordin,\N,\N,\N
tt22802098,big fight in little chinatown,karen cho,\N,big fight in little chinatown,karen cho,\N
tt22817270,\N,\N,\N,\N,\N,\N
tt22852804,\N,\N,\N,\N,\N,\N
tt2285629,pacar hantu perawan,yoyok dumprink,melonys,pacar hantu perawan,\N,\N
tt2288794,\N,\N,\N,\N,\N,\N
tt2290755,the splendid waster,lorimer johnston,\N,\N,\N,\N
tt2293080,\N,\N,\N,\N,\N,\N
tt22946264,\N,\N,\N,\N,\N,\N
tt2297418,kapa,ga villafuerte,ga villafuerte,\N,\N,\N
tt2298255,\N,\N,\N,\N,\N,\N
tt2298416,suzanne,katell quillevere,katell quillevere; mariette desert,suzanne,katell quillevere,katell quillevere
tt22986716,for night will come,celine rouzet,celine rouzet; william martin,for night will come,celine rouzet,celine rouzet
tt2300911,\N,\N,\N,\N,\N,\N
tt2301059,petal dance,hiroshi ishikawa,hiroshi ishikawa,petal dance,hiroshi ishikawa,\N
tt2301438,down the river,anucha boonyawatana,anucha boonyawatana,\N,\N,\N
tt23037582,\N,\N,\N,\N,\N,\N
tt2304656,\N,\N,\N,\N,\N,\N
tt23054582,\N,\N,\N,\N,\N,\N
tt2306743,\N,\N,\N,\N,\N,\N
tt2308414,\N,\N,\N,\N,\N,\N
tt2308764,ryojoku: komasu,nobuaki shirai,michio sobu,\N,\N,\N
tt23128938,wonder women,anjali menon,anjali menon,wonder women,anjali menon,\N
tt23137904,rebel moon - part two: the scargiver,zack snyder,kurt johnstad; shay hatten; zack snyder,rebel moon part two: the scargiver,zack snyder,kurt johnstad; shay hatten
tt23146384,\N,\N,\N,\N,\N,\N
tt2315558,the hour of the lynx,sren kraghjacobsen,jonas t bengtsson; sren kraghjacobsen; tobias lindholm,the hour of the lynx,sren kraghjacobsen,jonas t bengtsson; per olov enquist; sren kraghjacobsen; tobias lindholm
tt2318579,la toma,angus gibson; miguel salazar,\N,\N,\N,\N
tt2319682,and/or = one,briann kearney,briann kearney,\N,\N,\N
tt2319813,cyclical effect,michael wade johnson,\N,\N,\N,\N
tt2321383,justice squad,daniel lawrance,antony castle; chadwick ashby; daniel lawrance,\N,\N,\N
tt2325766,fortunato salas: kilabot ng pampanga,dante pangilinan,abellardo c salas; dante pangilinan; johnny pangilinan jr,\N,\N,\N
tt2326626,joel-peter witkin: an objective eye,thomas a marino,\N,\N,\N,\N
tt2328773,the (dead mothers) club,carlye rubin; katie green,\N,\N,\N,\N
tt2330865,\N,\N,\N,\N,\N,\N
tt2331199,the boxer from somewhere else: the ken buchanan story,jamie steedman,jamie steedman,\N,\N,\N
tt2331584,\N,\N,\N,\N,\N,\N
tt23327316,\N,\N,\N,\N,\N,\N
tt23329010,\N,\N,\N,\N,\N,\N
tt2334114,dust,julio hernandez cordon,julio hernandez cordon; mateo iribarren,dust,julio hernandez cordon,\N
tt2335116,lost through the eyes,\N,\N,\N,\N,\N
tt2338163,\N,\N,\N,\N,\N,\N
tt2339423,\N,\N,\N,\N,\N,\N
tt2340444,ashburn waters,david pether,david pether,\N,\N,\N
tt2344698,groper horny train,yasuyoshi ogura,shinpachi ogiwara,\N,\N,\N
tt2345653,\N,\N,\N,\N,\N,\N
tt23468564,\N,\N,\N,\N,\N,\N
tt2349098,fairy tale. there is,aleksandr barshak; elizaveta solomina; konstantin statskiy,anastasiya perova; elizaveta solomina; nadezhda ryashchikova; nana grinshtein,fairytale.is,aleksandr barshak,\N
tt2353826,\N,\N,\N,\N,\N,\N
tt2353862,office lady at night: tongue licking,yutaka so,yutaka so,\N,\N,\N
tt2354498,\N,\N,\N,\N,bjrn bjrnson,bjrn bjrnson; hans wiersjenssen
tt2354575,\N,\N,\N,\N,\N,\N
tt2354583,\N,\N,\N,\N,\N,\N
tt2354646,a paixon de maria solina,alfonso castano; emilio fernandez,\N,\N,\N,\N
tt2356058,bunyip: the movie,\N,\N,\N,\N,\N
tt2357221,\N,\N,\N,\N,\N,\N
tt23576328,legend of paul pry,keith lakean powell,keith lakean powell,\N,\N,\N
tt2359067,\N,\N,\N,\N,\N,\N
tt2361595,on parole 2: do unto the other,kwoklap lee,yan ching,\N,\N,\N
tt23622450,\N,\N,\N,\N,\N,\N
tt23626170,\N,\N,\N,\N,\N,\N
tt2363474,minginui,adam luxton; summer agnew,\N,\N,\N,\N
tt2364200,golondrinas 33,renato ornelas,\N,\N,\N,\N
tt23649908,\N,\N,\N,\N,\N,\N
tt2365948,death onboard,hjalmar davidsen,sven elvestad,kriminalgaaden i kingosgade,hjalmar davidsen,sven elvestad
tt2369571,finding shangri la,ismene ting,ismene ting,\N,\N,\N
tt23709882,dear students,george philip roy; sandeep kumar,george philip roy; sandeep kumar,dear students,\N,\N
tt23712068,\N,\N,\N,\N,\N,\N
tt2371275,\N,\N,\N,\N,\N,\N
tt2371306,tarata,fabrizio aguilar,fabrizio aguilar; sol perez,tarata,fabrizio aguilar,fabrizio aguilar; sol perez
tt2372319,\N,\N,\N,\N,\N,\N
tt2374268,devil flesh,haruyasu noguchi,tetsu suyama,\N,\N,\N
tt2374869,bye bye bangkok,aniket chattopadhyay,\N,bye bye bangkok,aniket chattopadhyay,\N
tt2375791,la fleur de l'age,nick quinn,andreia barbosa,family matters,nick quinn,\N
tt2375872,\N,\N,\N,\N,\N,\N
tt2378094,broken leg,kieran thompson,\N,\N,\N,\N
tt2378268,\N,\N,\N,\N,\N,\N
tt2380390,going bongo,dean matthew ronalds,ernest napoleon,going bongo,dean matthew ronalds,\N
tt23809952,\N,\N,\N,\N,\N,\N
tt2381161,\N,\N,\N,\N,\N,\N
tt23830206,\N,\N,\N,\N,\N,\N
tt23849704,death blow,christopher leto,christopher leto,\N,\N,\N
tt2385185,rafigh,iraj ghaderi,alireza davoudnejad,rafigh,iraj ghaderi,alireza davood nejad
tt2385904,slipping: skate's impact on egypt,\N,\N,\N,\N,\N
tt23869166,caamano: militar a guerrillero,rene fortunato,rene fortunato,\N,\N,\N
tt2387554,\N,\N,\N,\N,\N,\N
tt2388643,\N,\N,\N,\N,iraj ghaderi,\N
tt2388655,\N,\N,\N,\N,\N,\N
tt2388715,oculus,mike flanagan,jeff howard; mike flanagan,oculus,mike flanagan,mike flanagan
tt2391037,\N,\N,\N,\N,\N,\N
tt2392128,the mars project,jonathan balazs,\N,\N,\N,\N
tt2392636,\N,\N,\N,\N,\N,\N
tt2393761,smokescreen,rodrigo mac niven,\N,\N,\N,\N
tt2393763,\N,\N,\N,\N,\N,\N
tt23950740,\N,\N,\N,\N,\N,\N
tt23951066,\N,\N,\N,\N,\N,\N
tt23951394,\N,\N,\N,\N,\N,\N
tt2395457,\N,\N,\N,\N,\N,\N
tt2395970,rewind this!,josh johnson,\N,rewind this,josh johnson,\N
tt2396736,\N,\N,\N,\N,\N,\N
tt2397790,\N,\N,\N,sexton blake,gunnar helsengreen,\N
tt2399569,a special day,gilles jacob; samuel faure,\N,\N,\N,\N
tt24018082,\N,\N,\N,\N,\N,\N
tt2401819,\N,\N,\N,\N,\N,\N
tt2404203,daimonion,fabian barth,fabian barth; marcel carasco,\N,\N,\N
tt24049298,\N,\N,\N,\N,\N,\N
tt24055990,\N,\N,\N,\N,\N,\N
tt24057060,\N,\N,\N,\N,\N,\N
tt24059280,\N,\N,\N,\N,\N,\N
tt2406506,\N,\N,\N,\N,\N,\N
tt2408922,amerikan violence,michael horgan,\N,\N,\N,\N
tt2411024,perfect number,pang eunjin,kim taeyun; lee gongju; lee junghwa,perfect number,bang eunjin,kim taeyoon
tt24132988,manny pacquiao: unstoppable force,piers garland,piers garland,manny pacquiao: unstoppable force,\N,\N
tt2413958,the umbrella man,\N,\N,\N,\N,\N
tt24176910,musallat 3,ozgur bakar,alper kvlcm; guray olgu,\N,\N,\N
tt24177956,\N,\N,\N,\N,\N,\N
tt24250838,\N,\N,\N,\N,\N,\N
tt2429958,\N,\N,\N,\N,\N,\N
tt2430044,josephine,agnes obadia,agnes obadia; samantha mazeras,josephine,agnes obadia,agnes obadia
tt2431918,dead man down,cetin inanc,cetin inanc; cuneyt arkn,intikam benim,cetin inanc,\N
tt2436040,\N,\N,\N,\N,\N,\N
tt2436058,month of the witches,una celma,andris berzins; harijs spanovskis; matiss kaza; una celma,\N,una celma,andris berzins; harijs spanovskis; matiss kaza; una celma
tt2438338,married women who want a taste,hideo jojo,hideo jojo,married women who want a taste,hideo jojo,hideo jojo
tt2444632,\N,\N,\N,\N,\N,\N
tt2446390,deadly opponents,paochang han,lungsheng wo,\N,\N,\N
tt2449922,\N,\N,\N,\N,torben bech,torben bech
tt2451012,\N,\N,\N,\N,\N,\N
tt24514112,the hollys,burr steers,\N,\N,\N,\N
tt2451894,abhay,annu kapoor,\N,abhay,annu kapoor,\N
tt24578916,buying her,\N,\N,\N,\N,\N
tt24628436,\N,\N,\N,\N,\N,\N
tt2463010,\N,\N,\N,\N,\N,\N
tt24640106,\N,\N,\N,\N,\N,\N
tt24640674,\N,\N,\N,\N,\N,\N
tt2464642,\N,\N,\N,\N,\N,\N
tt24669792,the payback,zuko nodada,\N,the payback,\N,\N
tt2473510,paranormal activity: the ghost dimension,gregory plotkin,adam robitel; andrew deutschman; brantley aufill; gavin heffernan; jason pagan,paranormal activity: the ghost dimension,gregory plotkin,gavin heffernan
tt24776738,\N,\N,\N,\N,\N,\N
tt24803454,antha naal,\N,\N,\N,\N,\N
tt2482734,\N,\N,\N,\N,\N,\N
tt2492524,\N,\N,\N,\N,\N,\N
tt24973142,all india rank,varun grover,varun grover,all india rank,varun grover,varun grover
tt2499376,\N,\N,\N,\N,\N,\N
tt2509052,\N,\N,\N,\N,\N,\N
tt2510050,\N,\N,\N,\N,\N,\N
tt2519428,\N,\N,\N,kamen rider kamen rider wizard & fourze: movie war ultimatum,koichi sakamoto,\N
tt2519856,\N,\N,\N,\N,\N,\N
tt2527368,kampen,\N,\N,on thin ice,jesper troelstrup,\N
tt2532124,\N,\N,\N,\N,\N,\N
tt2536426,poker.am,david babakhanyan,ashot abrahamyan; david babakhanyan; ruben jaghinyan,poker.am,david babakhanyan,\N
tt25382788,\N,\N,\N,\N,\N,\N
tt25383462,\N,\N,\N,\N,\N,\N
tt25384594,\N,\N,\N,\N,\N,\N
tt25393090,\N,\N,\N,\N,\N,\N
tt25435954,\N,\N,\N,\N,\N,\N
tt25445982,\N,\N,\N,\N,\N,\N
tt2545064,\N,\N,\N,\N,\N,\N
tt2545510,\N,\N,\N,\N,eyal boers,eyal boers
tt2546808,\N,\N,\N,\N,\N,\N
tt2548398,\N,\N,\N,\N,\N,\N
tt2551354,\N,\N,\N,\N,\N,\N
tt2556228,sunshine boys,kim taegon,kim taegon,the sunshine boys,kim taegon,\N
tt25582396,rohan at the louvre,kazutaka watanabe,yasuko kobayashi,rohan au louvre,\N,\N
tt2558616,\N,\N,\N,\N,\N,\N
tt2559122,je suis supporter du standard,riton liebman,gabor rassov; riton liebman,je suis supporter du standard,riton liebman,gabor rassov; riton liebman
tt2561752,foreshadow,\N,\N,foreshadow,carmelo musca,\N
tt2569782,\N,\N,\N,\N,\N,\N
tt2570920,mobster,brian eric johnson,brian eric johnson,\N,\N,\N
tt2571044,\N,\N,\N,\N,\N,\N
tt25722552,\N,\N,\N,\N,\N,\N
tt2575662,album,reza heydarnejad,reza heydarnejad,album,\N,\N
tt2577138,house of another,alexander smolowe,\N,\N,\N,\N
tt2579552,\N,\N,\N,\N,\N,\N
tt25809718,\N,\N,\N,\N,\N,\N
tt2582064,saw - la mecanique de l'extreme,jacinto carvalho; johan chiaramonte,\N,\N,\N,\N
tt2585654,my genie uncle,ashish bhavsar,ashish bhavsar,mere genie uncle,ashish bhavsar,\N
tt25894644,\N,\N,\N,\N,\N,\N
tt2590214,sisterakas,wenn v deramas,danno kristoper c mariquit; joel mercado; kriz gazmen; wenn v deramas,sisterakas,wenn v deramas,\N
tt2592304,\N,\N,\N,\N,\N,\N
tt2593616,halim munan,hashim rejab,\N,halim munan,\N,\N
tt25941904,eat bitter,ningyi sun; pascale apporagnekindy,mathieu faure; ningyi sun; pascale apporagnekindy,\N,\N,\N
tt2595734,no. 66 madhura bus,nishad m a,kv anil,no. 66 madhura bus,m a nishad,\N
tt25964590,\N,\N,\N,\N,\N,\N
tt2606456,all the fear of the fair,chris jupp,chris jupp,\N,\N,\N
tt2615396,american thrill ride,chris darland,chris darland,\N,\N,\N
tt2619902,\N,\N,\N,\N,\N,\N
tt2622834,rearview,robert gulassarian,robert gulassarian,\N,\N,\N
tt26230974,\N,\N,\N,\N,\N,\N
tt26231170,\N,\N,\N,\N,\N,\N
tt26232044,\N,\N,\N,\N,\N,\N
tt26240922,\N,\N,\N,\N,\N,\N
tt2624732,comando de federales ar-15,\N,\N,\N,\N,\N
tt2625416,\N,\N,\N,\N,\N,\N
tt26260278,\N,\N,\N,\N,\N,\N
tt2630660,el club,rose kowalski,\N,\N,\N,\N
tt2630854,\N,\N,\N,\N,\N,\N
tt26315110,\N,\N,\N,\N,\N,\N
tt26343503,\N,\N,\N,\N,\N,\N
tt26351494,countdown,kwon hyeokjae,hong changpyo; kim jina,count,\N,\N
tt26358908,burden of proof,\N,\N,\N,\N,\N
tt2636480,all the wild horses,ivo marloh,ivo marloh,all the wild horses,ivo marloh,ivo marloh
tt2637460,\N,\N,\N,\N,\N,\N
tt2637918,\N,\N,\N,\N,\N,\N
tt26424375,\N,\N,\N,\N,\N,\N
tt26443769,\N,\N,\N,\N,\N,\N
tt26445625,\N,\N,\N,\N,\N,\N
tt2644950,\N,\N,\N,\N,\N,\N
tt26450717,\N,\N,\N,\N,\N,\N
tt26451663,\N,\N,\N,\N,\N,\N
tt26457210,\N,\N,\N,\N,\N,\N
tt26493408,\N,\N,\N,\N,\N,\N
tt26494215,the case is open,kiumars pourahmad,\N,\N,\N,\N
tt2653262,rough play,shin yeonshick,kim kiduk,rough play,shin yeonshick,kim kiduk
tt26541660,da code,\N,\N,\N,\N,\N
tt26548496,\N,\N,\N,\N,\N,\N
tt26570494,the getback,jared cohn,chad law; garry charles,\N,\N,\N
tt2658322,the river runs black,bobby easley,bobby easley,\N,\N,\N
tt26594945,\N,\N,\N,\N,\N,\N
tt26598785,subarashiki shotai,jiro sugioka,yoshitaro nomura,\N,\N,\N
tt26627101,\N,\N,\N,\N,\N,\N
tt26629343,\N,\N,\N,\N,\N,\N
tt26656535,\N,\N,\N,\N,\N,\N
tt2666234,\N,\N,\N,\N,\N,\N
tt2667326,\N,\N,\N,\N,\N,\N
tt26675192,\N,\N,\N,\N,\N,\N
tt26688020,the orchestra sisters,hiroo ikeda,kiyoshi obayashi; sugako hashida,\N,\N,\N
tt26688393,tom hanks: the nomad,jake hickman,jake hickman,\N,\N,\N
tt26689248,\N,\N,\N,\N,\N,\N
tt26690129,\N,\N,\N,\N,\N,\N
tt2670578,\N,\N,\N,\N,\N,\N
tt2671682,\N,\N,\N,\N,\N,\N
tt2672034,\N,\N,\N,babar adesh,montazur rahman akbar,\N
tt2672330,\N,\N,\N,\N,\N,\N
tt2672902,\N,\N,\N,\N,\N,\N
tt26739402,\N,\N,\N,\N,\N,\N
tt26745426,wild forests,david cebulla,david cebulla; heide moldenhauer,\N,\N,\N
tt26754325,\N,\N,\N,\N,\N,\N
tt2675914,in order of disappearance,hans petter moland,finn gjerdrum; hans petter moland; kim fupz aakeson,in order of disappearance,hans petter moland,kim fupz aakeson
tt26761043,\N,\N,\N,\N,\N,\N
tt26763353,the trace of your lips,julian hernandez,gustavo hernandez de anda; julian hernandez,the trace of your lips,julian hernandez,julian hernandez
tt26772023,syphilis: a motion picture clinic,c f van arsdale,\N,\N,\N,\N
tt26772096,\N,\N,\N,\N,\N,\N
tt2679990,"ab irato, sous l'empire de la colere",dominique boccarossa,dominique boccarossa,\N,dominique boccarossa,\N
tt26894375,rose to crown,shihyun wang,shihyun wang,\N,\N,\N
tt2690552,married woman's affair: if her husband doesn't find out,rumi tama,rumi tama,\N,\N,\N
tt2692690,groper train: mature woman's thighs,akira fukamachi,shuji kataoka,\N,\N,\N
tt26933732,the forbidden daughter,vernon snoop robinson,andrae loggins; demarcus bailey,\N,\N,\N
tt26933797,\N,\N,\N,\N,\N,\N
tt26937328,marivillin gopurangal,arun bose,pramod mohan,marivillin gopurangal,arun k bose,\N
tt26938450,\N,\N,\N,\N,\N,\N
tt26991232,\N,\N,\N,\N,\N,\N
tt26997082,\N,\N,\N,\N,\N,\N
tt27003509,\N,\N,\N,\N,\N,\N
tt27006950,\N,\N,\N,\N,\N,\N
tt27010447,\N,\N,\N,\N,\N,\N
tt27011486,i know when you dead: suicide village,anggy umbara,lele laila,i know when you are going to die: suicide village,anggy umbara,anggy umbara; lele laila
tt27040807,wormtown,sergio pinheiro,andrew james myers,\N,\N,\N
tt27044322,\N,\N,\N,\N,\N,\N
tt2705126,\N,\N,\N,\N,\N,\N
tt27054675,\N,\N,\N,\N,\N,\N
tt27057614,\N,\N,\N,\N,\N,\N
tt2706352,\N,\N,\N,\N,\N,\N
tt27072866,one decision,george kirvin; petty horton,\N,\N,\N,\N
tt2708028,\N,\N,\N,\N,\N,\N
tt2710816,\N,\N,\N,\N,\N,\N
tt27110516,one more shot,james nunn,james nunn; jamie russell,one more shot,james nunn,\N
tt27116652,\N,\N,\N,\N,\N,\N
tt27123988,\N,\N,\N,\N,\N,\N
tt27126305,in ten seconds,ceylan ozgun ozcelik,erdi isk,in ten seconds,ceylan ozgun ozcelik,\N
tt27126801,\N,\N,\N,\N,\N,\N
tt27127520,\N,\N,\N,\N,\N,\N
tt27128258,\N,\N,\N,\N,\N,\N
tt27129041,los dias que vivimos,\N,\N,\N,\N,\N
tt27129064,clothilde dans l'alliance,antoine personnaz; simon baichourose,\N,\N,\N,\N
tt27133215,\N,\N,\N,\N,\N,\N
tt27141500,\N,\N,\N,\N,\N,\N
tt27169201,\N,\N,\N,\N,\N,\N
tt27179834,chalga,marian valev,marian valev,\N,\N,\N
tt27190240,\N,\N,\N,\N,\N,\N
tt27191611,lola blue,\N,eleonora grilli,\N,\N,\N
tt27193203,\N,\N,\N,\N,\N,\N
tt27197387,aka,morgan s dalibert,alban lenoir; morgan s dalibert,aka,\N,\N
tt27204901,\N,\N,\N,\N,\N,\N
tt2720968,curtain of water,joe guerriero,roberto francesco musco,\N,\N,\N
tt27218212,mata hari,ramon a estella,abdul razak,\N,\N,\N
tt27219727,\N,\N,\N,\N,\N,\N
tt2723138,viva belarus!,krzysztof ukaszewicz,franak viacorka; krzysztof ukaszewicz,viva belarus,krzysztof ukaszewicz,franak viacorka
tt2723876,a separation by violence,craig cyr,craig cyr,\N,\N,\N
tt27252441,\N,\N,\N,\N,\N,\N
tt27291387,\N,\N,\N,\N,\N,\N
tt27304819,the love room,suzana dinevski,suzana dinevski,\N,\N,\N
tt27331219,\N,\N,\N,\N,\N,\N
tt27349747,\N,\N,\N,\N,\N,\N
tt27351954,\N,\N,\N,\N,\N,\N
tt27371268,polan,kota nakamura,\N,\N,\N,\N
tt27373062,\N,\N,\N,\N,\N,\N
tt2740562,\N,\N,\N,\N,\N,\N
tt2741500,\N,\N,\N,\N,\N,\N
tt27418974,el rojo mas puro,yira plaza obyrne,\N,\N,\N,\N
tt27440937,weapon,guhan senniappan,guhan senniappan,weapon,guhan senniappan,\N
tt27451262,\N,\N,\N,\N,\N,\N
tt27458360,\N,\N,\N,\N,\N,\N
tt2746556,\N,\N,\N,\N,\N,\N
tt2748180,littekens,martin beek; patrick huiberts,\N,\N,\N,\N
tt27487494,la gardav,dimitri lemoine; thomas lemoine,christiane lemoinevultaggio; thomas lemoine,\N,dimitri lemoine; thomas lemoine,thomas lemoine
tt27490340,\N,\N,\N,\N,\N,\N
tt27499027,\N,\N,\N,\N,\N,\N
tt27512191,\N,\N,\N,\N,\N,\N
tt27513905,\N,\N,\N,\N,\N,\N
tt27530030,the dawn is near,david sipos; elza rebol; matjaz fegus; vid planinc,matjaz fegus; suzana kokalj; vid planinc,\N,\N,\N
tt27531494,\N,\N,\N,\N,\N,\N
tt27531514,in the rearview,maciek hamela,maciek hamela,in the rearview,maciek hamela,maciek hamela
tt27538000,\N,\N,\N,\N,\N,\N
tt27547570,boyz 4,vishal devrukhkar,hrishikesh koli,boyz 4,\N,\N
tt27550368,\N,\N,\N,\N,\N,\N
tt27564488,s.o.g.: the book of ward,rachel neubeck,\N,\N,\N,\N
tt2757424,\N,\N,\N,\N,\N,\N
tt27575680,how saba kept singing,sara taksler,\N,\N,\N,\N
tt27575706,\N,\N,\N,\N,\N,\N
tt27599680,\N,\N,\N,nonte fonte,anirban chakraborty,\N
tt27613403,love & murder: atlanta playboy,jaira thomas,gregory ramon anderson,love & murder: atlanta playboy,\N,\N
tt27618733,manet - degas une amitie tourmentee,stanislas valroff,\N,\N,\N,\N
tt2762900,hong kong,\N,\N,\N,\N,\N
tt27629379,\N,\N,\N,\N,\N,\N
tt27630808,\N,\N,\N,\N,\N,\N
tt27634417,bhavisyavani,mandava sai kumar,mandava sai kumar,\N,\N,\N
tt27640967,\N,\N,\N,\N,\N,\N
tt27648656,\N,\N,\N,\N,\N,\N
tt27650082,\N,\N,\N,\N,\N,\N
tt2765194,schulden gmbh,\N,\N,\N,\N,\N
tt27655123,yawa,\N,\N,\N,\N,\N
tt27666136,\N,\N,\N,\N,\N,\N
tt27673370,sukhibhava,anil kumar p,\N,\N,\N,\N
tt27678489,\N,\N,\N,\N,\N,\N
tt2768052,pruning the family tree,fritz green,dan gordon,\N,\N,\N
tt27687576,anarchy radio,gilles gambino,gilles gambino,\N,\N,\N
tt27689569,\N,\N,\N,\N,\N,\N
tt2769896,louis & luca and the snow machine,rasmus a sivertsen,karsten fullu,snow for christmas,rasmus a sivertsen,karsten fullu
tt27705108,\N,\N,\N,\N,\N,\N
tt2771082,\N,\N,\N,\N,\N,\N
tt27715342,\N,\N,\N,\N,\N,\N
tt27717204,\N,\N,\N,\N,\N,\N
tt27717212,\N,\N,\N,\N,\N,\N
tt2771800,rigor mortis,juno mak,jill leung laiyin; philip yung chikwong,rigor mortis,juno mak,juno mak
tt27719901,\N,\N,\N,\N,\N,\N
tt27720930,\N,\N,\N,\N,\N,\N
tt27722534,my melbourne,arif ali; kabir khan; onir; rahul vohra; rima das,arif ali; gregory francis; monique nair; nazifa amir; samira cox; shivangi bhowmick; william duan,my melbourne,imtiaz ali; kabir khan; onir; rima das,\N
tt27723563,\N,\N,\N,\N,\N,\N
tt27730896,for my sister,hojjatollah seifi,\N,\N,\N,\N
tt27732635,\N,\N,\N,\N,\N,\N
tt2773782,raziye,yusuf kurcenli,yusuf kurcenli,raziye,yusuf kurcenli,\N
tt27751350,the birth reborn 3,eduardo chauvet,\N,the birth reborn 3,eduardo chauvet,\N
tt27757235,\N,\N,\N,\N,\N,\N
tt27775137,the glory of life,georg maas; judith kaufmann,georg maas; michael gutmann,the glory of life,georg maas; judith kaufmann,michael gutmann
tt27792173,\N,\N,\N,\N,\N,\N
tt27806330,\N,\N,\N,\N,\N,\N
tt27829133,\N,\N,\N,\N,\N,\N
tt27834335,bewafa sanam,\N,\N,\N,\N,\N
tt27854103,\N,\N,\N,\N,\N,\N
tt27868504,\N,\N,\N,\N,\N,\N
tt27880434,\N,\N,\N,\N,\N,\N
tt27882544,\N,\N,\N,\N,\N,\N
tt2789508,\N,\N,\N,\N,\N,\N
tt27902224,\N,\N,\N,\N,\N,\N
tt27907852,\N,\N,\N,\N,\N,\N
tt2792396,je ne suis pas moi-meme,alba mora; anna sanmarti,\N,je ne suis pas moi-meme,anna sanmarti i baro,\N
tt27924346,\N,\N,\N,\N,\N,\N
tt27936906,\N,\N,\N,\N,\N,\N
tt27943318,\N,\N,\N,\N,\N,\N
tt27951385,\N,\N,\N,\N,\N,\N
tt27957570,\N,\N,\N,\N,\N,\N
tt27985874,romeo blows the world,romeo davis; sonny stclair,\N,\N,\N,\N
tt27991363,\N,\N,\N,\N,aliasghar shadravan,\N
tt28061485,kenangan masa,dr huyung,dr huyung,kenangan masa,eitaro hinatsu; hinatsu eitaroo,hinatsu eitaroo
tt2806484,claudia qui,tonjia atomic,tonjia atomic,\N,\N,\N
tt28069978,\N,\N,\N,\N,\N,\N
tt2808030,by sobie dzieciak,leszek wosiewicz,leszek wosiewicz,once upon a time in warsaw,leszek wosiewicz,\N
tt28083228,sunfall,ben j williams,sam gurney,\N,\N,\N
tt28098271,blood 4 blood,derrick pointer,derrick pointer,\N,\N,\N
tt28116291,\N,\N,\N,\N,\N,\N
tt28118760,other rare good families,felipe moran,felipe moran,\N,\N,\N
tt2814874,fighting heart,lee hampton,lee hampton,\N,\N,\N
tt2815294,uncharted waters,craig griffin,\N,uncharted waters,\N,\N
tt28156881,\N,\N,\N,\N,\N,\N
tt2815848,owalini,\N,\N,owalini,\N,\N
tt28199816,\N,\N,\N,\N,\N,\N
tt28212358,asthra,azad alavil,jiju raj; vinu k mohan,\N,\N,\N
tt28275565,mujib bhai,\N,\N,mujib bhai,\N,\N
tt28278268,\N,\N,\N,\N,\N,\N
tt28279551,\N,\N,\N,\N,\N,\N
tt28282040,\N,\N,\N,\N,\N,\N
tt28288940,\N,\N,\N,\N,\N,\N
tt28298504,long live love!,piyakarn butprasert,piyakarn butprasert; pongsuang choop,long live love!,\N,\N
tt2830368,erotic agent ii,dick lau tinsze,\N,\N,\N,\N
tt28315773,\N,\N,\N,\N,\N,\N
tt28322115,\N,\N,\N,\N,\N,\N
tt28328696,\N,\N,\N,\N,\N,\N
tt28346132,psycho sex dolls,david wilde,\N,\N,\N,\N
tt28352287,brick by brick: the story of wrigley field,jonathon laureano,\N,\N,\N,\N
tt28352988,\N,\N,\N,\N,\N,\N
tt28353176,psychic darkness video 11,takao daimon,takao daimon,\N,\N,\N
tt28353978,\N,\N,\N,\N,\N,\N
tt28356390,prime,thabiso christopher,thabiso christopher,prime,\N,\N
tt28368145,chasing june,lucas hicks,lucas hicks,\N,\N,\N
tt28377904,psychic darkness video 53,takao daimon,\N,\N,\N,\N
tt2842938,she rises,larry wade carrell,angus macfadyen; lony ruhmann,\N,\N,\N
tt28459713,\N,\N,\N,\N,\N,\N
tt2846108,\N,\N,\N,\N,\N,\N
tt28475875,\N,\N,\N,\N,\N,\N
tt28483876,\N,\N,\N,\N,\N,\N
tt28487207,\N,\N,\N,\N,\N,\N
tt28492146,\N,\N,\N,\N,\N,\N
tt28500180,\N,\N,\N,\N,\N,\N
tt28501473,\N,\N,\N,\N,\N,\N
tt28501583,the utility room,lionel marsden,\N,\N,\N,\N
tt28501585,\N,\N,\N,\N,\N,\N
tt28503964,\N,\N,\N,\N,\N,\N
tt28509958,\N,\N,\N,\N,\N,\N
tt28530099,\N,\N,\N,\N,\N,\N
tt28534192,\N,\N,\N,\N,\N,\N
tt28537936,kamadora,roman perez jr,ronald perez,\N,\N,\N
tt28550111,\N,\N,\N,\N,\N,\N
tt28561427,the way it was: paris restaurants in the 1970s,stephen k scher,\N,\N,\N,\N
tt28576307,\N,\N,\N,the diary,\N,\N
tt28602793,\N,\N,\N,\N,\N,\N
tt28608346,annihilate all humans!,christopher r mihm,christopher r mihm,\N,\N,\N
tt28614211,\N,\N,\N,\N,\N,\N
tt28619226,those who wait,chani bockwinkel; ty burdenski,\N,\N,\N,\N
tt28622944,\N,\N,\N,\N,\N,\N
tt28641326,\N,\N,\N,\N,\N,\N
tt28654369,bhaiyya ji,apoorv singh karki,deepak kingrani,bhaiyaaji,\N,\N
tt28656545,\N,\N,\N,\N,\N,\N
tt2866060,a gothic confession,\N,\N,\N,\N,\N
tt28661245,masal zaman 2: sihirli kap,kubilay gulecoglu,\N,\N,\N,\N
tt28668969,canary,alex rivest; danny omalley,\N,\N,\N,\N
tt28669327,\N,\N,\N,\N,\N,\N
tt28681764,the villain of villains,alain darborg,jessika jankert,villain of villains,alain darborg,jessika jankert
tt28682323,the strangers: chapter 3,renny harlin,alan freedland; alan r cohen,the strangers chapter 3,renny harlin,\N
tt28685911,\N,\N,\N,\N,\N,\N
tt28690468,sound of falling,mascha schilinski,louise peter; mascha schilinski,sound of falling,mascha schilinski,\N
tt28691404,\N,\N,\N,\N,\N,\N
tt28698109,\N,\N,\N,\N,\N,\N
tt2870808,life partners,susanna fogel,joni lefkowitz; susanna fogel,life partners,susanna fogel,\N
tt2872456,\N,\N,\N,\N,\N,\N
tt28743726,\N,\N,\N,\N,\N,\N
tt28760844,\N,\N,\N,\N,\N,\N
tt28769924,kutrachaattu,vimal vishnu,vimal vishnu,\N,\N,\N
tt28771993,\N,\N,\N,\N,\N,\N
tt28772399,comeback,jan roosens; raf roosens,jan roosens; raf roosens,\N,jan roosens; raf roosens,\N
tt28788198,\N,\N,\N,\N,\N,\N
tt28800753,\N,\N,\N,\N,\N,\N
tt28816054,o atelier radical de henrique silva,emilia simao; samuel barbosa,\N,\N,\N,\N
tt28819055,\N,\N,\N,\N,\N,\N
tt28857451,\N,\N,\N,\N,\N,\N
tt28865980,american symphony,matthew heineman,\N,american symphony,matthew heineman,\N
tt2888072,\N,\N,\N,\N,\N,\N
tt2889112,patrick's day,terry mcmahon,terry mcmahon,patrick's day,terry mcmahon,terry mcmahon
tt2890340,ivanov,vadim dubrovitsky,mikhail bartenev; vadim dubrovitsky,ivanov,vadim dubrovitsky,vadim dubrovitsky
tt28911648,donaleitis. xviii a. mazosios lietuvos tautinis kostiumas,ramunas abukevicius,petras abukevicius,\N,\N,\N
tt2892200,die ostsee von oben,christian wustenberg; silke schranz,christian wustenberg; silke schranz,die ostsee von oben,christian wustenberg; silke schranz,\N
tt28959618,\N,\N,\N,\N,\N,\N
tt29001319,\N,\N,\N,\N,\N,\N
tt29001732,continental split,nick lyon,gil luna; joe roche,continental split,nick lyon,\N
tt29005651,mariana's trench,eileen byrne,eileen byrne; jasmin schreiber,marianengraben,eileen byrne,eileen byrne
tt29010326,\N,\N,\N,\N,\N,\N
tt29011055,\N,\N,\N,\N,\N,\N
tt29028562,mango mury,\N,\N,\N,\N,\N
tt2902890,\N,\N,\N,\N,\N,\N
tt29033983,\N,\N,\N,\N,\N,\N
tt2903538,the fly room,alexis gambis,alexis gambis,the fly room,alexis gambis,\N
tt29045633,\N,\N,\N,\N,\N,\N
tt29079096,anyone but her,luis kuri,ricardo aviles,\N,\N,\N
tt2908594,\N,\N,\N,whatever happened to tyrell biggs?,dafna yachin; trinity greer,\N
tt2911366,\N,\N,\N,\N,\N,\N
tt29115373,\N,\N,\N,\N,\N,\N
tt29116975,\N,\N,\N,\N,\N,\N
tt2920086,\N,\N,\N,\N,\N,\N
tt29232462,perpetua tenebris,tomas larrinaga,tomas larrinaga,\N,\N,\N
tt2924742,\N,\N,\N,\N,\N,\N
tt29256576,\N,\N,\N,\N,\N,\N
tt29256804,bigfoot: beyond the legend,cora anne,cora anne,\N,\N,\N
tt29259250,miss fortune,lee seungjun,kim woohyeon,miss fortune,\N,\N
tt29262075,monster island,mike wiluan,mike wiluan,orang ikan,mike wiluan,mike wiluan
tt29266871,the duel,augusto tejada,agustin rolandelli; luciano leyrado,el duelo,augusto tejada,\N
tt29298257,death stench - tsugunohi story,masakazu kikuchi,\N,\N,\N,\N
tt2931968,janos hary,zsolt richly,zoltan kodaly,hary janos,zsolt richly,laszlo marsall
tt29363667,\N,\N,\N,\N,\N,\N
tt2937356,tsure komi ryokan no waka okami,junichi suzuki,junichi suzuki,\N,junichi suzuki,\N
tt29377511,\N,\N,\N,\N,\N,\N
tt29417665,\N,\N,\N,\N,\N,\N
tt29426123,\N,\N,\N,\N,\N,\N
tt2943060,\N,\N,\N,\N,\N,\N
tt29456346,\N,\N,\N,\N,\N,\N
tt29468116,no budget theater,franklin correa,\N,\N,\N,\N
tt2947830,whatever will be,esther prade,\N,\N,\N,\N
tt2948308,\N,\N,\N,\N,\N,\N
tt29486304,\N,\N,\N,\N,\N,\N
tt29494306,\N,\N,\N,\N,\N,\N
tt29495432,\N,\N,\N,\N,\N,\N
tt29497194,\N,\N,\N,\N,\N,\N
tt29511694,\N,\N,\N,\N,\N,\N
tt29513489,\N,\N,\N,\N,\N,\N
tt29538259,\N,\N,\N,\N,\N,\N
tt29566160,trouble girl,chin chiahua,chin chiahua,trouble girl,chiahua chin,\N
tt29567854,\N,\N,\N,\N,\N,\N
tt29568696,\N,\N,\N,\N,\N,\N
tt2957774,the white storm,benny chan,benny chan; manfred wong manchun; ram ling chiman; tam waiching; wong chun,the white storm,benny chan,benny chan; ling chi man; manfred wong; wong chun
tt29580988,the renaissance prince,emily louisa millan eide,\N,\N,\N,\N
tt2960470,why we ride,bryan h carroll,\N,\N,\N,\N
tt29621803,\N,\N,\N,\N,\N,\N
tt2964532,\N,\N,\N,\N,\N,\N
tt2966446,the collapse of yugoslavia,\N,\N,\N,\N,\N
tt29673449,\N,\N,\N,\N,\N,\N
tt29686701,\N,\N,\N,\N,\N,\N
tt29702056,the boy who owns the world,robert gwisdek,robert gwisdek,\N,\N,\N
tt29704582,seizoroi momoiro goten,tatsuo sakai,hyogo suzuki; isamu nagae,\N,\N,\N
tt29710547,\N,\N,\N,\N,\N,\N
tt29711009,\N,\N,\N,\N,\N,\N
tt29714222,\N,\N,\N,\N,\N,\N
tt29719542,\N,\N,\N,\N,\N,\N
tt29722301,sodhara,\N,\N,\N,\N,\N
tt29793213,\N,\N,\N,\N,\N,\N
tt29794965,agent of solitude,michael fredianelli,michael fredianelli,\N,\N,\N
tt29808010,milano,christina vandekerckhove,christina vandekerckhove,\N,christina vandekerckhove,\N
tt2986768,el cinco,adrian biniez,adrian biniez,the midfielder,adrian biniez,\N
tt29871442,\N,\N,\N,\N,\N,\N
tt29893970,"comme si, comme ca",marieclaude treilhou,\N,\N,\N,\N
tt29899777,\N,\N,\N,\N,\N,\N
tt2991472,california high,barnaby oconnor; matthew oconnor,barnaby oconnor; matthew oconnor,\N,\N,\N
tt29929004,\N,\N,\N,\N,\N,\N
tt29931567,room 0,richard kodai,richard kodai,\N,\N,\N
tt2993658,\N,\N,\N,\N,\N,\N
tt29949263,\N,\N,\N,\N,\N,\N
tt29963829,\N,\N,\N,\N,\N,\N
tt30013822,\N,\N,\N,\N,\N,\N
tt30050540,bank alert,akay mason,lucky igbomor,bank alert,\N,\N
tt3005530,\N,\N,\N,\N,\N,\N
tt30056914,nashal raghm anfuh,hasan elsaifi,anwar abdullah; nabil gholam,\N,hasan elsifi,\N
tt30074039,\N,\N,\N,\N,\N,\N
tt30129711,the theft of the caravaggio,joshua cassar gaspar,joshua cassar gaspar; monika maslowska,\N,\N,\N
tt30135613,\N,\N,\N,\N,\N,\N
tt30138912,\N,\N,\N,\N,\N,\N
tt30150907,justice league: crisis on infinite earths part two,jeff wamester,jim krieg,justice league: crisis on infinite earths,\N,\N
tt30177375,\N,\N,\N,\N,\N,\N
tt30178917,\N,\N,\N,\N,\N,\N
tt30188981,\N,\N,\N,\N,\N,\N
tt3019160,\N,\N,\N,\N,\N,\N
tt30211582,\N,\N,\N,\N,\N,\N
tt30216712,\N,\N,\N,\N,\N,\N
tt30225593,kairee,shantanu ganesh rode,\N,\N,\N,\N
tt30252677,\N,\N,\N,\N,\N,\N
tt30253497,\N,\N,\N,\N,\N,\N
tt30268450,\N,\N,\N,\N,\N,\N
tt30290356,denis law - the king,\N,\N,\N,\N,\N
tt30317141,\N,\N,\N,\N,\N,\N
tt30318536,\N,\N,\N,\N,\N,\N
tt30320149,postmarks,natalya nazarova,natalya nazarova,postmarks,natalia nazarova,natalia nazarova
tt30329279,\N,\N,\N,\N,\N,\N
tt30331998,feel,justine bateman,justine bateman,\N,\N,\N
tt30335412,\N,\N,\N,\N,\N,\N
tt3035612,\N,\N,\N,\N,\N,\N
tt30382621,\N,\N,\N,\N,\N,\N
tt30386112,\N,\N,\N,\N,\N,\N
tt30415116,\N,\N,\N,\N,\N,\N
tt30420187,\N,\N,\N,\N,\N,\N
tt30427310,flamingo flamenco,raul garcia; rob sprackling,rob sprackling,\N,\N,\N
tt30428636,\N,\N,\N,\N,\N,\N
tt30451078,\N,\N,\N,\N,\N,\N
tt30459485,chris fleming: showpig,melissa strype,chris fleming,\N,\N,\N
tt30474882,\N,\N,\N,\N,\N,\N
tt30486282,\N,\N,\N,\N,\N,\N
tt30497082,the hutong cowboy,ning hao,liu xiaodan; wang ang,the hutong cowboy,\N,\N
tt30523212,\N,\N,\N,\N,\N,\N
tt3053514,salmon confidential,\N,\N,\N,\N,\N
tt3056200,\N,\N,\N,\N,\N,\N
tt30576871,\N,\N,\N,\N,\N,\N
tt30581779,one day,stas ivanov,dmitry sobolev,\N,\N,dmitriy sobolev
tt30608802,\N,\N,\N,llb: life line of bachelors,\N,\N
tt3061686,\N,\N,\N,quest for versace,\N,\N
tt30624233,row atlantic,aurimas valujavicius,\N,\N,\N,\N
tt3063364,never leave alive,steven lamorte,j amanda sabater,\N,\N,\N
tt3067102,\N,\N,\N,\N,\N,\N
tt30691851,dear kaita ablaze,hisayasu sato,shiro yumeno,\N,\N,\N
tt3073490,committed,stelana kliris,stelana kliris,\N,\N,\N
tt30743567,rambut kafan,helfi ch kardit,helfi ch kardit; reza keling; reza pramez,\N,\N,\N
tt3076988,\N,\N,\N,\N,\N,\N
tt30782539,mystic singer,faozan rizal,bumi nusantara; bw purbanegara; gerald mamahit,\N,\N,\N
tt30789718,\N,\N,\N,\N,\N,\N
tt30798256,sinful paradise: welcome to paradise,b danielle watkins; onyx keesha,\N,\N,\N,\N
tt30808249,north korea: dark secrets,\N,\N,\N,\N,\N
tt30808782,\N,\N,\N,\N,\N,\N
tt30819137,bigfoot evidence: oregon,adam lima,\N,\N,\N,\N
tt30820492,\N,\N,\N,\N,\N,\N
tt30824924,\N,\N,\N,\N,\N,\N
tt3084222,\N,\N,\N,\N,\N,\N
tt3085970,in the name of the revolution,genrikh gabay,mikhail shatrov; yuriy timofeyev,\N,genrikh gabay,mikhail shatrov
tt3088204,\N,\N,\N,\N,\N,\N
tt30899575,the first women,adriana yanez,adriana yanez,\N,\N,\N
tt3094980,\N,\N,\N,\N,\N,\N
tt3095214,once were enemies,\N,\N,\N,\N,\N
tt3095256,helpless,thor moreno,thor moreno,\N,\N,\N
tt30953875,\N,\N,\N,\N,\N,\N
tt30957512,jackie & coco,gerard walsh,\N,\N,\N,\N
tt30968922,\N,\N,\N,\N,\N,\N
tt30970527,the polar express 2,\N,\N,\N,\N,\N
tt30971046,\N,\N,\N,\N,\N,\N
tt3101360,expatriate,renato lucas,renato lucas,\N,\N,\N
tt3102926,\N,\N,\N,buqalamun,rufat hasanov,rufat hasanov
tt3103802,the right one,stephen odang,jonathan cocco,the right one,\N,\N
tt31092090,"no, thanks, i quit smoking",diego toussaint,diego toussaint,\N,\N,\N
tt31114619,\N,\N,\N,\N,\N,\N
tt31156793,two big feet,noah strattontwine,noah strattontwine,\N,\N,\N
tt31156945,\N,\N,\N,\N,\N,\N
tt3115910,the optimists,gunhild magnor,\N,the optimists,gunhild westhagen magnor,gunhild westhagen magnor
tt3118290,\N,\N,\N,\N,\N,\N
tt31186115,a storm blows over,gavin baird,gavin baird,\N,\N,\N
tt31186533,adimai changili,r k selvamani,\N,adimai changili,rk selvamani,\N
tt3121472,\N,\N,\N,\N,\N,\N
tt3121618,\N,\N,\N,zindagi jalebi,\N,\N
tt3123860,\N,\N,\N,\N,\N,\N
tt3125734,\N,\N,\N,\N,\N,\N
tt3131342,\N,\N,\N,\N,\N,\N
tt31317401,graduation trip: mallorca,paco caballero,eric navarro; natalia duran,graduation trip: mallorca,paco caballero,\N
tt31322501,\N,\N,\N,\N,\N,\N
tt31340478,\N,\N,\N,\N,\N,\N
tt3135044,the bearslayer,aleksandrs rusteikis,aleksandrs rusteikis; alfreds berzins; janis silis,lacplesis,aleksandrs rusteikis,\N
tt31358235,\N,\N,\N,\N,\N,\N
tt31386997,\N,\N,\N,\N,\N,\N
tt31407200,paul and trisha: the art of fluidity,fia perera,fia perera,\N,\N,\N
tt31414884,\N,\N,\N,\N,\N,\N
tt31415429,ferocious drummers,james yukich,billy mccarthy,\N,\N,\N
tt31416518,sakura,hiroto hara,shota gajin; yoshitatsu yamada,sakura,hiroto hara,shota tanba; yoshitatasu yamada
tt3142330,\N,\N,\N,\N,\N,\N
tt31450052,\N,\N,\N,\N,\N,\N
tt31471734,\N,\N,\N,\N,\N,\N
tt31491348,\N,\N,\N,\N,\N,\N
tt31491368,\N,\N,\N,\N,\N,\N
tt31491839,\N,\N,\N,\N,\N,\N
tt31499886,\N,\N,\N,\N,\N,\N
tt31502769,dosa musyrik,hadrah daeng ratu,bayu kurnia,\N,\N,\N
tt31503893,\N,\N,\N,\N,\N,\N
tt31510477,retratos de republica dominicana,daihoro peguero,daihoro peguero,\N,\N,\N
tt31510913,\N,\N,\N,\N,\N,\N
tt31513532,saralakkho holmes,sayantan ghosal,padmanabha dasgupta,saralakkha holmes,\N,\N
tt31514012,tops,ames pennington,ames pennington,\N,\N,\N
tt31557253,\N,\N,\N,\N,\N,\N
tt31560776,instaboys,matthew rodney chess,matthew rodney chess,\N,\N,\N
tt31567630,\N,\N,\N,\N,\N,\N
tt31579306,the hunter's anthology: the demon hunter,robert smithline,\N,\N,\N,\N
tt31579706,\N,\N,\N,\N,\N,\N
tt3158558,\N,\N,\N,\N,\N,\N
tt3158992,beer hunter: the movie,\N,\N,\N,\N,\N
tt31599144,\N,\N,\N,\N,\N,\N
tt31612655,las munecas del narco,manuel ramirez,luis felipe nunez gomez,\N,\N,\N
tt3161382,osprey,wayne slaten,syed afser,\N,\N,\N
tt3162056,\N,\N,\N,\N,\N,\N
tt31631852,oru kattil oru muri,shanavas k bavakkutty,raghunath paleri,\N,\N,\N
tt31639539,breaking the cycle,aekaphong saransate; thanakrit duangmaneeporn,\N,\N,\N,\N
tt31645056,\N,\N,\N,\N,\N,\N
tt31647756,possession street,jack lai janlung,jeffrey poon; joey obryan; shum kwansin,possession street,jack lai,\N
tt31670558,in the company of kings,steve read,\N,\N,\N,\N
tt3170972,hazard jack,david worth,david worth; doug vandegrift,\N,\N,\N
tt31722804,a merry royal christmas,danny stack; tim clague,courtney cilman,\N,\N,\N
tt3175568,\N,\N,\N,\N,\N,\N
tt3177032,\N,\N,\N,\N,\N,\N
tt3177768,\N,\N,\N,\N,\N,\N
tt3178174,giovanni's island,mizuho nishikubo,shigemichi sugita; taiki sakurai,giovanni's island,mizuho nishikubo,taiki sakurai
tt31794434,\N,\N,\N,\N,\N,\N
tt31807233,her story,shao yihui,shao yihui,her story (2024 film),shao yihui,shao yihui
tt31829472,\N,\N,\N,\N,\N,\N
tt3183146,\N,\N,\N,\N,\N,\N
tt31844150,\N,\N,\N,\N,\N,\N
tt3184832,the check out,giuseppe andrews,\N,\N,\N,\N
tt31849608,\N,\N,\N,\N,\N,\N
tt31896545,\N,\N,\N,\N,\N,\N
tt31898525,\N,\N,\N,\N,\N,\N
tt31899295,\N,\N,\N,\N,\N,\N
tt31926095,\N,\N,\N,\N,\N,\N
tt3194388,six hot chicks in a warehouse,simon p edwards,kate g smith; kim dyer; simon p edwards,six hot chicks in a warehouse,\N,\N
tt31945345,\N,\N,\N,\N,\N,\N
tt31955114,\N,\N,\N,\N,\N,\N
tt31963200,rescue on one's own,liu kaiyi,\N,\N,\N,\N
tt31965432,\N,\N,\N,\N,\N,\N
tt31968919,boomers,theu boermans,marieke van der pol,boomers,theu boermans,marieke van der pol
tt31971660,\N,\N,\N,\N,\N,\N
tt3198266,\N,\N,\N,\N,\N,\N
tt32011920,srrn biliyorum,battal karsloglu,battal karsloglu; ebru erdemoglu,\N,\N,\N
tt32017183,\N,\N,\N,\N,\N,\N
tt32059446,\N,\N,\N,\N,\N,\N
tt32083665,elegance molekuly,petr zelenka,petr zelenka,\N,petr zelenka,petr zelenka
tt32090526,"mon laferte, i love you",camila grandi; joanna reposi,joanna reposi,"mon laferte, te amo",\N,\N
tt32096616,pierre soulages: black light,reiner e moritz,\N,\N,\N,\N
tt32103981,\N,\N,\N,\N,\N,\N
tt32112570,\N,\N,\N,\N,\N,\N
tt32125104,\N,\N,\N,\N,\N,\N
tt32134954,\N,\N,\N,\N,\N,\N
tt32135863,\N,\N,\N,\N,\N,\N
tt32139357,\N,\N,\N,\N,\N,\N
tt3214794,\N,\N,\N,\N,\N,\N
tt32160554,\N,\N,\N,\N,\N,\N
tt32161669,\N,\N,\N,\N,\N,\N
tt32185995,\N,\N,\N,\N,\N,\N
tt32190582,\N,\N,\N,\N,\N,\N
tt32197313,experience of a lifetime,\N,\N,\N,\N,\N
tt32205009,\N,\N,\N,\N,\N,\N
tt3220550,\N,\N,\N,\N,\N,\N
tt32214121,\N,\N,\N,\N,\N,\N
tt3221878,cbc the passionate eye for rio,\N,\N,\N,\N,\N
tt32222992,the inspired island: the new formosa mambo,chungfu gao; ze yang,\N,\N,\N,\N
tt32236432,\N,\N,\N,\N,\N,\N
tt32238677,the other war,joshua baker,joshua baker,\N,\N,\N
tt32242290,the umbrella fairy,jie shen,\N,the umbrella fairy,\N,\N
tt32249940,riefenstahl,andres veiel,andres veiel,riefenstahl,andres veiel,\N
tt32269955,saint nick,justin knodel,chris levine,\N,\N,\N
tt32275348,\N,\N,\N,\N,\N,\N
tt32276400,majority rules,aj schnack,aj schnack,\N,\N,\N
tt32277918,the protector,raul gasteazoro,james cooney; raul gasteazoro,\N,\N,\N
tt32281063,\N,\N,\N,\N,\N,\N
tt32288538,\N,\N,\N,\N,\N,\N
tt3229378,\N,\N,\N,\N,\N,\N
tt32313670,zombie apache,\N,\N,\N,\N,\N
tt32323256,\N,\N,\N,\N,\N,\N
tt32325170,\N,\N,\N,\N,\N,\N
tt32328582,\N,\N,\N,\N,\N,\N
tt32329575,welcome to babel,james bradley,james bradley,\N,\N,\N
tt32345139,\N,\N,\N,\N,\N,\N
tt32351600,\N,\N,\N,\N,\N,\N
tt32358942,\N,\N,\N,\N,\N,\N
tt32361417,\N,\N,\N,\N,\N,\N
tt32367182,\N,\N,\N,\N,\N,\N
tt32368538,influenced,rachel israel,carol hartsell; jill kargman; sean crespo,influenced,\N,\N
tt32369012,\N,\N,\N,\N,\N,\N
tt32377278,\N,\N,\N,\N,\N,\N
tt3239154,zoe gone,conor allyn,matthew riopelle; shane mathers,\N,\N,\N
tt32394937,\N,\N,\N,\N,\N,\N
tt32404372,\N,\N,\N,\N,\N,\N
tt32429292,\N,\N,\N,\N,\N,\N
tt32430072,\N,\N,\N,\N,\N,\N
tt32430193,\N,\N,\N,\N,\N,\N
tt32436727,\N,\N,\N,\N,\N,\N
tt32437841,\N,\N,\N,\N,\N,\N
tt32452631,\N,\N,\N,\N,\N,\N
tt32453902,\N,\N,\N,\N,\N,\N
tt3246692,\N,\N,\N,\N,\N,\N
tt32468166,\N,\N,\N,\N,\N,\N
tt32477026,the trial of jack the ripper,brad osborne,brad osborne,\N,\N,\N
tt32478725,tata_bojs.doc,marek najbrt,marek najbrt; robert geisler,tata_bojs.doc,marek najbrt,marek najbrt; robert geisler
tt3248118,not at home,katja adomeit; shahrbanoo sadat,\N,not at home,katja adomeit; shahrbanoo sadat,katja adomeit; shahrbanoo sadat
tt32482151,\N,\N,\N,\N,\N,\N
tt32484156,\N,\N,\N,\N,\N,\N
tt32488662,a bathroom of one's own,lucia casan rodriguez,lucia casan rodriguez,a bathroom of one's own,\N,\N
tt32523130,\N,\N,\N,\N,\N,\N
tt3252950,\N,\N,\N,\N,\N,\N
tt3254780,shadow nation,\N,\N,\N,\N,\N
tt32561048,can i buy your love from a vending machine?,kenji tani,kumi tawada,\N,\N,\N
tt3258298,\N,\N,\N,\N,\N,\N
tt32591856,\N,\N,\N,\N,\N,\N
tt32596055,\N,\N,\N,\N,\N,\N
tt32610145,\N,\N,\N,\N,\N,\N
tt32628690,\N,\N,\N,\N,\N,\N
tt32628966,\N,\N,\N,\N,\N,\N
tt32639595,\N,\N,\N,\N,\N,\N
tt3265502,ongoing smile,mohsen makhmalbaf,\N,\N,\N,\N
tt32667618,\N,\N,\N,\N,\N,\N
tt3269566,the country bumpkin tours the city (part 3),runje shaw,\N,\N,\N,\N
tt3274392,\N,\N,\N,\N,\N,\N
tt3274794,\N,\N,\N,\N,\N,\N
tt32765869,kadeema,\N,\N,\N,\N,\N
tt32777398,fenomeno rockets,piergiuseppe zaia,\N,\N,\N,\N
tt32793430,sacrum vindictae ii,fabian farina,fabian farina,\N,\N,\N
tt3279468,an american in madras,karan bali,teesha elizabeth cherian,an american in madras,\N,\N
tt32796647,\N,\N,\N,\N,\N,\N
tt32801387,thieves highway,jesse v johnson,jd pepper; travis mills,\N,\N,\N
tt3282312,a life outside,catherine brabec,catherine brabec,\N,\N,\N
tt32844020,\N,\N,\N,\N,\N,\N
tt32844238,mylene farmer: nevermore - the movie,francois hanss,\N,\N,\N,\N
tt32872855,\N,\N,\N,\N,\N,\N
tt32874791,\N,\N,\N,\N,\N,\N
tt32875452,\N,\N,\N,\N,\N,\N
tt32881217,all the mountains give,arash rakhsha,arash rakhsha,\N,\N,\N
tt32889677,\N,\N,\N,\N,\N,\N
tt32893073,a toxic marriage,mahmoud karim,loay el sayed,gawaza toxic,mahmoud karim,loay elsayed
tt32897721,\N,\N,\N,\N,\N,\N
tt3290340,\N,\N,\N,\N,\N,\N
tt32915030,\N,\N,\N,\N,\N,\N
tt3291670,\N,\N,\N,\N,\N,\N
tt32919847,\N,\N,\N,\N,\N,\N
tt32938930,seventeen tour 'follow' again to cinemas,oh yoondong,\N,seventeen tour 'follow' again to cinemas,\N,\N
tt32981966,\N,\N,\N,\N,\N,\N
tt32982133,six singing women,yoshimasa ishibashi,yoshimasa ishibashi,\N,\N,\N
tt32984944,\N,\N,\N,\N,\N,\N
tt32985542,\N,\N,\N,\N,\N,\N
tt32990776,shark warning,jimmy gadd,ryan ebert,shark warning!,\N,ryan ebert
tt3300932,gibby,phil gorn,greg lyon,\N,\N,\N
tt33022710,ocean with david attenborough,colin butfield; keith scholey; toby nowlan,\N,ocean with david attenborough,colin butfield; keith scholey,\N
tt33029992,\N,\N,\N,\N,\N,\N
tt33034699,zhiga: at full speed,natalia akhmetovakalyonova,alexandr arkhipov; natalia akhmetovakalyonova,\N,\N,\N
tt33035397,\N,\N,\N,\N,\N,\N
tt33038467,\N,\N,\N,\N,\N,\N
tt33039027,\N,\N,\N,\N,\N,\N
tt33043148,\N,\N,\N,\N,\N,\N
tt3305060,slow video,kim yeongtak,kim yeongtak,slow video,kim youngtak,kim youngtak
tt33055450,\N,\N,\N,\N,\N,\N
tt33055954,\N,\N,\N,\N,\N,\N
tt33056611,\N,\N,\N,\N,\N,\N
tt33058029,the presence of the world in me,erly vieira jr,erly vieira jr,\N,\N,\N
tt33058344,bird boy,joel soisson,joel soisson,\N,\N,\N
tt33070600,\N,\N,\N,\N,\N,\N
tt33070827,\N,\N,\N,\N,\N,\N
tt33087600,"poirot, the last witness",francesc relea,\N,\N,\N,\N
tt33088125,\N,\N,\N,\N,\N,\N
tt33089511,yesteryear,\N,hannah friedman,\N,\N,\N
tt33090262,\N,\N,\N,\N,\N,\N
tt3309136,3 in a bed,lloyd eyremorgan,\N,3 in a bed,lloyd eyremorgan,lloyd eyremorgan; neil ely
tt33091608,whispers in the witch house,pierson kardas,pierson kardas,\N,\N,\N
tt33093098,flammentod,domiziano cristopharo,jean rises,\N,\N,\N
tt33096978,\N,\N,\N,\N,\N,\N
tt3309816,\N,\N,\N,\N,\N,\N
tt33130648,\N,\N,\N,\N,\N,\N
tt3314028,not for sale,robert marcarelli,\N,\N,\N,\N
tt3314120,america's alien invasion: the lost ufo encounters,j michael long,j michael long,\N,\N,\N
tt3314610,\N,\N,\N,\N,\N,\N
tt3314696,webgirl,james stiles,james stiles,\N,\N,\N
tt3315992,\N,\N,\N,\N,\N,\N
tt33164475,\N,\N,\N,\N,\N,\N
tt33184369,\N,\N,\N,en aasai machan,r sundarrajan,r sundarrajan
tt3319144,\N,\N,\N,\N,\N,\N
tt3319398,finding home,derek hammeke,\N,finding home,derek hammeke,\N
tt3319810,\N,\N,\N,\N,\N,\N
tt3320120,\N,\N,\N,\N,\N,\N
tt33204059,\N,\N,\N,\N,\N,\N
tt33266101,\N,\N,\N,\N,\N,\N
tt33270214,\N,\N,\N,\N,\N,\N
tt3328082,\N,\N,\N,\N,\N,\N
tt33292813,the first exorcist,greg mclean,greg mclean,\N,\N,\N
tt33295741,redux redux,kevin mcmanus; matthew mcmanus,kevin mcmanus; matthew mcmanus,redux redux,kevin mcmanus; matthew mcmanus,kevin mcmanus; matthew mcmanus
tt33297578,\N,\N,\N,\N,\N,\N
tt33301063,die laughing,\N,\N,\N,\N,\N
tt33305882,a great awakening,joshua enck,jeff bender; jonathan blair; joshua enck,a great awakening,\N,\N
tt33306066,\N,\N,\N,\N,\N,\N
tt33306408,\N,\N,\N,\N,\N,\N
tt33310998,\N,\N,\N,\N,\N,\N
tt3331458,\N,\N,\N,\N,\N,\N
tt33317152,\N,\N,\N,\N,\N,\N
tt33318127,\N,\N,\N,\N,\N,\N
tt3332690,mosayile kuthira meenukal,ajith pillai,ajith pillai; vipin anand; vipin radhakrishnan,mosayile kuthira meenukal,ajith pillai,\N
tt33334435,\N,\N,\N,\N,\N,\N
tt33336298,\N,\N,\N,\N,\N,\N
tt33339931,rachael hunger,cody clarke,cody clarke,\N,\N,\N
tt33341757,\N,\N,\N,irumanam kalanthal thirumanam,\N,\N
tt33365540,\N,\N,\N,\N,\N,\N
tt3336718,teen murti,raja sen,tapan sinha,\N,\N,\N
tt33372806,\N,\N,\N,\N,\N,\N
tt33373345,a night in 2005,temidayo makanjuola,temidayo makanjuola,\N,\N,\N
tt33381977,\N,\N,\N,\N,\N,\N
tt33384091,ajira rebati,subhransu das,badri mishra; shayma prasad mishra,\N,\N,\N
tt33384356,the peer tutor,derek scott; thomas l harris,derek scott,\N,\N,\N
tt33384359,\N,\N,\N,\N,\N,\N
tt33390076,\N,\N,\N,\N,\N,\N
tt3339534,how he fell in love,marc meyers,marc meyers,how he fell in love,marc meyers,\N
tt33397245,\N,\N,\N,\N,\N,\N
tt33398039,nanny cam,jwoww,jwoww,\N,\N,\N
tt33398433,\N,\N,\N,\N,\N,\N
tt33398465,\N,\N,\N,\N,\N,\N
tt33400569,\N,\N,\N,\N,\N,\N
tt33436943,\N,\N,\N,\N,\N,\N
tt3344400,\N,\N,\N,\N,\N,\N
tt3344492,"el camino de santiago: periodismo, cine y revolucion",alejandra guzzo; fernando krichmar,fernando krichmar; omar neri,\N,\N,\N
tt3344658,music to madness: the story of komitas,david robert deranian,david robert deranian,\N,\N,\N
tt33454426,getaway: dangerous woman,kazumasa shirai,\N,\N,\N,\N
tt3345622,\N,\N,\N,\N,\N,\N
tt33460023,\N,\N,\N,\N,\N,\N
tt3346976,\N,\N,\N,\N,\N,\N
tt33473204,\N,\N,\N,\N,\N,\N
tt33478580,\N,\N,\N,\N,\N,\N
tt3347996,\N,\N,\N,\N,\N,\N
tt33481541,\N,\N,\N,\N,\N,\N
tt33482803,\N,\N,\N,\N,\N,\N
tt3348450,\N,\N,\N,\N,\N,\N
tt3350198,a wife in the super market,satoshi sakamoto,nobuyoshi sasaki,\N,\N,\N
tt33502411,megha maale,s narayan,s narayan,megha maale,s narayan,\N
tt33504899,\N,\N,\N,\N,\N,\N
tt33511701,\N,\N,\N,\N,\N,\N
tt3351660,\N,\N,\N,\N,\N,\N
tt3352218,\N,\N,\N,\N,\N,\N
tt3352294,beyond the walls,\N,\N,\N,\N,\N
tt33565089,\N,\N,\N,\N,\N,\N
tt3357084,\N,\N,\N,busted life,bayo akinfemi,\N
tt33578667,the true beauty of being bitten by a tick,pete ohs,callie hernandez; james cusatimoyer; jeremy o harris; pete ohs; zoe chao,the true beauty of being bitten by a tick,pete ohs,\N
tt33588950,hearts in colombo,ben myers,\N,\N,\N,\N
tt33630570,the princess diaries 3,adele lim,flora greeson,\N,\N,\N
tt33728713,kayp kamyon,ekrem arslan,ekrem arslan; ercan ucar; kamuran suner,\N,\N,\N
tt33751273,playing potus,josh greenbaum,\N,\N,\N,\N
tt3375416,\N,\N,\N,\N,\N,\N
tt33772384,meteors,hubert charuel,claude le pape; hubert charuel,meteors,claude le pape; hubert charuel,claude le pape; hubert charuel
tt3378222,vamsam,pandiraj,pandiraj,vamsam,pandiraj,pandiraj
tt33828717,\N,\N,\N,\N,\N,\N
tt33830770,nighthawk: maison margiela artisanal 2024,sasha kasiuha,john galliano,\N,\N,\N
tt3385980,seifuku yurizoku: warui asobi,koyu ohara,hiroshi saitou,\N,\N,\N
tt3387582,ojuju,cj fiery obasi,\N,ojuju,cj obasi,cj obasi
tt3390728,aziz's dream,amr arafa,nader salah aldin,helm aziz,amr arafa,\N
tt33948006,\N,\N,\N,\N,\N,\N
tt3395316,taxi and telephone,ernest abdyjaparov,ernest abdyjaparov,\N,\N,\N
tt3395708,\N,\N,\N,\N,\N,\N
tt33983743,\N,\N,\N,\N,\N,\N
tt33993478,\N,\N,\N,\N,\N,\N
tt3399830,\N,\N,\N,\N,\N,\N
tt33999391,\N,\N,\N,\N,\N,\N
tt34001425,krazy klowny,\N,\N,\N,\N,\N
tt3400522,der schwarze nazi,karlfriedrich konig; tilman konig,karlfriedrich konig; tilman konig,der schwarze nazi,\N,karlfriedrich konig; tilman konig
tt3401392,the devotion of suspect x,alec su youpeng,carol li; sean huang,the devotion of suspect x,alec su,\N
tt34038187,\N,\N,\N,\N,\N,\N
tt3405714,mythica: a quest for heroes,anne k black,anne k black; jason faller; kynan griffin,mythica: a quest for heroes,anne k black,\N
tt34095148,tripoli / a tale of three cities,raed rafei,\N,tripoli/a tale of three cities,\N,\N
tt3411788,\N,\N,\N,\N,\N,\N
tt34144206,\N,\N,\N,\N,\N,\N
tt34146567,\N,\N,\N,\N,\N,\N
tt3418454,uravu solla oruvan,devaraj; mohan,panchu arunachalam,uravu solla oruvan,\N,\N
tt3420504,finch,miguel sapochnik,craig luck; ivor powell,finch,miguel sapochnik,craig luck; ivor powell
tt34322115,\N,\N,\N,\N,\N,\N
tt34326363,\N,\N,\N,\N,\N,\N
tt3433328,el septimo arte,emanuel anguiano,\N,\N,\N,\N
tt3436456,\N,\N,\N,\N,\N,\N
tt3437872,\N,\N,\N,\N,\N,\N
tt34379463,all of tokyo!,kazuyoshi kumakiri,ryoichi tsuchiya; shohei fukuda,all of tokyo!,kazuyoshi kumakiri,shohei fukuda
tt34380971,\N,\N,\N,\N,\N,\N
tt34382612,\N,\N,\N,\N,\N,\N
tt34385689,paper tiger,james gray,james gray,paper tiger,james gray,james gray
tt34388102,\N,\N,\N,\N,\N,\N
tt3439424,\N,\N,\N,\N,\N,\N
tt3440670,prayatnam,\N,\N,\N,\N,\N
tt34423366,\N,\N,\N,\N,\N,\N
tt34424743,\N,\N,\N,\N,\N,\N
tt34438439,\N,\N,\N,\N,\N,\N
tt34438556,lets talk about sustainability,agne marcinkeviciute,erikas kundreckas; ramune muzikeviciute,\N,\N,\N
tt3444730,yagai play: nozoki no nureba,tetsuya takehora,kosuke komatsu,\N,\N,\N
tt3446750,\N,\N,\N,\N,\N,\N
tt34480352,\N,\N,\N,\N,\N,\N
tt34497454,\N,\N,\N,\N,\N,\N
tt34532479,\N,\N,\N,\N,\N,\N
tt34541061,\N,\N,\N,\N,\N,\N
tt3457004,\N,\N,\N,\N,\N,\N
tt34570040,the carters,\N,\N,\N,\N,\N
tt3457974,\N,\N,\N,\N,mirek vales,mirek vales
tt3458944,lady ghost - part two,fuqing wang,\N,\N,\N,\N
tt34599713,\N,\N,\N,\N,\N,\N
tt34615536,majhail,dheeraj rattan,gurpreet bhullar,majhail,dheeraj rattan,dheeraj rattan
tt34618706,\N,\N,\N,\N,\N,\N
tt34622084,grandgear,takashi yamazaki,takashi yamazaki,\N,\N,\N
tt34652656,petit rempart,eve duchemin,\N,\N,\N,\N
tt34654519,the stick of the sick person,trk hauxthausen,\N,\N,\N,\N
tt34657164,\N,\N,\N,\N,\N,\N
tt3466636,rocket tarzan,bj patel,\N,\N,\N,\N
tt34677615,\N,\N,\N,\N,\N,\N
tt34720674,bhram,pallav parikh,pallav parikh,\N,\N,\N
tt34728729,\N,\N,\N,\N,\N,\N
tt34744070,\N,\N,\N,\N,\N,\N
tt34748747,\N,\N,\N,\N,\N,\N
tt3477350,\N,\N,\N,les croquignolle,robert peguy,\N
tt34793703,\N,\N,\N,\N,\N,\N
tt3479624,the cartel,charlotte sachs bostrup,charlotte sachs bostrup; henrik kristensen,the cartel,charlotte sachs bostrup,charlotte sachs bostrup
tt34799461,\N,\N,\N,\N,\N,\N
tt34804296,\N,\N,\N,\N,\N,\N
tt34812323,\N,\N,\N,\N,\N,\N
tt34812450,el oficio de buscar a ines,anahi carballido marza; lois perez leira,\N,\N,\N,\N
tt34865331,les irresponsables,laura mana,laura mana; marta buchaca,\N,\N,laura mana; marta buchaca
tt34883545,\N,\N,\N,noya manush,\N,\N
tt34904266,\N,\N,\N,\N,\N,\N
tt34914739,deep tissue,pj wolff,pj wolff,\N,\N,\N
tt34930428,oh to believe in another world,william kentridge,\N,\N,\N,\N
tt34930737,\N,\N,\N,\N,\N,\N
tt34938727,herman,andrew vogel,andrew vogel,\N,\N,\N
tt34966006,\N,\N,\N,\N,\N,\N
tt34967046,\N,\N,\N,\N,\N,\N
tt34981210,autopsy room four,ranjeet s marwa,charmaine binji; ranjeet s marwa; stephen king,\N,\N,\N
tt3498620,\N,\N,\N,\N,\N,\N
tt3499358,a demon within,ayush banker; justin lareau,ayush banker,a demon within,\N,\N
tt35002410,\N,\N,\N,\N,\N,\N
tt35008063,tugboat gunman,tokujiro yamazaki,atsundo kubota,\N,\N,\N
tt35012219,\N,\N,\N,\N,\N,\N
tt3503734,\N,\N,\N,\N,\N,\N
tt3503856,\N,\N,\N,\N,\N,\N
tt35044988,\N,\N,\N,\N,\N,\N
tt35052298,kataha,\N,\N,\N,\N,\N
tt35060333,\N,\N,\N,\N,\N,\N
tt35060353,the wrong girls,dylan meyer,dylan meyer,the wrong girls,dylan meyer,dylan meyer
tt35081031,\N,\N,\N,\N,\N,\N
tt35091739,the truce,miguel angel vivas,fran carballal; ignasi rubio; miguel angel vivas,\N,\N,\N
tt35098358,pink butterfly,seun sheffy sonoiki,\N,\N,\N,\N
tt35109110,magic love,daisuke yamanouchi,daisuke yamanouchi,\N,\N,\N
tt3511420,\N,\N,\N,\N,\N,\N
tt3514858,\N,\N,\N,\N,\N,\N
tt3515388,\N,\N,\N,\N,\N,\N
tt35195182,\N,\N,\N,\N,\N,\N
tt35197863,\N,\N,\N,minmini,\N,\N
tt35253783,\N,\N,\N,\N,\N,\N
tt35255392,\N,\N,\N,\N,\N,\N
tt3525900,3 still standing,donna locicero; robert campos,donna locicero; robert campos,\N,\N,\N
tt35300809,\N,\N,\N,\N,\N,\N
tt35301740,\N,\N,\N,\N,\N,\N
tt35303026,\N,\N,\N,\N,\N,\N
tt35313040,\N,\N,\N,\N,\N,\N
tt35315829,curse of the baby-eater,joe bizarro,joe bizarro,\N,\N,\N
tt35327642,the slave in your backyard: the local reality of human trafficking,daniel fisher; t scott reeves,t scott reeves,\N,\N,\N
tt35381158,\N,\N,\N,\N,\N,\N
tt35394544,lightscape,doug aitken,andrew zipern; austin meredith,\N,\N,\N
tt35400418,\N,\N,\N,\N,\N,\N
tt35452827,mayna,monjurul islam megh,alim ullah khokon,mayna,\N,\N
tt35453007,noah,louise brix andersen,eva mora; louise brix andersen,\N,\N,\N
tt35457378,\N,\N,\N,\N,\N,\N
tt35463971,\N,\N,\N,\N,\N,\N
tt35486831,\N,\N,\N,\N,\N,\N
tt35487690,\N,\N,\N,\N,\N,\N
tt35500324,\N,\N,\N,\N,\N,\N
tt3550452,\N,\N,\N,\N,\N,\N
tt35509393,landlord,jadeshaa k hampi,\N,landlord,\N,\N
tt35516949,\N,\N,\N,\N,\N,\N
tt35537740,\N,\N,\N,\N,\N,\N
tt3555218,\N,\N,\N,\N,\N,\N
tt3555568,crossing,arthur ian,arthur ian,\N,\N,\N
tt35555975,\N,\N,\N,\N,\N,\N
tt35557659,\N,\N,\N,\N,\N,\N
tt35624677,\N,\N,\N,\N,\N,\N
tt35627312,\N,\N,\N,\N,\N,\N
tt3562880,amanhecer a andar,silvia firmino,\N,\N,\N,\N
tt35628832,\N,\N,\N,\N,\N,\N
tt35628849,\N,\N,\N,\N,\N,\N
tt35629500,\N,\N,\N,\N,\N,\N
tt35636079,turn back,riyad barmania,riyad barmania; stuart ashen,\N,\N,\N
tt3565434,the shortest way home: c.s. lewis and mere christianity,tom dallis,amy dallis,\N,\N,\N
tt35655951,\N,\N,\N,\N,\N,\N
tt35655963,\N,\N,\N,\N,\N,\N
tt35657342,\N,\N,\N,\N,\N,\N
tt35657679,\N,\N,\N,\N,\N,\N
tt35665283,\N,\N,\N,\N,\N,\N
tt35671628,\N,\N,\N,\N,\N,\N
tt35677931,\N,\N,\N,\N,\N,\N
tt35678408,\N,\N,\N,\N,\N,\N
tt35691226,\N,\N,\N,\N,\N,\N
tt3569732,spandex sapiens,oskari pastila,\N,spandex sapiens,oskari pastila,ilja rautsi; oskari pastila
tt3569788,naan sigappu manithan,thiru,thiru,naan sigappu manithan,thiru,\N
tt3570530,sawaari,guhan senniappan,guhan senniappan,sawaari,guhan senniappan,\N
tt3571114,\N,\N,\N,\N,\N,\N
tt35725501,\N,\N,\N,\N,\N,\N
tt35737321,choiba: the dance of the humpback whale,simon gonzalez velez,simon gonzalez velez,\N,\N,\N
tt35747052,\N,\N,\N,\N,\N,\N
tt35747188,gummibar & friends: operation cotton candy,pete dodd,dan berlinka,gummibar & friends: operation cotton candy,\N,\N
tt35767858,\N,\N,\N,\N,\N,\N
tt35780065,\N,\N,\N,\N,\N,\N
tt3580692,abducted,prince bagdasarian,prince bagdasarian,\N,\N,\N
tt35810165,\N,\N,\N,\N,\N,\N
tt3582502,\N,\N,\N,\N,\N,\N
tt3583638,deserto,guilherme weber,ana paula maia; guilherme weber,\N,\N,\N
tt35856123,leaving neverland 2: surviving michael jackson,dan reed,\N,leaving neverland 2: surviving michael jackson,dan reed,\N
tt35868778,\N,\N,\N,\N,\N,\N
tt35891060,\N,\N,\N,\N,\N,\N
tt35899357,\N,\N,\N,\N,\N,\N
tt3591578,\N,\N,\N,\N,\N,\N
tt35916200,the last musician of auschwitz,toby trackman,\N,\N,\N,\N
tt35931463,\N,\N,\N,\N,\N,\N
tt35932411,the maintenance man,\N,\N,\N,\N,\N
tt35932417,always,deming chen,\N,always,deming chen,\N
tt35939783,\N,\N,\N,\N,\N,\N
tt35945037,a un lloc de la ment,pep bonet,catalina solivellas; jose corbacho,\N,\N,\N
tt3595088,\N,\N,\N,\N,\N,\N
tt35955052,giarres,reinhard von der marwitz,\N,\N,\N,\N
tt35961891,\N,\N,\N,\N,\N,\N
tt36009916,\N,\N,\N,\N,\N,\N
tt36042674,\N,\N,\N,\N,\N,\N
tt36055952,\N,\N,\N,\N,\N,\N
tt3606074,\N,\N,\N,\N,\N,\N
tt36120831,\N,\N,\N,\N,\N,\N
tt36123574,howard w. hunter,\N,\N,\N,\N,\N
tt36156216,dyngus day,michael buttino jr,paul mcginnis,\N,\N,\N
tt36160657,\N,\N,\N,\N,\N,\N
tt3619226,\N,\N,\N,\N,\N,\N
tt3621926,\N,\N,\N,\N,\N,\N
tt36242456,\N,\N,\N,bancharamer mess bari,\N,\N
tt3624496,\N,\N,\N,\N,\N,\N
tt36259743,\N,\N,\N,\N,\N,\N
tt3626076,motherland,pyotr buslov,aleksey shipenko; andrey migachev,\N,\N,\N
tt36262473,hot buffet,serdar gozelekli,ali demirel; levent cantek; volkan sumbul,\N,\N,\N
tt3626512,\N,\N,\N,\N,\N,\N
tt36283691,the poet and the spy,arnaldo catinari,arnaldo catinari; silvio muccino,at the revolutionary festival,arnaldo catinari,arnaldo catinari; silvio muccino
tt36284551,\N,\N,\N,\N,\N,\N
tt3628714,\N,\N,\N,\N,\N,\N
tt36298863,\N,\N,\N,\N,\N,\N
tt36305256,\N,\N,\N,\N,\N,\N
tt36315349,\N,\N,\N,\N,\N,\N
tt3632594,living the tradition: an enchanting journey into old irish airs,maarten roos,ilse de ziah; maarten roos,\N,\N,\N
tt36333569,\N,\N,\N,\N,\N,\N
tt36337933,\N,\N,\N,\N,\N,\N
tt36350075,\N,\N,\N,\N,\N,\N
tt36360374,the coriolis effect,corinne van egeraat; petr lom,\N,\N,\N,\N
tt36364202,\N,\N,\N,\N,\N,\N
tt36376254,\N,\N,\N,\N,\N,\N
tt3637782,bad moon rising,alasdair mackay,dani thompson,\N,\N,\N
tt36415829,the shepherd code: lapierre,alan delabie; lh chambat,alan delabie,\N,\N,\N
tt3643694,curtain call,eleanor sharpe; justin olstein,\N,\N,\N,\N
tt36448011,\N,\N,\N,\N,\N,\N
tt36454928,sabik,dado c lumibao,\N,\N,\N,\N
tt36455965,\N,\N,\N,\N,\N,\N
tt36467571,\N,\N,\N,\N,\N,\N
tt36470575,\N,\N,\N,\N,\N,\N
tt3647616,\N,\N,\N,\N,\N,\N
tt36489121,\N,\N,\N,\N,\N,\N
tt36489431,i'm only blind,kamelya alexan,\N,\N,\N,\N
tt36496741,"the machine, the dolphin and a garden gnome",tomas larrinaga,tomas larrinaga,\N,\N,\N
tt36499968,\N,\N,\N,\N,\N,\N
tt36537998,\N,\N,\N,\N,\N,\N
tt3654422,\N,\N,\N,\N,\N,\N
tt3654796,creep 2,patrick brice,mark duplass; patrick brice,creep 2,patrick brice,mark duplass; patrick brice
tt3656768,\N,\N,\N,\N,\N,\N
tt3657472,\N,\N,\N,\N,\N,\N
tt36577296,\N,\N,\N,\N,\N,\N
tt3658260,stadtebewohner,thomas heise,thomas heise,\N,\N,\N
tt36589966,nanny cam,george tillman jr,nelson greaves,\N,\N,\N
tt36591422,\N,\N,\N,\N,\N,\N
tt36595892,\N,\N,\N,\N,\N,\N
tt36598766,\N,\N,\N,\N,\N,\N
tt36607937,\N,\N,\N,\N,\N,\N
tt36621664,l7 e o esquadrao da cura,thais vilanova,thais vilanova,\N,\N,\N
tt36623093,\N,\N,\N,\N,\N,\N
tt36625638,threads of time,yukio iokibe,\N,\N,\N,\N
tt3663476,\N,\N,\N,\N,\N,\N
tt36687939,nem tudo e paz e amor,betao aguiar,betao aguiar; marco korodi,\N,\N,\N
tt3669208,\N,\N,\N,\N,\N,\N
tt3671398,\N,\N,\N,\N,\N,\N
tt36732890,my boyfriend the fascist,matthias lintner,matthias lintner; sadiel gonzalez,\N,\N,\N
tt36735682,reel rock 19,\N,\N,\N,\N,\N
tt3673904,\N,\N,\N,\N,\N,\N
tt3675190,the night seekers,menetie t ejeye,menetie t ejeye,\N,\N,\N
tt36753031,\N,\N,\N,\N,\N,\N
tt3675412,\N,\N,\N,\N,\N,\N
tt36793656,bakasura restaurant,sj shiva,sj shiva,bakasura restaurant,s j surya,\N
tt36831263,\N,\N,\N,\N,\N,\N
tt36831612,\N,\N,\N,\N,\N,\N
tt36842203,\N,\N,\N,\N,\N,\N
tt36854134,\N,\N,\N,\N,\N,\N
tt3685580,retro car kings,\N,\N,\N,\N,\N
tt36859451,\N,\N,\N,\N,\N,\N
tt36870739,the woman,hwang wook,hwang wook; lim dongmin,\N,\N,\N
tt36877344,\N,\N,\N,\N,\N,\N
tt3687904,\N,\N,\N,\N,\N,\N
tt3688622,\N,\N,\N,\N,\N,\N
tt3693218,anna-lena,nore norold,\N,\N,\N,\N
tt36934619,how to lose a popularity contest,stephen s campanelli,dorian keyes; kaitlin reilly,how to lose a popularity contest,stephen s campanelli,\N
tt36939901,\N,\N,\N,\N,\N,\N
tt36948077,onde dormem os sonhos,cecilia amado,cecilia amado,\N,\N,\N
tt36949548,\N,\N,\N,\N,\N,\N
tt3696764,350 days,fulvio cecere,\N,350 days,fulvio cecere,\N
tt36967816,\N,\N,\N,\N,\N,\N
tt36985221,\N,\N,\N,\N,\N,\N
tt36986014,\N,\N,\N,\N,\N,\N
tt36987619,the one i loved,diane kurys,diane kurys; martine moriconi,\N,diane kurys,\N
tt3699572,on the brain,kevin van stevenson,brandon trask,\N,\N,\N
tt36997618,\N,\N,\N,\N,\N,\N
tt36998501,\N,\N,\N,\N,\N,\N
tt37000751,\N,\N,\N,\N,\N,\N
tt3700336,\N,\N,\N,\N,\N,\N
tt37038719,happy days,susanna nicchiarelli,susanna nicchiarelli,\N,\N,\N
tt37041335,\N,\N,\N,\N,\N,\N
tt3705514,\N,\N,\N,\N,\N,\N
tt37059840,\N,\N,\N,\N,\N,\N
tt3707082,widow's bathhouse: wash thoroughly (onsen mark),satoru kobayashi,shusuke mikawa,\N,\N,\N
tt37093385,\N,\N,\N,\N,\N,\N
tt3713644,\N,\N,\N,\N,\N,\N
tt37141511,\N,\N,\N,\N,\N,\N
tt37146848,rodnee,zak ferguson,rory hughes; zak ferguson,\N,\N,\N
tt3714720,the hollars,john krasinski,jim strouse,the hollars,john krasinski,james c strouse
tt37154045,\N,\N,\N,\N,\N,\N
tt37156753,\N,\N,\N,\N,\N,\N
tt37163509,la venus electrique,pierre salvadori,benjamin charbit; benoit graffin; pierre salvadori,the electric kiss,pierre salvadori,benjamin charbit; benoit graffin; pierre salvadori
tt3716942,\N,\N,\N,\N,\N,\N
tt37174485,\N,\N,\N,\N,\N,\N
tt37174538,\N,\N,\N,\N,\N,\N
tt37180720,dreamland,mohsen enayati,mohsen enayati,\N,\N,\N
tt37180870,the underground railroad: the paths & places of refuge,\N,\N,\N,\N,\N
tt37189676,dad an,dmitriy suvorov,dmitriy suvorov; olga klemesheva,\N,\N,\N
tt37205079,\N,\N,\N,\N,\N,\N
tt37208475,when pigs fly,stephania torres,\N,\N,\N,\N
tt37212084,\N,\N,\N,\N,\N,\N
tt37215429,\N,\N,\N,\N,\N,\N
tt3721712,the flight of the golden fly,ivan kravchyshyn,ivan kravchyshyn,flight of the golden fly,ivan kravchyshyn,\N
tt37217143,\N,\N,\N,\N,\N,\N
tt37232377,\N,\N,\N,\N,\N,\N
tt37246261,\N,\N,\N,\N,\N,\N
tt37247413,\N,\N,\N,\N,\N,\N
tt3725488,\N,\N,\N,\N,\N,\N
tt37265057,\N,\N,\N,\N,\N,\N
tt3730010,hamarkiv hasodi,\N,\N,\N,\N,\N
tt37320134,\N,\N,\N,\N,\N,\N
tt37331877,qingtong & kuihua,chen kunhou,chen chinghui; zuo xuan,\N,\N,\N
tt37332499,\N,\N,\N,\N,\N,\N
tt37370137,\N,\N,\N,\N,\N,\N
tt37382770,\N,\N,\N,\N,\N,\N
tt3740004,\N,\N,\N,\N,\N,\N
tt37404532,\N,\N,\N,\N,\N,\N
tt3740524,\N,\N,\N,\N,\N,\N
tt3740668,\N,\N,\N,\N,\N,\N
tt3740916,16 ton,umit kvanc,umit kvanc,16 ton,umit kvanc,umit kvanc
tt37439599,\N,\N,\N,\N,\N,\N
tt3744150,\N,\N,\N,\N,\N,\N
tt37452754,\N,\N,\N,\N,\N,\N
tt3745772,dominguinhos,eduardo nazarian; joaquim castro; mariana aydar,\N,\N,\N,\N
tt37458298,wind of change,alex ranarivelo,\N,\N,\N,\N
tt37459101,\N,\N,\N,\N,\N,\N
tt37472801,\N,\N,\N,\N,\N,\N
tt37478525,\N,\N,\N,\N,\N,\N
tt37497983,\N,\N,\N,\N,\N,\N
tt37510081,\N,\N,\N,\N,\N,\N
tt37513682,\N,\N,\N,\N,\N,\N
tt37534384,\N,\N,\N,\N,\N,\N
tt37539003,\N,\N,\N,\N,\N,\N
tt37540490,\N,\N,\N,\N,\N,\N
tt37540953,\N,\N,\N,\N,\N,\N
tt37541221,\N,\N,\N,\N,\N,\N
tt37544063,\N,\N,\N,\N,\N,\N
tt3754986,\N,\N,\N,\N,\N,\N
tt3755914,bohemia,leonardo damario,andres calamaro; leonardo damario,\N,\N,\N
tt37565383,\N,\N,\N,\N,\N,\N
tt37578661,\N,\N,\N,\N,\N,\N
tt3757986,\N,\N,\N,\N,\N,\N
tt37603990,\N,\N,\N,\N,\N,\N
tt3763814,\N,\N,\N,\N,\N,\N
tt37661636,\N,\N,\N,\N,\N,\N
tt3767094,\N,\N,\N,\N,\N,\N
tt37671960,\N,\N,\N,\N,\N,\N
tt37674625,\N,\N,\N,\N,\N,\N
tt37682350,private,deepak deon,deepak deon,private,\N,\N
tt3770254,\N,\N,\N,\N,\N,\N
tt37707875,\N,\N,\N,\N,\N,\N
tt37724900,\N,\N,\N,\N,renee oro,\N
tt3772836,fundamentally happy,bee thiam tan; lei yuan bin,alvin tan; haresh sharma,\N,\N,\N
tt37729417,\N,\N,\N,\N,\N,\N
tt37731857,\N,\N,\N,\N,\N,\N
tt37738683,\N,\N,\N,\N,\N,\N
tt37748149,\N,\N,\N,\N,\N,\N
tt37762784,ded,carlos lopez estrada,anna moskowitz; carlos lopez estrada,\N,\N,\N
tt37762998,\N,\N,\N,\N,\N,\N
tt3777508,\N,\N,\N,\N,\N,\N
tt3780226,\N,\N,\N,\N,\N,\N
tt37803849,\N,\N,\N,\N,\N,\N
tt3780390,\N,\N,\N,\N,\N,\N
tt37833102,\N,\N,\N,\N,\N,\N
tt37835536,\N,\N,\N,\N,\N,\N
tt3783974,\N,\N,\N,\N,\N,\N
tt37855187,\N,\N,\N,\N,\N,\N
tt3786530,the big bee,yukihiko tsutsumi,ichiro kusuno,the big bee,yukihiko tsutsumi,\N
tt37868721,war 1840,yin li,dong zhe; yin li,\N,\N,\N
tt37878823,\N,\N,\N,\N,\N,\N
tt37891442,sorority house guillotine,gregory hatanaka,gregory hatanaka; jamie grefe,\N,\N,\N
tt37894980,aasha,safar sanal,joju george; ramesh girija; safar sanal,\N,\N,\N
tt3791746,thingdom: el reino de las cosas,rene castillo,pietro schito; rene castillo,\N,\N,\N
tt3793746,scorpion: vice city shakedown,roger paris,roger paris,\N,\N,\N
tt37937541,\N,\N,\N,\N,\N,\N
tt37942271,\N,\N,\N,\N,\N,\N
tt37956866,\N,\N,\N,\N,\N,\N
tt37968382,\N,\N,\N,\N,\N,\N
tt37969646,\N,\N,\N,\N,\N,\N
tt3800848,\N,\N,\N,\N,\N,\N
tt3804350,king lear,joan tosoni,\N,king lear,\N,\N
tt38059540,\N,\N,\N,\N,\N,\N
tt38066430,\N,\N,\N,\N,\N,\N
tt38080078,basang basa,brillante ma mendoza; freidric macapagal cortez,\N,\N,\N,\N
tt38099097,lola,antonio caeiro,antonio caeiro,\N,\N,\N
tt38111911,\N,\N,\N,\N,\N,\N
tt38131064,\N,\N,\N,\N,\N,\N
tt38131581,\N,\N,\N,\N,\N,\N
tt3815986,"oy, frost, frost!",nikolay shcherbakov,nikolay shcherbakov,\N,\N,\N
tt3822388,madras,pa ranjith,pa ranjith,madras,pa ranjith,pa ranjith
tt38226575,\N,\N,\N,\N,\N,\N
tt38234728,empty rooms,ken gregory,ken gregory,\N,\N,\N
tt38235587,\N,\N,\N,\N,\N,\N
tt3826534,\N,\N,\N,\N,\N,\N
tt3828220,the amazing praybeyt benjamin,wenn v deramas,danno kristoper c mariquit; keiko aquino; kriz gazmen; wenn v deramas,the amazing praybeyt benjamin,wenn v deramas,wenn v deramas
tt3831922,\N,\N,\N,\N,\N,\N
tt3833486,\N,\N,\N,\N,\N,\N
tt3834494,\N,\N,\N,\N,\N,\N
tt3835106,"moskvich, my love",aram shahbazyan,\N,\N,aram shahbazyan,\N
tt3840652,the wind blows,zdravko mustac,zdravko mustac,\N,\N,\N
tt38415996,\N,\N,\N,\N,\N,\N
tt3843182,savita barbie,\N,\N,\N,\N,\N
tt38489689,\N,\N,\N,\N,\N,\N
tt38497646,\N,\N,\N,\N,\N,\N
tt38503649,\N,\N,\N,\N,\N,\N
tt38504369,sandy,neo bryce,neo bryce,\N,\N,\N
tt38509171,\N,\N,\N,\N,\N,\N
tt38516984,\N,\N,\N,\N,\N,\N
tt38518590,\N,\N,\N,\N,\N,\N
tt38544135,\N,\N,\N,my storylof,benjamin doig espinoza,benjamin doig espinoza
tt38551384,\N,\N,\N,\N,\N,\N
tt38572187,\N,\N,\N,\N,\N,\N
tt38583336,donostia,\N,\N,\N,\N,\N
tt38589656,roughnecks - the starship troopers chronicles - the hydora campaign,\N,\N,\N,\N,\N
tt38589753,\N,\N,\N,\N,\N,\N
tt3859018,\N,\N,\N,\N,\N,\N
tt38593352,\N,\N,\N,\N,\N,\N
tt38625570,\N,\N,\N,\N,\N,\N
tt38637119,gosh!!,joe odagiri,joe odagiri,\N,\N,\N
tt38648588,\N,\N,\N,\N,\N,\N
tt3866822,lazy,ryan hartley,\N,\N,\N,\N
tt3867518,\N,\N,\N,\N,\N,\N
tt38715165,\N,\N,\N,\N,\N,\N
tt38715506,\N,\N,\N,\N,\N,\N
tt38716425,\N,\N,\N,\N,\N,\N
tt38729461,\N,\N,\N,\N,\N,\N
tt38732453,\N,\N,\N,\N,\N,\N
tt38744270,house of hope,marjolein busstra,\N,\N,\N,\N
tt38744398,\N,\N,\N,\N,\N,\N
tt3875936,\N,\N,\N,\N,\N,\N
tt38770411,\N,\N,\N,\N,\N,\N
tt38780617,belum ada judul,aria kusumadewa,aria kusumadewa,\N,\N,\N
tt3878902,ruen mayura,cherd songsri,\N,\N,\N,\N
tt38793015,the house of monsters,david hebrero,david hebrero,\N,\N,\N
tt38793681,david castello-lopes : authentique,arnaud emery,david castellolopes,\N,\N,\N
tt38799054,\N,\N,\N,\N,\N,\N
tt38801695,\N,\N,\N,\N,\N,\N
tt3881784,stronger,david gordon green,john pollono,stronger,david gordon green,john pollono
tt38823876,\N,\N,\N,\N,\N,\N
tt38870952,\N,\N,\N,\N,\N,\N
tt3887318,910 ninety,alice rohrwacher; alina marazzi; claudio giovannesi; costanza quatriglio; giovanni piperno; marco bonfanti; paola randi; pietro marcello; roland sejko; sara fgaier,alice rohrwacher,9x10 novanta,alice rohrwacher; alina marazzi; claudio giovannesi; marco bonfanti; paola randi; pietro marcello,alice rohrwacher; alina marazzi; claudio giovannesi; pietro marcello
tt38875510,\N,\N,\N,\N,\N,\N
tt38881327,\N,\N,\N,\N,\N,\N
tt38883907,\N,\N,\N,\N,\N,\N
tt3890278,red amnesia,wang xiaoshuai,fang lei; li fei; wang xiaoshuai,red amnesia,wang xiaoshuai,wang xiaoshuai
tt38906627,\N,\N,\N,\N,\N,\N
tt38907668,\N,\N,\N,\N,\N,\N
tt38916220,\N,\N,\N,\N,\N,\N
tt38916470,mothers,alice tomassini,alice tomassini; vincenzo scuccimarra,mothers,alice tomassini,alice tomassini; vincenzo scuccimarra
tt3892682,\N,\N,\N,\N,\N,\N
tt38934333,\N,\N,\N,\N,\N,\N
tt38938166,\N,\N,\N,\N,\N,\N
tt3894502,\N,\N,\N,\N,\N,\N
tt38946358,\N,\N,\N,\N,\N,\N
tt3896428,federation,ian munro,sue castrique,\N,\N,\N
tt3896934,\N,\N,\N,\N,\N,\N
tt38972094,\N,\N,\N,\N,\N,\N
tt38978672,o grande furto paulista,beatriz panico,beatriz panico,\N,\N,\N
tt39000000,\N,\N,\N,\N,\N,\N
tt39009399,\N,\N,\N,\N,\N,\N
tt39019219,ninja,murugu,murugu,\N,\N,\N
tt39027150,\N,\N,\N,\N,\N,\N
tt39028767,\N,\N,\N,\N,\N,\N
tt39029705,\N,\N,\N,\N,\N,\N
tt3904176,iraqi odyssey,samir jamal al din,samir jamal al din,iraqi odyssey,samir,samir
tt39073031,\N,\N,\N,\N,\N,\N
tt39074501,\N,\N,\N,\N,\N,\N
tt39111326,annem hakknda,soner sert,soner sert,\N,\N,\N
tt39122547,"i sing, i love, i exist",wang yu,\N,\N,\N,\N
tt39139645,\N,\N,\N,\N,\N,\N
tt39141091,\N,\N,\N,\N,\N,\N
tt39158710,\N,\N,\N,\N,\N,\N
tt39163015,time and water,sara dosa,andri snr magnason; erin casper; jocelyne chaput; sara dosa,time and water,sara dosa,andri snr magnason; erin casper; jocelyne chaput; sara dosa
tt39163579,\N,\N,\N,\N,\N,\N
tt39164230,all birds sing beautifully,krista burane,krista burane,\N,\N,\N
tt39173733,\N,\N,\N,\N,\N,\N
tt39183886,\N,\N,\N,\N,\N,\N
tt39197461,the wasp woman,paul dinello,kinta zertuche; paul dinello,\N,\N,\N
tt39214737,\N,\N,\N,\N,\N,\N
tt39215336,bidadari surga,indra gunawan,ali farighi,\N,\N,\N
tt39215343,\N,\N,\N,\N,\N,\N
tt39215355,love is hard,dong xu,dong xu; wang xiaoai,\N,\N,\N
tt3921664,ishq wala love,renu desai,renu desai,ishq wala love,renu desai,renu desai
tt39239695,\N,\N,\N,\N,\N,\N
tt39244767,\N,\N,\N,\N,\N,\N
tt39278953,\N,\N,\N,\N,\N,\N
tt39283093,hope,brian ide,quinton peeples,\N,\N,\N
tt39283401,\N,\N,\N,\N,\N,\N
tt39285260,\N,\N,\N,\N,\N,\N
tt39289154,\N,\N,\N,\N,\N,\N
tt39291787,\N,\N,\N,\N,\N,\N
tt39298308,\N,\N,\N,\N,\N,\N
tt39300485,clovers,jacob hatley; tom vickers,\N,\N,\N,\N
tt39308490,heartman: rock and love,choi wonsub,lee sua,heartman: rock and love,\N,\N
tt39311136,\N,\N,\N,\N,\N,\N
tt39312521,continuavano a chiamarlo trucolo,andrea petrini,andrea petrini,\N,\N,\N
tt39317881,\N,\N,\N,\N,\N,\N
tt39318498,\N,\N,\N,\N,\N,\N
tt39332403,\N,\N,\N,\N,\N,\N
tt39365752,\N,\N,\N,\N,\N,\N
tt39366637,\N,\N,\N,\N,\N,\N
tt39367106,\N,\N,\N,\N,\N,\N
tt39373594,\N,\N,\N,\N,\N,\N
tt39376693,\N,\N,\N,\N,\N,\N
tt39380638,\N,\N,\N,\N,\N,\N
tt39383485,joy boy: a tribute to julius eastman,anne reijniers; fallon mayanja; mawena yehouessi; paul shemisi; rob jacobs; victoire karera kampire,\N,\N,\N,\N
tt39385101,\N,\N,\N,\N,\N,\N
tt39387657,pavane,lee jongpil,lee jongpil; son mi,pavane: for a dead princess,lee jongpil,\N
tt39389592,\N,\N,\N,\N,\N,\N
tt39390089,miami pi,michael diliberti,michael diliberti,\N,\N,\N
tt39398939,\N,\N,\N,\N,\N,\N
tt39400229,kiss me my ghost friend,chen tapu,hsu kueiying,\N,\N,\N
tt39400628,adult game,chen kuofu; edward yang; hou hsiaohsien,\N,\N,\N,\N
tt39443906,\N,\N,\N,\N,\N,\N
tt39444570,\N,\N,\N,\N,\N,\N
tt39467659,\N,\N,\N,\N,\N,\N
tt3949274,\N,\N,\N,\N,\N,\N
tt39494460,hands up who'd like a hug?,mick connolly,mick connolly,\N,\N,\N
tt39535445,back to tilicho,maxime hutinet; sarah charley,\N,\N,\N,\N
tt3954648,\N,\N,\N,\N,\N,\N
tt3955140,\N,\N,\N,\N,\N,\N
tt3955642,estrella quiero ser,gustavo nieto roa,gustavo nieto roa; idania velasquez luna; katalina boham; veronia angeles franco,\N,\N,\N
tt39568448,\N,\N,\N,\N,\N,\N
tt39579311,\N,\N,\N,\N,\N,\N
tt3957992,\N,\N,\N,\N,\N,\N
tt39582671,the old man,somchanrith chap,say veacha,the old man,\N,\N
tt39602205,\N,\N,\N,\N,\N,\N
tt3962574,\N,\N,\N,\N,\N,\N
tt39635710,\N,\N,\N,\N,\N,\N
tt3963816,marauders,steven c miller,chris sivertson; michael cody,marauders,steven c miller,chris sivertson
tt39639304,\N,\N,\N,\N,\N,\N
tt39645240,\N,\N,\N,\N,\N,\N
tt39674854,\N,\N,\N,\N,\N,\N
tt39691620,\N,\N,\N,\N,\N,\N
tt3969514,\N,\N,\N,ring road shubha,priya belliappa,\N
tt3970482,roger waters: the wall,roger waters; sean evans,roger waters,roger waters: the wall,roger waters,roger waters
tt3971214,rocket club,bobby davidson,\N,\N,\N,\N
tt3975020,\N,\N,\N,\N,\N,\N
tt39790617,\N,\N,\N,\N,\N,\N
tt39840397,\N,\N,\N,\N,\N,\N
tt3986532,tig,ashley york; kristina goolsby,jennifer arnold,tig,ashley york; kristina goolsby,\N
tt3990100,\N,\N,\N,\N,\N,\N
tt3992200,\N,\N,\N,\N,\N,\N
tt39930013,\N,\N,\N,\N,\N,\N
tt3993886,all day and a night,joe robert cole,joe robert cole,all day & a night,joe robert cole,joe robert cole
tt39951734,\N,\N,\N,\N,\N,\N
tt39963888,\N,\N,\N,\N,\N,\N
tt39973224,\N,\N,\N,\N,\N,\N
tt39980503,siva sambo,sp bagavathy bala,sp bagavathy bala,siva sambo,\N,\N
tt39989156,\N,\N,\N,\N,\N,\N
tt4002006,\N,\N,\N,\N,\N,\N
tt4006206,the challenge,omar khlifi,\N,\N,\N,\N
tt40081278,\N,\N,\N,\N,\N,\N
tt4011830,\N,\N,\N,\N,\N,\N
tt40123458,\N,\N,\N,\N,\N,\N
tt40182278,"i was, i am, and i will be!",yoshiyuki itakura,\N,\N,\N,\N
tt4019666,love stories,tomas portella,adriana falcao; celio porto; pedro carvalhaes; tatiana maciel,desculpe o transtorno,\N,\N
tt40202571,\N,\N,\N,\N,\N,\N
tt4022132,tracking,rodrigo gonzalez larrondo,rodrigo gonzalez larrondo; rodrigo munoz galvez,\N,\N,\N
tt40250044,\N,\N,\N,\N,\N,\N
tt40259886,k2 - traum und schicksal,kurt diemberger,kurt diemberger,\N,\N,\N
tt40320675,\N,\N,\N,\N,\N,\N
tt4038014,\N,\N,\N,\N,\N,\N
tt4038248,\N,\N,\N,\N,\N,\N
tt4038736,the old cinderella,guo shubo,gao yanan; lu chuan; zhang jingchu,the old cinderella,wu bai,\N
tt40389755,\N,\N,\N,\N,\N,\N
tt40435390,forsaken,vincent garenq,alexis abdelkrim kebbas; vincent garenq,forsaken,vincent garenq,\N
tt40460440,\N,\N,\N,\N,\N,\N
tt4046592,\N,\N,\N,\N,\N,\N
tt4048964,the blood harvest,george clarke,george clarke,\N,\N,\N
tt40522438,\N,\N,\N,\N,\N,\N
tt40531853,\N,\N,\N,\N,\N,\N
tt40539716,\N,\N,\N,\N,\N,\N
tt40549826,bauhaus forever.,nico weber,\N,\N,\N,\N
tt40562693,\N,\N,\N,\N,\N,\N
tt40564592,\N,\N,\N,\N,\N,\N
tt40573912,\N,\N,\N,\N,\N,\N
tt4058358,\N,\N,\N,\N,\N,\N
tt4059018,\N,\N,\N,\N,\N,\N
tt40599454,\N,\N,\N,\N,\N,\N
tt40600613,\N,\N,\N,\N,\N,\N
tt4062604,#thosegirls,alex medeiros,alex medeiros,\N,\N,\N
tt4063166,\N,\N,\N,\N,\N,\N
tt40638342,\N,\N,\N,\N,\N,\N
tt40662429,\N,\N,\N,\N,\N,\N
tt4069316,hazing,pablo aragues,pablo aragues,novatos,pablo aragues,pablo aragues
tt4073894,\N,\N,\N,\N,\N,\N
tt4075494,\N,\N,\N,\N,\N,\N
tt40788735,\N,\N,\N,\N,\N,\N
tt40793143,\N,\N,\N,\N,\N,\N
tt4081766,\N,\N,\N,\N,\N,\N
tt40846817,\N,\N,\N,\N,\N,\N
tt4085130,sky line,jonny leahan; miguel drakemclaughlin,\N,\N,\N,\N
tt40872855,\N,\N,\N,\N,\N,\N
tt40919798,\N,\N,\N,\N,\N,\N
tt4092588,\N,\N,\N,\N,\N,\N
tt4095404,naoshima (dream on the tongue),claire laborey,\N,\N,\N,\N
tt41021188,thank you charlotte,berkun oya,berkun oya,\N,\N,\N
tt4105514,obsessive becoming,daniel reeves,\N,\N,\N,\N
tt4106186,\N,\N,\N,\N,\N,\N
tt4108872,nezha,li xiaofeng,li xiaofeng; yu pan,nezha,xiaofeng li,\N
tt4111608,the pink triangle and the nazi cure for homosexuality,esteban jasper; nacho steinberg,osvaldo canis,\N,\N,\N
tt4118056,absence,chico teixeira,cesar turim; chico teixeira; sabina anzuategui,absence,chico teixeira,\N
tt41230818,\N,\N,\N,\N,\N,\N
tt4128378,"cinema documentaire, fragments d'une histoire",jeanlouis comolli,\N,\N,jeanlouis comolli,\N
tt4131214,\N,\N,\N,\N,\N,\N
tt4134856,forget me not,yannis fagras,\N,\N,\N,\N
tt4136860,\N,\N,\N,\N,\N,\N
tt41389717,kamen rider kabuto 20th: the one who inherits the heavens,hidenori ishida,shouji yonemura,\N,\N,\N
tt4143186,kopfkino,lene berg,\N,\N,\N,\N
tt4145332,midara shimai: namahada ijiri,akira fukamachi,\N,\N,\N,\N
tt4146426,\N,\N,\N,\N,\N,\N
tt4149092,lord jones is dead,austin andrews,matthew clayfield,\N,\N,\N
tt4149732,crush the skull,viet nguyen,chris dinh,crush the skull,\N,\N
tt41517398,\N,\N,\N,\N,\N,\N
tt41526122,\N,\N,\N,\N,\N,\N
tt41546984,\N,\N,\N,\N,\N,\N
tt41556345,\N,\N,\N,\N,\N,\N
tt41565608,kaupungin synty,aleksi kauppinen,\N,\N,\N,\N
tt41575832,\N,\N,\N,\N,\N,\N
tt41580608,\N,\N,\N,\N,\N,\N
tt4158516,\N,\N,\N,\N,\N,\N
tt41616442,\N,\N,\N,\N,\N,\N
tt41635473,\N,\N,\N,\N,\N,\N
tt4165650,\N,\N,\N,\N,\N,\N
tt4166112,close-ups,magdalena piekorz,magdalena piekorz; wojciech kuczok,\N,\N,\N
tt4169824,\N,\N,\N,\N,\N,\N
tt4176556,two friends,louis garrel,christophe honore; louis garrel,two friends,louis garrel,christophe honore; louis garrel
tt4179352,\N,\N,\N,\N,\N,\N
tt41872176,\N,\N,\N,\N,\N,\N
tt4187466,the light of sion,\N,\N,\N,\N,\N
tt41877711,\N,\N,\N,\N,\N,\N
tt4188452,\N,\N,\N,\N,\N,\N
tt41902186,\N,\N,\N,\N,\N,\N
tt4190862,\N,\N,\N,\N,\N,\N
tt4192716,\N,\N,\N,\N,\N,\N
tt41933896,same day error,raynier brizuela,\N,\N,\N,\N
tt41984718,\N,\N,\N,\N,\N,\N
tt41990005,\N,\N,\N,\N,\N,\N
tt42003685,\N,\N,\N,\N,\N,\N
tt42028900,\N,\N,\N,\N,\N,\N
tt42038379,operation tral,ratheesh vegha,ratheesh vegha,\N,\N,\N
tt4204126,\N,\N,\N,\N,\N,\N
tt4205132,\N,\N,\N,\N,\N,\N
tt42053250,\N,\N,\N,\N,\N,\N
tt42053368,\N,\N,\N,\N,\N,\N
tt4205688,\N,\N,\N,\N,\N,\N
tt4206066,crossfire: the plot that killed kennedy,j michael long,jim marrs,\N,\N,\N
tt4211766,creatures,\N,eb alers,\N,\N,\N
tt4211792,\N,\N,\N,\N,\N,\N
tt4212818,\N,\N,\N,\N,\N,\N
tt42153711,\N,\N,\N,\N,\N,\N
tt4216788,\N,\N,\N,\N,\N,\N
tt4218580,\N,\N,\N,\N,\N,\N
tt42203875,\N,\N,\N,\N,\N,\N
tt42207548,\N,\N,\N,\N,\N,\N
tt42219552,\N,\N,\N,\N,\N,\N
tt42242465,\N,\N,\N,\N,\N,\N
tt42243180,\N,\N,\N,\N,\N,\N
tt42254052,no sunshine in here,karol maia,karol maia,\N,\N,\N
tt42301248,\N,\N,\N,\N,\N,\N
tt4231718,\N,\N,\N,\N,\N,\N
tt42341655,\N,\N,\N,\N,\N,\N
tt4235432,ithihasa,binu s,aneesh lee ashok,ithihasa,binu sadanandan,\N
tt42373598,\N,\N,\N,\N,\N,\N
tt42405018,\N,\N,\N,\N,\N,\N
tt42435344,choosing violence: the skin graph & gnarl weekend tour,lishman heathcock,lishman heathcock,\N,\N,\N
tt42436447,\N,\N,\N,\N,\N,\N
tt42440534,enhypen: immersion in cinemas,oh yoondong; park jaeseok,\N,\N,\N,\N
tt4250438,11:55,ari issler; ben snyder,ari issler; ben snyder; victor almanzar,11:55,ari issler; ben snyder,\N
tt4253322,"love, theft and other entanglements",muayad alayan,muayad alayan; rami musa alayan,"love, theft and other entanglements",muayad alayan,muayad alayan
tt4254562,the people garden,nadia litz,nadia litz,the people garden,nadia litz,\N
tt42575548,\N,\N,\N,\N,\N,\N
tt42576337,\N,\N,\N,\N,\N,\N
tt4261008,nasciturus: which will be born,\N,\N,\N,\N,\N
tt42643672,\N,\N,\N,\N,\N,\N
tt4265184,\N,\N,\N,\N,\N,\N
tt42662284,\N,\N,\N,\N,\N,\N
tt4267118,old friends,peter odabashian,\N,\N,\N,\N
tt4267358,\N,\N,\N,\N,\N,\N
tt4270046,the crocodile,mao ayuth,mao ayuth,the crocodile,mao ayuth,\N
tt42719486,\N,\N,\N,\N,\N,\N
tt42721310,\N,\N,\N,\N,\N,\N
tt42739367,\N,\N,\N,\N,\N,\N
tt42740260,\N,\N,\N,\N,\N,\N
tt42746853,aguizotes: el despertar de la carreta nagua,marcos ivan vilchez ruiz,marcos ivan vilchez ruiz,\N,\N,\N
tt42775952,jhamkudi 2,umang vyas,heath bhatt,\N,\N,\N
tt42811444,\N,\N,\N,\N,\N,\N
tt42820635,\N,\N,\N,\N,\N,\N
tt42822597,\N,\N,\N,\N,\N,\N
tt4284282,scary tales: last stop,geno mcgahee,geno mcgahee,\N,\N,\N
tt42857501,\N,\N,\N,\N,\N,\N
tt42867715,\N,\N,\N,\N,\N,\N
tt42869112,\N,\N,\N,\N,\N,\N
tt4291436,when will you get married?,ody c harahap,monty tiwa; robert ronny,\N,\N,\N
tt42929873,\N,\N,\N,\N,\N,\N
tt42934057,\N,\N,\N,\N,\N,\N
tt42957412,salah: farewell to the king,\N,\N,\N,\N,\N
tt4299026,\N,\N,\N,\N,\N,\N
tt43061332,\N,\N,\N,\N,\N,\N
tt43070432,\N,\N,\N,\N,\N,\N
tt43077570,\N,\N,\N,\N,\N,\N
tt43093859,\N,\N,\N,\N,\N,\N
tt4311602,mad full of dreams,kevin baggott,\N,\N,\N,\N
tt43122943,"instadocs: alex murdaugh, unconvicted",\N,\N,\N,\N,\N
tt4315160,\N,\N,\N,\N,\N,\N
tt4319820,\N,\N,\N,\N,\N,\N
tt43202898,\N,\N,\N,hatamari hennu kiladi gandu,renuka sharma,p kalaimani
tt43208647,heritieres,karine pion; lucile parrycanet,\N,\N,\N,\N
tt43216891,\N,\N,\N,\N,\N,\N
tt4322790,\N,\N,\N,\N,\N,\N
tt4326556,a tangled web,emmanuel obi,emmanuel obi; uwe schwarzwalder,\N,\N,\N
tt4329544,\N,\N,\N,\N,\N,\N
tt4330124,\N,\N,\N,\N,\N,\N
tt43310348,\N,\N,\N,\N,\N,\N
tt43318813,rotten society,ss jishnu dev,ss jishnu dev,\N,\N,\N
tt43328724,\N,\N,\N,\N,\N,\N
tt43334502,\N,\N,\N,\N,\N,\N
tt4333672,\N,\N,\N,\N,\N,\N
tt43338369,\N,\N,\N,\N,\N,\N
tt43339322,\N,\N,\N,\N,\N,\N
tt43339353,\N,\N,\N,\N,\N,\N
tt43363795,\N,\N,\N,\N,\N,\N
tt43374450,\N,\N,\N,\N,\N,\N
tt43382970,\N,\N,\N,\N,\N,\N
tt43384345,\N,\N,\N,\N,\N,\N
tt4338904,puli vesham,p vasu,p vasu,puli vesham,p vasu,p vasu
tt43408259,\N,\N,\N,\N,\N,\N
tt43420431,brothers in arms,richard copans,richard copans,\N,\N,\N
tt43428288,\N,\N,\N,\N,\N,\N
tt43438644,\N,\N,\N,\N,\N,\N
tt43457079,\N,\N,\N,\N,\N,\N
tt4351624,the great rage,claudio fragasso,rossella drudi,la grande rabbia,claudio fragasso,rossella drudi
tt4356128,\N,\N,\N,\N,\N,\N
tt4359394,\N,\N,\N,\N,\N,\N
tt43598309,\N,\N,\N,\N,\N,\N
tt43598544,\N,\N,\N,\N,\N,\N
tt43601467,\N,\N,\N,\N,\N,\N
tt43601619,\N,\N,\N,\N,\N,\N
tt43607499,\N,\N,\N,\N,\N,\N
tt43609983,from the ground up,vadym ilkov,\N,\N,\N,\N
tt43617067,\N,\N,\N,\N,\N,\N
tt43617086,\N,\N,\N,\N,\N,\N
tt43620289,\N,\N,\N,\N,\N,\N
tt43621884,\N,\N,\N,\N,\N,\N
tt43622885,\N,\N,\N,\N,\N,\N
tt43623416,\N,\N,\N,\N,\N,\N
tt43624865,\N,\N,\N,\N,\N,\N
tt43641818,\N,\N,\N,\N,\N,\N
tt43643833,\N,\N,\N,\N,\N,\N
tt43643900,\N,\N,\N,\N,\N,\N
tt43646636,\N,\N,\N,\N,\N,\N
tt43646811,\N,\N,\N,\N,\N,\N
tt43650089,\N,\N,\N,\N,\N,\N
tt43665937,\N,\N,\N,\N,\N,\N
tt43665968,\N,\N,\N,\N,\N,\N
tt43666068,in all my journeys i am returning,manuel ponce de leon,cesar jaimes; jeronimo uribe; manuel ponce de leon,\N,\N,\N
tt43669158,\N,\N,\N,\N,\N,\N
tt43670673,\N,\N,\N,\N,\N,\N
tt43670968,\N,\N,\N,\N,\N,\N
tt4368758,\N,\N,\N,\N,\N,\N
tt4379520,\N,\N,\N,\N,\N,\N
tt4383688,\N,\N,\N,\N,\N,\N
tt4386326,\N,\N,\N,\N,\N,\N
tt4391962,\N,\N,\N,\N,\N,\N
tt4419736,se acabo la epica,matilde michanie,\N,\N,\N,\N
tt4424080,\N,\N,\N,\N,\N,\N
tt4444446,the sun,yu irie,tomohiro maekawa; yu irie,the sun,yu irie,\N
tt4452086,\N,\N,\N,\N,\N,\N
tt4456270,the sunshine makers,cosmo feildingmellen,connie littlefield,the sunshine makers,cosmo feilding mellen,\N
tt4464310,\N,\N,\N,an interrupted flight,yelena arshakyan,anahit mekhitarian
tt4466578,\N,\N,\N,\N,\N,\N
tt4471444,\N,\N,\N,\N,\N,\N
tt4472078,robert aickman: author of strange tales,\N,\N,\N,\N,\N
tt4478324,\N,\N,\N,\N,\N,\N
tt4479520,\N,\N,\N,\N,\N,\N
tt4480234,\N,\N,\N,\N,\N,\N
tt4487294,muy lejos de aqui,juan alejandro ramirez,\N,\N,\N,\N
tt4490112,\N,\N,\N,\N,\N,\N
tt4496808,\N,\N,\N,\N,\N,\N
tt4499186,portrait of a garden,rosie stapel,\N,portrait of a garden,rosie stapel,rosie stapel
tt4499544,\N,\N,\N,\N,\N,\N
tt4501838,\N,\N,\N,\N,\N,\N
tt4503084,the bribe of heaven,lisandro duque naranjo,lisandro duque naranjo,el soborno del cielo,lisandro duque naranjo,lisandro duque naranjo
tt4505118,arrete ton cinema !,diane kurys,diane kurys; sylvie testud,arrete ton cinema,diane kurys,diane kurys; sylvie testud
tt4521944,\N,\N,\N,\N,\N,\N
tt4523928,fun size horror: volume two,andrew wesman; karen gillan; mark alan miller; michael may; ned ehrbar; patrick rea; peter wu; stephen boyer; taylor phillips; vivian lin; zeke pinheiro,christian francis; joe wicker; karen gillan; mali elfman; ned ehrbar; patrick rea; peter wu; stephanie ko; stephen boyer; taylor phillips; vivian lin; zeke pinheiro,fun size horror: volume two,\N,\N
tt4532416,through,andre lorenz michiles; diogo soares martins; fabio bardella,\N,\N,\N,\N
tt4538650,\N,\N,\N,\N,\N,\N
tt4543674,the end of year,jing wang,wu nan; xiaodong xie,\N,\N,\N
tt4552984,\N,\N,\N,\N,\N,\N
tt4553016,\N,\N,\N,\N,\N,\N
tt4556648,\N,\N,\N,\N,\N,\N
tt4559202,\N,\N,\N,\N,\N,\N
tt4567320,born guilty,max heller,max heller,born guilty,max heller,\N
tt4571282,\N,\N,\N,\N,\N,\N
tt4573498,nice desune: muranishi toru,\N,\N,\N,\N,\N
tt4576054,\N,\N,\N,hard hitter,frederik withseidelin skov,\N
tt4580842,\N,\N,\N,\N,\N,\N
tt4592022,\N,\N,\N,\N,\N,\N
tt4595114,\N,\N,\N,poverty inc.,gary null,\N
tt4597436,the great white tiger platoon,katsuhiko tasaka,fuji yahiro,the great white tiger platoon,katsuhiko tasaka,fuji yahiro
tt4607132,\N,\N,\N,\N,\N,\N
tt4631312,\N,\N,\N,\N,\N,\N
tt4633708,\N,\N,\N,\N,\N,\N
tt4635152,\N,\N,\N,\N,\N,\N
tt4638196,\N,\N,\N,\N,\N,\N
tt4642420,the poetry of cinema: abbas kiarostami in conversation with richard pena,\N,\N,\N,\N,\N
tt4649694,logbook_serbistan,zelimir zilnik,zelimir zilnik,\N,\N,\N
tt4651578,muna,serdar gozelekli,\N,\N,\N,\N
tt4659710,the limit of,alan mulligan,alan mulligan,the limit of,\N,\N
tt4665360,\N,\N,\N,jens munk nordvestxpeditionen,ole japp,\N
tt4665482,\N,\N,\N,\N,\N,\N
tt4671628,\N,\N,\N,\N,\N,\N
tt4674916,\N,\N,\N,\N,\N,\N
tt4679030,\N,\N,\N,\N,\N,\N
tt4685428,1 buck,fabien dufils,fabien dufils,1 buck,\N,\N
tt4685626,eyes of the dead,ben samuels,\N,eyes of the dead,\N,\N
tt4691796,\N,\N,\N,\N,\N,\N
tt4694966,\N,\N,\N,\N,\N,\N
tt4700538,hollywood road trip,johnny soto,jeff garner; johnny soto,\N,\N,\N
tt4707940,miss tanakpur haazir ho,vinod kapri,vinod kapri,miss tanakpur haazir ho,vinod kapri,vinod kapri
tt4709038,\N,\N,\N,\N,\N,\N
tt4714710,a nice quiet life,edgar michael bravo,edgar michael bravo,a nice quiet life,\N,\N
tt4717402,mfkz,guillaume renard; shojiro nishimi,bennett abara; guillaume renard,mutafukaz,run; shojiro nishimi,run
tt4726540,\N,\N,\N,\N,\N,\N
tt4738196,\N,\N,\N,\N,\N,\N
tt4743416,\N,\N,\N,\N,\N,\N
tt4757634,\N,\N,\N,\N,\N,\N
tt4761082,\N,\N,\N,\N,\N,\N
tt4769258,dance with me,mikhail shevchuk,mikhail shevchuk,\N,\N,\N
tt4792240,neverending past,andro martinovic,andro martinovic,neverending past,andro martinovic,\N
tt4796754,\N,\N,\N,\N,\N,\N
tt4796878,\N,\N,\N,\N,\N,\N
tt4797160,larceny,r ellis frazier,benjamin budd; scott windhauser,larceny,r ellis frazier,\N
tt4799708,\N,\N,\N,\N,\N,\N
tt4799794,\N,\N,\N,\N,\N,\N
tt4805316,a dark song,liam gavin,liam gavin,a dark song,liam gavin,liam gavin
tt4809344,\N,\N,\N,\N,\N,\N
tt4810964,beginner,burcak uzen,\N,beginner,\N,\N
tt4820180,\N,\N,\N,\N,\N,\N
tt4823236,\N,\N,\N,\N,\N,\N
tt4829166,\N,\N,\N,\N,\N,\N
tt4829912,seeds,marina viscun,marina viscun,\N,\N,\N
tt4833050,jeonju digital project 2012,raya martin; vimukthi jayasundara; ying liang,\N,\N,\N,\N
tt4843344,speech & debate,dan harris,stephen karam,speech & debate,dan harris,stephen karam
tt4846490,416,jim fields,\N,\N,\N,\N
tt4853318,the welder,\N,\N,\N,\N,\N
tt4854500,the unidentified,marija ristic; nemanja babic,ivana nikolic; marija ristic; milka domanovic,\N,\N,\N
tt4860100,my see-through heart,david vitaldurand; raphael vitaldurand,david vitaldurand; raphael vitaldurand; stephane miquel,her secret life,\N,\N
tt4861404,\N,\N,\N,\N,\N,\N
tt4865728,\N,\N,\N,\N,\N,\N
tt4871736,hidden identity,salvo cuccia,alfonso sabella; federica cuccia; marco alessi; salvo cuccia,\N,salvo cuccia,salvo cuccia
tt4880830,week-end a sochaux,bruno muel,\N,\N,bruno muel,\N
tt4885016,the discrete charm of geometry,ekaterina eremenko,ekaterina eremenko,\N,\N,\N
tt4886392,good times never come,keith lukowski,\N,\N,\N,\N
tt4897380,\N,\N,\N,\N,\N,\N
tt4899006,\N,\N,\N,\N,\N,\N
tt4906814,the panelist,juan manuel repetto,juan manuel repetto,\N,\N,\N
tt4925298,\N,\N,\N,\N,\N,\N
tt4933776,\N,\N,\N,\N,\N,\N
tt4934360,\N,\N,\N,\N,\N,\N
tt4941818,summer sacrament,lionel desai,lionel desai,\N,\N,\N
tt4942400,jaahel and the dancer,reza safaei,habibollah kasmai,jaahel and the dancer,reza safaei,\N
tt4943366,coming so fast,jamal qasim,abdel fattah elbeltagy,coming as soon as possible,\N,\N
tt4945086,\N,\N,\N,\N,\N,\N
tt4956160,censor,konstantin shelepov,ivan tropov,censor,\N,\N
tt4957716,\N,\N,\N,\N,\N,\N
tt4958770,maximo marquez,\N,\N,\N,\N,\N
tt4970804,manhunt,\N,\N,\N,\N,\N
tt4976478,\N,\N,\N,\N,\N,\N
tt4976510,\N,\N,\N,\N,\N,\N
tt4984670,colloques,emmanuel plasseraud,\N,\N,\N,\N
tt4985504,get rich free,paul thind; shayan sharmahd,paul thind,\N,\N,\N
tt4990024,\N,\N,\N,\N,\N,\N
tt4996442,\N,\N,\N,\N,\N,\N
tt5004930,passeurs,pamela varela,\N,\N,\N,\N
tt5011026,\N,\N,\N,\N,\N,\N
tt5017008,my grandmother fanny kaplan,olena demianenko,dmytro tomashpolskyi; olena demianenko,her name was fanny kaplan,olena demyanenko,dmytro tomashpolskyi; olena demyanenko
tt5017430,\N,\N,\N,\N,\N,\N
tt5021236,\N,\N,\N,\N,\N,\N
tt5021840,\N,\N,\N,\N,\N,\N
tt5031156,\N,\N,\N,\N,\N,\N
tt5033438,\N,\N,\N,\N,\N,\N
tt5036134,nocturne,konstantinos frangopoulos,malachi smyth,\N,\N,\N
tt5037684,the rainbow experiment,christina kallas,christina kallas,the rainbow experiment,christina kallas,\N
tt5041372,the seal of the sun,futoshi sato,\N,the seal of the sun,futoshi sato,\N
tt5047334,carl andersens underground der liebe,jindra gerald; martin nechvatal,jindra gerald; martin nechvatal,\N,\N,\N
tt5048390,\N,\N,\N,\N,\N,\N
tt5060306,\N,\N,\N,\N,\N,\N
tt5061064,\N,\N,\N,\N,\N,\N
tt5066676,\N,\N,\N,\N,\N,\N
tt5070270,\N,\N,\N,45: a rock n roll documentary,ed santiago,\N
tt5080312,\N,\N,\N,\N,\N,\N
tt5080780,\N,\N,\N,\N,leo joannon,georges de la fouchardiere
tt5080992,\N,\N,\N,\N,\N,\N
tt5083110,el origen del cielo,david belmar,david belmar,\N,\N,\N
tt5084536,\N,\N,\N,\N,\N,\N
tt5086444,\N,\N,\N,\N,\N,\N
tt5087042,\N,\N,\N,\N,\N,\N
tt5089150,elisa,\N,\N,\N,\N,\N
tt5093026,papillon,michael noer,aaron guzikowski,papillon,michael noer,aaron guzikowski; lorenzo semple jr
tt5094584,\N,\N,\N,\N,\N,\N
tt5104422,\N,\N,\N,\N,\N,\N
tt5106690,\N,\N,\N,\N,\N,\N
tt5109302,ghost note,troy hart,troy hart,\N,\N,\N
tt5116946,\N,\N,\N,\N,\N,\N
tt5117152,killer punjabi,\N,\N,killer punjabi,lakhvir bansi; parvinder singh wraich,\N
tt5125582,for ever & ever,vladimir chubrikov,olga elagina; vladimir chubrikov,\N,\N,\N
tt5127226,\N,\N,\N,\N,\N,\N
tt5127980,\N,\N,\N,\N,\N,\N
tt5132502,the indie 500,josef rodriguez,\N,\N,\N,\N
tt5133956,desire for love,viktor georgiyev,aleksandr kuprin; viktor georgiyev,\N,viktor georgiyev,\N
tt5134724,peter the 3rd,tommy lang,dikla benzion,\N,tommy lang,tommy lang
tt5144884,\N,\N,\N,\N,\N,\N
tt5147202,stalked,taylor bridges,taylor bridges,\N,\N,\N
tt5158484,\N,\N,\N,\N,\N,\N
tt5168754,ika hands,robert gardner,robert gardner,ika hands,robert gardner,\N
tt5180796,fidan,erdogan tokatl,erdogan tokatl; macit koper,fidan,erdogan tokatl,macit koper
tt5187166,sino? si amang,tata nel,dhouglas veron; teody p recio,\N,\N,\N
tt5187456,\N,\N,\N,\N,\N,\N
tt5199600,\N,\N,\N,\N,\N,\N
tt5203594,\N,\N,\N,\N,\N,\N
tt5204388,\N,\N,\N,\N,\N,\N
tt5226378,que pena tu vida,luis eduardo reyes,angel pulido; luis eduardo reyes; valentin trujillo jr,que pena tu vida,luis eduardo reyes,\N
tt5226650,\N,\N,\N,\N,\N,\N
tt5236530,\N,\N,\N,\N,\N,\N
tt5239086,london recruits,gordon main,gordon main,comrade tambo's london recruits,\N,\N
tt5241598,la leyenda,elias acosta,carmen mirabal,\N,\N,\N
tt5248690,\N,\N,\N,\N,\N,\N
tt5249022,dark entry,\N,\N,\N,\N,\N
tt5254006,\N,\N,\N,\N,\N,\N
tt5254212,the brand new legend of the stardust brothers,makoto tezuka,keralino sandorovich; makoto tezuka,\N,\N,\N
tt5257730,the last women standing,luo luo,luo luo,the last women standing,luo luo,\N
tt5263888,"wake up, girls! beyond the bottom",yutaka yamamoto,\N,"wake up, girls! beyond the bottom",yutaka yamamoto,\N
tt5265070,\N,\N,\N,\N,\N,\N
tt5267872,\N,\N,\N,kiwani: the movie,\N,\N
tt5268004,\N,\N,\N,\N,\N,\N
tt5274138,\N,\N,\N,\N,\N,\N
tt5280554,\N,\N,\N,luna-odessa,anatolii mateshko,lyuko dashvar
tt5286520,quantum revolution,vincent langouche,\N,\N,\N,\N
tt5286556,tawilwil gang,\N,\N,\N,\N,\N
tt5293604,teiichi: battle of supreme high,akira nagai,yoshihiro izumi,teiichi no kuni,akira nagai,\N
tt5294732,\N,\N,\N,\N,\N,\N
tt5294770,damnesia,scout tafoya,\N,\N,\N,\N
tt5295412,christmas with cookie,alan maxson; shawn schminke,alan maxson,\N,\N,\N
tt5296590,\N,\N,\N,\N,\N,\N
tt5312422,\N,\N,\N,\N,\N,\N
tt5313136,\N,\N,\N,\N,\N,\N
tt5313578,\N,\N,\N,\N,\N,\N
tt5314690,\N,\N,\N,\N,\N,\N
tt5315588,\N,\N,\N,\N,\N,\N
tt5317286,franca: chaos and creation,francesco carrozzini,\N,franca: chaos and creation,francesco carrozzini,\N
tt5319410,\N,\N,\N,\N,\N,\N
tt5320954,\N,\N,\N,\N,\N,\N
tt5329898,\N,\N,\N,\N,\N,\N
tt5333022,\N,\N,\N,\N,\N,\N
tt5333956,the beast is still alive,mina mileva; vesela kazakova,mina mileva; vesela kazakova,the beast is still alive,mina mileva; vesela kazakova,\N
tt5338172,\N,\N,\N,\N,\N,\N
tt5342530,\N,\N,\N,\N,\N,\N
tt5352024,outlaw,jahangir jahangiri,jamshid heydari,outlaw,jahangir jahangiri,jamshid heidari
tt5358570,like for likes,park hyunjin,yu youngah,like for likes,park hyunjin,\N
tt5361488,magellan,rob york,rob york; scott baird,\N,\N,\N
tt5363648,fishtales,evan tramel,lisa baget,fishtales,\N,\N
tt5368690,where's daddy?,\N,\N,\N,\N,\N
tt5372640,\N,\N,\N,\N,\N,\N
tt5373240,\N,\N,\N,\N,\N,\N
tt5375078,\N,\N,\N,\N,\N,\N
tt5375516,\N,\N,\N,\N,\N,\N
tt5376228,worth the price,michael copon,arkeisha roberts; michael copon,\N,\N,\N
tt5376438,\N,\N,\N,\N,\N,\N
tt5378292,earth sutra,jordi carot; jose saenz de heredia,jordi carot; jose saenz de heredia,earth sutra,jordi carot; jose saenz de heredia,\N
tt5389834,\N,\N,\N,\N,\N,\N
tt5390246,taken heart,steven r monroe,shanrah wakefield; sophie tilson,\N,\N,\N
tt5420650,listen,dakei; eri makihara,\N,listen,dakei; eri makihara,\N
tt5425144,mission milano,wong jing,wong jing,mission milano,wong jing,\N
tt5425194,\N,\N,\N,rahe chardi kala punjab di,\N,\N
tt5430276,\N,\N,\N,\N,\N,\N
tt5438396,from fico to fico,zuzana piussi,\N,od fica do fica,zuzana piussi,\N
tt5439736,\N,\N,\N,\N,\N,\N
tt5441966,\N,\N,\N,\N,\N,\N
tt5445664,\N,\N,\N,\N,\N,\N
tt5449088,enemies in-law,kim jinyoung,jo joonghoon,enemies in-law,kim jinyeong,\N
tt5451118,303,hans weingartner,hans weingartner; silke eggert,303,hans weingartner,hans weingartner
tt5456400,ufo: the greatest story ever denied iii - ufos from outer space,jose escamilla,jose escamilla,ufo: the greatest story ever denied iii ufos from outer space,jose escamilla,\N
tt5457722,brahmotsavam,srikanth addala,srikanth addala,brahmotsavam,srikanth addala,srikanth addala
tt5461632,\N,\N,\N,\N,\N,\N
tt5462846,\N,\N,\N,\N,\N,\N
tt5463510,lantouri,reza dormishian,reza dormishian,lantouri,reza dormishian,reza dormishian
tt5465562,\N,\N,\N,\N,\N,\N
tt5467140,the pretty ones,melisa liebenthal,melisa liebenthal,\N,\N,\N
tt5468022,digimon adventure tri. part 6: future,keitaro motonaga,\N,digimon adventure tri. 6,\N,\N
tt5469480,saving faith,chip rossetti,adam lewis,\N,\N,\N
tt5477002,super eunuch,yang jiao,\N,\N,\N,\N
tt5477378,\N,\N,\N,\N,\N,\N
tt5479682,chiranjeev,ramesh more,ramesh more,\N,\N,\N
tt5482242,fluidity,linda yellen,linda yellen; michael leeds; stephanie wahlstrom,fluidity,linda yellen,linda yellen
tt5487426,\N,\N,\N,\N,\N,\N
tt5488452,\N,\N,\N,\N,\N,\N
tt5498618,the fertility experiment,\N,\N,\N,\N,\N
tt5501006,\N,\N,\N,\N,\N,\N
tt5501370,\N,\N,\N,dominic the actor,brandon braich; gerald williams,\N
tt5502918,one full four half,purshottam berde,purshottam berde,\N,\N,\N
tt5504782,\N,\N,\N,\N,\N,\N
tt5509328,\N,\N,\N,a 9/11 a day,frank panico,\N
tt5514798,\N,\N,\N,picturing war,konstantin flemig,konstantin flemig
tt5522964,w.s. merwin: to plant a tree,stefan c schaefer,stefan c schaefer,w.s. merwin: to plant a tree,stefan schaefer,\N
tt5524114,\N,\N,\N,\N,\N,\N
tt5524510,\N,\N,\N,\N,\N,\N
tt5526706,\N,\N,\N,\N,\N,\N
tt5530016,\N,\N,\N,\N,\N,\N
tt5530824,\N,\N,\N,\N,\N,\N
tt5530986,after spring,ellen martinez; steph ching,\N,after spring,ellen martinez; steph ching,\N
tt5534382,\N,\N,\N,ora amake bhalo hote dilo na,kazi hayat,\N
tt5544224,flashburn,giorgio serafini,garry charles; giorgio serafini,\N,\N,\N
tt5545470,kolamass,sanoob anil,\N,\N,\N,\N
tt5553782,linefork,jeff silva; vic rawlings,\N,linefork,ashley sabin; vic rawlings,\N
tt5558520,\N,\N,\N,\N,\N,\N
tt5562804,le grida del silenzio,alessandra carlesi,alessandra carlesi,le grida del silenzio,alessandra carlesi,alessandra carlesi
tt5563698,\N,\N,\N,\N,\N,\N
tt5569010,\N,\N,\N,por el ultimo round,antonio guajardo,\N
tt5569410,\N,\N,\N,\N,\N,\N
tt5570438,\N,\N,\N,\N,manolis papadakis,\N
tt5571534,"kein mord, kein totschlag",uwe schrader,uwe schrader,\N,uwe schrader,\N
tt5578772,\N,\N,\N,\N,\N,\N
tt5580300,\N,\N,\N,\N,\N,\N
tt5581706,crossed lines,courtney g jones,courtney g jones,\N,\N,\N
tt5584300,\N,\N,\N,\N,\N,\N
tt5588618,aloha from lavaland,phillips payson; suzenne seradwyn,zoe eisenberg,aloha from lavaland,phillips payson; susan marie snyder,\N
tt5593076,\N,\N,\N,\N,\N,\N
tt5595744,\N,\N,\N,\N,martin zeising,\N
tt5596030,eksik etek,aram gulyuz,aram gulyuz,\N,\N,\N
tt5598138,\N,\N,\N,\N,\N,\N
tt5598264,\N,\N,\N,\N,\N,\N
tt5599446,self-storage,pat collier,\N,\N,\N,\N
tt5606596,deconstructing interruption,stelios moraitidis,\N,deconstructing interruption,stelios moraitidis,\N
tt5610910,\N,\N,\N,\N,\N,\N
tt5622442,\N,\N,\N,\N,\N,\N
tt5622604,\N,\N,\N,\N,\N,\N
tt5630214,\N,\N,\N,\N,\N,\N
tt5632164,veerappan,ram gopal varma,ram gopal varma; rd tailang,veerappan,ram gopal varma,ram gopal varma
tt5635814,\N,\N,\N,\N,\N,\N
tt5640118,\N,\N,\N,\N,\N,\N
tt5640504,\N,\N,\N,\N,philippe guilloux,\N
tt5653426,\N,\N,\N,\N,\N,\N
tt5657370,\N,\N,\N,\N,\N,\N
tt5661172,\N,\N,\N,\N,\N,\N
tt5666750,witch: we intend to cause havoc,gio arlotta,gio arlotta; tim spreng,witch: we intend to cause havoc,gio arlotta,gio arlotta; tim spreng
tt5667370,\N,\N,\N,\N,\N,\N
tt5670382,a moving image,shola amoo,shola amoo,\N,\N,\N
tt5674650,\N,\N,\N,\N,\N,\N
tt5684606,cauby: comecaria tudo outra vez,nelson hoineff,nelson hoineff,cauby - i'd start all over again,nelson hoineff,\N
tt5689156,\N,\N,\N,\N,\N,\N
tt5697952,\N,\N,\N,\N,\N,\N
tt5700676,i scream on the beach!,alexander churchyard; mike holiday,alexander churchyard; mike holiday,\N,\N,\N
tt5705922,an impudent man,masaharu segawa,kikuma shimoiizaka; masaharu segawa,\N,\N,\N
tt5708184,\N,\N,\N,\N,\N,\N
tt5716166,\N,\N,\N,\N,\N,\N
tt5723682,\N,\N,\N,\N,\N,\N
tt5728908,\N,\N,\N,\N,\N,\N
tt5732590,la milano di bagutta,davide rapp,\N,\N,\N,\N
tt5733490,\N,\N,\N,\N,\N,\N
tt5737840,midnight driver,david chai,david chai,\N,\N,\N
tt5740820,\N,\N,\N,\N,\N,\N
tt5741898,grab the sun,yutaro nakamura,yutaro nakamura,\N,\N,\N
tt5745460,\N,\N,\N,\N,\N,\N
tt5745998,five days on lesvos,richard wyllie,\N,\N,\N,\N
tt5747112,\N,\N,\N,\N,\N,\N
tt5749930,\N,\N,\N,\N,\N,\N
tt5754050,\N,\N,\N,\N,\N,\N
tt5759244,\N,\N,\N,\N,\N,\N
tt5763662,\N,\N,\N,\N,\N,\N
tt5766274,\N,\N,\N,\N,\N,\N
tt5767628,kill 'em all,peter malota,brian smolensky; craig stewart; jesse cilio,kill 'em all,pjeter malota,\N
tt5776358,melody of noise,gitta gsell,gitta gsell,melody of noise,gitta gsell,\N
tt5776736,loki 7,ernesto alemany,isaac savinon; miguel yarull,loki 7,\N,\N
tt5777082,\N,\N,\N,\N,\N,\N
tt5780594,il nostro ultimo,ludovico di martino,ludovico di martino,il nostro ultimo,ludovico di martino,ludovico di martino
tt5802260,my whispering plan,qu youning,lin chunhua,\N,\N,\N
tt5803184,the market gardener's toolkit,olivier asselin,\N,\N,\N,\N
tt5804768,\N,\N,\N,\N,\N,\N
tt5805350,the crawler in the attic,shoji kubota,rampo edogawa; shoji kubota,\N,\N,\N
tt5806914,the undercovers,\N,\N,\N,\N,\N
tt5807560,mirr,mehdi sahebi,mehdi sahebi,\N,\N,\N
tt5810124,\N,\N,\N,\N,\N,\N
tt5811490,\N,\N,\N,\N,\N,\N
tt5812530,\N,\N,\N,\N,\N,\N
tt5813252,\N,\N,\N,\N,\N,\N
tt5818946,\N,\N,\N,\N,\N,\N
tt5821246,\N,\N,\N,\N,\N,\N
tt5825052,all that divides us,thierry klifa,cedric anger; thierry klifa,all that divides us,thierry klifa,cedric anger
tt5831732,\N,\N,\N,tattooing in iran,hooshmand honarkar,\N
tt5839220,favorite,pavel pechenkin,pavel pechenkin,\N,\N,\N
tt5841190,kids can,\N,\N,\N,\N,\N
tt5842802,dracula,reza attaran,\N,\N,\N,\N
tt5848626,pagiri,esakki karvannan,esakki karvannan,pagiri,esakki karvannan,\N
tt5852114,\N,\N,\N,\N,\N,\N
tt5867282,\N,\N,\N,\N,\N,\N
tt5871422,\N,\N,\N,\N,\N,\N
tt5873216,they,anahita ghazvinizadeh,anahita ghazvinizadeh,they,anahita ghazvinizadeh,anahita ghazvinizadeh
tt5876202,the sensational pair,albert lai ginkwok,\N,\N,\N,\N
tt5878644,secret song: tsugaru shakuhachi widow,akira fukamachi,terunobu shimizu,\N,\N,\N
tt5886724,no knock list,rich rule,zeilo vogta,\N,\N,\N
tt5892616,\N,\N,\N,\N,\N,\N
tt5894410,slugterra: into the shadows,andrew duncan; asaph fipke; michael dowding,jonathan callan; patrick rieger; sib ventress; tom pugsley,\N,\N,\N
tt5902732,\N,\N,\N,\N,\N,\N
tt5903674,four passports,mihajlo jevtic,mihajlo jevtic,\N,\N,\N
tt5907734,tomorrow's power,amy miller,\N,\N,\N,\N
tt5908826,\N,\N,\N,\N,\N,\N
tt5917398,\N,\N,\N,\N,\N,\N
tt5920686,\N,\N,\N,\N,\N,\N
tt5922940,si vis pacem para bellum,stefano calvagna,stefano calvagna,\N,stefano calvagna,\N
tt5927530,black lives matter,joseph oesi,\N,black lives matter,joseph oesi,\N
tt5930094,atomic shark,lisa palenica,cameron tevis; lisa palenica,atomic shark,lisa palenica,\N
tt5931880,the fish in the water,tulay kocaturk,tulay kocaturk,the fish in the water,tulay kocaturk,tulay kocaturk
tt5932296,\N,\N,\N,i wish i was that bird,jeffrey krolick,\N
tt5934300,his daughter,tatyana everstova,tatyana everstova,\N,\N,\N
tt5935682,emma',riri riza,riri riza; salman aristo,athirah,riri riza,riri riza; salman aristo
tt5937410,\N,\N,\N,\N,\N,\N
tt5939770,the family,rosie jones,rosie jones,the family,rosie jones,\N
tt5943352,\N,\N,\N,\N,\N,\N
tt5952364,the sixth beatle,john rose; tony guma,\N,the 6th beatle,john rose; tony guma,\N
tt5962436,\N,\N,\N,\N,\N,\N
tt5965436,\N,\N,\N,\N,\N,\N
tt5974624,soul on a string,zhang yang,tashi dawa; zhang yang,soul on a string,zhang yang,tashi dawa
tt5977986,\N,\N,\N,\N,\N,\N
tt5988116,\N,\N,\N,\N,\N,\N
tt5990444,the trap,erik white,brandon broussard; hudson obayuwana; jana savage; nile evans,the trap,erik white,\N
tt5992746,\N,\N,\N,pibelandia,augusto cesar vatteone,\N
tt6011562,\N,\N,\N,hardik abhinandan,\N,\N
tt6016148,\N,\N,\N,\N,\N,\N
tt6029394,\N,\N,\N,\N,\N,\N
tt6029678,the...,attila; becky oben,\N,\N,\N,\N
tt6039300,\N,\N,\N,\N,\N,\N
tt6041042,\N,\N,\N,\N,\N,\N
tt6043826,\N,\N,\N,\N,\N,\N
tt6045680,kanl para,natuk baytan,erdogan tunas; fuat ozluer,kanl para,natuk baytan,\N
tt6049232,\N,\N,\N,\N,\N,\N
tt6050008,italian business,mario chiavalin,antonella matranga; ylenia azzurretti,italian business,mario chiavalin,\N
tt6057186,\N,\N,\N,\N,\N,\N
tt6058084,the return,malene choi jensen,sissel dalsgaard thomsen,the return,malene choi jensen,\N
tt6059570,larger than life: the kevyn aucoin story,tiffany bartok,\N,\N,\N,\N
tt6076440,\N,\N,\N,\N,\N,\N
tt6083972,\N,\N,\N,\N,\N,\N
tt6084798,impossible probability,murat senoy,\N,\N,\N,\N
tt6084898,vino veritas,pascal obadia,\N,\N,\N,\N
tt6091936,love o2o,tianyu zhao,gu man; shen feixian; yu pan,love o2o,\N,\N
tt6094326,\N,\N,\N,\N,\N,\N
tt6106822,blue note records: beyond the notes,sophie huber,sophie huber,blue note records: beyond the notes,sophie huber,sophie huber
tt6110098,like in the movies,gonzalo ladines,gonzalo ladines,just like in the movies,gonzalo ladines,gonzalo ladines
tt6114510,\N,\N,\N,\N,\N,\N
tt6123116,\N,\N,\N,\N,\N,\N
tt6134540,\N,\N,\N,\N,\N,\N
tt6141132,aw rah nyoosh,ben neufeld,ben neufeld,\N,\N,\N
tt6143026,\N,\N,\N,\N,\N,\N
tt6166304,\N,\N,\N,\N,\N,\N
tt6167072,\N,\N,\N,\N,\N,\N
tt6167894,angamaly diaries,lijo jose pellissery,chemban vinod jose,angamaly diaries,lijo jose pellissery,chemban vinod jose
tt6167996,\N,\N,\N,please please please,hiroshi horiuchi,\N
tt6168758,\N,\N,\N,\N,\N,\N
tt6170048,18th annual animation show of shows,ainslie henderson; alan barillaro; bekky oneil; cecilia puglesi; chloe alliez; chris ware; daniela sherer; dina velikovskaya; ira glass; iris alexandre; john kuramoto; john mcgowan; joshua gunn; kristian pedersen; leo matsuda; marc hericher; oh seoro; patrick osborne; simon cartwright; trevor piecham; vladimir leschiov; yijun liu,\N,\N,\N,\N
tt6170830,\N,\N,\N,\N,\N,\N
tt6172466,\N,\N,\N,\N,\N,\N
tt6177952,\N,\N,\N,tora dine ku mora dine,sudhanshu mohan sahu,\N
tt6183326,\N,\N,\N,\N,\N,\N
tt6183334,inside: a chinese horror story,lili bai,jiangning lu,\N,\N,\N
tt6187714,\N,\N,\N,\N,\N,\N
tt6189736,\N,\N,\N,\N,\N,\N
tt6199848,\N,\N,\N,\N,\N,\N
tt6203944,our patriots,gabriel le bomin,gabriel le bomin,our patriots,gabriel le bomin,\N
tt6209154,\N,\N,\N,\N,\N,\N
tt6213822,aba jan,hatef alimardani,\N,\N,\N,\N
tt6214598,\N,\N,\N,\N,\N,\N
tt6219544,\N,\N,\N,\N,\N,\N
tt6226114,\N,\N,\N,\N,\N,\N
tt6249794,\N,\N,\N,\N,\N,\N
tt6264928,blood 13,candy li,\N,blood 13,\N,\N
tt6274596,return of the curse,chris penney,chris penney,\N,\N,\N
tt6278064,\N,\N,\N,\N,\N,\N
tt6279568,das madel aus der holle,frederic zelnik,fanny carlsen,the girl from hell,frederic zelnik,\N
tt6279654,\N,\N,\N,marionettes of the princess,frederic zelnik,fanny carlsen
tt6287794,la gran ola,fernando arroyo,\N,\N,\N,\N
tt6295808,\N,\N,\N,\N,\N,\N
tt6301036,love trap,azizollah rafiei,esmaeil poorsaeid,\N,\N,\N
tt6313164,\N,\N,\N,\N,\N,\N
tt6316372,\N,\N,\N,\N,\N,\N
tt6317706,\N,\N,\N,\N,\N,\N
tt6319750,green jello suxx live,rob gabriele,\N,\N,\N,\N
tt6327570,the moment you fall in love,tetsuya yanagisawa,yoshimi narita,suki ni naru sono shunkan o: kokuhaku jikko iinkai,tetsuya yanagisawa,\N
tt6327824,\N,\N,\N,\N,\N,\N
tt6340564,\N,\N,\N,\N,\N,\N
tt6342858,\N,\N,\N,\N,\N,\N
tt6343314,creed ii,steven caple jr,cheo hodari coker; juel taylor; sascha penn; sylvester stallone,creed ii,steven caple jr,cheo hodari coker; sylvester stallone
tt6355566,\N,\N,\N,\N,\N,\N
tt6359360,\N,\N,\N,\N,\N,\N
tt6363228,\N,\N,\N,\N,\N,\N
tt6371832,\N,\N,\N,\N,\N,\N
tt6374826,ghosts vs.monsters,mike goodreau,mike goodreau,\N,\N,\N
tt6384722,\N,\N,\N,\N,\N,\N
tt6388082,my annoying brother,kwon sookyung,yu youngah,my annoying brother,kwon sookyung,\N
tt6388664,tonsler park,kevin jerome everson,\N,\N,\N,\N
tt6389594,\N,\N,\N,\N,\N,\N
tt6390126,\N,\N,\N,\N,\N,\N
tt6391134,tit for tat,\N,\N,\N,\N,\N
tt6413350,\N,\N,\N,\N,\N,\N
tt6413778,\N,\N,\N,\N,\N,\N
tt6414890,eva,benoit jacquot,benoit jacquot; gilles taurand,eva,benoit jacquot,benoit jacquot; gilles taurand
tt6419482,\N,\N,\N,\N,\N,\N
tt6419522,"anpanman: purun, the soap bubble",hiroyuki yano,tomoko konparu,"go! anpanman: purun, the soap bubble",hiroyuki yano,\N
tt6419542,\N,\N,\N,\N,\N,\N
tt6423708,\N,\N,\N,\N,\N,\N
tt6430372,gohan,junichi yasuda,\N,gohan,\N,\N
tt6430384,blossoming into a family,hiroki hayashi,munehiro kuriyama,\N,\N,\N
tt6433624,nine and a half moons,michela andreozzi,alessia crocini; fabio morici; michela andreozzi,nine 1/2 moons,michela andreozzi,\N
tt6437936,vakuum,christine repond,christine repond; silvia wolkan,vacuum,christine repond,christine repond; silvia wolkan
tt6443832,\N,\N,\N,\N,\N,\N
tt6444786,grumant: the island of communism,ivan tverdovsky,ivan tverdovsky,\N,\N,\N
tt6445394,monkey talks,peter mimi,peter mimi,monkey talks,peter mimi,peter mimi
tt6446230,\N,\N,\N,\N,\N,\N
tt6447354,\N,\N,\N,\N,\N,\N
tt6447450,\N,\N,\N,\N,\N,\N
tt6447656,\N,\N,\N,\N,\N,\N
tt6447970,\N,\N,\N,\N,\N,\N
tt6448114,\N,\N,\N,\N,\N,\N
tt6448258,\N,\N,\N,\N,\N,\N
tt6448390,\N,\N,\N,\N,\N,\N
tt6448400,\N,\N,\N,\N,\N,\N
tt6448514,mokykla be uniformos,\N,\N,\N,\N,\N
tt6448576,hi jack,tiange wu,\N,\N,\N,\N
tt6448964,\N,\N,\N,\N,\N,\N
tt6449348,\N,\N,\N,\N,\N,\N
tt6450032,\N,zhi xiaohao,\N,\N,\N,\N
tt6450124,my lover yurie,ko eunki,\N,my lover yurie,\N,\N
tt6450576,\N,\N,\N,\N,\N,\N
tt6463320,zana,antoneta kastrati,antoneta kastrati; casey cooper johnson,zana,antoneta kastrati,antoneta kastrati
tt6468080,stranded pearl,ken khan; prashanth gunasekaran,rachel smith,\N,\N,\N
tt6486630,asphyxia,fereydoun jeyrani,\N,asphyxia,fereydoun jeyrani,\N
tt6487156,\N,\N,\N,\N,\N,\N
tt6501526,\N,\N,\N,\N,\N,\N
tt6505552,\N,\N,\N,\N,\N,\N
tt6513216,unwanted heritage,irena skoric,irena skoric,\N,\N,\N
tt6517264,\N,\N,\N,\N,\N,\N
tt6521714,\N,\N,\N,\N,\N,\N
tt6521802,blood's a rover,tim frasergranados,\N,\N,\N,\N
tt6522426,\N,\N,\N,\N,\N,\N
tt6525234,\N,\N,\N,\N,\N,\N
tt6533290,\N,\N,\N,\N,\N,\N
tt6541398,winter spring,aleksandr zeldovich,aleksandr zeldovich,\N,\N,\N
tt6543038,\N,\N,\N,\N,\N,\N
tt6543208,\N,\N,\N,\N,\N,\N
tt6544850,my ex & whys,cathy garciasampana,cathy garciasampana; gilliann ebreo; jancy e nicolas,my ex and whys,cathy garciasampana,\N
tt6551462,\N,\N,\N,\N,\N,\N
tt6555772,"love, surreal and odd",ylmaz erdogan,ylmaz erdogan,"love, surreal and odd",ylmaz erdogan,\N
tt6557244,the answer to cancer der andere weg,susanne aernecke,\N,\N,\N,\N
tt6571050,neptunia,alejandro rocchi; gaston haag; gonzalo torrens; juani monteverdi; maximiliano contenti,gaston haag; marcelo bessonart; pedro duarte,\N,\N,\N
tt6571258,\N,\N,\N,\N,\N,\N
tt6577026,\N,\N,\N,\N,\N,\N
tt6583038,\N,\N,\N,\N,\N,\N
tt6586114,diary about returning to the native,zhang junxian,zhang junxian,\N,\N,\N
tt6588700,\N,\N,\N,\N,\N,\N
tt6593242,eyes wide open,will forrester,will forrester,\N,\N,\N
tt6594022,genco,ali kemal cnar,\N,\N,\N,\N
tt6602292,\N,\N,\N,\N,\N,\N
tt6606998,dust will return to earth,alejandro soltero valencia,sergio vicencio,\N,\N,\N
tt6615784,the show about the show,caveh zahedi,caveh zahedi,\N,\N,\N
tt6623826,\N,\N,\N,\N,\N,\N
tt6630656,the man who can't get enough of architecture: nisan yaubyan,atom saskal,iren bcakc; serli hobikoglu,\N,\N,\N
tt6634900,the man gang,makoto naito,katsuhiko taguchi; masachika hata,\N,\N,\N
tt6654090,two plains + a fancy,lev kalman; whitney horn,lev kalman; sarah dziedzic; whitney horn,\N,\N,\N
tt6667630,a circus girl,yusuke watanabe,fumio konami; yusuke watanabe,a circus girl,yusuke watanabe,\N
tt6672152,miss rosewood,helle jensen,\N,miss rosewood,helle jensen,\N
tt6673304,\N,\N,\N,\N,\N,\N
tt6682366,\N,\N,\N,\N,\N,\N
tt6694104,\N,\N,\N,\N,\N,\N
tt6708008,lanka,\N,\N,lanka,\N,\N
tt6710194,\N,\N,\N,\N,\N,\N
tt6710544,\N,\N,\N,\N,\N,\N
tt6710922,\N,\N,\N,\N,\N,\N
tt6719900,\N,\N,\N,\N,\N,\N
tt6731594,dead stream,laura russo,laura russo; tim huddleston,\N,\N,\N
tt6735670,king arthur and the knights of the round table,jared cohn,scotty mullen,king arthur and the knights of the round table,jared cohn,\N
tt6746870,the working class is off to paradise,marko cvejic,marko cvejic,\N,\N,\N
tt6749908,"at age of 14, 15",zhao yuan,chensheng luo; zhao yuan,\N,\N,\N
tt6751468,caged,nicholas winter,nicholas winter,\N,\N,\N
tt6757822,\N,\N,\N,\N,\N,\N
tt6761454,\N,\N,\N,\N,\N,\N
tt6766650,\N,\N,\N,\N,\N,\N
tt6774356,\N,\N,\N,\N,\N,\N
tt6794504,last three days,brian ulrich,brian ulrich,last three days,brian tyrannus ulrich,\N
tt6798798,\N,\N,\N,\N,\N,\N
tt6817108,sinvivir,anais pareto onghena,\N,\N,\N,\N
tt6835500,\N,\N,\N,\N,\N,\N
tt6842288,paper city burnout,\N,\N,\N,\N,\N
tt6848932,\N,\N,\N,\N,\N,\N
tt6851430,my extraordinary summer with tess,steven wouterlood,laura van dijk,my extraordinary summer with tess,steven wouterlood,laura van dijk
tt6851884,sukkar barrah,\N,\N,\N,\N,\N
tt6857988,i am not an easy man,eleonore pourriat,ariane fert; eleonore pourriat,i am not an easy man,\N,\N
tt6859762,the little stranger,lenny abrahamson,lucinda coxon,the little stranger,lenny abrahamson,lucinda coxon
tt6862864,another tango,sean michael beyer,elizabeth snoderly; kenneth lemm; sean michael beyer,\N,\N,\N
tt6864496,becoming who i was,jeon jin; moon changyong,\N,becoming who i was,jeon jin; moon changyong,\N
tt6865218,nrderne overtager verdensherredmmet,\N,\N,\N,\N,\N
tt6865478,the last dalai lama?,mickey lemle,mickey lemle,the last dalai lama?,mickey lemle,\N
tt6866360,diario de viaje por espana,gustavo fuentes,gustavo fuentes,\N,\N,\N
tt6870846,\N,\N,\N,\N,\N,\N
tt6874254,out of blue,carol morley,carol morley,out of blue,carol morley,\N
tt6880018,double plus ungood,marco laguna,marco laguna; wild dee,\N,\N,\N
tt6881230,\N,\N,\N,\N,\N,\N
tt6890840,\N,\N,\N,\N,\N,\N
tt6897698,\N,\N,\N,\N,\N,\N
tt6904272,the negotiation,lee jongsuk,choi sunghyun,the negotiation,jongsuk lee,\N
tt6904902,\N,\N,\N,\N,\N,\N
tt6905442,high voltage,alex keledjian,alex keledjian,high voltage,\N,\N
tt6905776,the poets,chivas devinck,\N,\N,\N,\N
tt6912670,\N,eryi gu; junxiang zhang,hongxin li,\N,\N,\N
tt6913592,\N,\N,\N,\N,\N,\N
tt6914226,anastasia,\N,\N,anastasia,\N,\N
tt6914894,\N,\N,\N,\N,\N,\N
tt6925232,violent street,tsuneo kobayashi,kinya naoi; yasuro yokoyama,\N,tsuneo kobayashi,\N
tt6928632,\N,\N,\N,\N,\N,\N
tt6929288,kurosu,kazuyoshi okuyama; shinji kugimiya,\N,\N,\N,\N
tt6929600,\N,\N,\N,\N,\N,\N
tt6944152,el ultimo titan. jorge di cicca,carlos de la fuente,carlos de la fuente,\N,\N,\N
tt6948130,ctrl alt del,\N,\N,\N,\N,\N
tt6957366,englishman in l.a.,\N,\N,\N,\N,\N
tt6958208,zodiac power 2: evil destroyer,\N,\N,\N,\N,\N
tt6982730,land der sehnsucht,erich engel,jochen huth,\N,erich engel,jochen karl werner huth
tt6984542,\N,\N,\N,\N,\N,\N
tt6988058,\N,\N,\N,\N,\N,\N
tt6993856,spotlight on australian ballet,doc k sternberg,doc k sternberg,\N,\N,\N
tt7006426,oh baby,thomas acda,\N,oh baby,thomas acda,\N
tt7017694,\N,\N,\N,\N,\N,\N
tt7027410,beyond the spectrum: a family's year confronting autism,steven suderman,\N,\N,\N,\N
tt7035228,georg klein,ulf von strauss,\N,georg klein,ulf von strauss,\N
tt7041458,balloon,sinish sreedharan,sinish sreedharan,balloon,\N,\N
tt7043568,\N,\N,\N,\N,\N,\N
tt7049978,\N,\N,\N,\N,\N,\N
tt7058696,\N,\N,\N,\N,\N,\N
tt7064690,\N,\N,\N,\N,\N,\N
tt7085240,the godforsaken sea,camille delamarre,christopher sargent; rj sauer,\N,\N,\N
tt7087840,\N,\N,\N,\N,\N,\N
tt7097352,\N,\N,\N,\N,\N,\N
tt7104924,\N,\N,\N,\N,\N,\N
tt7105482,\N,\N,\N,\N,\N,\N
tt7112214,big fur,dan wayne,george langworthy,\N,\N,\N
tt7121198,\N,\N,\N,\N,\N,\N
tt7121922,\N,\N,\N,\N,\N,\N
tt7129374,\N,\N,\N,\N,\N,\N
tt7134690,i like me,joshua land,abigail sussman; benjamin cagan; joshua land,\N,\N,\N
tt7144874,\N,\N,\N,\N,\N,\N
tt7150512,2040,damon gameau,damon gameau,2040,damon gameau,damon gameau
tt7158806,\N,\N,\N,\N,\N,\N
tt7166466,\N,\N,\N,\N,\N,\N
tt7174714,\N,\N,\N,\N,\N,\N
tt7176886,\N,\N,\N,\N,\N,\N
tt7184956,\N,\N,\N,\N,\N,\N
tt7187350,\N,\N,\N,\N,\N,\N
tt7196880,then she arrived,roee florentin,\N,then she arrived,\N,\N
tt7212426,\N,\N,\N,\N,\N,\N
tt7221772,seized,isaac florentine,richard lowry,seized,isaac florentine,\N
tt7222936,her war: women vs. isis,anastasia trofimova,\N,\N,\N,\N
tt7231518,\N,\N,\N,\N,\N,\N
tt7236120,\N,\N,\N,\N,\N,\N
tt7238912,"hey you, the cowboys!",abdulla karsakbayev,arnold neggo,"hey you, cowboys!",abdulla karsakbayev,\N
tt7256940,\N,\N,\N,\N,\N,\N
tt7260856,\N,\N,\N,\N,\N,\N
tt7260950,\N,\N,\N,\N,\N,\N
tt7262606,\N,\N,\N,\N,\N,\N
tt7268604,\N,\N,\N,\N,\N,\N
tt7270396,\N,\N,\N,\N,\N,\N
tt7272574,\N,\N,\N,\N,\N,\N
tt7274518,\N,\N,\N,\N,\N,\N
tt7285216,52 seconds,javier andrade,javier andrade,\N,\N,\N
tt7297962,the poet and the boy,kim yanghee,kim yanghee,the poet and the boy,yanghee kim,\N
tt7298108,\N,\N,\N,\N,\N,\N
tt7320324,following seas,araby williams; tyler j kelley,\N,following seas,\N,\N
tt7321988,\N,\N,\N,\N,\N,\N
tt7326798,\N,\N,\N,\N,\N,\N
tt7328422,\N,\N,\N,\N,\N,\N
tt7332988,\N,\N,\N,\N,\N,\N
tt7340824,du madel vom rhein,hans felsing,\N,the girl from the rhine,\N,\N
tt7349910,nightmare cinema,alejandro brugues; david slade; joe dante; mick garris; ryuhei kitamura,alejandro brugues; david slade; lawrence c connolly; mick garris; richard christian matheson; sandra becerril,nightmare cinema,mick garris,\N
tt7350810,onsen porno chitai,wataru nakagawa,wataru nakagawa,\N,\N,\N
tt7356752,\N,\N,\N,\N,\N,\N
tt7361968,\N,\N,\N,\N,\N,\N
tt7363342,we love television?,toshio tsuchiya,\N,\N,\N,\N
tt7363412,\N,\N,\N,\N,\N,\N
tt7366356,\N,\N,\N,\N,\N,\N
tt7373632,\N,\N,\N,\N,\N,\N
tt7391362,\N,\N,\N,\N,\N,\N
tt7396340,\N,\N,\N,\N,\N,\N
tt7398934,\N,\N,\N,\N,\N,\N
tt7423410,\N,\N,\N,\N,\N,\N
tt7424824,speedway,dorota kedzierzawska,dorota kedzierzawska,speedway,\N,\N
tt7435168,christmas down under,louis mandylor,adam horner; leigh joel scott,\N,\N,\N
tt7441876,four cornered triangle,mehmet gureli,gorkem yeltan,\N,\N,\N
tt7442284,the human body,\N,\N,\N,\N,\N
tt7447100,\N,\N,\N,\N,\N,\N
tt7449594,music when the lights go out,ismael caneppele,germano de oliveira; ismael caneppele,\N,\N,\N
tt7454030,tiwa's baggage,biodun stephen,biodun stephen,tiwa's baggage,biodun stephen,biodun stephen
tt7454474,\N,\N,\N,\N,\N,\N
tt7458942,\N,\N,\N,\N,\N,\N
tt7471530,modern love,takuya fukushima,takuya fukushima,\N,\N,\N
tt7472398,\N,\N,\N,\N,\N,\N
tt7483934,\N,\N,\N,\N,\N,\N
tt7486562,the stars and the storms,conrad faraj,\N,\N,\N,\N
tt7488208,over the moon,glen keane,audrey wells,over the moon,glen keane,audrey wells
tt7488520,\N,\N,\N,\N,\N,\N
tt7517518,prisoners and pups,shalom almond,\N,\N,\N,\N
tt7520148,vaanga partner vaanga,rama narayanan,rama narayanan,vaanga partner vaanga,rama narayanan,\N
tt7520568,the hyperions,jon mcdonald,jon mcdonald,the hyperions,\N,\N
tt7525402,\N,\N,\N,\N,\N,\N
tt7527876,\N,\N,\N,\N,\N,\N
tt7528182,\N,\N,\N,\N,\N,\N
tt7529606,\N,\N,\N,saving barbara sizemore,david j steiner,david j steiner
tt7532690,\N,\N,\N,\N,\N,\N
tt7550270,maldita sucia,alonso o lara,\N,\N,\N,\N
tt7558384,\N,\N,\N,\N,\N,\N
tt7564428,the unforgiven,lars feldballe petersen,lars feldballe petersen,the unforgiven,lars feldballe petersen,\N
tt7569826,\N,\N,\N,\N,\N,\N
tt7573266,zvicra,fisnik maxhuni,benoit goncerut; fisnik maxhuni,\N,\N,\N
tt7579100,\N,\N,\N,\N,\N,\N
tt7580276,\N,\N,\N,\N,\N,\N
tt7583096,\N,\N,\N,\N,\N,\N
tt7585172,\N,\N,\N,\N,\N,\N
tt7587882,\N,\N,\N,\N,\N,\N
tt7596336,\N,\N,\N,\N,\N,\N
tt7598840,shinpan botan doro,tamizo ishida,\N,\N,\N,\N
tt7604174,\N,\N,\N,\N,\N,\N
tt7610024,\N,\N,\N,\N,\N,\N
tt7611836,\N,\N,\N,\N,\N,\N
tt7614716,\N,\N,\N,\N,\N,\N
tt7620556,\N,\N,\N,\N,\N,\N
tt7624126,\N,\N,\N,\N,\N,\N
tt7626340,\N,\N,\N,\N,\N,\N
tt7632610,swarna mahal,sukhen das,\N,\N,\N,\N
tt7638060,\N,\N,\N,\N,\N,\N
tt7639582,\N,\N,\N,\N,\N,\N
tt7639988,bully high,bill mcadams jr,bill mcadams jr,bully high,\N,\N
tt7653094,\N,\N,\N,\N,\N,\N
tt7665408,\N,\N,\N,\N,\N,\N
tt7679754,blossom valley,laszlo csuja,gergo v nagy; laszlo csuja,blossom valley,laszlo csuja,laszlo csuja
tt7682292,\N,\N,\N,\N,\N,\N
tt7683724,seigmen at the opera,lars martin krmer; pal martin rossing,\N,\N,\N,\N
tt7709312,\N,\N,\N,\N,\N,\N
tt7725008,little miss westie,dan hunt; joy e reed,\N,\N,\N,\N
tt7731866,yureito,koji inaba,\N,\N,\N,\N
tt7736606,\N,\N,\N,\N,\N,\N
tt7738450,thunder road,jim cummings,jim cummings,thunder road,jim cummings,jim cummings
tt7751320,\N,\N,\N,\N,\N,\N
tt7765850,walking with herb,ross kagan marks,mark medoff,walking with herb,ross kagan marks,\N
tt7778366,\N,\N,\N,\N,\N,\N
tt7779728,\N,\N,\N,veda bf,\N,\N
tt7782630,\N,\N,\N,\N,\N,\N
tt7789472,\N,\N,\N,\N,\N,\N
tt7795344,"hoher, vigyazz!",\N,\N,\N,\N,\N
tt7799536,\N,\N,\N,\N,\N,\N
tt7807214,\N,\N,\N,\N,\N,\N
tt7814758,\N,\N,\N,\N,\N,\N
tt7827058,\N,\N,\N,\N,\N,\N
tt7829490,cezanne: portraits of a life,phil grabsky,phil grabsky,exhibition on screen: cezanne - portraits of a life,phil grabsky,\N
tt7830806,my best friend's exorcism,damon thomas,\N,my best friend's exorcism,damon thomas,jenna lamia
tt7843600,fyre fraud,jenner furst; julia willoughby nason,jed lipinski; jenner furst; julia willoughby nason; lana barkin,fyre fraud,jenner furst; julia willoughby nason,\N
tt7848980,generale mori. un'italia a testa alta,ambrogio crespi,\N,\N,\N,\N
tt7850980,ghajinikanth,santhosh p jayakumar,santhosh p jayakumar,ghajinikanth,santhosh p jayakumar,\N
tt7870578,girls vs gangsters,barbara wong chunchun,barbara wong chunchun; shanyu zheng; yingyan hou,girls 2,wong chunchun,\N
tt7872280,\N,\N,\N,\N,\N,\N
tt7874276,\N,\N,\N,\N,\N,\N
tt7884596,\N,\N,\N,\N,\N,\N
tt7889930,mr. virgin,bisharad basnet,mahesh dawadi,mr. virgin,bisharad basnet,\N
tt7929832,\N,\N,\N,\N,\N,\N
tt7931422,foreboding,kiyoshi kurosawa,\N,foreboding,kiyoshi kurosawa,kiyoshi kurosawa
tt7935784,transformer,michael del monte,\N,transformer,michael del monte,\N
tt7944380,\N,\N,\N,\N,\N,\N
tt7946640,\N,\N,\N,\N,\N,\N
tt7950510,a piece of paradise,patrick alcedo,\N,\N,\N,\N
tt7951634,naalu peruku nalladhuna edhuvum thappilla,dinesh selvaraj,\N,naalu peruku nalladhuna edhuvum thappilla,\N,\N
tt7954266,\N,\N,\N,\N,\N,\N
tt7954562,\N,\N,\N,\N,\N,\N
tt7959898,somm iii,jason wise,jason wise,somm 3,jason wise,\N
tt7967834,meet me in st. gallen,irene emma villamor,irene emma villamor,meet me in st. gallen,irene emma villamor,\N
tt7974152,\N,\N,\N,\N,\N,\N
tt7986222,kolamavu kokila,nelson dilipkumar,nelson dilipkumar,kolamavu kokila,nelson dilipkumar,\N
tt7996692,\N,\N,\N,\N,\N,\N
tt7999754,\N,\N,\N,\N,\N,\N
tt8011324,seethakathi,balaji tharaneetharan,balaji tharaneetharan,seethakaathi,balaji tharaneetharan,\N
tt8017226,die wilden tiere,gerd conradt; katrin seybold,katrin seybold,\N,\N,\N
tt8022784,\N,\N,\N,\N,\N,\N
tt8038674,the silent eye,amiel courtinwilson,\N,\N,\N,\N
tt8042468,\N,\N,\N,\N,\N,\N
tt8043354,\N,\N,\N,\N,\N,\N
tt8045396,a costume for nicolas,eduardo rivero,miguel angel uriegas,a costume for nicholas,eduardo rivero,\N
tt8047440,"uproar, eclipse",ico costa,\N,\N,\N,\N
tt8051172,\N,\N,\N,\N,\N,\N
tt8060326,mooncake story,garin nugroho,aldo swastia; garin nugroho,\N,\N,\N
tt8080262,\N,\N,\N,\N,\N,\N
tt8080960,theneechayum peerankippadayum,haridas,haridas; kp sunil,\N,\N,\N
tt8101298,olum bizi bulunca,tevfik fikret ucak,omer ugur,\N,\N,\N
tt8101772,\N,\N,\N,\N,\N,\N
tt8102046,lazzaro,paolo pisoni,angelo calvisi; paolo pisoni,\N,\N,\N
tt8107316,\N,\N,\N,\N,\N,\N
tt8116368,big as a sun,kasper kiertzner,\N,\N,kasper kiertzner,\N
tt8119680,dark figure of crime,kim taegyoon,kim taegyoon; kwak kyungtaek,dark figure of crime,taegyun kim,kwak kyungtaek; taegyun kim
tt8125084,\N,\N,\N,\N,\N,\N
tt8129968,frankly a mess,michael fredianelli,maralynn adams; natasha estrada,\N,\N,\N
tt8136908,halkaa,nila madhab panda,nila madhab panda; nitin dixit,halkaa,nila madhab panda,\N
tt8140564,my perfect you,cathy garciasampana,carmi raymundo; cathy garciasampana; kristine s gabriel,my perfect you,cathy garciasampana,\N
tt8150778,colors of tobi,alexa bakony,alexa bakony; marianna rudas,colors of tobi,alexa bakony,\N
tt8161092,\N,\N,\N,\N,\N,\N
tt8161404,\N,\N,\N,\N,\N,\N
tt8177262,\N,\N,\N,\N,\N,\N
tt8185412,"kostis papagiorgis, the sweetest misanthrope",eleni alexandrakis,\N,\N,\N,\N
tt8195664,\N,\N,\N,\N,\N,\N
tt8197150,\N,\N,\N,\N,\N,\N
tt8197248,\N,\N,\N,\N,\N,\N
tt8200998,mister rogers: it's you i like,john paulson,joann young,\N,\N,\N
tt8209150,macbeth,daryl chase,daryl chase,\N,\N,\N
tt8235120,death to summer,sebastian padillapadilla,alexandro aldrete; sebastian padillapadilla,\N,\N,\N
tt8245126,\N,\N,\N,\N,\N,\N
tt8245334,michael kirby: don't forget the justice bit,daryl dellora,daryl dellora,\N,\N,\N
tt8260150,\N,\N,\N,\N,\N,\N
tt8286728,the shady lady,guy bordin; renaud de putter,\N,\N,\N,\N
tt8297300,fractured,jamie patterson,christian j hearn; jamie patterson,\N,\N,\N
tt8311286,\N,\N,\N,\N,\N,\N
tt8327630,they live inside us,michael ballif,caroman turner; james morris; michael ballif,they live inside us,\N,\N
tt8330176,\N,\N,\N,\N,\N,\N
tt8332364,here and now,roman shumunov,alexander plavnik; roman shumunov,\N,\N,\N
tt8333386,killer highway 21,\N,\N,\N,\N,\N
tt8333800,\N,\N,\N,2006 varanasi the untold,\N,\N
tt8334282,the man with the fir tree,owez gelen,byulbyul mamedov,\N,\N,\N
tt8337248,\N,\N,\N,\N,\N,\N
tt8344344,pak pong,\N,\N,\N,\N,\N
tt8348188,\N,\N,\N,\N,\N,\N
tt8355062,\N,\N,\N,\N,\N,\N
tt8357116,\N,\N,\N,\N,\N,\N
tt8359154,\N,\N,\N,\N,\N,\N
tt8365002,run,scott graham,scott graham,run,scott graham,\N
tt8365390,mr. bangladesh,abu akhtarul iman,hasnat piash; khijir hayat khan,mr. bangladesh,\N,\N
tt8395096,\N,\N,\N,\N,\N,\N
tt8407614,our quinceanera,fanny veliz grande,\N,\N,\N,\N
tt8409472,\N,\N,\N,\N,\N,\N
tt8417162,\N,\N,\N,\N,\N,\N
tt8421814,\N,\N,\N,\N,\N,\N
tt8427854,the accordionist's son,fernando bernues,patxo telleria,the accordionist's son,fernando bernues,patxo telleria
tt8431170,\N,\N,\N,"nicola, li dove sorge il sole",\N,antonio garofalo
tt8433786,night into day,ben hall,ben hall; darren hummel,\N,\N,\N
tt8451400,la bound,chris mcgowan,chris mcgowan,\N,\N,\N
tt8451954,second samuel,j wayne patterson jr,j wayne patterson jr; pamela parker,\N,\N,\N
tt8452558,\N,\N,\N,\N,\N,\N
tt8462202,\N,\N,\N,\N,\N,\N
tt8463628,the prague orgy,irena pavlaskova,irena pavlaskova,the prague orgy,irena pavlaskova,irena pavlaskova
tt8466030,\N,\N,\N,\N,\N,\N
tt8474782,\N,\N,\N,\N,\N,\N
tt8493810,\N,\N,\N,\N,\N,\N
tt8499638,saturday fiction,lou ye,ma yingli,saturday fiction,lou ye,ma yingli
tt8501500,backwoods,thomas smith,erin lilley; thomas smith,\N,\N,\N
tt8505104,\N,\N,\N,\N,\N,\N
tt8506652,\N,\N,\N,\N,\N,\N
tt8507350,kaygszlar: tak fisi bitir isi,cetin inanc,cetin inanc,\N,\N,\N
tt8510070,summerland,kurtis david harder; noah kentis,kurtis david harder; noah kentis,\N,\N,\N
tt8510274,\N,\N,\N,\N,\N,\N
tt8513320,the young sea,\N,iris alexandrov klum; mattias klum,\N,\N,\N
tt8515090,\N,\N,\N,\N,\N,\N
tt8526506,dust 2 glory,dana brown,dana brown,\N,\N,\N
tt8528490,klanken van oorsprong,hetty naaijkensretel helmrich,\N,\N,\N,\N
tt8550208,romeo akbar walter,robby grewal,robby grewal,romeo akbar walter,\N,\N
tt8552834,a bennett song holiday,harley wallen,nancy oeswein,\N,\N,\N
tt8560754,wee dragons,alex sebastian,bc fourteen,\N,\N,\N
tt8573992,\N,\N,\N,\N,\N,\N
tt8574170,the pension,jeonghuh deokjae; ryu jangha; yang jonghyun; yoon changmo,ryu jangha; yang jonghyun,the pension,\N,\N
tt8581622,\N,\N,\N,\N,\N,\N
tt8582056,high holiday,brian herzlinger,larry postel,high holiday,brian herzlinger,\N
tt8590318,\N,\N,\N,\N,\N,\N
tt8594834,wedding night mystery,atok suharto,sisworo gautama putra,\N,\N,sisworo gautama putra
tt8614076,\N,\N,\N,\N,\N,\N
tt8619856,invisible tattoo,lu yitong,\N,invisible tattoo,\N,\N
tt8663774,\N,\N,\N,\N,\N,\N
tt8669132,rocker balik kampung,uli rahman,getar jagatraya; uli rahman,\N,\N,\N
tt8676838,20va sathabdam,kodi ramakrishna,\N,20va shatabdam,kodi ramakrishna,\N
tt8682626,\N,\N,\N,\N,\N,\N
tt8686178,\N,\N,\N,\N,\N,\N
tt8686460,baby mamas,stephina zwane,ricardo arendse; stephina zwane,baby mamas,\N,\N
tt8690180,where i got my balls from,lee syatt,\N,\N,\N,\N
tt8691764,\N,\N,\N,\N,\N,\N
tt8698766,\N,\N,\N,\N,\N,\N
tt8701430,madame de void: a melodrama,felix bernstein,gabe rubin,\N,\N,\N
tt8702848,\N,\N,\N,\N,\N,\N
tt8715206,aagaya thamaraigal,v azhagappan,v azhagappan,aagaya thamaraigal,v azhagappan,\N
tt8719418,\N,\N,\N,\N,\N,\N
tt8725086,\N,\N,\N,\N,\N,\N
tt8727380,\N,\N,\N,\N,\N,\N
tt8749000,\N,\N,\N,\N,\N,\N
tt8757818,\N,\N,\N,\N,\N,\N
tt8765728,\N,\N,\N,\N,\N,\N
tt8773662,vengeance,\N,\N,friday the 13th: vengeance,\N,\N
tt8777780,\N,\N,\N,\N,\N,\N
tt8784736,\N,\N,\N,\N,\N,\N
tt8785018,\N,\N,\N,\N,\N,\N
tt8792898,l'amour flou,philippe rebbot; romane bohringer,philippe rebbot; romane bohringer,l'amour flou,philippe rebbot; romane bohringer,philippe rebbot; romane bohringer
tt8793678,\N,\N,\N,\N,\N,\N
tt8796438,\N,\N,\N,\N,\N,\N
tt8799960,\N,\N,\N,\N,\N,\N
tt8802350,\N,\N,\N,\N,\N,\N
tt8826496,chacun pour tous,vianney lebasque,frank bellocq; vianney lebasque,chacun pour tous,vianney lebasque,frank bellocq; vianney lebasque
tt8831150,\N,\N,\N,\N,\N,\N
tt8832030,\N,\N,\N,\N,\N,\N
tt8835200,the in-between,mindy bledsoe,jennifer stone; mindy bledsoe; rob senska,the in-between,\N,\N
tt8839192,tisis - chapter i: the cursed love,georgios evangellopoulos,georgios evangellopoulos,\N,\N,\N
tt8846862,your face,tsai mingliang,\N,your face,tsai mingliang,\N
tt8848706,the stone speakers,igor drljaca,igor drljaca,the stone speakers,igor drljaca,\N
tt8851796,\N,\N,\N,\N,\N,\N
tt8865066,the pine barrens,david scott kessler,david scott kessler,\N,\N,\N
tt8888460,\N,\N,\N,\N,\N,\N
tt8889856,the porn factor,david corlett; maree crabbe,\N,\N,\N,\N
tt8894018,devils tramping ground,weiss night,\N,\N,\N,\N
tt8896918,\N,\N,\N,\N,\N,\N
tt8897790,\N,\N,\N,\N,\N,\N
tt8902422,\N,\N,\N,\N,\N,\N
tt8903096,\N,\N,\N,\N,\N,\N
tt8906370,\N,\N,\N,\N,\N,\N
tt8906976,"8, avenue lenine",anna pitoun; valerie mitteaux,\N,"8, lenin avenue",anna pitoun; valerie mitteaux,\N
tt8907988,\N,\N,\N,\N,\N,\N
tt8931714,\N,\N,\N,\N,\N,\N
tt8938916,\N,\N,\N,deivega uravu,\N,\N
tt8943272,under the same sky-cambodia,\N,\N,\N,\N,\N
tt8943650,\N,\N,\N,en pondatti nallava,senthilnathan jambulingam,\N
tt8948408,\N,\N,\N,\N,\N,\N
tt8957458,pink moon,carol brandt; meredith johnston,meredith johnston,\N,\N,\N
tt8960190,\N,\N,\N,\N,\N,\N
tt8976682,\N,\N,\N,\N,\N,\N
tt8978190,fearing future,nacho sesma,nacho sesma,\N,\N,\N
tt8982672,resilience and the lost gems,brian finn,\N,\N,\N,\N
tt8997078,haole,james sereno,chris mckinny,\N,\N,\N
tt8999494,luz,javier borrayo,\N,\N,\N,\N
tt9001572,louder than rock,valerie j tucker,valerie j tucker,\N,\N,\N
tt9006568,\N,\N,\N,\N,\N,\N
tt9008292,\N,\N,\N,\N,\N,\N
tt9021494,coffee talk,kamal smith,kamal smith,\N,\N,\N
tt9037032,\N,\N,\N,\N,\N,\N
tt9054222,\N,\N,\N,\N,\N,\N
tt9055262,\N,\N,\N,\N,\N,\N
tt9061042,\N,\N,\N,\N,\N,\N
tt9067644,carmela's diary,vincenzo caiazzo,vincenzo caiazzo,carmela's diary,\N,\N
tt9075432,the challenger,martin zandvliet,jayson rothwell,\N,\N,\N
tt9076118,\N,\N,\N,\N,\N,\N
tt9079080,an irrepressible woman,laurent heynemann,laurent heynemann; luc beraud,je ne reve que de vous,laurent heynemann,\N
tt9085038,\N,\N,\N,\N,\N,\N
tt9093328,\N,\N,\N,\N,\N,\N
tt9098488,\N,\N,\N,\N,\N,\N
tt9098938,sharmaji namkeen,hitesh bhatia,hitesh bhatia; supratik sen,sharmaji namkeen,\N,\N
tt9117814,tao - fighting for football in china,michiel ebbing,\N,\N,\N,\N
tt9124378,\N,\N,\N,\N,\N,\N
tt9128190,sekuritas,carmen stadler,carmen stadler,\N,\N,\N
tt9149328,\N,\N,\N,\N,\N,\N
tt9151040,my sister's silence...,kiran kolarov,\N,\N,\N,\N
tt9152914,\N,\N,\N,\N,\N,\N
tt9159824,\N,\N,\N,\N,\N,\N
tt9168712,\N,\N,\N,\N,\N,\N
tt9169222,flavioh - tributo a flavio bucci,riccardo zinna,\N,\N,\N,\N
tt9169552,\N,\N,\N,\N,\N,\N
tt9170528,lucid dreams,teddy robin,ng hoyin; teddy robin,lucid dreams,\N,\N
tt9173566,\N,\N,\N,\N,\N,\N
tt9179096,minamata,andrew levitas,andrew levitas; david k kessler; jason forman; stephen deuters,minamata,andrew levitas,david kessler
tt9190048,\N,\N,\N,\N,\N,\N
tt9206516,our mothers,cesar diaz,cesar diaz,our mothers,cesar diaz,cesar diaz
tt9212662,anton bruckner - a giant in the making,reiner moritz,\N,anton bruckner - giant in the making,reiner e moritz,reiner e moritz; torsten bonnhoff
tt9219868,hao wela: the untold story of hot rodding in hawai'i,mark hanson; wojciech lorenc,\N,\N,\N,\N
tt9221026,the band,ladislav kabos,ladislav kabos; svatava maria kabosova,\N,\N,\N
tt9231092,\N,\N,\N,\N,\N,\N
tt9233838,\N,\N,\N,\N,\N,\N
tt9265566,\N,\N,\N,\N,\N,\N
tt9269308,\N,\N,\N,\N,\N,\N
tt9270546,\N,\N,\N,\N,\N,\N
tt9270566,\N,\N,\N,\N,\N,\N
tt9284216,\N,\N,\N,\N,\N,\N
tt9284254,\N,\N,\N,\N,\N,\N
tt9284760,\N,\N,\N,\N,\N,\N
tt9296828,\N,\N,\N,\N,\N,\N
tt9298074,kino wien film,paul rosdy,paul rosdy,\N,\N,\N
tt9301312,from the tatras to the sea of azov,ivan julius kovacevic,jan doransky,\N,\N,\N
tt9307740,\N,\N,\N,\N,\N,\N
tt9313070,\N,\N,\N,\N,\N,\N
tt9333208,\N,\N,\N,\N,\N,\N
tt9335946,\N,\N,\N,\N,\N,\N
tt9337128,\N,\N,\N,\N,\N,\N
tt9340882,\N,\N,\N,\N,\N,\N
tt9347120,\N,\N,\N,\N,\N,\N
tt9363208,the guest,hadi el bagoury,ibrahim issa,the guest,\N,\N
tt9363366,\N,\N,\N,\N,\N,\N
tt9371850,\N,\N,\N,\N,\N,\N
tt9373484,\N,\N,\N,\N,\N,\N
tt9374378,high school teacher: the breeding campus,hiroshi ando,satoru tamaki; toshiaki sato,\N,\N,\N
tt9384150,trop belge pour toi,ann sirot; meryl fortunatrossi; pablo munoz gomez; raphael balboni; xavier seron,\N,\N,\N,\N
tt9395724,\N,\N,\N,\N,\N,\N
tt9408446,the lewd dance of sexual power,satoru kobayashi,\N,\N,\N,\N
tt9409638,\N,\N,\N,\N,\N,\N
tt9435472,\N,\N,\N,\N,\N,\N
tt9449904,\N,\N,\N,\N,\N,\N
tt9454916,\N,\N,\N,\N,\N,\N
tt9461490,\N,\N,\N,\N,\N,\N
tt9466032,mountaineer,murat dzhusoyty,murat dzhusoyty,highlander,murat dzhusoyty,murat dzhusoyty
tt9470060,\N,\N,\N,\N,\N,\N
tt9471428,\N,\N,\N,\N,\N,\N
tt9500248,\N,\N,\N,\N,\N,\N
tt9521894,\N,\N,\N,\N,\N,\N
tt9529756,\N,\N,\N,\N,\N,\N
tt9530732,\N,\N,\N,\N,\N,\N
tt9533162,\N,\N,\N,\N,\N,\N
tt9534442,\N,\N,\N,\N,\N,\N
tt9536990,the mosquito philosophy,jayaprakash radhakrishnan,jayaprakash radhakrishnan,the mosquito philosophy,jayaprakash radhakrishnan,\N
tt9548040,national emblem,shumin xing,yun lang; zhishu xiu,\N,\N,\N
tt9548124,\N,\N,\N,\N,\N,\N
tt9558170,\N,\N,\N,\N,\N,\N
tt9572420,the game,orxan bayramov,eren azak; orxan bayramov,once upon a time in sheki,orkhan bayramov,orkhan bayramov
tt9575206,private,mehdi rahmani,mehdi rahmani; mehdi shirzad,\N,\N,\N
tt9575330,\N,\N,\N,\N,\N,\N
tt9595360,killing cabos 2: the mask of el mascara,alejandro lozano,alejandra rodriguez; alejandro lozano; raquel aedo; rosa clemente garcia,matando cabos 2,\N,\N
tt9618660,\N,\N,\N,\N,\N,\N
tt9619832,el-mahraja,fadi haddad,\N,\N,\N,\N
tt9623288,\N,\N,\N,\N,\N,\N
tt9625264,\N,\N,\N,\N,\N,\N
tt9625632,my days of glory,antoine de bary,antoine de bary; elias belkeddar,my days of glory,antoine de bary,\N
tt9630910,\N,\N,\N,\N,\N,\N
tt9640622,\N,\N,\N,\N,\N,\N
tt9642216,\N,\N,\N,\N,\N,\N
tt9656994,the betrayed square,gilles lepore; maciej madracki; micha madracki,\N,\N,\N,\N
tt9657556,\N,\N,\N,\N,\N,\N
tt9672302,\N,\N,\N,\N,\N,\N
tt9676274,ambar,esteban ramirez,agustina liendo; esteban ramirez,ambar,esteban ramirez,\N
tt9678460,destini,luciano luminelli,\N,\N,\N,\N
tt9680204,\N,\N,\N,\N,\N,\N
tt9689866,\N,\N,\N,\N,\N,\N
tt9690790,paradise cove,martin guigui,sherry klein,paradise cove,martin guigui,\N
tt9695686,\N,\N,\N,\N,\N,\N
tt9708284,"i love you, you're perfect, now change!",wong cholam,joey leung choyiu; wang jue; wong cholam,\N,\N,\N
tt9718974,beyond the beach: the hell and the hope,buddy squires; graeme a scott,\N,\N,\N,\N
tt9721830,disguised sex maniac,satoru kobayashi,shoichi ikeda,\N,\N,\N
tt9733060,marrying myself,eran by,eran by,marrying myself,eran ben yaakov,eran ben yaakov
tt9741882,\N,\N,\N,\N,\N,\N
tt9759046,\N,\N,\N,\N,\N,\N
tt9765780,the secret sex lives of housewives,lars pedersen,\N,\N,\N,\N
tt9777742,\N,\N,\N,\N,\N,\N
tt9778030,\N,\N,\N,\N,\N,\N
tt9783534,\N,\N,\N,\N,\N,\N
tt9784952,children of football,pavel ivanov,pavel ivanov,\N,\N,\N
tt9793114,\N,\N,\N,\N,\N,\N
tt9811798,0009: the sharks make contact,iki eneng,iki eneng,\N,\N,\N
tt9815554,not to forget,valerio zanoli,valerio zanoli,not to forget,valerio zanoli,\N
tt9827784,farewell song,akihiko shiota,akihiko shiota,farewell song,akihiko shiota,\N
tt9843292,fish takes off,deniz raunig,\N,fisch lernt fliegen,deniz raunig,salka weber
tt9854664,\N,\N,\N,\N,\N,\N
tt9858432,\N,\N,\N,\N,\N,\N
tt9860282,\N,\N,\N,\N,\N,\N
tt9865032,\N,\N,\N,\N,\N,\N
tt9882378,groper hypnosis,kensuke sawa,\N,\N,\N,\N
tt9885098,\N,\N,\N,\N,\N,\N
tt9904096,\N,\N,\N,\N,\N,\N
tt9904250,the queen of the lizards,burnin percebes; juan gonzalez; nando martinez,juan gonzalez; nando martinez,the queen of the lizards,\N,\N
tt9909714,confessions of a criminal: before and after opening,satoru kobayashi,\N,\N,\N,\N
