tconst,directors,writers
tt0001993,nm0605942,nm0304098
tt0002735,nm0869665,\N
tt0003227,nm0830249,nm2421815;nm0830249;nm0902446
tt0003324,nm0048478;nm0408433,nm0932614
tt0003632,nm0074112;nm0927468,nm0074112;nm0202264;nm0927468
tt0003887,nm0063413;nm0550220,nm0320618
tt0004435,nm0877783,nm0122494;nm0916665
tt0004493,nm0205986,nm0299052;nm0724397
tt0004519,\N,\N
tt0004831,\N,\N
tt0004926,\N,\N
tt0004942,nm0085865;nm0636076,nm0085865;nm0561572
tt0004950,nm0005847,nm0098376
tt0005041,nm0869665,nm0376060;nm0408863;nm0624805
tt0005172,nm0366586,nm0837989
tt0005689,nm0412257,nm0412257
tt0005928,nm0285684;nm0692105,nm0285684;nm0878494
tt0006043,nm0101413,nm0329136;nm0293187;nm0881333
tt0006773,nm0154352,nm0280003;nm0547966
tt0007458,nm0376529,nm0410467;nm0527212
tt0007655,nm0872868,nm0063492;nm0317887
tt0007926,nm0861336,nm0122364;nm0448013
tt0008202,nm1250355,nm0309567;nm0930542
tt0008459,nm0102783,nm0102783
tt0008466,nm0289806,nm0019310;nm0195502
tt0008521,nm0250053,nm0566338;nm0649572
tt0009110,nm0428013,nm0193617;nm0775471
tt0009319,nm0624756,nm0837989
tt0009325,nm0569645,nm0934979;nm0521002
tt0009521,nm0717046,nm0216393;nm0881333
tt0009559,nm0000428,nm0144870;nm0000428
tt0009595,nm0170863,nm0680914;nm0847967
tt0009650,nm0001124,nm0228693;nm0747409
tt0009965,nm0426754,nm0241840
tt0010389,nm0190516,nm0364668;nm0882160;nm0949995
tt0010534,nm0896542,nm0896542
tt0010536,nm0168503;nm0952499,nm0952499
tt0010742,nm0562400,nm0562400
tt0010934,nm0294276,nm0294276
tt0011166,nm0694260,nm0122322;nm0447968
tt0011167,nm0822801,nm0545730;nm0781292
tt0011280,nm0294276,nm0294276
tt0011483,nm0430968,nm0912616;nm0438224;nm0926417;nm0613943;nm0430968
tt0011616,nm0721840,nm0164596;nm0206425
tt0011625,nm0430968,nm0414269;nm0232704;nm0167424;nm0920139
tt0011726,nm0245385,nm0569805
tt0011784,nm0892185,nm0206801
tt0012016,nm0048478,nm0042378;nm0048478
tt0012065,nm0301393;nm0401130,nm0301393
tt0012446,nm0344583,nm1909766;nm0344583
tt0012586,nm0244244,nm0791014;nm0774539
tt0013366,nm0075960,nm0430756;nm0002317
tt0013415,nm0636076,\N
tt0013437,nm0144863,\N
tt0013484,nm0439208,\N
tt0013732,nm0680037,nm0773303
tt0013746,nm0242412;nm0908552;nm0908904,nm0242412;nm0925608
tt0013814,nm0377126,nm0518711;nm0950224
tt0014206,nm0012317,nm0357929;nm0717281
tt0014341,nm0090007;nm0000036,nm0369841;nm0115669;nm0593477
tt0014611,nm0628345;nm0853130,nm0853130;nm0928514;nm0924065;nm0907778
tt0014769,nm0408429;nm0851121,nm0837989
tt0014799,nm0384682,nm0384682;nm0649155
tt0014822,nm0384616,nm0388919;nm0285248
tt0014827,nm0807742,nm0077061;nm0321216
tt0014980,\N,\N
tt0015077,\N,\N
tt0015248,nm0534288,nm0680345
tt0015382,nm0152169,nm0622435;nm0915699
tt0015528,nm0511995,nm9501806
tt0015734,nm0639631,nm0401429
tt0015764,nm0028479;nm0273712;nm0346185,nm0273712;nm1257811
tt0015997,nm0608805;nm0770703,nm0701090;nm0877201;nm0652974
tt0016029,nm0124877,nm0175902;nm0426531;nm0124877
tt0016042,nm1250355,nm0340062;nm0369036;nm0369038
tt0016044,nm0713163,nm0580648
tt0016255,nm0292134,\N
tt0016316,nm0072117,nm0010973;nm0151310
tt0016374,nm0281808,nm0170401;nm0942428
tt0016522,nm0568984,nm0640606
tt0016633,nm0624511,nm0233631;nm1902024
tt0016642,nm0191899,nm0650553
tt0016652,nm0408433,nm0018470;nm0256639
tt0016682,nm0376221,nm0244219;nm0441601;nm0837989
tt0016765,nm0861703,nm0534977;nm0861703
tt0016832,nm0853130,nm0175091;nm0853130;nm0924065;nm0267868
tt0016884,nm0113284,nm0322227;nm0837183;nm0014703;nm0473134;nm0756226
tt0016946,nm0456634,nm0547966;nm0934979;nm0102167
tt0017051,nm0576043,nm0576045;nm0833691
tt0017156,nm0853193,nm0502701;nm0697880
tt0017561,nm0209458,nm0683967
tt0017723,nm0485943,nm0651000
tt0017845,nm0059648,nm0049462;nm0467396
tt0017874,nm0500749,\N
tt0018084,nm0166836,nm0098424;nm0188701;nm0811033
tt0018164,nm0718469,nm0718469;nm0953123
tt0018479,nm0908831,nm0334047;nm0566338;nm0737259;nm0774539
tt0018515,nm0587277,nm0810290;nm0306875;nm0569213;nm0547938
tt0018606,nm0654868;nm0756872,nm0633792;nm0654868
tt0018719,nm0289297,nm0853193;nm0058882;nm0236980
tt0018842,nm0282549,nm0369036;nm0369038;nm0869389
tt0018853,nm0127511,nm0205343;nm0371771;nm0089800
tt0019076,nm0569645,nm0776950;nm0935999
tt0019175,nm0156160,nm0156160;nm0228191;nm0343049;nm0877106
tt0019292,nm0124877,nm0831958;nm0102167
tt0019380,nm0006276,nm0104355;nm0230568;nm0268513;nm0521002
tt0019463,nm0628345;nm0219666,nm0183278;nm0218626;nm0219666;nm0811033;nm0858817
tt0019663,\N,\N
tt0019877,nm0500846;nm0712304,nm0064559;nm0500846;nm0712304
tt0019992,nm0282984,nm0172074;nm0413531
tt0020000,nm0503777,nm0139839;nm0669277;nm0828574
tt0020081,nm0291548,nm0519556;nm0473134;nm0921995
tt0020261,nm0398464,nm0172193;nm0272045;nm0371685
tt0020475,nm0655065,nm0127060;nm0503025
tt0020867,nm0454771,nm0942428;nm0607583;nm0798993
tt0020942,nm0002030;nm0306875,nm0026639;nm0388166;nm0672928
tt0021299,nm0916125,nm0472812
tt0021412,nm0136888,nm0063492;nm0179993;nm0494964
tt0021707,nm0395023,nm0001316;nm0491048;nm0907778
tt0021746,nm0749484,nm0272209;nm0261455;nm0765037
tt0021905,nm0384682,nm0172677;nm0319148;nm0657176
tt0022371,nm0593180,nm0593180
tt0022509,nm0440261,nm0440261
tt0022582,nm0909825,nm0608054;nm0299154;nm0093397
tt0022771,nm0005731,nm0035552;nm0314166
tt0023749,nm0736610,nm0673948;nm0707213;nm0860374
tt0023941,nm0307819,nm0118512
tt0023987,nm0454734,\N
tt0024046,nm0478441,nm0256298;nm0478441;nm0591791;nm10936541
tt0024343,nm0480046,nm0009766
tt0024370,nm0902006,nm0016910;nm0390741
tt0024383,nm0713283,nm0172812;nm0300745;nm0394479;nm0577650
tt0024653,nm0400638,nm0037857;nm0400638;nm0587927
tt0024690,nm0565187,nm0292134;nm0604773
tt0026050,nm0760088,nm2319193;nm0760088
tt0026073,nm0828419,nm0768540;nm0878605;nm0276284;nm0011485
tt0026605,nm0774325;nm0178260,nm0741656;nm0409069;nm0187256;nm0048758;nm0404354;nm0827693
tt0026949,nm0178057,nm0925795;nm0575197
tt0027075,nm0176699;nm0502752,nm0002042;nm0513744;nm0067103;nm1892772;nm7454408;nm7454409;nm1898835
tt0027330,nm0532561,nm0010638;nm0430538
tt0027393,nm0102908,nm0102908;nm0662751
tt0027687,nm0337586,nm0035158;nm0448981
tt0027710,nm0294758,nm0351947;nm0904706;nm0937133
tt0027918,nm0738142,nm0038567;nm0720060;nm0738142;nm0868513
tt0028145,nm0890085,nm0346436;nm0036445;nm0121104;nm0249598
tt0028158,nm0454771,nm0413582;nm0873707;nm0031019;nm0289188;nm0397022;nm0943443
tt0028501,nm0124877,nm0518711;nm0288706;nm0242094;nm0518979
tt0028534,nm0844538;nm0000320,nm0000320;nm0127419;nm0395522;nm0670758;nm0880064
tt0028873,nm0502752,nm0329304;nm0352443;nm0361877;nm0621790
tt0029157,nm0280463,nm0102818;nm0401738;nm0537363;nm0663763;nm0137622;nm0542534
tt0029280,nm0517005,nm0590645;nm0838820;nm0518711
tt0029380,nm0614634,nm0881148;nm0922951;nm0824437
tt0029482,nm0041678,nm0178286;nm0922264;nm0578762;nm0094021
tt0029519,nm0064415,nm0035199;nm0249218;nm0949617
tt0029764,nm0064600;nm0163332,nm0167065;nm0050635;nm0309567;nm0102167;nm0701479;nm0359748;nm0531335
tt0030142,nm0567757,nm0418927;nm0653358;nm0545309;nm0577076;nm0478390;nm0167065
tt0030325,nm0902082,nm0643291
tt0030384,nm0939992,nm0570130;nm0740622;nm0123754;nm0092015;nm0204608;nm0274923;nm0939992
tt0030479,nm0268513,nm0792605;nm0925397;nm0058179;nm0082680;nm0343228;nm0441769
tt0030516,nm0183018,\N
tt0030579,nm0782703,nm0513655;nm0782703;nm0666710
tt0030704,nm0635969;nm0845290,nm0442441;nm0845290
tt0030841,nm0615868,nm0434835;nm0119378
tt0030906,nm0050740,nm0050740;nm0322178;nm1524836
tt0030913,nm0682176,nm0618066;nm0105564;nm0577159;nm0682176
tt0031018,nm0071560,nm0849806
tt0031277,nm0296193,nm0896120;nm0937133;nm0025926;nm0858091
tt0031337,nm0552871,nm0052805;nm0552871;nm1969052
tt0031440,nm0341486,nm0556721;nm0116693;nm0888144;nm0280234
tt0031585,nm0275494,nm0176056;nm0275494;nm0036749;nm0816458
tt0031633,nm0408348,nm1717994
tt0031826,nm0002031,nm0706993;nm0533418;nm0027173
tt0031889,nm0437356,nm0223248;nm0031019
tt0031914,nm0407872,nm0433953;nm0457869;nm0909958
tt0031925,nm0782947,nm0611794;nm0313884
tt0032456,nm0003373,nm0202681;nm0287931
tt0032699,nm0890085,nm0534191;nm0213136;nm0226538;nm0577650
tt0033155,nm0715716,nm0366942;nm0280006
tt0033766,nm0467396,nm0469915;nm0870150;nm0473134
tt0034086,nm0920074,nm0729179;nm0810509
tt0034164,nm0631438,nm0166822;nm0071736
tt0034249,nm0701576,nm0348854
tt0034379,nm0485943,nm0876562;nm0912090
tt0034593,nm0368871,nm0372942;nm0953123
tt0034739,nm0758508,nm0140958;nm0394117;nm0087581
tt0034853,nm0324013,nm0445502;nm0740528;nm0272045
tt0034941,nm0003593,nm0729694;nm0383421
tt0035089,nm0064415,nm0600755;nm0760453
tt0035111,nm0439074,nm0007815
tt0035117,nm0316287,nm0316287
tt0035151,nm0564970,nm0316807;nm0564970
tt0035462,nm0403126,nm0718115;nm0034592
tt0035591,nm0105774,nm0105774;nm0312002;nm0525040
tt0035726,nm0145336,nm0946923;nm0102250
tt0036017,nm0878338,nm0170660;nm0124918;nm0382260
tt0036177,nm0408348,nm0411632;nm0412616
tt0036347,nm0494110,nm0087579
tt0036515,nm0795864;nm0005803,nm0358591;nm0375484
tt0036580,nm0187671,nm0126528;nm0127816;nm0187671
tt0036595,nm0879802,nm0579951
tt0037011,nm0107854,nm0640784
tt0037133,nm0281541,nm0281541;nm0511000
tt0037430,nm0902082,nm0461195;nm0902376
tt0037737,nm0245385,nm0172812;nm0394479;nm0245385;nm0223248;nm0081748
tt0038728,nm0480190,nm0937906;nm0905001;nm0480190
tt0038819,nm0720297,\N
tt0038853,nm0138893,nm0699535
tt0038873,nm0332539,nm0873707;nm0560857;nm0953123
tt0038902,nm0919012,nm0903160;nm0548094
tt0039024,nm0890085,nm0065888;nm0175992;nm0262680;nm0497961;nm0599765;nm0681043;nm0884318
tt0039310,nm0498693,nm0498693;nm1661159;nm0108058
tt0039527,nm0220131,nm0220131;nm0352393;nm3600676;nm0902324
tt0039816,nm0683993,nm0788058;nm0363519
tt0039951,nm0550892,nm0108519;nm0183183;nm0367060;nm0373429;nm0850895;nm0919644
tt0039959,nm0819806,nm0811033;nm0363409
tt0040074,nm0439597,nm0303930;nm0453311;nm0656048;nm0829044
tt0040105,nm0477702,nm0382323;nm0477702;nm0865124
tt0040326,nm0643506,nm0260904;nm0053514;nm0303852;nm0643506
tt0040410,nm0853028,nm0155519
tt0040444,nm0782804;nm0002134,nm0297190;nm0285385
tt0040746,nm0000033,nm0002025;nm0358096;nm0491306;nm0372942
tt0040903,nm0107854,nm0203477
tt0041296,nm0337103,nm0056227;nm0337075
tt0041392,nm0105175,nm0931555
tt0041626,nm0593632,nm0319241
tt0041764,nm0102749,nm0019295;nm0102749;nm0529906
tt0042255,nm0245213;nm0631370,nm0245213;nm0301252;nm0631370;nm0675728;nm0816458
tt0042478,nm0403126,nm0355351;nm0403126;nm0856758
tt0042482,nm0003422,nm0110958
tt0042992,nm0946391,nm0934281
tt0043021,nm0348802,nm0341853;nm0348802
tt0043515,nm0812150,nm0555926;nm0677538;nm0812150;nm0829044
tt0043708,nm0623401,nm0794088
tt0044043,nm0627864,nm0286341;nm0718466
tt0044147,nm0484701,nm6342653;nm0484701;nm0819485
tt0044210,nm0257638,nm0355963
tt0044569,nm0548098,nm0548098;nm3076408;nm0960177
tt0044582,nm0252475,nm0252475
tt0044814,nm0026088,nm0458103
tt0044848,nm0618170,nm0415696
tt0044852,nm0002045,nm0282437
tt0044928,nm0454028,nm0178785
tt0044966,nm0002179,nm0355963
tt0045354,nm0868315,nm0868315;nm0529854;nm0708518;nm0654839;nm0654843
tt0045525,nm0147158,nm0147158;nm0816458
tt0045595,nm0057022,nm0057022;nm0211054
tt0045834,nm0624032,\N
tt0045873,nm0845290,nm0513040;nm0627285
tt0046161,nm0950109,nm0537363;nm0637793;nm0058905;nm0761573
tt0046322,nm0703689,nm0448839;nm0722289
tt0046369,nm0754286,nm0066146
tt0046394,nm0902082,nm0123110;nm0319343;nm0577838;nm0799605
tt0046429,nm0138893,nm0957652;nm0138893;nm0816458
tt0046467,nm0902082,nm0077056;nm0194492;nm0562346;nm0796242
tt0046492,nm0524995,nm0113954;nm0287931;nm0588003;nm0608962
tt0047054,nm0552871,nm0626773;nm0849911
tt0047267,nm0557840,nm0011657;nm1364909;nm0104302;nm0335902;nm0557840;nm0699750
tt0047673,nm0002031,nm0469915;nm0659085;nm0291035
tt0048006,nm0502752,nm5997181;nm0274767;nm0315060;nm0539360;nm0553916;nm0598102;nm0682592;nm0758357;nm0814958
tt0048082,nm0458033,nm0830161;nm0783802;nm0458033
tt0048212,nm0080615,nm0545527;nm0582706
tt0048284,nm0118210;nm0796057,nm0462216;nm0796057
tt0048779,nm0006615,nm0006615;nm0211457;nm0753728;nm0957995
tt0049018,nm0930536;nm0322226,nm0346436;nm0484479
tt0049149,nm0301145;nm0627561,nm0466552;nm0110981;nm0739677
tt0049158,nm0583302,nm0653091
tt0049392,nm0256586,nm0726189;nm0927481
tt0049431,nm0542649,nm0948634;nm0400914;nm0731518
tt0049465,nm0639280,nm0143114;nm0639280;nm0729605;nm0868760
tt0049603,nm0525725,nm0525725;nm0810631
tt0049775,nm0220131,nm0903198;nm0477850;nm0059342;nm0124440
tt0049864,nm0303120,nm0316044;nm0407794;nm0765026
tt0049961,nm0002134,nm0384613
tt0050155,nm0796923,nm0012227;nm0537784;nm0795730
tt0050296,nm0091430,nm0485704;nm0283331
tt0050302,nm0000265,nm0000265
tt0050583,nm0477893,nm0434987
tt0050723,nm0186381,nm0900134;nm0092015
tt0050778,nm0000339,nm0341458;nm0360221
tt0050816,nm0936823,nm0067801
tt0050934,nm0727211,nm0727211;nm0368566
tt0050980,nm0375092,nm0375092;nm0473158
tt0050992,nm0554924,nm0019295;nm2671372;nm0895881;nm0297414
tt0051199,nm0477893,nm0773688;nm0434987;nm0258314;nm0298835;nm0626810
tt0051211,nm0455839,nm0455839
tt0051407,nm0557840,nm0031196;nm0284503;nm0582706;nm0682592
tt0051490,nm0014829,nm0014829;nm0099670;nm0198722;nm0492053;nm0876072
tt0051492,nm0895857,nm0700950;nm0781250;nm0944015
tt0051755,nm0051649,nm0307311
tt0051851,nm0160108,nm0256467;nm0006621;nm0160108;nm0543733;nm0408488;nm0769249
tt0051857,nm0412235,nm0412235
tt0051899,nm0542649,nm0741627;nm0114904
tt0051971,nm0414672,nm0376683;nm0636494;nm0254690
tt0052042,nm0538032,nm0538032;nm0645138
tt0052605,nm0819806,nm0763053;nm0880493
tt0052652,nm0689659,nm0410165;nm0457070;nm0502643
tt0052812,nm0187769,nm0187769;nm0461119;nm0370152;nm0370252
tt0052918,nm0802862,nm0341178;nm0778818;nm0403595
tt0053188,nm0876440,nm0933850;nm0583699
tt0053435,nm0643945;nm0704841,nm0281291;nm0352341
tt0053562,nm0344958,nm0252554;nm0677467
tt0053797,nm0900891,nm1723220;nm0900891
tt0054285,nm0538032,nm0600379;nm0211457;nm0079748;nm0538032
tt0054332,nm0294758;nm0434443,nm0294758
tt0054363,nm0273178,nm0273178;nm0586263
tt0054463,nm0858873,nm0352555;nm0185280;nm1017813
tt0054492,nm0351842,nm0351842;nm0382178
tt0054660,nm0210322,nm0380569;nm0814956
tt0054703,nm0131460,nm0208013;nm0264420;nm0600001;nm0673773;nm0738856;nm0814242;nm0898812
tt0054910,nm0097887,nm0592599;nm0474801
tt0054918,nm0628149,nm0928108;nm0537784
tt0055383,nm0001811,nm0000636;nm0001811
tt0055944,nm0092012,nm0684826
tt0056015,nm0822555,nm0822555
tt0056085,nm0000406;nm0368871;nm0550892;nm0861703,nm0916139;nm0310775
tt0056110,nm0850895,nm0615080
tt0056223,nm0665993,nm0665993;nm0883558
tt0056831,nm0045663,nm0045663
tt0057111,nm0504496,nm0426442
tt0057166,nm0331482,nm0331482;nm0386750
tt0057171,nm0001120,nm0208370;nm0702898;nm0603179;nm0953790;nm0082303
tt0057225,nm0496746,nm0036433;nm0916139
tt0057431,nm0434177,nm0624924;nm0434177;nm0435878;nm6327749
tt0057534,nm0821805,nm0064092;nm0096396;nm0536743;nm0821805
tt0058122,nm0346087,nm0346087;nm0670806;nm0868771
tt0058132,nm0728699,nm0918300;nm0728699
tt0058313,nm0159201,nm0155568;nm0159201;nm0944680
tt0058454,nm0097092,\N
tt0058500,nm0002338,nm0056217;nm0607890
tt0058690,nm0282291,nm0377750;nm0282291
tt0058711,nm0476591,nm0073540;nm0699472
tt0058876,nm0437653;nm0803313,nm0803313
tt0059038,nm0409757;nm0944573,nm0731433;nm0409757
tt0059056,nm0292720,nm0448610;nm1391324
tt0059104,nm0546672,nm0801586;nm0277730;nm0717999;nm0936254
tt0059120,nm0800547,nm0162572;nm0800547
tt0059348,nm0006249,nm0593958;nm0006249
tt0059550,nm0301145,nm0301145;nm0467548;nm0806099
tt0059678,nm0836328,nm0533745;nm0165412;nm0030019
tt0059685,nm0928929,nm0521576;nm0782704
tt0059686,nm0880880,nm0403346
tt0060094,nm0850895,nm0700950;nm0781250;nm0002005
tt0060143,nm0049728,nm0049728;nm0744081
tt0060490,nm0806915,nm0001279;nm0531906
tt0060492,nm0187769,nm0668807
tt0060519,nm0043622,nm0321368;nm1242560
tt0060766,nm0397062,nm0352109;nm0397062
tt0060886,nm0652261,nm0652261;nm0802788;nm0622803;nm0883817
tt0060888,nm0765430,nm0765430
tt0061530,nm0302087,nm0302087;nm0304047;nm0846314
tt0061628,nm0320946,nm0139536;nm0211466;nm0639280
tt0061748,nm0799033,nm0682757;nm0118018;nm0042509
tt0062213,nm0159201,nm2222689
tt0062973,nm0000540,nm0951639;nm0000540
tt0063043,nm0687996,nm0297964;nm7603949;nm3184811
tt0063192,nm0638278,nm0414438;nm0638278
tt0063321,nm0296532,\N
tt0063344,nm0045169;nm0873992,\N
tt0063374,nm0757256,nm0800319
tt0063398,nm0464742,nm0527480
tt0063567,nm0781644,nm4011517;nm0781644;nm0829044
tt0063643,nm0856715,nm0388629;nm0193718;nm0447944
tt0063715,nm0000019;nm0001501;nm0671862,nm0000590;nm0671862;nm0184046;nm0001501;nm0939618;nm0099429;nm0000019;nm0953301
tt0064046,\N,\N
tt0064120,nm0815534,nm0815534
tt0064124,nm0255547,nm0257699;nm0529880
tt0064231,nm0867747,nm0924928;nm0404754;nm0587518;nm0330379
tt0064414,nm0050880,nm0031221;nm0050880
tt0064602,nm0015899,nm0015899;nm0337837
tt0064610,nm0782704,nm0858390;nm0782704
tt0064689,nm0672060,\N
tt0064893,nm0183307,nm0183307;nm0871272;nm0561705
tt0064934,nm0428572,nm0428572
tt0065062,nm0389219,nm0389219;nm1246250;nm1246253
tt0065130,nm0580814,nm0049621;nm0657212
tt0065870,nm0159201,nm0159201
tt0066056,nm0384342,nm0548296
tt0066811,nm0125111,nm0568539;nm0308163;nm0434794;nm0082391
tt0066909,nm0947272,nm0103932;nm0783802;nm0813537;nm0947272
tt0066963,nm0169662,nm0675126;nm0188462
tt0067012,nm0065303,nm0065303;nm0067139;nm0221991;nm0342278;nm0342303
tt0067093,nm0422484,nm0017833;nm0674135;nm0825524
tt0067274,nm0320833,nm0178785;nm0178787;nm0536249;nm0897505;nm0320833
tt0067365,nm0002759,nm0136585;nm0002759;nm0758097
tt0067369,nm0588965,nm0588965
tt0067477,nm0519193,nm0580309;nm0519193
tt0067506,nm0524551,nm0171534;nm0524551;nm0657201;nm0848519
tt0067634,nm0612322,nm0737234;nm0095838;nm1302358
tt0067796,nm0044780,nm0044780
tt0067800,nm0001603,nm0329051;nm0001603;nm0930684
tt0067922,nm0883465,nm0033066;nm0595225;nm0883465;nm0211742
tt0068502,nm0001928,nm0829044;nm0166018
tt0068711,nm0407307,nm0407307;nm0517119
tt0068944,nm0002815,nm0002815;nm0597604
tt0068980,nm0290956,nm0290956
tt0069670,nm0802239,\N
tt0069691,nm0051059,\N
tt0069775,nm0162030,nm0162030;nm0176420;nm0299295
tt0069995,nm0001676,nm0238898;nm0778819;nm0117068
tt0070051,nm0151653,nm0151653;nm0393250
tt0070183,nm0002089,nm0874450;nm0937721
tt0070271,nm0843948,nm0617816;nm0843947;nm0843948
tt0070437,nm0148115,nm0711905
tt0070601,nm0478176,\N
tt0070647,nm0718243,nm0304328;nm0955954
tt0071308,nm0945455,nm0644543;nm0847586
tt0071733,nm0001501,nm0001501;nm0595272
tt0071762,nm0002045,nm0756686;nm0503585
tt0072270,nm0226244,nm0226244;nm1363877
tt0072446,nm0906667,nm0721476;nm0906667
tt0072616,nm0543059;nm0835885,nm2870076;nm0543059;nm0835885
tt0072676,nm0525272,nm0438823;nm0439102
tt0073021,nm0879863,nm0406585;nm0897244
tt0073519,nm0049653,nm0049653;nm0198778;nm0893903
tt0073594,nm0002086,nm0208086;nm0366610;nm0002086
tt0074146,nm0320833,nm0179278;nm0302021;nm0320833;nm0682990;nm0897505
tt0074166,nm0062041;nm0874002,nm0885437
tt0074210,nm0302027,nm0446909;nm0537894;nm0443380;nm0296250
tt0074231,nm0500988,nm0500988;nm0882683
tt0074271,nm0739308,nm0597604
tt0074420,nm0369432,nm0369432;nm0843861;nm0955109
tt0074700,nm0826642,nm0006872;nm0826642;nm0898812
tt0074883,nm0775447,nm0775447;nm0903825
tt0075018,nm0582750,nm0582750
tt0075019,nm0318150,nm0121254;nm0367838
tt0075210,nm0381481;nm0476267,nm0476267;nm4920212
tt0075243,nm0243921,nm0243921
tt0076029,nm0000273,nm0458228
tt0076339,nm0488574,nm0488574
tt0076415,nm0641714,nm0641714;nm0174832;nm0783398
tt0076552,nm0525699;nm0957434,nm0276763
tt0076660,nm0159201,nm0159201;nm0473325
tt0076687,nm0267346,\N
tt0076688,nm0304604,nm0121486;nm0264669;nm0304604;nm8968236
tt0076873,nm0553916,nm0553916;nm0587531;nm0296658
tt0077581,nm0633950,nm0633950;nm2679973
tt0077831,nm0538353,nm0538353;nm0874676
tt0077875,nm0437731,\N
tt0077940,nm0080580,nm0493994
tt0078023,nm0227460,nm0227460;nm2570109
tt0078026,nm0050853,nm0050853;nm0046987
tt0078205,nm0788461,nm0788461
tt0078244,nm0525331,nm0525331;nm0393250
tt0078284,nm0335883,nm0229638;nm0877634;nm0909838
tt0078928,nm0359386,nm0943989
tt0079094,nm0367431,nm0843515;nm0109300
tt0079098,nm0784019,nm0149814;nm0784019
tt0079224,nm0488574,nm0006774
tt0079571,nm0462030,nm0408353;nm1175738
tt0079648,nm0620238,nm0875321;nm0006782;nm0423297;nm0288489
tt0079815,nm0046478,nm0046478
tt0080072,nm0541298,nm0337387
tt0080416,nm0557621,nm0106943;nm0251504;nm0557621
tt0080451,nm0360919,nm0663593
tt0080492,nm0908055,nm0940125;nm0139591
tt0080646,nm0255208,nm0556240;nm0255208;nm0358614
tt0080660,nm0095605,nm0255410
tt0080698,nm0033244,nm0033244;nm0467851;nm1847930
tt0080773,nm0516360,nm0385632;nm0516360
tt0081053,nm0275908,\N
tt0081267,nm0341925,nm0042972
tt0082370,nm0000076,nm0000076;nm0771535;nm0042159
tt0082422,nm0855446,nm0042213;nm0855446;nm0457220
tt0082763,nm0788553,nm0788553;nm0792624;nm0783334
tt0082871,nm0245465,nm0245465
tt0082894,nm0006889,nm0693259
tt0083046,nm0013706,nm0013706;nm0145626;nm0613939
tt0083708,nm0628719,nm3849485;nm0939182;nm2650758;nm0354008
tt0083719,nm0090625,nm0090625
tt0084013,nm0032118,nm0941173;nm0032118
tt0084075,nm0408033,nm0594666
tt0084545,nm0409723,nm0409723;nm0290050
tt0084675,nm0000570,nm0325743
tt0084709,nm0660873,nm0055726;nm0408488;nm0769249
tt0084727,nm0393470,nm0343126
tt0084959,nm0524621,nm0176420;nm0487878
tt0085220,nm0161621,nm0539263;nm0897810
tt0085496,nm0000264,nm0000264
tt0085625,nm0526874,nm0526874;nm0266094
tt0085835,nm0087515;nm0127276,nm9072446;nm0001330
tt0086088,nm0162030,nm0162030;nm0553916;nm0587531
tt0086525,nm0004838,nm0485229;nm0186988
tt0086930,nm0454199,nm0454199
tt0087368,nm0691289,nm0563400
tt0087431,nm0844541,nm0844541
tt0087442,nm0471626,nm0471626
tt0087486,nm0881355,nm0506844;nm1127102;nm0881355
tt0087493,nm0227661,nm0036313;nm0227661
tt0087636,nm0206646,nm0206646
tt0087751,nm0000788,nm0638913
tt0087795,nm0465034,nm0486717;nm0505415;nm0651822;nm0465034
tt0088196,nm0068385,nm0564625
tt0088371,nm0468454,nm0468454;nm0439891
tt0088717,nm0895518,nm0895518
tt0088785,nm0832748,nm0832748
tt0088834,nm0651538,\N
tt0088902,nm0324660,nm0324660
tt0088981,nm0007139,nm3064334
tt0089623,nm0661799,nm1121397
tt0089774,nm0554556,nm0554556
tt0089839,nm0101055,nm0593370;nm0781896;nm0921023
tt0090001,nm0950970,nm0009117
tt0090011,nm0161205,nm0874683
tt0090205,nm0282214,nm0282214;nm0342003;nm0442704
tt0090351,nm0350574;nm0434035,nm0305030;nm0350574;nm0434035;nm0678878
tt0090645,nm0363030,\N
tt0090689,nm0284642,nm0051695;nm0136611;nm0284642;nm0488613;nm0806256
tt0091389,nm0753541,nm1406706;nm0464536
tt0091540,nm0644145,nm0135339;nm0515491;nm0644145;nm0157019
tt0091729,nm0603826,nm0603826
tt0092051,nm0151835,nm0151835;nm0948189
tt0092088,nm0747263,nm0747263
tt0092513,nm0001060,nm0799562
tt0092574,nm0348803,nm0337372;nm0901663
tt0092682,nm0755032,\N
tt0092906,nm0002340,nm0619547
tt0092946,nm0637518,nm0789057;nm0112316
tt0092964,nm0669713,nm1274746;nm0669713
tt0093002,nm0899458,nm0369916;nm0617427;nm0898445
tt0093183,nm0050998;nm0447842,nm0050998;nm0184071;nm5232807
tt0093291,nm0458722,nm0458722;nm0669604
tt0093321,nm0418469,nm0418469
tt0093336,nm0333705,nm0258995;nm0296356
tt0093418,nm0199722,nm0131661;nm0089237;nm0395924
tt0093778,nm0088692,nm0918518;nm0738083
tt0093804,nm0864775,nm2260417
tt0093810,nm0783744,nm0430975;nm0519906;nm0783744
tt0094023,nm0742034,nm0420997
tt0094818,nm0355660,nm6515306;nm6515307
tt0094822,nm0596571,nm0246503;nm0596571
tt0095120,nm0105350,nm0047818;nm0105350
tt0095363,nm0696612,nm1080402
tt0095423,nm0091824,nm0183325
tt0095435,nm0675955,\N
tt0095493,nm0230888,nm0139536
tt0095582,nm0594624,nm1278919;nm0594624
tt0095811,nm0739933,nm4210828
tt0096180,nm0001214,nm0001214
tt0096223,nm0279863,nm0279863;nm0565292;nm0381272;nm0746598
tt0096386,nm0154055,nm0154055;nm0703228
tt0096744,nm0242059,nm0242059
tt0096917,nm0609236,nm0609236;nm0800464
tt0096944,nm0077686,nm0022835
tt0097020,nm0667911,nm0667911
tt0097129,nm0004372,nm0752591;nm1721082
tt0097144,nm0955443;nm0271835,nm7395295
tt0097241,nm0797131,\N
tt0097348,nm0939275,nm0939275;nm0298662;nm2825769
tt0097474,nm0652860,nm0000118;nm0384185;nm4302073;nm0652860;nm0084537
tt0097477,nm0074141,nm0074141
tt0097624,nm0516314,nm0516314
tt0098409,nm0024258,nm0024258;nm0262257
tt0098437,nm0661502,nm0661502;nm0878408
tt0098687,nm0457479,nm4716798;nm0457479;nm4716655
tt0099498,nm0055020,nm0055020
tt0099593,nm0250489,nm0250489;nm0830888
tt0099689,nm0584921,\N
tt0099871,nm0001490,nm0748022
tt0100031,nm0792446,nm0792446;nm0164140
tt0100045,nm0690952,nm0369137;nm0948156
tt0100301,nm0677953,nm0441338;nm0077111
tt0100362,nm2754694,\N
tt0100420,nm0006745,nm0033148;nm0006745;nm0857338
tt0100707,nm0002240,nm0747834;nm0002240
tt0100820,nm0406722,nm0406722;nm0949012
tt0100836,nm0485016,nm0485016;nm0494355;nm0778144;nm0797620
tt0100915,nm0024619,nm0398271
tt0101262,nm0660967,\N
tt0101284,nm0802693,nm0451311
tt0101526,nm0296144,nm0296144;nm0350270
tt0101745,nm0001994,nm0795743;nm0499348;nm0696949;nm0780620;nm0002417
tt0101847,nm0498877,nm0221300;nm0498877
tt0101955,nm0218416,nm0218416
tt0102278,nm0452220,nm0452220;nm0631201
tt0102540,nm6417356;nm6417357,\N
tt0102608,nm0529400,nm0302247;nm0529400
tt0102737,nm0497758,nm0497758;nm0504935;nm0298696;nm0874688;nm0541190
tt0102975,nm0583292,nm0734472;nm0000559;nm0465199;nm0742797;nm0583292;nm0282364
tt0102980,nm0582240,\N
tt0103055,nm0757256,nm0082392;nm0367838
tt0103603,nm0157714,nm0157714;nm0156511
tt0103660,nm0714387,nm0719003
tt0103923,nm0089502,nm0800209;nm0456158;nm0006809;nm0088746
tt0104120,nm0127488;nm0127489,nm0127489;nm0127488;nm0196153
tt0104247,nm0753875,nm0439102
tt0104336,nm0741630,nm0702929;nm0241600
tt0104477,nm0451129,nm1304417;nm1356893
tt0104548,nm0712541,nm0015287
tt0105483,nm0001486,nm0043334
tt0105880,nm0867265,nm5525846;nm0950728
tt0105897,nm0576488,nm1338448;nm0576488;nm0713592
tt0105901,nm0893420,\N
tt0106494,nm0657019,nm0656528;nm0657019
tt0106664,nm0001681,nm0000175;nm0001681
tt0106796,nm0515891,nm0771477;nm0056514;nm0894523;nm0041408
tt0106983,nm0003826;nm0716257;nm0766020,nm0003826;nm0771715;nm0239490;nm0766020;nm0716257
tt0107220,nm0506461,nm0031078;nm0097992
tt0107313,nm0631963,nm0277147
tt0107394,nm0332647,nm0332647
tt0107434,nm0126752,nm0053059;nm0126752;nm0235502
tt0107572,nm0481703,nm0481703
tt0107949,nm0782381,nm0811525
tt0108468,nm0793981,\N
tt0109271,nm0262277,nm0262277
tt0109336,nm0885014,nm0885014
tt0109929,nm0277230,nm0277230
tt0109974,nm0419151;nm0453067;nm0525938;nm0862829,\N
tt0110113,nm0786103,nm0786103
tt0110210,nm0005912,nm0333069;nm0388307;nm0005912
tt0110225,nm0487844;nm0499777,nm0487844;nm0499777
tt0110323,nm0246986,nm0253116;nm0038261
tt0110353,nm0934578,nm0001357
tt0111063,nm0158427,nm0864782
tt0111268,nm0663208,\N
tt0111610,nm0596041;nm0906132,\N
tt0111626,nm0582543,nm0631007;nm0062862;nm0441028
tt0111649,nm0457172,\N
tt0111672,nm0822177,nm0465588;nm0658373
tt0111812,nm0817458,nm0817458
tt0112417,nm0195710,nm0195710
tt0112430,nm0409699,nm0409699
tt0113176,\N,\N
tt0113314,nm0691078,nm0093344;nm0590360
tt0113357,nm0875788,nm0875788
tt0113490,nm0241090,nm0251188
tt0113630,nm0386991,nm0001682
tt0113632,nm0415859,nm0415859
tt0113840,nm0598372,nm0598372
tt0113876,nm0072736,\N
tt0114211,\N,\N
tt0114293,nm0487008,nm0487008
tt0114474,nm0533564,nm0533549;nm0533564
tt0114485,nm0344414,nm0327960;nm0344414
tt0114616,nm0210333,nm0210333;nm0387707
tt0114709,nm0005124,nm0005124;nm0230032;nm0004056;nm0710020;nm0923736;nm0169505;nm0812513
tt0114732,nm0099828;nm0132064,nm0099828;nm0132064;nm0501846
tt0114775,nm0099276,nm0099276;nm0100525
tt0114883,nm0159678;nm0688672,\N
tt0115007,nm0266645,nm4863266;nm0947318
tt0115622,nm0504987,nm0041237;nm0398829;nm0939316
tt0115630,nm0796973,nm0796973
tt0116169,nm0410045,nm0005481
tt0116341,nm0635760,nm0841861;nm0860151
tt0116529,nm0295453,nm0295453;nm1160106
tt0116534,nm0944937,nm0840690;nm0944937
tt0116708,nm0920017,nm0920017
tt0116843,nm0879246,nm0355067;nm0355069;nm0450955;nm0879246
tt0117161,nm0644850,nm0447812;nm0644850
tt0117305,nm0047823,nm0047823;nm0079296
tt0117699,nm0505661,nm0348908;nm0505661;nm0771195
tt0117826,nm0012155,nm0301362;nm0301826;nm0000709;nm0441623;nm0012155
tt0117956,nm0211565,nm0211565;nm0894787
tt0118992,nm0222545,nm0222545;nm0222553;nm0922799
tt0119074,nm0004628,\N
tt0119303,nm0331532,nm0000455
tt0119388,nm0383239,\N
tt0119617,nm0415245,nm0210114;nm0415245
tt0119733,nm0510862,nm0461924;nm0510862
tt0119935,nm0005614,nm0005614
tt0120142,nm0589168,nm1226733;nm0137342
tt0120692,nm0449576,nm0449576
tt0121473,nm0046995,\N
tt0122367,nm0771417,nm0771417
tt0122864,nm0249892,nm0193721;nm0709882
tt0123028,nm0849080,nm0839978;nm0395961;nm2919190
tt0123061,nm0159914,\N
tt0123253,nm0452103,\N
tt0123331,nm0801521,nm0801521
tt0123385,nm0580982,nm0025318;nm0580982;nm0588099
tt0123518,nm0157778,nm0265473
tt0123558,\N,\N
tt0123625,nm0195360,nm2570035
tt0123711,nm0822555;nm0002674,nm0869552;nm0822555
tt0123964,nm0001130,nm0709070;nm0832043
tt0124104,nm0848936,nm0621348;nm0708273;nm0848936
tt0124928,nm0917364,nm0528580;nm0727484
tt0125032,nm0023119,nm0023119
tt0125215,\N,\N
tt0125949,nm0048373,nm0048373;nm0203887
tt0126031,nm0546149,\N
tt0126283,nm0470921,nm0586235
tt0127072,nm0001090,\N
tt0127136,nm0006931,nm0006931;nm0250070
tt0127176,nm0428572,nm0428572;nm0902578
tt0127575,nm0153699,nm0623261;nm0153699
tt0127874,nm0129092,\N
tt0128066,nm0492574,\N
tt0128187,nm0227720,\N
tt0128417,nm0896675,\N
tt0128611,nm0890910,nm0215153;nm0576468;nm0890910
tt0128966,nm0427137,nm0140643;nm0312792;nm0427137;nm0760446
tt0129170,nm0138660,\N
tt0129273,nm0092202,nm0050853;nm0046987
tt0129352,\N,\N
tt0129993,nm0257288,nm0024279;nm0247945;nm0257288;nm0271674
tt0130259,\N,\N
tt0130331,nm0299761,nm1005419
tt0130619,nm0176470,\N
tt0130713,\N,\N
tt0130730,nm0344927,nm1072399;nm1068889;nm0275494
tt0130735,nm0903183,nm0296440;nm0903183
tt0130757,nm0862215,nm0642684;nm0862215
tt0130971,nm0105693,nm0105693
tt0130996,nm0129286,nm0072923;nm0104546
tt0131775,nm0273869,\N
tt0131880,\N,\N
tt0131978,nm0225313,nm0225313
tt0132051,\N,\N
tt0132062,\N,\N
tt0132204,nm0477917,nm0477917;nm0548095;nm1331139
tt0132455,nm13909601;nm13909600,\N
tt0132662,nm0163990,nm0720286;nm0163990
tt0132878,\N,\N
tt0133709,nm0119187;nm0959512,nm0119187
tt0133752,nm0181784,nm0181784
tt0133890,nm0538262,\N
tt0134662,nm0339652;nm0529936,nm0016414;nm0487870;nm0600641
tt0134803,nm0244878,\N
tt0134929,nm0720757,nm0811492
tt0135131,nm1481556;nm0248779,nm0369122
tt0135370,nm0930806,nm0930806
tt0135420,nm0627864,nm0627864;nm0865319
tt0136169,nm0330568,nm0115959;nm0330568
tt0136235,nm0238099,nm0238099
tt0136345,nm0902025,nm0796242;nm0902025;nm0902917
tt0136527,nm0287566,nm0287566
tt0137512,nm0910446;nm0245459,nm0281556
tt0137700,\N,\N
tt0137854,nm0004300,\N
tt0137955,nm0475784,nm0475784;nm0899438
tt0138074,nm0934868;nm0537069,nm0026153;nm0934868
tt0138477,nm0938334,nm0581721;nm0938334
tt0138681,nm0175020,nm0175020
tt0138689,nm0124636,nm0124636
tt0138725,nm0553344,nm0075983;nm0553344
tt0138734,nm0475784,nm0475784;nm0728505
tt0139398,nm0536899,nm0538297;nm0620786;nm0788880
tt0139571,nm0202899,\N
tt0139654,nm0298807,nm0043742
tt0139809,nm0750857,nm0303297;nm0750857;nm0148334
tt0140110,nm0203996,nm0203996
tt0140308,nm0257288,nm0257288;nm0938243
tt0140347,nm0770522,nm0802172
tt0140670,nm0700930,nm0031569;nm0265063
tt0140811,nm0481638;nm0663939;nm0712222,nm0481638;nm0617448;nm0663939;nm0712222
tt0140876,nm0863142,nm0410663
tt0141236,\N,\N
tt0141343,nm0131033,nm0131033;nm0135339
tt0141413,nm0213983,\N
tt0141529,nm0959665,nm0959665;nm1583741
tt0141634,nm0135052,nm0135052;nm0837250
tt0141874,nm0270486,nm0128906;nm0270486;nm0850601
tt0142288,nm0701782,\N
tt0143437,nm0163095,nm0163095
tt0143520,nm0744342,\N
tt0143737,nm0511107,nm1709353
tt0144117,nm0240627,nm0240627
tt0144442,nm0548833,\N
tt0144608,nm0414312;nm0725572,nm0938787;nm17059068;nm0514880
tt0144778,nm0740551,nm0657967;nm0740551
tt0144933,\N,\N
tt0145254,nm0508418,\N
tt0145814,nm0167396,nm0167396;nm0377253
tt0146237,nm0293410,nm0175535
tt0146281,nm0206661,nm0206661
tt0146329,nm0323962,nm0371803
tt0147216,nm0129092,nm0129092
tt0147643,nm0744521,nm0507561
tt0148245,\N,\N
tt0148445,nm0200894,\N
tt0148462,nm0379718,nm0379718
tt0148812,\N,\N
tt0148891,nm0312911,\N
tt0148894,nm0360237,\N
tt0149026,\N,\N
tt0149652,nm0701718,\N
tt0150892,nm0136888,nm0041669;nm0558923
tt0151405,nm0412666,nm0423173;nm0913703;nm0688778
tt0151805,nm0737885,\N
tt0151856,nm12270570,\N
tt0151990,nm0111302,nm0111302;nm0338496;nm0340190;nm0352618;nm0535892
tt0152074,nm0342118,nm0342118
tt0152252,nm0674529,\N
tt0152443,nm0581683,nm0581683
tt0153032,nm0437287,nm0437287
tt0153165,nm0707009,\N
tt0153292,nm0372821,nm0372821
tt0153297,\N,\N
tt0153534,\N,\N
tt0154241,nm0213940,nm0213940
tt0155086,nm0052331,\N
tt0155401,nm0707856,\N
tt0155685,nm0688646,nm0274948;nm0478800;nm0800631
tt0155994,nm0070867,\N
tt0156432,nm0097882,nm0097882;nm0712916;nm0905562
tt0156702,nm0080332,\N
tt0156704,nm14278727;nm0097882,nm0657176
tt0157479,nm0410271,nm0446189;nm0850483
tt0157581,nm0151192,\N
tt0157607,nm0454535,nm0166777;nm0388795
tt0157880,nm0122173;nm0331734,\N
tt0158457,nm0159148,nm0424102
tt0158462,nm0558127,nm0558127
tt0158464,nm0161172,nm0788880
tt0158736,nm0288218,nm0239835;nm0288218;nm0170184;nm0905001;nm0654411
tt0159101,nm0120729,nm0120729;nm0476384
tt0159434,nm0008433;nm0008457,nm0008433;nm0008457;nm2468659;nm0438291
tt0159495,nm0117932,nm0117932;nm2192650;nm0917751
tt0160596,nm0935863,nm0287161
tt0160830,nm0834496,nm0521985;nm0834496;nm2073708;nm0304605
tt0161215,nm0217035,nm0172036;nm0217035;nm0759232
tt0161378,nm0657535,nm0195076
tt0161927,\N,\N
tt0163131,nm0935813,nm0698383;nm0858501
tt0163207,\N,\N
tt0163623,nm0901156,nm0337401;nm6115453;nm0901156
tt0163629,nm0145950,nm0746332
tt0164064,nm0408348,\N
tt0164857,nm0341914,nm0322883
tt0165100,nm0057621,nm0639099
tt0165612,nm0737053,nm0213184
tt0165655,nm0850212,nm0135332;nm0671037;nm0850212
tt0165753,nm0277378,nm0277378
tt0165846,nm0095410;nm0443803,nm0095410;nm0443803
tt0166151,nm0678374,nm0264420;nm1172130;nm1283569
tt0166233,nm0660453,nm0559105;nm0660453
tt0166647,nm0199629,nm0199629;nm1283377;nm0467905;nm0678949
tt0166873,nm0560785,nm0054692;nm0133050;nm0184100
tt0166948,nm0632829;nm0937747,nm0596354;nm0502377
tt0167290,nm0407466,\N
tt0168205,nm0546166,nm0173372;nm0391784;nm0394123;nm3746236
tt0168581,nm0597995,nm0377912
tt0168584,nm0662006,nm0058659
tt0168631,nm0549820,nm0549820
tt0168722,nm0746280,nm2737468;nm0294758;nm0746280
tt0169004,nm0294758,nm0351947;nm0294758
tt0169062,nm0446129,nm0446129
tt0169307,nm0395130,nm0395130;nm0024679
tt0169975,nm0030740;nm0619473,\N
tt0170336,nm0229235,nm0638254;nm1461818;nm0229235
tt0170407,nm0535234,nm0535234;nm0049229;nm0026199
tt0170483,nm0903065,nm0903065
tt0170494,nm0104642,\N
tt0170648,nm0029161,\N
tt0171388,nm0542235,nm0542235
tt0172299,nm0756322,\N
tt0172723,nm0006791;nm0475958,\N
tt0173390,nm0025978;nm0903717,nm0025978;nm0903717
tt0174073,nm0652533,nm0874667;nm0950378
tt0174131,nm0701576,nm0258755;nm0547346
tt0174280,nm0192892,\N
tt0174993,nm0687759,nm0687759
tt0175267,nm0166259,nm0166259
tt0175721,nm0856161,nm0371972;nm0082931
tt0175848,nm0086772,nm0086772;nm0413577;nm0853080
tt0175892,nm0618034,nm0646590;nm0654641;nm0690360
tt0175936,\N,nm0883421
tt0176485,nm0000465,\N
tt0176539,\N,\N
tt0176648,nm0653429,\N
tt0177159,nm0386985,nm0386985
tt0177845,nm0343503,nm0343503
tt0178294,nm1224379,nm0016043;nm0025270;nm1209859
tt0178393,nm0003229,\N
tt0178506,nm0659992,nm0274245;nm0659992
tt0178850,nm0080722;nm0128615;nm0591399;nm0031075,nm0080722
tt0178930,nm0023813,nm0023813
tt0178966,nm0028065;nm0076435,nm0028065;nm0076435
tt0178970,nm0156668,nm0156668;nm0504244
tt0178986,nm0169243,nm0169243;nm1086362
tt0179664,nm0661038;nm0310449,nm0273217;nm1082002;nm0661038
tt0179696,nm0662717,nm0662717
tt0179886,nm0024836,nm0022668;nm0024836;nm0881100
tt0180467,nm0655230,nm0655230
tt0180669,nm0903819,nm0586130
tt0180725,nm0045623,nm0045623;nm1421695;nm0901780
tt0180749,nm0419485,nm0419485
tt0181335,nm0096063,nm0677548
tt0181633,nm0197929,nm0197929
tt0181686,nm0096063,nm0096063
tt0181689,nm0000229,nm0291082;nm0169509;nm0001140
tt0181764,nm0702773,nm0702773;nm0890480
tt0181998,nm0122107;nm0542093,nm0122107;nm0433770;nm0510723
tt0183285,nm0004372,\N
tt0183301,nm1737719,nm4574243
tt0183337,nm0408392,nm0408392
tt0183384,nm0585407,nm0053110;nm0181465;nm0278605;nm0585407;nm1491124
tt0183787,\N,\N
tt0183951,nm0316214;nm0723187,nm0316214;nm0723187
tt0184060,nm0740363,nm0740363
tt0184440,nm0159741,nm0159741;nm0238540;nm0504294
tt0185287,nm0073209,nm0736151
tt0185925,\N,\N
tt0186071,nm0130640,nm0536274;nm0785477
tt0186103,nm0950683,nm0950683;nm0473325
tt0186240,nm0827806,nm0827806
tt0186601,nm0788243,nm0788243
tt0186626,nm0839307,nm2479313
tt0186725,nm0946638,nm0440383;nm0793753
tt0186794,nm0862308,nm0222218;nm4556044
tt0187097,\N,\N
tt0187363,nm0660040,nm0083156;nm0660040
tt0187401,nm0858235,nm2154515
tt0187477,nm0004630,nm1389106;nm0417386
tt0188204,nm0239378,\N
tt0188309,nm0478327,nm0478327
tt0188442,nm0302007,nm0885437
tt0188524,nm0207972;nm0419737,nm0207972
tt0188728,\N,\N
tt0189219,nm0270502,nm0508525
tt0189427,\N,\N
tt0189448,nm0376396,nm0398464;nm0808403
tt0189658,nm0239381,nm0239381
tt0189742,nm1212239,nm1212784
tt0189762,nm0491049,nm0491049;nm0678462;nm0798615;nm0209997
tt0189889,nm0510723,nm0510723
tt0189953,nm0320440,\N
tt0190151,nm0078340,nm0073238;nm0192325;nm0313353
tt0190380,nm0330528,nm0330528;nm0731751
tt0190458,nm0208657,nm0365451;nm0809633
tt0190460,nm0142413,nm0031709;nm0526974;nm0910786
tt0190520,nm0548059,nm0467709;nm0709452
tt0190581,nm0948422,nm0410945;nm0442704
tt0191315,nm0543994,nm0543994;nm0721118
tt0191625,nm0745498,nm1223619;nm0745498;nm1225271
tt0191828,nm3232264,nm0442228;nm0487067;nm0610219
tt0192022,nm0139151,nm0209988;nm0634113;nm0139151
tt0192069,nm0872331,nm0872331
tt0192135,nm0158423,\N
tt0192330,nm0257492,\N
tt0192429,nm0315780,\N
tt0192490,nm0117745;nm1906771,nm0117745
tt0192788,nm0206767;nm0683578,nm0712681;nm0829342;nm0482950;nm0206767;nm0683578
tt0193022,nm0465045,nm0465045
tt0193119,nm0516344,nm0516344
tt0193124,nm0423180,nm0423180;nm0608549
tt0193236,nm0860894,nm0860894
tt0193366,nm0807416,nm0807416
tt0193565,nm0143317,nm0767163
tt0193571,nm0315780,nm0315780;nm0889400
tt0193613,nm0003922,nm0003922
tt0193657,nm0477087,\N
tt0194339,nm0525265,nm0423065;nm0654641
tt0194540,nm0688031,nm0382172;nm0498526
tt0194686,nm0727355,nm0036864;nm0727355
tt0194909,nm0875751;nm0928537,\N
tt0195175,\N,nm0312866
tt0195315,nm0068871,nm0068871
tt0195325,nm0236601,nm0236601
tt0195633,nm0584474,nm0777215
tt0195692,\N,nm0107838
tt0195898,nm0737053,nm0675728;nm0843178
tt0196179,nm0281383;nm0281389,\N
tt0196730,nm0738203,nm0933133;nm0332539;nm0164596
tt0196892,nm0682254,nm0682254;nm0708546
tt0197299,nm0388302,nm0668898;nm0388302;nm0930787
tt0197819,nm0737720,nm0737720
tt0197968,nm0708612,nm0708612;nm0849544
tt0198472,nm0753085,nm0610207
tt0198588,nm2791504,nm0943178
tt0198869,nm0220852,nm0210503
tt0199131,nm0240337,\N
tt0199578,nm0856915,nm0441483;nm0856915
tt0199978,nm0660378,nm0079254
tt0200250,nm0288408,nm0345654;nm0288408
tt0200614,nm0477483,nm0287566
tt0201506,nm0884986,nm0315222;nm0812625;nm0884986
tt0201875,nm0895733,nm0895733
tt0202000,nm0900485,nm1058969
tt0202460,nm0041642,nm0041640;nm0488435;nm0211903
tt0202587,nm0594677,nm0594677
tt0202991,nm0467408,nm0467408;nm1735356
tt0203277,nm0046030,nm0083176;nm0134639;nm0321268
tt0203369,nm0755032,\N
tt0203463,nm0388674;nm0484366,nm0029786
tt0203561,nm0185036,nm0924365
tt0203669,nm0388674,nm0388674
tt0203943,nm0047150,nm0047150;nm0240901
tt0204270,nm0648839,\N
tt0204355,nm0439765,nm0439765;nm0800659
tt0204568,nm0849535,\N
tt0204789,nm0388071,\N
tt0204863,nm0080636,\N
tt0204887,nm0813808,\N
tt0204965,nm0002315,nm0002315
tt0205210,nm0252751,nm0252757;nm0652059
tt0205373,nm0508528,nm0266750;nm1968466
tt0206226,nm0455214,nm0123958
tt0206258,nm0735139,nm0943405
tt0206767,nm1148288,nm0335924
tt0207233,nm0953516,\N
tt0207271,nm0911036,\N
tt0207597,nm0192446,nm0566699;nm0591171
tt0207606,nm0624943,nm0624943
tt0207811,nm0344933,nm0523996;nm0488435;nm0699535;nm0734041
tt0207984,nm0344927,\N
tt0207994,\N,\N
tt0208779,nm0688364,nm1290799;nm12424670
tt0209371,nm0697988,nm3026675;nm0697988
tt0210773,nm0794012,\N
tt0211059,nm0210101,nm1143259;nm0210101;nm0399341
tt0211068,nm0757395,nm0052814;nm0284503;nm0757395
tt0211425,nm0945805,nm0002254;nm2880919
tt0211492,nm0331296,nm0618603;nm0077654
tt0211570,nm0017028,nm0064842
tt0211906,nm0841779,nm0841779
tt0212048,nm0340244,nm0002659
tt0212111,\N,\N
tt0212301,nm0192770;nm0532194;nm1342898,\N
tt0212423,nm0155295,nm9326355;nm0155295;nm0155366
tt0212527,\N,\N
tt0213272,nm0278999,nm0278999
tt0214222,nm0335924,nm0335924
tt0214625,nm0299930,\N
tt0215201,nm0315906,\N
tt0215323,nm6197107,nm0036053;nm6197107
tt0215792,nm0644554,\N
tt0215809,nm0727211,nm0727211;nm0216684
tt0216389,nm0303120,nm8808629;nm0303120;nm0499414;nm0543406;nm0780107
tt0216733,nm0618261,nm0618261;nm0781456
tt0216817,nm0054744,nm0054744
tt0216912,nm0892019,nm0617616;nm0892019
tt0216987,\N,\N
tt0218253,nm0593552,\N
tt0218256,nm0446059;nm0534318,nm0446059
tt0218449,nm0273217,nm0273217;nm0898167;nm0602272
tt0218998,nm0943230,\N
tt0219012,nm0221265,\N
tt0219820,nm0302600,nm1001764
tt0219854,nm0005509,nm0920108
tt0220385,nm0094124,nm0094124
tt0220389,nm0598079;nm0886015,nm0115770;nm0598079;nm0747483;nm0958817
tt0220494,\N,\N
tt0220570,nm0436770,nm0436770
tt0220594,nm0080315;nm1264481,nm0000108;nm0080327
tt0220703,nm0881919,nm0512053;nm0616332
tt0220716,\N,\N
tt0221911,nm0046007,nm0046007
tt0221999,nm0795900,nm0613527;nm0297687
tt0222054,nm0144271,nm0144271;nm1012561;nm0717261
tt0222096,nm0442345,nm0381074;nm0634461;nm0725300
tt0223123,\N,\N
tt0223455,nm0465451,nm0620064
tt0223801,nm0906709,nm0010395
tt0224009,nm0136552,nm0643582;nm0951490;nm0136552
tt0224246,nm0456062,nm0456062
tt0224274,\N,\N
tt0224359,nm0082914,\N
tt0225177,nm0624619,nm0029570;nm0624619;nm0293117
tt0225553,nm1161933,nm1161933
tt0226050,nm0135309,nm0135309
tt0226598,nm0078088,\N
tt0227539,nm0452188,\N
tt0229340,nm0320588,nm0789486;nm0435559
tt0229603,nm3399022,nm3412221
tt0230075,nm0410870,\N
tt0230301,nm0882190,nm0882190;nm6034895
tt0230349,nm0473387,nm1090293;nm0688327
tt0230553,nm0412676,nm0412676
tt0230625,nm0422552,\N
tt0230652,nm0162166,nm0162166;nm0478005
tt0230656,nm0464945,nm0843850
tt0230921,nm0888720,nm0888720
tt0231150,nm0451846,nm0151521;nm0436464;nm0451846;nm0802379
tt0231209,nm0439074,nm1278450;nm0438022
tt0231349,nm2485348;nm0217526,\N
tt0231866,nm0823998,nm1151121;nm0823998;nm0875040
tt0231886,nm0029042,nm0493753
tt0231887,nm0853928,nm1097840
tt0232245,nm0341896,nm0039350;nm0559320
tt0232484,nm0611542,nm0747081
tt0233007,nm0184058,nm0184058
tt0233226,nm0474837,nm0080418;nm0154158;nm1035272;nm0269806;nm0948335
tt0233574,nm0187671;nm0065381,nm0665651
tt0234102,nm0774684,nm2359773;nm0618342;nm0774684
tt0234363,nm0902947,\N
tt0234727,nm0471468,nm0471468;nm0766058
tt0235202,nm0013605,nm0194745;nm0311065;nm0311067
tt0235263,nm0180119,nm0691229
tt0235474,\N,\N
tt0235522,nm0536818,nm0536818;nm7528715
tt0235816,nm0003645,nm0833921
tt0235822,nm0207477,nm0207477;nm0521214
tt0236155,nm0676223,\N
tt0236332,nm0538294,nm0538294
tt0236480,nm0538294,\N
tt0236508,nm0538297,\N
tt0236690,nm0680246,nm0287593
tt0236880,nm0040395,nm0040395
tt0237072,nm0843890,nm0938776
tt0237440,nm0227596,\N
tt0238625,\N,\N
tt0239103,nm0223453,nm0223453;nm1492854;nm1106497
tt0239259,\N,\N
tt0240108,nm0739929,nm0739929
tt0240344,nm0579763,\N
tt0240473,nm0117663,nm0902314;nm0117663
tt0241190,nm1292683,\N
tt0241644,nm0475905,nm0475905;nm0632824
tt0241645,nm0835629,nm0624523;nm0658899;nm0835629;nm0207119
tt0241667,\N,\N
tt0241802,nm0904605,nm0904605
tt0241934,nm0210792,nm0216502;nm0210792
tt0242045,nm0592785,nm7009889
tt0242360,nm0592985,nm1228222;nm0592985;nm1228532
tt0242441,nm0665056,nm0136061
tt0242468,nm0353435,nm0466789
tt0242675,nm0649651,\N
tt0242916,nm0116382,nm0116382;nm1029932
tt0243390,nm0617428,nm0617428;nm0846824
tt0244752,nm0611578,\N
tt0245704,nm0004466,nm0692586;nm0004466;nm6818468
tt0246190,nm0619102,\N
tt0247291,nm0621210,nm0080360;nm0097894;nm2277419;nm0621210;nm2276231
tt0247576,nm0147677,\N
tt0247744,nm0538180,nm0221774;nm0413778;nm0419575;nm0268094;nm0538180
tt0248601,nm0429774,nm0673297
tt0248666,nm0323744,\N
tt0249086,nm0875367,nm0438880;nm0739679
tt0249109,nm0519221,nm0271803
tt0250067,nm0841504,nm0841504
tt0250129,nm1325405,nm15519247;nm15519246
tt0250342,nm2371891,nm2371891
tt0250361,nm0659849,\N
tt0250507,nm0951492,nm0126528;nm0951492
tt0250533,\N,\N
tt0250563,nm0125231,\N
tt0250759,nm0899649,nm0363628;nm0899649
tt0251318,nm0665570,\N
tt0251399,nm0665254,nm13528027
tt0252195,nm0287368,nm0287368
tt0252656,nm0758657,nm0758657
tt0252665,nm0362854,nm0206797;nm0362854;nm0688143
tt0252703,nm0429557;nm0499724,nm0429557;nm0604281;nm0694826;nm0747422
tt0253109,nm1013648,\N
tt0253252,nm0358349;nm0872112,nm0872112
tt0253540,nm0464726,\N
tt0253677,nm0224445,nm0224445;nm13649934
tt0253707,nm0679610,nm0679610
tt0254683,nm0463315,nm0244335
tt0255109,nm0700393,\N
tt0255179,nm0412666,nm0955072
tt0255943,nm0882078,nm0033032
tt0256045,nm0705555,\N
tt0256139,nm0216895,nm0216895;nm0211993;nm0889768
tt0256198,nm0374273,nm0374273
tt0256632,nm0706480,\N
tt0257127,nm0383255,nm0323698
tt0257251,nm0745948,\N
tt0257573,nm0861243,nm4783576;nm0861243;nm0000590;nm0001140;nm0061667;nm0101247;nm0115160;nm0123221;nm0168413;nm0171281;nm0211063;nm0310375;nm0320091;nm0336345;nm0404717;nm0442525;nm0449616;nm0450181;nm0570557;nm0626298;nm0632405;nm0727240
tt0257609,nm0536892,nm0968997;nm2514969
tt0258058,nm0145713,nm0145713;nm0146997;nm1350049
tt0259571,nm0220849;nm0707382,nm0220849;nm2078367;nm0707382
tt0259663,\N,\N
tt0259667,nm0605245,nm0452840;nm0406808
tt0259831,nm0708899,nm1248468
tt0260011,nm0561258,nm0289565;nm0561258
tt0260093,nm0209081,\N
tt0260576,nm0771349,nm0771349
tt0261029,nm0044609,\N
tt0261164,nm0018136,\N
tt0261262,nm0866365,\N
tt0261914,\N,\N
tt0261994,nm0006768,\N
tt0262238,nm0661038,nm0543691;nm0661038
tt0262485,nm0465353,nm0465353
tt0263497,nm0793646,nm0793646
tt0263637,nm0313223,\N
tt0264073,nm0313223,\N
tt0264154,nm0209504,\N
tt0264909,nm0707414,\N
tt0265429,nm0180400,\N
tt0265678,nm0331249,nm0119023;nm0473831
tt0265735,nm0700172,nm0700172
tt0266040,nm0038909,\N
tt0266077,nm0714762,nm0706478
tt0266765,nm0712540,nm0474913;nm0712540
tt0267073,nm0301577,nm0301577
tt0267764,nm0752109;nm0824250,nm0161948
tt0268331,nm0756393,nm4784116;nm0471424
tt0268926,nm0763490,nm0262238;nm0763490
tt0269107,nm0008340,nm0008340
tt0269422,nm0765873,nm0655802
tt0270187,nm2536710,\N
tt0271173,nm0539601,\N
tt0271543,nm0340244,nm0002659
tt0271712,nm0887068,nm0887068
tt0271968,\N,\N
tt0272356,nm0772461,\N
tt0272588,nm0468646,\N
tt0272919,\N,\N
tt0273096,nm0435050,nm1066396
tt0273528,nm0781062,\N
tt0273840,nm0879559,nm0879559
tt0274022,nm0673202,nm0057818;nm0105067;nm0673202
tt0274056,nm0526377,\N
tt0275261,nm0595922,\N
tt0275671,nm0595926,nm0595926;nm2044086
tt0275907,nm0272979,nm0883570
tt0276068,\N,\N
tt0276077,nm0857026,\N
tt0276792,nm0786042,nm0080270;nm9779921
tt0277056,nm0555005,nm0025874
tt0277125,nm0208108,\N
tt0277214,nm0692180,nm0134794;nm0892810
tt0278293,nm0305531,nm0190860
tt0278683,nm0369107,\N
tt0278900,nm0491776,nm0872724
tt0278991,nm0483943,\N
tt0279112,nm0437526,nm0367929;nm0437526;nm0948410
tt0279986,nm0803350,nm1015055;nm0803350
tt0280143,nm0350987,nm0649650;nm0757667
tt0280408,nm0765881,nm2855873;nm7873736;nm0857001
tt0280483,nm0040220,nm0867817
tt0280597,nm0144968,\N
tt0280717,nm0820262,nm0222470;nm0616115;nm0904506
tt0280907,nm0650375,\N
tt0280976,nm0875030,nm0644101;nm0875030
tt0281120,nm0765881,nm1550223
tt0282008,\N,\N
tt0282039,nm0251736;nm0321952,\N
tt0282248,nm0482018;nm0584878;nm0904937,nm0482018;nm0535751;nm0584878;nm0655293;nm0904937
tt0282466,nm0498415,nm0879273
tt0282477,\N,\N
tt0282826,nm0250625,nm0804477
tt0282895,\N,\N
tt0283012,nm0913773,nm0245931;nm0866299
tt0283084,nm0751221,nm0044810;nm0509340;nm0366337
tt0283145,nm0913773,nm0866299
tt0283908,nm1040181,nm1039367;nm1044237;nm1040181
tt0283992,nm0781477,nm0710432
tt0284075,nm1827617;nm0852244,nm0852244;nm0606849;nm1015191
tt0284182,nm0969427,nm0969427;nm0968807;nm0969458
tt0284213,nm0187671,nm0187671;nm0709315;nm0883570
tt0284245,nm0685157,nm0685157
tt0285537,nm0500837,nm0324819;nm0500837;nm0881698
tt0285723,\N,\N
tt0285735,nm0847466,\N
tt0285816,nm0847463,nm0847463;nm0849505
tt0285927,nm0046001,nm0066159;nm0202378
tt0285997,nm0994485,nm1557879
tt0286846,nm0441346,\N
tt0286900,nm1000287,nm1000287
tt0286945,nm0999518;nm0998581,nm0999518
tt0287302,nm0632765,\N
tt0287356,nm1000725,nm1000725
tt0287982,nm0359870,nm0359870;nm0753451
tt0288037,nm0906709,nm0010395
tt0288551,nm0025870,nm3720740;nm0025870;nm0025874;nm0207023
tt0288685,nm0720547,nm0548067
tt0289303,nm0758595,nm0758595
tt0289465,nm0038077,nm0038077
tt0290231,nm0710615,nm3215194;nm1033349
tt0290238,nm0284369,nm0284369
tt0290258,nm0802692,nm1019121
tt0290656,nm0781261,nm1032410;nm0781261
tt0290701,nm0676711,\N
tt0290794,nm0674034,nm0739288;nm0674034;nm1029934
tt0290865,nm1031857,nm1031857
tt0291235,nm0992732,nm0992732
tt0291239,nm0906709,nm0010395
tt0292108,nm0482774,nm0498080
tt0292981,nm0226398,\N
tt0292991,nm1029831,nm1028278
tt0293107,nm1033043,\N
tt0293158,nm1085930,\N
tt0293272,nm1029077,nm1029077;nm0664160
tt0293566,nm0766281,nm0766281
tt0293584,nm1031887,nm1031887
tt0293662,nm0504642;nm0477035,nm0000108;nm0436543
tt0293667,nm0676807,nm0676807
tt0294258,nm1047055,nm1047055
tt0294589,nm0621536,nm1049071;nm1041791
tt0294863,nm0071476;nm0708137,nm0071476;nm0708137
tt0295159,nm0199379,nm0199379
tt0295425,nm0552041,nm0552041
tt0296591,nm0393394,nm0393394
tt0297258,nm1060982,nm1060982
tt0297832,\N,\N
tt0298243,nm0507072,nm0507072
tt0298951,nm0309243,nm0014921
tt0299636,nm1451264,nm1453165
tt0299731,nm0661919,nm0393258
tt0300436,nm0955929,nm0252776;nm0955929
tt0303830,nm0000626,nm0000626
tt0304907,nm0801533,nm1104103;nm0801533;nm0867106
tt0305254,nm0772925,nm1172495;nm1174536;nm0772925
tt0305906,nm1110315,nm1006725
tt0307086,nm0782479,nm1117972;nm0299549;nm0782479
tt0307376,nm1119099,nm1119099
tt0307484,nm0037666,nm0037666
tt0308273,nm1003261,nm0003433;nm0255822
tt0308447,nm0613924,nm0157641;nm0613924;nm0785600
tt0308756,nm0740441,nm0358529
tt0308903,nm0648900,nm0276840
tt0309119,nm1099088,nm1099088
tt0309299,nm0623401,nm0794088
tt0309377,nm0000142,nm0175093;nm0001338
tt0309500,nm0814144,\N
tt0309927,nm9083905,nm9083905
tt0310711,nm0706350,\N
tt0311008,nm0875715,nm0875715
tt0311013,nm1109633,nm0032911
tt0311110,nm0770961,nm0927889
tt0311144,nm0653320,nm1140735
tt0311293,\N,\N
tt0311564,nm1136741,nm1141770
tt0311721,nm0779940,nm0779940
tt0311823,nm1142372,\N
tt0312365,nm1127877,nm1127877
tt0312528,nm0919514,nm0317450;nm0073688;nm0541635;nm0769840
tt0312955,nm0951577,nm0951492
tt0313211,nm0031866,nm0098808
tt0313274,nm0707267,nm1367024;nm0857001
tt0313901,\N,\N
tt0314145,\N,\N
tt0315901,nm1031045,nm1347553
tt0315956,nm1161460,nm1059151
tt0316220,nm1165817,\N
tt0316598,nm0894745,\N
tt0317080,nm0008152,nm10635709
tt0317789,nm0151524,nm3259882;nm1901236
tt0317973,nm0045116,nm1901236
tt0318270,nm0742534,nm1313863;nm0185473;nm0742534
tt0318667,\N,nm2105829;nm2202552
tt0318751,nm0858235,nm2154515;nm0858235
tt0319357,nm1163036,\N
tt0319380,nm0802885,nm0315800
tt0319504,nm1180642,nm1180642;nm1883055;nm1148585
tt0319587,nm1030491,nm2749775;nm0453953;nm1182430
tt0319761,nm0602956,\N
tt0320116,nm0151546,\N
tt0320152,nm0496970,nm1185540
tt0320739,nm1184824,nm1184824
tt0322674,nm0813786,nm0519620;nm0688745
tt0322738,nm1202614,nm1202614
tt0323317,nm0136552,nm0136552;nm0951490
tt0323469,nm5981587,nm0392955;nm2282306
tt0324125,nm1197964,\N
tt0324514,nm0620132,nm0620132;nm0875489;nm0949013
tt0324554,nm0006476,nm0590813;nm0101625
tt0324618,nm1047690,nm0013487;nm1047690
tt0325266,nm0898507,nm0746889;nm1206688;nm1427517
tt0325269,nm0581903,nm0901663
tt0325409,\N,nm0717281
tt0325761,nm0507185,nm1418756;nm0507185
tt0325978,nm0765346,nm0765346
tt0326339,nm0023639,nm0255386;nm0960375
tt0327226,nm0046899;nm1212506,nm0046899;nm1212506
tt0327488,nm0453678,nm1165498
tt0327865,nm0413045,\N
tt0327916,nm0098803,nm0098803
tt0328531,nm0413045,nm0170401;nm0227062;nm0604679
tt0328815,nm0662032,nm0057864;nm0205301;nm0267537
tt0330030,nm1228549,nm1109069
tt0330524,nm0636088,nm0794298
tt0330872,nm1232314,nm1232314;nm1234487
tt0332194,nm1245382,nm8517438
tt0332460,nm1007293,nm0765728
tt0332596,nm0035229,nm0035229
tt0333034,nm1050026,nm1185355
tt0333105,nm1151372,nm0684313
tt0333343,nm1250829,nm1250829
tt0333394,nm1255278,\N
tt0333886,nm0555005,nm0555005
tt0334023,nm0944648,\N
tt0334141,nm1252366,nm1252366
tt0334700,\N,\N
tt0335192,nm0031875,nm0455827;nm0648782
tt0336025,nm1291183,nm1291183
tt0336176,nm1268861,\N
tt0336488,nm1271987,nm1271987
tt0336792,nm1057892,nm1057892
tt0336846,nm9770231,nm1618201;nm1127839;nm1236256;nm0959539
tt0336929,nm0072159,\N
tt0337993,nm1267647;nm1269947,nm1267647;nm1269947
tt0338748,nm1270958,\N
tt0339200,nm1272232,\N
tt0341502,nm0302201,\N
tt0342285,nm0185401,nm0185401
tt0342385,nm0757990,nm2688159
tt0342557,\N,nm1284030
tt0342802,nm0613600,nm0613600;nm0651519
tt0342814,nm0553206,nm0553206
tt0343214,nm0944648,\N
tt0345124,nm0039515,nm0214745;nm0447159;nm0876561
tt0345490,nm0482774,nm1028275;nm0482774
tt0345753,nm1291803,nm1292498;nm0357654;nm5777800
tt0345973,nm0901911,nm0901911
tt0347066,nm1301662,nm1301662
tt0347087,nm0375888,nm0375888
tt0347778,nm1251384;nm1251424,\N
tt0348057,nm0866365,nm0538715
tt0348185,nm0265750,nm14254213;nm0525729
tt0348596,nm0072693,nm0850547
tt0349096,nm0190615,nm0190615
tt0349247,nm0735879,nm0307408;nm0735879
tt0349512,nm0911048,nm0523781
tt0349517,nm1310521,nm1310521;nm1310384
tt0349588,nm0911048,\N
tt0350365,nm0911048;nm0943176,\N
tt0350717,nm1241444,nm1241444;nm0667669
tt0350792,nm1032377;nm1059344,nm5045329
tt0350804,nm0225935,nm0722882;nm0225935;nm0138676;nm0535670;nm0142453
tt0351270,\N,\N
tt0351407,nm1275830;nm1253784,\N
tt0352654,nm1320464,\N
tt0352707,nm0542339,nm3341894
tt0352779,nm1047690,nm0733394;nm0758370;nm0844928
tt0352783,nm0331495,nm1318456;nm0473998
tt0354914,nm1316323,\N
tt0355035,nm0910945;nm1328518,\N
tt0355036,nm0156926,nm13096696;nm13096695
tt0355052,nm1328012,nm1328012
tt0355209,nm0415852,nm0415852
tt0355263,nm1027882,\N
tt0356884,nm0379391,nm1044927;nm0739388
tt0357677,nm1338935,nm1338935
tt0358106,nm1315895,\N
tt0358373,nm1066229,nm1251708
tt0358704,nm0510724;nm0532791,nm0510724;nm0532791;nm0690411
tt0359063,nm0684314,nm0890864;nm0766162;nm0684314
tt0359225,nm0004915,nm0482511
tt0359469,nm0705043,nm0705043
tt0359783,nm0045116,nm1550223
tt0360053,nm1065126,\N
tt0360204,nm1042050,nm0532103;nm1042050
tt0360463,nm1164074,nm1164074;nm2152201
tt0361313,nm1187736,nm2598150
tt0361422,nm0541050,nm1380085
tt0361887,nm1347684,nm0251280;nm1347684;nm1356828
tt0361965,\N,\N
tt0362018,nm0235370,nm0235370;nm0752492
tt0362227,nm0000229,nm0629272;nm0315065;nm0622288
tt0362455,nm0473983,nm0473983
tt0364121,nm1364069,nm1364069
tt0364130,nm2760945,\N
tt0364347,nm1367698;nm1368161;nm1368275,nm1368161
tt0364507,nm2791131,\N
tt0364658,nm1629689,nm0418577;nm0434318
tt0364661,nm0224564,nm0224564
tt0364681,nm1221803,\N
tt0365907,nm0291082,nm0088747;nm0291082
tt0366173,nm0252849,\N
tt0366552,nm0049105,\N
tt0366852,nm0007667,\N
tt0366945,nm0852304,\N
tt0368114,nm1632999;nm1574256,\N
tt0368428,nm0482774,nm0898183
tt0368851,nm1386950,nm1386950
tt0368906,nm0865548,nm0443561;nm5471094
tt0370624,nm0866204,nm2833005;nm1294453
tt0370840,nm1593768,nm1338919;nm2811887;nm1029587;nm0137770
tt0370915,nm0757990,nm2688159
tt0370931,nm1393050,nm1079816;nm8472072
tt0371367,nm1048574,\N
tt0371559,\N,\N
tt0371623,nm1287619,nm1287619
tt0371966,nm0830844,nm0648618
tt0372363,nm0122223,\N
tt0372847,nm1399494,\N
tt0373158,nm1203304,nm1171048;nm1407497
tt0373173,nm1159626,nm1159626
tt0373472,nm0381810,nm0022788;nm0381810;nm0549025
tt0373882,nm0757990,nm0652059
tt0374103,nm1411059,nm1411059;nm1412577
tt0374869,nm1246885,nm5308578
tt0374928,nm1287140,\N
tt0375636,nm0523502,\N
tt0375929,nm1420760,nm1420760
tt0376200,nm0023639,nm0023639;nm0438810
tt0377083,nm1205561,nm1205561
tt0377397,nm0882538,nm0618915;nm0882538
tt0377692,nm1218108,nm1244992
tt0378071,nm7113817;nm16770327,nm0417558;nm0436804;nm0438653;nm0442657;nm0755997;nm0795652
tt0378116,nm1304118,nm1802669
tt0378342,nm1246885,nm1802669
tt0378606,nm0698178,nm0698178
tt0378973,nm0749634,nm0749634
tt0379484,nm0875030,nm0475625;nm0875030
tt0379502,nm0905561,\N
tt0379561,nm0000425,nm0000425
tt0379930,nm0213409,nm0154315;nm0213409
tt0380381,nm1450316,nm0814281
tt0380811,nm0513617,nm0827976
tt0381034,nm1454063,nm1453870;nm1454063;nm1455981
tt0381228,nm0622350,nm6216983;nm1665156
tt0381525,nm1980675,\N
tt0382532,nm0464526,nm0196496;nm0464526
tt0384991,nm0457565,nm0457565
tt0385036,nm0688093,nm3393155;nm3667647;nm1737442;nm1876309
tt0386667,nm1029611,nm1029611;nm0936278
tt0387303,nm1065701,nm1090239
tt0387629,nm0302619,nm0836825;nm1488599
tt0388829,nm1497579,nm1497579
tt0388984,nm0541097,\N
tt0389451,nm0445844,nm0445844
tt0390128,nm0145713,\N
tt0390525,nm0632560,\N
tt0390858,\N,nm0202540;nm0220804;nm0220805
tt0390939,\N,nm13499381
tt0391222,nm0065926,nm0065926
tt0391766,nm1512447,\N
tt0391970,nm0327646,nm12795902
tt0392175,nm0765494,nm0765494
tt0392478,nm0883389,\N
tt0393074,nm0327646,nm0327646
tt0393454,nm0016060,\N
tt0393804,nm0786038,nm0080320
tt0393897,nm0228625,\N
tt0395556,nm1394039,nm1349003
tt0395631,nm0056007,nm1545980;nm0170127;nm0001094
tt0396637,nm0903563,nm0834818;nm0903563
tt0396781,nm1532126;nm0581903,nm0737400
tt0398185,\N,\N
tt0399516,nm1561222,\N
tt0399913,nm1547811,nm1149697
tt0400264,nm1048574,nm2881208;nm1028275
tt0401394,nm0201801,nm1804369
tt0401762,nm0784040,nm0784040
tt0402039,nm0050526,nm0050526
tt0402607,nm0707382,nm2170955;nm0707382
tt0404401,nm0230479,nm0230479
tt0404755,nm1637782,nm1637782
tt0405069,nm8662733,nm8662735
tt0405152,nm1109329,nm1109329
tt0405676,nm0001873,nm0001873;nm0913014
tt0405838,nm0219369,nm0219369
tt0407003,nm1595261,nm0453389;nm1069598
tt0407300,nm0904623,nm1537759;nm0844472
tt0407338,nm0002189,nm0548151
tt0407872,nm0205829,nm0781261
tt0408209,nm0506346,nm0506346
tt0409074,nm1412254,\N
tt0409097,\N,\N
tt0411753,nm0808807,nm0122899;nm0871956
tt0411900,nm0762517,nm0762517
tt0413234,nm0117626,nm0013193;nm0117626
tt0413677,nm0347890,nm0876561
tt0413681,nm0443600,nm1628396
tt0414075,nm1642228,nm1602485
tt0414798,nm0870817,nm1652169
tt0416206,nm1281877,nm1281877;nm1646469
tt0417056,nm1659908;nm0358175,nm1672154;nm1672215
tt0417106,nm1352172,nm2363288;nm0893128;nm1352172
tt0417243,nm0875354,nm0875354
tt0418081,nm0641300,nm1045417
tt0418257,nm1667643,\N
tt0418689,nm0000142,nm0115310;nm0353673;nm1669383;nm0694612
tt0418813,nm0158029,\N
tt0418819,nm0001681,nm0001681
tt0419173,nm1426438,nm1426438
tt0419279,nm0740213,nm0740213
tt0419837,nm0437608,nm1069407
tt0420132,nm0840536,nm0840536
tt0420344,nm0653200,nm0407633;nm0653200;nm0678205
tt0420971,nm0646179,nm0646179
tt0422066,nm1628316,nm9228577;nm1699870
tt0422067,nm1707424;nm13711848;nm0616725;nm1412632;nm1699864,nm1699864
tt0422462,nm1721795,nm1721795;nm1087024
tt0423368,nm1697298,nm1697298
tt0423605,nm0347890,nm0347890
tt0423859,nm0032205,nm0032205
tt0424438,nm1665927,nm1665927
tt0425195,nm1623978,nm1623978
tt0425419,nm0406728,nm10219832;nm1729379;nm0851225
tt0425531,nm0858235,nm1088936;nm0858235
tt0426582,nm0875367,nm0875367
tt0427363,nm0513485,nm2207388;nm0961306;nm0513485;nm0000636;nm0892306
tt0427580,nm1760798,nm1764406;nm1760798
tt0427711,nm1741491;nm1743319;nm0773168,nm1741491;nm1743319;nm0773168
tt0428054,nm0781261,nm0951304
tt0429054,nm1896574,\N
tt0429269,nm0348624,nm0348624;nm0586490
tt0430524,nm0342041,\N
tt0430734,nm1283521,nm0470375
tt0432867,nm0007855,nm0793084;nm0847244
tt0433350,nm0110654,nm1768324;nm1768318;nm0110654
tt0433923,nm0149193,nm1237124
tt0433963,nm0801916,nm0458955;nm0801916
tt0433974,nm0351411,nm0654807
tt0435385,nm1788061;nm0155320,nm1788061;nm2606683
tt0435647,nm0085130,nm0896883
tt0435754,nm1058717,nm1191791;nm1058717;nm1195212
tt0436084,nm1887633,nm1882043;nm1887633;nm1881774
tt0436171,nm0879755;nm0003226,nm0613600
tt0436435,nm1785653;nm1327673;nm1783720,\N
tt0436590,nm0874096,\N
tt0437268,nm1791057;nm1618183,\N
tt0437447,nm0955443,nm0955443;nm1802940;nm0910841
tt0438038,nm0483944,nm0771984
tt0438260,nm0533048,nm0352026
tt0439156,nm0665056,nm0144748;nm0535096
tt0439575,nm0236831,nm0236831;nm1662196
tt0439874,nm1604375,nm1604375
tt0440016,nm0659380,nm0659380;nm1481729;nm1323871
tt0440074,nm0807979,nm1219744;nm0746889;nm0807979;nm2534387
tt0440560,nm2819213,nm0746889
tt0441357,nm0549838,nm0549838;nm2029718
tt0441620,nm1287140,nm1287140;nm2170032
tt0441960,nm1898457,nm1898117
tt0442320,nm0162504,nm1833715;nm0162504
tt0442487,nm2983456,nm2933430;nm1345519;nm2983456
tt0443059,nm0643282,nm0643282
tt0443097,nm0361518,\N
tt0444665,nm0099901;nm0682176,nm0381810;nm0636499
tt0445029,nm1834279;nm1292397,nm1834279;nm1292397;nm0548015
tt0445322,nm0497379,nm0438064
tt0445473,nm0879772,nm0708835;nm1729379
tt0445776,nm0233919,nm0233919;nm0021283;nm1845380;nm1847057;nm0576830;nm0617737
tt0446916,nm1856692,nm1856692
tt0448075,nm0828099,nm0560945;nm0027501;nm0828099
tt0448551,nm0533048,nm1135126;nm0711679
tt0448921,nm1854850,\N
tt0448927,nm0276899,nm1557852;nm1095510;nm0266045;nm0276899;nm0296604;nm0340012
tt0449511,nm1134182,nm1840965;nm1363396;nm0427595;nm9551033;nm1838604
tt0449951,nm1436693,nm1436693;nm1822556
tt0450128,nm0673754,nm2860222;nm1031946;nm0673754
tt0450369,nm1000233,\N
tt0450804,nm0735686,\N
tt0451102,nm1032754,nm1032754;nm1626482
tt0451875,nm0569980,nm0569980
tt0452175,nm1550903,\N
tt0453211,nm0497379,nm0911099
tt0453233,nm0145713,\N
tt0453385,nm0082914,nm0082914;nm0585931
tt0454919,nm0814517,nm0475905;nm0000127;nm1242522
tt0455299,nm0696387,nm1863126;nm15569975
tt0455307,nm0523701,nm1906519
tt0455442,nm0957995,nm0957995
tt0455507,nm0281830,nm0281830
tt0457353,nm0414985,nm0107200
tt0458003,nm1912709,nm1914975;nm1916455
tt0458096,nm0061850,nm0061850;nm1864404
tt0460043,nm0433657,nm0433657;nm1749071;nm1516241
tt0460430,nm1921787,nm1921787
tt0461539,nm0372087,nm0191287;nm0372087
tt0461835,\N,\N
tt0464131,nm1950179,nm1950179;nm1950510
tt0465140,nm0380547,nm0328000;nm0334839;nm1018431
tt0465402,nm1287140,\N
tt0466802,nm0595543,nm0248378;nm0595543
tt0468802,nm1193096;nm1973415,nm1193096
tt0469073,nm1973295,nm1973295
tt0469135,nm0123009;nm1729116,nm1973896
tt0471084,nm1593768,nm1338919
tt0471141,nm0284544,nm0284544
tt0472721,nm0645583,nm0882667
tt0472784,nm1662685,nm1992981
tt0472917,nm0680037,nm0238276
tt0473623,nm2000530,nm0306630;nm2000530
tt0473638,nm0578985,nm1825203;nm0578985;nm1846000
tt0474372,nm0135781,\N
tt0474654,nm0529903,nm0529903
tt0477022,nm0633394,nm0321973
tt0477474,nm0356338,nm0356338
tt0477861,nm0276532,nm0276532
tt0477864,nm0706740,\N
tt0478187,nm0071123,nm0071123;nm0159383
tt0478365,nm0754050,nm0098573;nm0754050
tt0478548,nm0205844,nm0205844;nm1615033;nm1963966
tt0478693,nm0347728,nm0347728
tt0478763,nm1054692,nm0919258;nm0447963;nm2030525
tt0479254,nm0437008,nm0437008
tt0479368,nm1316009,\N
tt0480005,nm2037299,nm2037299
tt0481662,nm0570332;nm2039755,nm0570332;nm2039755
tt0483191,\N,\N
tt0484357,nm1109650,nm1109650;nm4760798;nm1247284;nm1247297
tt0486220,nm0167008,nm0548942;nm0862846;nm0167008
tt0486617,nm2075160;nm0253440;nm1777588;nm2073381;nm1285920;nm1887741;nm1110570;nm2074155;nm2077369;nm0757217;nm2085977,nm0253440;nm0522454;nm0757217;nm0800731;nm1636956;nm1717541;nm1777588;nm2073381;nm2074155;nm2075160;nm2077369;nm2090419
tt0488759,nm0344930,nm0051304
tt0490079,nm2025553,nm2104745;nm2025553
tt0490604,nm0945169,nm0945169
tt0492000,nm0866112,nm1802680
tt0492499,nm0544055;nm0804887,nm0544055;nm0804887
tt0492637,nm0610789,nm0610789
tt0493824,nm2128244,nm1453457;nm2130071
tt0494253,nm2092872,nm2092872
tt0494959,nm0433657,nm0433657
tt0495829,nm2143347;nm2144362,nm2143347;nm2144362
tt0495851,nm1028275,nm0746889
tt0496055,nm1527112,nm1527112
tt0496386,nm2679579;nm1837867,nm2679579;nm2145235
tt0497045,nm2002697,nm2002697;nm1853156
tt0497453,nm3033138,nm0135890;nm0204811
tt0497793,nm0549838,nm0419494
tt0497887,nm2157413,nm2157413
tt0498362,nm0933604,nm1631158
tt0756345,nm1523072,nm1523072
tt0757146,nm1171770,nm2885048;nm1171770;nm2352372
tt0759658,nm0656494,\N
tt0760180,nm1070766;nm0764640,nm1070766
tt0760230,nm1936862,nm1944302;nm1936862
tt0764802,nm1347881,nm2952964
tt0765251,nm0691748,nm0241416;nm0691748
tt0765437,nm1083116,nm2180934;nm1083116
tt0772796,nm0854578,nm0854578;nm1246258
tt0777866,nm0575721,\N
tt0778051,nm1011907,nm1011907
tt0778600,nm0865694,nm2205225;nm0865694
tt0778899,nm0370569,nm0370569;nm2208212
tt0779262,nm1645391,nm1645391
tt0780158,nm1177710;nm1280121,nm1177710
tt0780552,nm0852019,nm2206326;nm0755295
tt0783598,nm1415540,nm0003529;nm0691935
tt0783713,nm2217400,nm2217400
tt0787109,nm0145527,nm2375772
tt0788246,nm1543911,nm1543911
tt0790810,nm2222960,nm2223189;nm2228364;nm2222960
tt0795361,nm0006799,nm0006799;nm0307523;nm0541555
tt0797096,nm1802292,nm1802292;nm2253328
tt0798898,nm1060510,\N
tt0800248,nm0769349,nm0513186;nm0769349
tt0803100,nm0228542,nm0228542;nm0728894;nm0902149
tt0808139,nm1847677,nm2991778;nm1847677;nm2992406
tt0808406,nm2274791,\N
tt0811160,nm2284436,\N
tt0813391,nm2289695,nm2289695
tt0814365,nm1488800,nm1488800
tt0814761,nm0894439,nm0894439
tt0816107,nm0244561,nm0244561;nm1066114;nm1167494
tt0816539,nm1394062,nm1394062;nm2033655;nm1427978;nm1433435
tt0816544,nm0006774,nm1341278;nm0006774
tt0818534,nm2311713,nm2306687;nm2311713
tt0820879,nm2077396,nm2302096
tt0821473,nm1100969,nm1100969
tt0821479,nm1982295,nm0947304
tt0822845,nm0739509,nm2312101
tt0826039,nm0523665,\N
tt0826099,nm0158638,nm2324038;nm2829168;nm0158638;nm2321554;nm2323859
tt0826646,nm1401169,nm1401169
tt0829439,nm2329303,nm2329303
tt0833438,nm0754832,nm0503171;nm0754832;nm1442756
tt0833614,nm0579938,nm0579938
tt0834160,nm0420572;nm0125367,nm0125367;nm0420572
tt0835876,nm1089985,nm1472530;nm1089985;nm1396018
tt0842549,nm0825523,nm2084431
tt0847764,nm0132981,nm0293997;nm0493857
tt0853096,nm1235949,nm1235949;nm1369886;nm2967675
tt0854160,nm2197845;nm2376359,nm2197845;nm2376359
tt0860929,nm0046995,nm0151874;nm1540935
tt0867343,nm0381076,\N
tt0867595,nm0875448,nm0875448;nm0913817
tt0870967,nm1012219,nm2403931;nm2403193;nm1393925
tt0870992,nm0407332,\N
tt0871509,nm0954437,nm0954437;nm0756696;nm2399171
tt0872231,nm0701285,nm0701285
tt0873626,nm0674751,\N
tt0886476,nm1897444,nm1911164
tt0888496,nm0350126;nm0804535,nm0134066;nm0350126
tt0896573,nm0323502,nm1001188
tt0896923,nm0412465,nm0695609;nm0131702
tt0900954,nm2744806,nm8479560
tt0902282,nm2343716,nm2458183;nm2459279;nm2343716;nm2343728
tt0906031,nm1412254,\N
tt0915462,nm2477771;nm2477059;nm2480542,nm2477771;nm2477059;nm2480542
tt0922950,nm0535957,nm0078184
tt0923019,nm0712304,\N
tt0926114,nm0211158,\N
tt0927628,nm0009414,nm0009414
tt0928022,nm0207107,\N
tt0933148,nm0175882,\N
tt0938518,nm0827981,nm0078184
tt0938723,nm1301712,\N
tt0943298,nm0307392,\N
tt0944205,nm0222280,nm2136343;nm0706430
tt0945327,nm0056055,nm0056055
tt0949428,nm1412254,nm2526778
tt0949898,nm0031700,\N
tt0950681,nm2528230,\N
tt0950757,nm1876864,nm1876864;nm2531394
tt0951327,nm0033102,\N
tt0960100,nm2552674;nm1278044,\N
tt0962572,nm0368690,nm0368690
tt0962756,nm1838841,nm1838841;nm1930683
tt0965235,nm2564117,nm2562650
tt0965427,nm0013010,nm0013010;nm2120211;nm4545827
tt0965509,nm0411866,nm0411866
tt0969348,nm0399520,nm0399520
tt0969694,nm1981808,nm1429305;nm1347493;nm1981808
tt0976027,nm1597634,\N
tt0981363,nm1085812,nm2588803;nm1085812
tt0983241,nm1323010,nm1323010
tt0988090,nm2145013,nm1228239;nm2145013
tt0989030,nm2594154,nm2594154
tt0989048,nm0261494,\N
tt0997171,nm0755718,nm0038271;nm2048962
tt10009218,\N,nm9107880
tt10011534,nm10328984;nm1295189,nm3997301;nm1295189;nm10328984;nm13056480
tt10012786,nm2127736,nm2127736
tt1001543,nm0407464,nm0407464;nm2417074
tt10021478,nm4996064,nm10548081;nm8026418;nm4996064;nm10548082
tt10022010,nm7147591,nm7147591;nm10548313;nm10548314
tt10027662,\N,nm0553778;nm6662712
tt10028818,nm5063098;nm5063035,nm10608818;nm10551693;nm5063035
tt1002978,nm0465669,nm0465669
tt1002993,nm1878506,nm2616465;nm0699700
tt10040392,nm0558149,nm0560556
tt10041170,\N,nm3447494;nm2228615
tt10043150,nm7166326,nm10556994;nm7166326;nm7950989
tt10063028,nm2357315,nm2153760
tt10066666,nm3210655,nm3210655
tt10078138,nm10571979,nm10571979
tt10081120,nm1164192,\N
tt1008903,nm2622009,nm2622009
tt10101296,nm10582139,nm10582264
tt1010435,nm1387613,nm1520917;nm1012277
tt10106616,nm2143782,nm2143782
tt10117050,\N,nm2308086
tt10122712,nm0411517,nm9414366;nm0411517
tt10136434,nm0322894,nm0503287
tt10146070,nm1033557,nm1033557
tt1014766,nm1879268,nm1879268
tt10156586,nm1835787,nm10608483;nm1835787
tt10157574,nm10608925,nm10608926
tt10159866,\N,\N
tt10174362,nm1411676,nm0329634;nm1411676
tt1018697,nm2023522,nm2023522
tt10187780,nm9909259,nm1802130
tt1018924,nm2634740,nm0148859;nm2638479;nm2634740
tt10189414,nm8271046,nm8271046
tt10195224,nm1302474,nm2336312
tt10195242,nm7216604,\N
tt10196532,nm2559521,\N
tt10199640,nm8921482,nm8921482;nm7099036
tt10201298,nm0644554,\N
tt1020946,nm2635911;nm0735304,nm2635911;nm0735304
tt10217578,nm0457554,\N
tt10236434,nm10645274,nm10645274
tt10255408,nm2215706,nm5680162
tt10258650,nm0994300,nm0464678
tt10263504,\N,\N
tt10277326,nm0316252,nm0316252
tt10281188,nm10160027,nm10160027
tt10283398,nm8587791,\N
tt1029134,nm0524108,nm1057737
tt10295298,nm1778060;nm4997650;nm4341114;nm9744786;nm8916402;nm1546474;nm7910304;nm0993783;nm2693408,nm1778060;nm4997650;nm9744786;nm6789910;nm1546474;nm7910304;nm2693408
tt10323172,\N,nm1452285
tt10324178,nm0031875,nm1144732;nm0440383
tt1033483,nm0169848,nm0169848
tt10341996,nm3224812,nm3224812
tt1035522,nm2011764,nm1522127;nm2011764
tt10359228,nm0462051,\N
tt10368012,\N,\N
tt10375094,nm2939522,nm2939522
tt10387818,nm0327466,nm0172181
tt10399086,nm10724413,nm10724413
tt10402300,nm0457554,\N
tt10410188,\N,nm10729660
tt10417846,\N,nm8156005
tt1041829,nm0281945,nm1095804
tt10423600,nm10734623,nm10734623
tt1042526,nm2673802,nm4869791;nm2673802
tt10427034,nm0706491,nm1150964;nm1311397
tt10427038,\N,\N
tt10433204,\N,\N
tt10443646,\N,\N
tt1045770,nm0003933,nm2681139
tt1045882,nm0863726,nm9918109
tt10464968,nm8181013,nm8181013
tt10467336,\N,\N
tt10467800,nm2585911,\N
tt1047006,\N,\N
tt10470528,\N,\N
tt10476870,nm10076543,nm10076697
tt10488782,nm4457074,nm5322975
tt10498388,\N,nm6671627
tt10499514,\N,\N
tt10500378,\N,\N
tt10500452,\N,\N
tt10500514,nm15795205,nm12209796;nm15795206;nm12209795
tt10507938,nm3786389,nm3786389
tt10515480,nm6682206;nm10780291,nm10594868;nm9959549
tt1051829,nm2689348,nm2691125
tt1052044,nm0651622,nm0651622
tt10522328,nm0176941,nm0176941
tt10526266,nm1921714,nm3308876;nm1050536
tt10533078,nm1995246,nm3557725;nm1995246;nm2294243
tt10534522,\N,\N
tt1053914,\N,\N
tt10540510,nm1482702,nm10792425;nm4189691
tt10557524,nm4595176,nm4595176
tt10559042,nm5751507,nm5751507
tt10559944,nm4424420,\N
tt1056411,nm0379113,nm0379113
tt1057892,nm1438059,nm1438059
tt10579432,\N,nm0259052
tt1057948,nm1167122,nm2701070
tt10583446,\N,nm8414463
tt10590148,nm10815419,\N
tt10605698,nm7131219,nm7131219
tt10608624,nm10823530,nm10823530
tt10616314,nm4658168,nm4658168
tt1063653,nm1272920,\N
tt1063660,nm1001319,nm3187007;nm2245274
tt1063670,nm0045622;nm0377400,\N
tt10645356,nm7698601,nm3015321;nm10847956;nm10847957
tt10662764,nm1319719,\N
tt10671328,nm13746186;nm10434370,nm10860654
tt10673868,nm8211214,nm8084594
tt10676080,nm0703265,\N
tt1067913,nm0127330,nm0127330
tt10682852,nm1335378,nm1270308
tt10685330,nm1828395;nm2902621,nm2902621
tt10691892,\N,\N
tt10703902,nm2680737,nm2680737
tt1070837,nm0779258,\N
tt1071877,nm1553785,nm2016247
tt10721500,nm4138657;nm4140262,\N
tt1072627,nm1151577,nm0960533
tt10726938,nm10876922,nm10876922
tt10728764,nm7050504,nm4474950;nm1992418;nm7050504
tt1073109,\N,nm1667095
tt10732598,nm0370553,\N
tt10738472,nm10406093,\N
tt1074560,nm0951508,\N
tt10746204,nm0644554,nm0644554
tt1075648,nm1280228,nm2721792
tt10761522,nm0841890,nm0434525;nm0841890
tt10767144,\N,\N
tt10775192,nm9614872,\N
tt10778874,nm0258581,nm0258581
tt10782946,nm0689258,nm0689258
tt10782970,\N,nm10750798;nm10965348;nm10759853
tt10789662,\N,\N
tt10791784,nm1807599,nm1807599
tt10794994,\N,\N
tt10795084,\N,\N
tt10799690,nm0236226,nm0860155;nm4468296
tt10799922,nm0767339,nm5940663;nm0767339
tt10800230,nm1008445,nm4704269
tt10800932,nm5455707,\N
tt10804106,nm10912029,nm10912029
tt10815452,nm10782687,nm10782687;nm3578545
tt1081928,nm2861582,nm0088747;nm0445380;nm2861582
tt10822602,nm7399302,\N
tt10827004,nm8803938,nm8201320
tt10839484,nm1061965,nm0032645;nm0093799;nm0707963;nm2596996;nm1176799
tt10846408,\N,\N
tt1084670,nm2746476,nm2746476
tt10849514,nm6011478,nm6011478
tt10855964,nm10935478,\N
tt1086695,nm0591310,nm0591310
tt1086786,nm2051179,nm2051179
tt1086867,nm0407464,nm2749787;nm2417074
tt10873326,nm10941711,\N
tt10875350,nm10942831,\N
tt1087898,nm2181149,nm1497218;nm2181149
tt10883194,nm0922752,nm0922752
tt10883296,\N,nm5512544
tt10889030,nm0258581,nm0258581
tt1089677,nm0586281,nm2757150;nm0620185
tt10896840,nm8818089,nm8818089
tt1090754,nm2361244;nm2756180,nm2757782;nm2361244;nm2756180;nm3094434;nm2756243;nm7595687
tt10910282,nm0438959,\N
tt10914488,nm9975572,nm10959338;nm10959343;nm9939204
tt10918410,nm0848881,nm1699902
tt10920562,nm1434730,nm1434730
tt10928774,nm10559813,\N
tt1093394,nm0867268,nm0960709
tt10935014,nm5420580,nm5420580
tt10937110,nm0440617,nm0440617
tt10950040,nm8392969,nm8392969
tt10955192,nm6655093,nm6655093
tt10969622,nm0071537,nm0071537
tt10981070,nm8760107,nm8760107;nm8373359
tt10983956,nm10988565,nm10988565
tt10990768,nm11002276,nm11002280
tt10993838,nm9325150,nm9325150
tt1099932,nm2772318,\N
tt11003228,nm0196930,nm1626985
tt11007176,nm10221978,nm6808187;nm10221978
tt1101646,nm1570342;nm2775613,\N
tt11026860,nm0593014,nm0651519;nm0793881
tt11035256,nm0840573,\N
tt11035364,nm0840573,\N
tt11041018,nm10734603,nm10734603
tt11058588,nm11031307,nm11031307
tt11058662,nm5502840,\N
tt1107389,nm1069854,nm0708835;nm0412809
tt11076026,nm3318714,nm4347597;nm3318714
tt11091572,nm11044399,\N
tt11091644,nm11044469,\N
tt11091996,\N,nm10099547
tt11096026,nm2203696,\N
tt11097506,\N,\N
tt11112072,\N,nm0421114
tt11126046,nm7992080,nm7992080
tt11129970,\N,\N
tt11150224,nm11068790,\N
tt11153896,nm11040701;nm10166656,nm7717457;nm12225159;nm11040701
tt11154008,nm1846347,\N
tt11161028,nm2576827,nm2576827
tt11162952,nm1258010,nm2665375
tt11167484,nm8497578,nm8497578
tt11183166,nm8439988,\N
tt1118679,nm2800155,nm2800155;nm2800344
tt11187282,nm11012801,nm11012801
tt11202668,nm1196938,nm1196938
tt11204146,nm3359146,\N
tt11209982,nm11089818,nm1532755
tt11212886,nm9569800,\N
tt11213140,nm0648057,\N
tt1121986,nm2819700;nm0150534,nm0150534
tt11231362,nm2390115,\N
tt11236226,\N,nm7302763
tt11237874,nm10796745,nm10796745
tt11240506,nm2305479,nm2305479;nm2287973;nm2899704
tt11241932,nm3645961,nm3645932
tt1124374,nm0961621,nm2806016;nm0961621
tt11261532,nm2403746,nm2403746
tt11262238,nm0645582,nm0645582;nm0420017
tt11269912,nm10121664,nm10121664
tt11274272,nm2897298,nm2897298
tt11277648,\N,nm0928191
tt11284244,nm1339108,nm1339108
tt11296184,nm11137461,nm11137462
tt11310070,\N,nm9192549
tt11310368,\N,\N
tt11310746,nm0731468,\N
tt11313190,\N,nm6789910
tt11319484,nm2023622,\N
tt1132168,nm0577821,nm0577821
tt11356102,nm11165340,nm11165347;nm11165340
tt11356886,nm8834750,nm9966017;nm9966018
tt11377246,nm5212051,nm5212051
tt11379620,nm4799300,\N
tt11380028,nm10919136,\N
tt1139807,nm1516015,\N
tt11401458,nm1802277,\N
tt11409394,nm3567773,nm3567773
tt11417944,nm11191371,\N
tt11418016,nm11191438,\N
tt11423582,nm6014039,nm6014048
tt11427142,nm8951189,nm8550880
tt1144021,nm0187972;nm1049059;nm0208767;nm0592033,\N
tt1144578,nm0595586,nm0595586
tt11450902,nm5455052,\N
tt11459138,nm11206923;nm1799320,nm11206923
tt11460678,nm2021641,nm2021641;nm1984342;nm3643208;nm2001591
tt11460862,nm8121029,nm8121029
tt11469732,nm11215127,\N
tt11470456,nm6914444,nm4453188;nm6914444
tt11485294,nm9242751,nm11221688
tt11486832,nm0276405,nm0560855
tt11489038,nm4274575,nm12579341;nm0857054;nm4274575
tt11492396,nm0891678,nm1098984
tt11497346,nm9846820,nm9846820
tt11502506,nm0633728,nm0644823;nm11227455
tt11505550,nm2320303,\N
tt11508438,nm5464371,nm8474565;nm3892831;nm5464371
tt1151425,\N,\N
tt1152287,nm0493967,nm0493967;nm2860037
tt1152830,nm1864022,nm1868973;nm1864022
tt1152840,nm1903582,nm1903582
tt11531530,nm4519806,nm9323449;nm4519806;nm7964656
tt11534386,nm1171514,nm1171514;nm3411081
tt11543704,\N,\N
tt1155527,nm0382337;nm0771209,nm0382337;nm0771209
tt11557830,nm5590870,\N
tt11558304,\N,nm8646592
tt11559914,\N,\N
tt11561486,\N,nm11067825
tt1156442,nm0923768,nm0621964
tt11568032,\N,nm0131436
tt11570158,nm11256536,\N
tt11570482,nm5757105,\N
tt1157605,nm0315065,\N
tt1158703,\N,\N
tt1158710,nm2872590,nm2872590
tt11591452,nm6202046,nm9361892;nm9361870;nm6202046
tt1159485,nm2551464,nm1907447
tt11602014,nm2067994,nm2067994
tt1160370,nm2580557,\N
tt11606516,nm1337818;nm0483811,\N
tt11614794,nm0085985,\N
tt1161798,nm1949273,\N
tt1161992,nm2882780,nm3435030
tt11620908,nm0201801,nm0201801
tt11628272,nm6418005,nm6418005
tt11642302,nm1386169,nm3979859
tt11643276,\N,\N
tt11643766,\N,nm2040801
tt11655942,nm11390273,nm5996122
tt11655996,nm3845546,\N
tt1166810,nm0998110,nm0998110
tt11675352,nm11225997,nm11302428
tt11678154,nm6357439,\N
tt1167819,nm0181102,nm0958351
tt11689106,nm10624255,\N
tt11694180,nm2697453,\N
tt11703314,nm11314796,nm11314801;nm13701276
tt1171264,nm0937556,nm0937556
tt11714608,nm2542573,\N
tt1171498,nm0018987;nm2896709,\N
tt1171669,nm0322894,nm2644309;nm0603198;nm1293872
tt1172193,nm1650463,nm2897503
tt11724164,nm10177794,\N
tt1172587,nm0012541,nm0012541;nm3138921;nm0223475;nm1330994;nm1179457
tt11729468,\N,nm0000607
tt1173547,nm2898577,\N
tt1173941,nm0108333,nm2105424;nm0051695;nm4902578;nm0108333
tt1174693,nm0153774,nm2903680
tt1175266,nm2904364;nm0954322,nm2905039;nm0937048
tt11766590,nm4942386,\N
tt1176726,nm0169253,\N
tt11773648,nm4402259,nm7860268
tt11778146,\N,nm2135100;nm3329156
tt11785434,nm11340281,\N
tt11786894,nm11351118,nm11351122
tt11795394,nm0003659,nm0196811
tt11805802,nm2843319,\N
tt11816226,nm8986666,\N
tt11817392,nm1896269,nm1896269
tt11821522,nm1096903,nm1096903
tt11827350,nm2226761,nm2226761
tt1184686,nm0784988,\N
tt11847684,nm1375239,nm1375239
tt11852204,\N,\N
tt11852794,nm0860746,nm0860746
tt11854142,nm2223147,nm7172964;nm2223147
tt11859952,\N,nm6924416
tt1186656,nm0125728,nm0863021
tt11883994,nm9276761,nm9276761
tt1188740,nm0682530,\N
tt11892174,nm2298619,\N
tt1189349,nm0821844,nm0821844
tt11896542,nm3597300,nm3597300
tt1190194,nm2933973;nm0608491,nm2933973;nm0608491
tt1190624,nm2810055,\N
tt11908172,nm0660098,nm0414871
tt11918248,\N,\N
tt11924028,nm11404453,nm11404453
tt11926388,nm0454095,\N
tt11926944,nm4370863,nm4370863;nm8038117
tt11933280,nm1880984,nm0112666;nm1807764;nm0997649
tt1193616,nm2943540,\N
tt11941834,nm0839978,\N
tt1194275,nm0953072,\N
tt11948256,nm11414458,nm11414458
tt11957016,nm1032091,nm1032091
tt11958790,nm1516376,nm1516376
tt1196940,\N,nm0357671;nm1201058
tt11972016,nm11390699,nm11390699
tt11980542,nm6078996,nm6078996
tt11981334,nm1412254,\N
tt11981382,nm8343989,nm8343989
tt11997368,nm11434079,nm11434079
tt12025582,nm3578067,\N
tt12033844,nm2208386,\N
tt1204368,nm0538632,nm1662765
tt12044426,nm5443077,nm5443077;nm6960435;nm10023640;nm10285716
tt12053046,\N,\N
tt12056266,nm1802277,\N
tt12065192,nm1073837,nm1073837
tt1207712,nm0538632,nm2522474;nm0411866;nm0538632
tt12077246,nm11469583,\N
tt1207781,nm3809038,nm1531125;nm3809038
tt1208657,\N,nm1117226
tt12087874,\N,nm11340768
tt12089676,\N,nm3578545
tt1209380,nm0613981,nm2967774
tt12095964,nm8168644,nm8168644
tt1210117,nm0459996;nm1637852,nm1075038;nm0459996;nm0472863;nm6296425
tt1211803,nm2968292,\N
tt12120020,\N,nm3430837;nm5645433
tt1212153,\N,\N
tt1213709,\N,\N
tt12157084,nm11501829,nm2805048
tt1215899,nm0207107,\N
tt12169216,nm9379836,\N
tt1217022,nm2547834,\N
tt12182160,nm9897919,nm9897919
tt12186042,\N,\N
tt12208546,\N,\N
tt12218052,nm0596302;nm1589704,\N
tt1223384,nm1028038,\N
tt12246218,\N,nm3376184
tt12247290,nm6909519,nm6909519
tt12247844,nm0793622,nm0793622
tt12250946,nm2596256,nm5967210
tt1225292,nm0775094,nm0775094
tt12255478,nm2250139,nm2250139
tt12275034,\N,nm10274509
tt1227772,\N,nm2226753
tt12289966,nm11053341,nm11580296;nm11580297;nm11054490;nm11053341
tt12305786,\N,nm1558978;nm0929696
tt12308738,nm11574567;nm5053941,nm11574567;nm5053941
tt12313210,nm7200929,nm7200929
tt12323872,nm0557623,nm0557623
tt12326862,nm9259379,\N
tt1232759,nm1254704,nm1254704
tt1233192,nm0423626,nm0423626;nm0001294
tt1233331,nm0463543,nm3015027;nm0851225
tt1233599,nm2171308,nm2171308;nm0453535
tt12350140,nm11591578,\N
tt1235522,nm0400441,nm3017566
tt12358104,nm0850173,nm0133561;nm0596668;nm1557873;nm2031286
tt12358410,nm11595733;nm11595732,nm11595733;nm11595732
tt12359018,nm11596144,\N
tt12367628,nm12470082;nm1031293;nm12470083,\N
tt1237887,nm0848974,nm0848974
tt12381202,nm7592835;nm0466576,nm11606155
tt12403702,nm0414405,nm0367218;nm0414405
tt12404448,nm11616595,\N
tt1240929,nm0746517,nm2342479;nm2336102
tt1240982,nm0337773,nm1104131;nm0078897
tt12419732,nm5969316,\N
tt1242517,nm3174449,nm2694261;nm2339375;nm3174449
tt12427618,nm9844469,nm1802130
tt12448982,nm0115879,nm0115879
tt12452830,nm0442954,nm11637822;nm1167751;nm0945868
tt12453186,nm0183659,nm0183659
tt12454162,\N,nm5314411
tt1245493,nm0209527,\N
tt1245528,nm1893665,nm1893665;nm1840907
tt12456584,nm4479660,nm8733701
tt1245668,nm1345749,nm1345749;nm3043099
tt12462730,nm0183659,\N
tt12464416,nm5090265;nm5089146,nm5090265;nm5089146
tt1247246,nm3002796,\N
tt12478874,\N,\N
tt1248235,nm2382713,\N
tt12482830,nm3249181,nm0233094
tt1248957,nm2020008,nm2808596
tt12490698,nm7652958,nm3227468;nm11652169;nm0208643
tt12492634,nm0183659,nm0183659
tt12511502,nm10898010,nm10898010
tt12512952,nm4954826,\N
tt1252488,nm0222427,nm1879189;nm1150796;nm2346340;nm0155027;nm2336554;nm2021383;nm3057599;nm0759785
tt12526694,nm8431980,nm8431980;nm5558733
tt1253596,nm0138007,nm3398648
tt12537550,nm11419189,nm11419189
tt1253843,nm1967657,nm1967657
tt1253852,nm2754257,nm3074883
tt12546578,nm1027912,nm1027912
tt12557760,nm1901100,nm1764900
tt12565232,nm5934163,nm5934163;nm9564611
tt12572710,\N,\N
tt12592846,nm10818300;nm11691291,\N
tt12601334,nm0702477,nm0182041;nm0702477
tt1260565,nm0904192,nm3070264;nm0904192;nm1626504
tt12606482,nm0955804,\N
tt12623426,nm9669482,nm9669482
tt12626224,\N,nm3409348
tt12631534,nm8645748,nm8711035;nm8645748
tt12632068,nm0610789,nm4835117
tt1264100,\N,nm3078203
tt1265616,nm2840359,nm2840359
tt1265619,nm0003297,nm0003297
tt1266545,nm2031002,nm2031002
tt12675106,nm0107788;nm0224916;nm1651774,nm0107788;nm0224916
tt1268884,nm2872658,nm2872658
tt1268922,nm0225303,\N
tt12702586,\N,\N
tt12724444,nm11743783,nm11743786
tt12728602,\N,\N
tt12728736,\N,\N
tt12737292,nm0519117,\N
tt1274277,nm2486764,nm2486764
tt1274284,nm2415824,nm2415824;nm3098726;nm6791377
tt1274297,nm0224020,nm0116263;nm0224020;nm0503182
tt12750524,\N,nm3253690
tt12755550,nm5015614,nm5015614
tt12758204,nm5877543;nm4738029,nm5877543;nm4738029
tt12759014,nm0247878,nm0247878;nm2505283
tt1276420,nm2289741,nm2289741
tt12764276,nm3579077,nm3579077
tt12766012,\N,nm10452671
tt12767498,nm0375876,nm0460458
tt1277145,nm1977646,nm1977646
tt12787498,nm11769863;nm11769918,\N
tt12793052,nm15930180;nm11519917,nm11519916;nm11519917
tt1279492,nm0910926,nm0398786;nm1296670
tt12796236,nm0037635,nm0037635
tt12806260,\N,\N
tt12809302,nm1227205,\N
tt12831818,nm10555141,nm10555141
tt12833678,\N,\N
tt1283919,nm2288698,nm2288698
tt12842922,\N,nm2676257;nm1436870
tt12845180,nm6167340,\N
tt1285219,nm2509543,nm2509543
tt12875228,\N,\N
tt12885748,\N,nm1738464
tt12916150,nm9126723,nm9136945;nm11826923;nm10470296
tt12924790,\N,\N
tt12927956,nm1644721,nm1644721
tt12929238,nm2546086,\N
tt1294215,nm1226069,nm1361864;nm2356525;nm1226069;nm3138499
tt12948832,nm0653756,nm4285054;nm0653756
tt12958516,nm4777327,nm4777327
tt12969746,nm9909259,nm1802130
tt12976188,nm8472295,nm8472295
tt12978528,nm9382100,nm9382100
tt12980140,\N,nm11847896
tt12982368,\N,\N
tt12985862,nm1009589,nm2873808;nm3815668
tt12987672,\N,\N
tt12990578,nm11424215,nm11424276;nm11424215
tt12993456,nm5674711,nm5674711
tt13007164,\N,\N
tt13009768,nm1215019,nm2532541;nm1215019
tt13011896,nm0536266,\N
tt13022816,nm11575735,\N
tt13034320,nm5418043,nm11872265;nm5418043;nm7666781
tt13049952,nm11229524,\N
tt13058146,nm2038130,nm3827758;nm2038130
tt13061978,nm4479041,nm4479041
tt13074728,nm10622631,nm10622631
tt13093552,nm1040181,nm1040181
tt1310674,nm1509903,\N
tt1311645,nm0803072,nm0436687;nm3170620;nm0803072
tt1312159,nm2121666,nm2121666
tt1314242,nm0636741,nm1354468;nm1493021;nm1715091;nm2289742;nm0636741
tt1314246,nm3176748;nm3176993;nm1266812;nm0729764;nm3023544;nm3125415;nm3464186,nm3176993;nm1266812;nm0729764;nm3023544;nm3125415;nm3464186;nm0951206
tt13143218,nm1390084,nm11919310;nm11919311
tt13143488,nm11376779,\N
tt1315424,nm1761288;nm1759159,nm1759159
tt13157732,nm1163827,\N
tt13158292,nm1564641,\N
tt13161258,nm11928152,nm2485681;nm11410753
tt13167320,nm11929769,nm11929769
tt13178236,nm11934261,nm11934261
tt13195740,nm6265549,nm6265549
tt13196156,nm9484608,nm6958582
tt13202854,nm0256384,nm0256384
tt13203582,nm5799675,\N
tt1321874,nm1975174,nm1322839
tt13220764,nm2148889,nm0647939;nm2537812
tt1322312,nm0123379,nm3192484
tt1325619,nm0523665,\N
tt13266974,nm3592235;nm0139867,nm5046012;nm1772444;nm2286682;nm1772128;nm0730422;nm0763468
tt1326799,nm3202986,nm3202986
tt1326946,nm1645641,nm3203543
tt1327010,nm3107818,\N
tt1327194,nm0382956,nm3391497;nm0817023
tt1327202,nm0035061,\N
tt13272770,nm0266622,\N
tt13276494,nm4047529,nm4047529
tt1328604,nm2287777;nm2517015;nm3209630;nm2406154;nm1449035;nm2188781,\N
tt1328615,nm3208375,nm3208436;nm3208375
tt13310936,nm9490928,nm4297037;nm9490928;nm12810392;nm17660117
tt1332587,nm0201897,\N
tt1333039,nm2543034,nm2543034
tt1333631,nm0695629,nm3218696;nm2970222;nm0786694
tt13345130,nm10666926,nm14595497;nm10666926
tt13345182,\N,nm0002042;nm1289171
tt13353520,nm0343517,nm0343517;nm4721801
tt13365078,nm10355174,\N
tt13372218,nm12024482;nm12024481,nm12024484
tt1337635,nm3236674,nm3236674
tt1337644,nm3235055,nm3232489;nm3233099;nm3235417;nm3235055
tt1337678,nm1267647;nm1269947,\N
tt13378004,nm3473705,\N
tt13387604,nm1580685;nm1272499,nm1272499
tt13387738,\N,\N
tt1339556,nm3209529,nm0080815;nm3209529
tt13400076,\N,\N
tt13400316,\N,nm4756169
tt13404340,nm1889733,nm0193691;nm1889733
tt1341167,nm0606439,nm0606439;nm1095060;nm1104036;nm1006581
tt13416828,\N,nm7387537
tt13417116,nm1503575,nm12044420;nm1738734;nm0817491;nm1156691
tt1341732,nm3237228,\N
tt13417396,\N,\N
tt13417584,nm2510425,nm2510425
tt1341809,\N,nm0572352
tt13423490,\N,\N
tt1342378,nm0249189,nm0037238
tt13428000,nm12048161,\N
tt1343023,nm0745722,nm0745722
tt1343089,nm2110780,nm2195555;nm1905117
tt13432938,nm0325691,\N
tt13438392,nm2325065,nm11850292
tt13438628,nm3452373,nm12150431
tt1344662,nm3248626,\N
tt1344690,nm3239037;nm3239373,nm3239373
tt13464586,nm3189255,nm12065969
tt13465976,nm8938254,nm8938254
tt1346850,nm0645231,nm0645231;nm2838332
tt1347175,nm2075456,nm2075456;nm3240894
tt13496386,nm3609466,nm11098469
tt13502992,nm3570039,\N
tt13503078,nm2382713,\N
tt1350546,nm0821018,nm0821018
tt1350908,nm3268736,\N
tt1351653,nm1135343;nm3268139,nm1135343;nm3268139
tt1351767,nm3286588,nm3286588
tt13531012,nm6691012,nm6691012
tt13533622,nm6632729,nm6632729
tt1354030,nm0080258,nm0080258;nm1033297
tt1354065,nm0897216,\N
tt13545702,nm1567950,nm0440256;nm0521805
tt13550894,\N,\N
tt13551400,\N,\N
tt13554922,nm9783505,nm9783506
tt13563504,nm6024307,nm6024307
tt13565016,\N,nm1297767;nm2148606
tt13567080,nm3281108,nm3281108
tt1356799,nm0409526,nm0409526;nm2556327
tt1356917,nm0721219,nm1287004;nm0721219
tt1356982,nm3276091;nm0452968,nm3276091;nm0452968
tt13570568,nm12002371,nm12002371
tt1358138,nm3202984;nm3202052,nm3202984;nm3202052
tt13582408,nm4019936,nm4019936
tt1360190,nm1634162,\N
tt13611066,\N,nm0057391
tt13620762,nm3564648,nm1014196;nm4652014
tt13623020,nm7432725,nm7432725
tt13624028,nm12138241,nm12138241
tt13633730,nm6430887,nm6430887;nm12141998
tt13651860,\N,nm8230135
tt1365451,nm2433919,nm1505557;nm1418732;nm2433919
tt13656182,nm3373750;nm1391052,\N
tt13660452,nm2761013,\N
tt13661068,nm5165653,nm5165653
tt13666282,nm0943100,\N
tt13670962,\N,nm12159322;nm5029202
tt13672900,nm12160404,nm12160405;nm3742061;nm12160412;nm12160404
tt13676948,nm12159183,nm12162036;nm12162037;nm12159183
tt13683442,nm12165272,\N
tt13684476,nm11887872,nm11887872
tt13685456,nm0868706,nm12166341;nm12166342
tt13701810,nm10464571,nm10464571;nm11064803
tt13705684,nm2932970,nm3756055;nm4172538;nm3756276;nm2932970
tt1370856,nm0416494,\N
tt1370865,nm3303597,nm3303597;nm2781059
tt1373147,nm0311678,nm0311678;nm10849651
tt13733886,nm12005649,nm12005649
tt13742930,nm1741741,\N
tt13745292,\N,nm12192044
tt13751060,\N,nm6077040;nm10378031
tt13774330,\N,nm12223171
tt13793498,nm5415746;nm13033952,nm7983301;nm5415746;nm13033952
tt13819898,\N,nm0164851
tt13834540,nm6674159,nm10864553;nm6674159
tt13846540,nm0133028,nm0133028;nm0545382;nm11598219
tt1385612,nm3341465,nm3341465
tt13857702,nm1486721;nm10523165,nm1486721;nm10523165
tt13857760,nm2010315,\N
tt13858010,nm6027315,\N
tt13872098,nm0607347,nm12245015;nm0607347
tt13872466,nm4583383,\N
tt1387528,nm0927253,nm0927253
tt13882910,nm7836526,\N
tt13891048,nm9009105,\N
tt13891744,nm5391725,\N
tt1389504,nm0482288,\N
tt1389510,nm0668201,\N
tt13899440,nm12257435,nm12257435
tt13905508,nm0756872,nm1841087
tt13907264,nm1119536,nm5719297;nm1119536
tt13913926,nm6174121,\N
tt1392259,nm0897200,nm8989313;nm1033297
tt13935548,\N,nm3365191;nm2877578;nm2235318
tt1396224,nm0228418,nm0228418
tt13968022,nm4834600,\N
tt13969962,nm7443350;nm0588406,nm7443350
tt13973390,nm1171959,nm2069831
tt13977868,nm3626376,nm4822259;nm3626376
tt13982842,nm0004354,nm0055129;nm0004354
tt13988386,nm3513668,nm3513668
tt13988678,nm10667305,nm10667305
tt1398949,nm3372147,\N
tt13993546,nm4543557,nm4543557
tt13998560,nm4515440,nm0310696
tt14008324,\N,\N
tt14017278,nm2603255,\N
tt14018772,nm12305101;nm12305102,nm12305102;nm12305101
tt14021922,nm9219774,\N
tt14022054,nm12305101;nm12305102,nm12305102;nm12305101
tt1402532,nm1375921,\N
tt14033522,nm0224066,nm0224066
tt14036690,nm8103504,nm12312718
tt1403861,nm1557922,nm1557922
tt1404074,nm3386278,\N
tt14044046,\N,nm0358564;nm0484933;nm0006256
tt14054848,nm12320292,nm12320292
tt14063668,nm2742573,nm4900659
tt1407164,nm0034925,nm1046027
tt1407226,nm0710561,nm3391396
tt1407251,nm3386508,nm3386508;nm3925232;nm3937976
tt14074042,nm11701024,nm11670613;nm11701024
tt14075518,\N,nm12313553
tt14077250,nm8315428,\N
tt1408086,nm1376086,\N
tt14081126,nm12332438,\N
tt14090546,nm12336848,nm12336850
tt1409815,\N,nm0118649;nm0716391
tt1410246,\N,\N
tt14106290,nm1562418,\N
tt14108010,nm12344323;nm11737837,nm12344323;nm11737837
tt14110690,nm3578957,nm3578957
tt1411713,nm2679559,nm2679559;nm3453760
tt14122278,nm3746271,nm1949122
tt14125262,nm2873754,nm2873754
tt1412531,nm2417215;nm2613555,nm2613555
tt1412561,nm0820763,nm0820763
tt14126724,nm0181263,\N
tt14129454,nm1828395;nm2902621,nm0326219;nm0606330;nm6351600
tt14130154,nm4789215,nm4789215
tt1413851,nm2294501,nm3405683
tt14140740,nm1660955;nm10797229,nm1660955
tt14153584,nm1502944,nm1502944
tt14169156,nm8513504;nm5934788,\N
tt1417034,nm3411079,nm3411079
tt1417054,nm0863674,nm0329645
tt1418252,nm3410161,\N
tt14183024,nm9844116,nm11059145
tt14183904,nm6025874,nm6025874
tt14188294,nm7489722,nm4335419
tt14210948,nm1175583,\N
tt14212580,nm2414771;nm8191842,nm2414771;nm8191842
tt14214940,nm3565732,nm4281831
tt14216534,nm2172066;nm12392114,nm2172066
tt14217026,nm11183004,nm0106517;nm0347310
tt1422602,nm0238302,nm0238302
tt1422712,nm2751844,nm2780766
tt14230306,\N,\N
tt14230740,\N,\N
tt14231706,nm6984993,\N
tt14243068,nm12402769,nm12402769
tt14246460,\N,\N
tt1424791,nm3418423,\N
tt14250244,\N,nm12405823;nm12405824;nm6577659
tt14260794,nm12410966,\N
tt14266488,nm8894369;nm9547690,nm9547690;nm8894369
tt14272136,nm8868807,nm8868807
tt1427700,nm3434047,nm3432900
tt14285460,nm12419639,nm12419639
tt1429409,nm0674420,nm0674420
tt14296338,nm2006185,nm8818931
tt14308892,nm1761759;nm1577453,\N
tt1431005,\N,\N
tt1431108,nm1182241,\N
tt1431142,nm1135790,nm1135790;nm3447021;nm0947710
tt14315640,nm3016324,nm3016324
tt14315814,nm10900389,\N
tt14318244,\N,\N
tt1433528,nm1000499;nm3554224,nm1000499;nm3554224
tt1433804,nm3209529,nm0408765;nm3209529
tt14350480,\N,\N
tt14362502,nm1625346,nm1625346
tt1436347,nm2970193,nm2970193
tt14371752,\N,\N
tt1437200,nm0444290,nm0444290
tt14389674,nm1794344,nm6093161;nm5510614
tt14398828,nm11209358,nm11209358;nm12465226
tt1440245,nm3372203;nm3449102,nm3453760;nm3372203
tt14403860,nm8613968,nm12467335
tt14404384,nm12467630,nm12467630;nm7998415
tt14412532,nm0031967,nm3491132;nm9363337;nm0031967
tt14416318,nm4144035,nm4144035
tt1442012,nm0880885,\N
tt1442223,nm0597026;nm2671950;nm3466537,nm1935987;nm3466085;nm1127888
tt1442327,nm2018758,nm2018758
tt1444683,nm2228615,nm3447494;nm2228615
tt14464238,nm2900496,\N
tt14484750,nm12501334,\N
tt14484874,nm1961514,nm1961514
tt1449384,nm2612196,\N
tt14502682,nm12509082,\N
tt1450330,nm0191147,nm0191138;nm0191147
tt1451747,nm0650004,\N
tt14521374,nm2062864,\N
tt14532686,\N,nm8524703;nm5321257
tt14548836,\N,\N
tt14550270,nm7942140,nm7942140
tt14577870,nm0838936,nm0398849
tt14579368,nm2941372,nm2941372
tt14583986,nm4698749,nm4698749
tt14586500,nm11785575,nm11785575
tt1459219,nm0497489,\N
tt14599504,nm0885678,\N
tt14599606,nm2143171,\N
tt14611642,nm12555726;nm2169568,nm12555726;nm2169568
tt14617336,nm10599205,nm10599205
tt14625692,nm6340056,nm3159111
tt14631360,nm0495967,nm0495967
tt1464344,nm0957459,nm0957459
tt14643640,nm8061992,nm8061992;nm10207329
tt1464605,nm0788243,nm0788243
tt14655354,nm4580645;nm4579769,nm4580645;nm4579769
tt14657212,nm12576249;nm12576248,\N
tt14658160,nm12576774,nm12576774
tt1465840,nm0157769,nm3831246
tt14669722,nm3380427,nm3380427
tt1467061,nm1335774,nm1419887
tt14677540,nm8636907,\N
tt14682084,nm0477771,nm0477771
tt14713164,nm0944529,nm12601219;nm12601221;nm12601220;nm12601222
tt14714980,nm0000128,nm2286104;nm0000128
tt1472459,\N,nm2840359
tt14726550,nm2979684,nm2979684
tt1473002,nm0576404,nm0576404;nm3404347
tt14734066,nm0879772,nm0015101;nm0457207
tt14752690,nm9947071,nm9947071
tt1475350,nm3536209;nm3548666,nm3536209;nm3548666
tt14760250,nm2078601,\N
tt14764922,nm12578196;nm0465524,\N
tt14765176,nm0168693,\N
tt14770814,nm2839006,nm2839006
tt14772926,nm0271792,nm0271792
tt14779420,\N,nm3754108;nm8037224
tt14782096,nm12634596;nm1539000,nm3899748
tt14796672,\N,nm9819236
tt14812544,nm5694753,nm12646561
tt1482461,nm1678072,nm0189965
tt1482882,nm3356600,\N
tt1482916,nm4244810,nm3561763
tt14831488,nm0602902,nm0602902
tt1483345,nm3260245,\N
tt1485096,nm2023083,nm2023083
tt14851344,nm16566843,nm16892334;nm16892333
tt14852596,nm1519302,nm1749071;nm0015446
tt1485804,nm3786826,\N
tt14858290,nm12665465,nm2859563;nm12665465
tt14887922,nm0588166,nm0588166
tt1489921,nm2651666,nm2651666
tt14899598,nm7125404,nm7125404
tt14905256,nm0007914;nm1477662;nm6381201,nm12686292;nm0007914;nm1477662;nm17460997;nm6381201
tt14909010,nm0535598,\N
tt14914580,nm4148153,nm4148153
tt14927306,nm4799374,nm12699785;nm4799374;nm12699784
tt1492755,nm1773564,\N
tt14927880,nm1309421,nm1309421
tt14935928,nm0269417,nm2044760
tt14949320,\N,nm11111708
tt14967958,nm3966426,nm3966426
tt14985068,nm12730557,nm12730557
tt14998596,nm8446571,nm12736488
tt14999604,\N,\N
tt15000226,nm12737304,nm12737498
tt1502407,nm0337773,nm0000118;nm0384185;nm2171769;nm1104131;nm0337773
tt1502418,\N,nm0104973;nm0351929
tt1503121,nm3592885;nm3592358,nm3592885;nm3592358
tt15036426,nm12753530,nm12753531
tt15043114,\N,nm2243554
tt15054124,nm0014693,nm1323767
tt15060436,nm1372424,\N
tt15079852,nm0700129,nm0700129
tt15082132,nm0573427,\N
tt1508952,nm3605637,\N
tt15096980,nm7748108,nm7748108
tt1510777,nm0009775,\N
tt15108182,nm9148892,nm9148892;nm12786341
tt1512149,nm0335924,nm0335924;nm0622319
tt1512732,nm2065393,nm2065393;nm1863128
tt15128468,nm5092062;nm10073533,nm5092062;nm10146403;nm10073533
tt15128794,nm0214255,nm0214255
tt15129798,nm6419752,nm6419752
tt15137580,nm12799861,nm12799861
tt15138438,nm12782763,\N
tt15144532,\N,nm4936133;nm2387965
tt15150318,nm9545100;nm7102510,nm7102510
tt1517197,nm2594148,nm2647632
tt1517509,nm0007855,\N
tt15181334,nm4775222,nm4775222;nm2888699
tt15181422,nm12822510,nm12822510
tt15197044,nm0041947,\N
tt1521698,nm3636565,\N
tt15223056,nm12842493,nm12842493
tt15225256,nm0659368,nm0659368;nm0813681
tt1524144,nm3639211,\N
tt15250962,nm0587741,\N
tt15251228,nm4582863,nm1545570
tt15257034,\N,\N
tt15257396,nm0359089,nm1991625
tt15257920,nm12644151,nm11588775
tt15260402,nm8752195,\N
tt15262024,nm4341114,nm4341114
tt1527054,nm0434481,\N
tt15273728,nm11336409,nm11336409
tt1527641,nm2965928,nm1655735
tt15281654,nm9208404;nm4212198,nm4212198
tt1528284,nm3644801;nm3647447;nm3644989;nm3647811,nm3644801
tt15287220,nm2990059,nm2990059
tt1530497,nm0476777,nm0945086
tt15310750,nm11898868,nm11898868
tt15313304,nm12884266,nm12884272
tt15327042,\N,\N
tt15327088,nm6142895,nm6158998;nm14127654;nm9650707;nm9924848;nm8833077;nm6142895;nm8918477
tt1532958,nm0496863,nm1067779;nm0662134;nm0496863
tt1533966,nm3662907,\N
tt15358226,nm3074729,nm1744774;nm3074729;nm0514956
tt1537797,\N,\N
tt15385626,nm8617951,nm8617951
tt1538872,nm3668936,\N
tt1539995,nm0593610,nm1199351
tt1541020,nm3676546,nm3676546
tt1541083,nm3676845,\N
tt15415924,nm6314940,nm6314940
tt15417396,nm1102433,nm1102433
tt15423326,nm12519496,nm12519496
tt15434142,nm6801313,\N
tt1543666,nm3679751,nm3679751
tt15438266,\N,nm1799605
tt15440496,nm10400080,nm10400080;nm12944755
tt15445726,nm2091846,nm2091846
tt15446344,nm6147180,nm6147180;nm6032545
tt15458686,nm5316164,nm5316164
tt15458880,nm5316164,nm5316164
tt15464490,nm3524177,nm4460419;nm0837788
tt15465382,nm8971369,nm13122825
tt15475322,nm3360412,nm0999532
tt15477966,nm4287157,\N
tt1548547,nm3687343;nm0286671,\N
tt1548648,nm0559431,nm0651519;nm0839783
tt15490192,nm12491608,nm12968062
tt1549779,nm0274278,nm0274278;nm0764832;nm2617086
tt15507514,nm4567726,nm10167048
tt15516104,nm12979354,nm12979354
tt15528342,nm7743813;nm9153783,nm9153783
tt1553136,nm2375939,nm2375939
tt15534668,nm5024520,nm5024520
tt15551988,\N,nm5876335;nm7695408
tt15554928,\N,\N
tt15559652,\N,nm10720317
tt1556012,\N,\N
tt15564666,nm2858023,\N
tt1556613,nm0667762,nm0667762;nm1579389
tt1558247,nm2788369,nm2788369
tt1558827,nm1755945,nm1755945
tt1563135,nm3430653,\N
tt1564007,nm3727866;nm6721816;nm15119737,nm3727866;nm6721816
tt15654716,nm7531377,nm7531377
tt15655194,nm13018516,\N
tt15656662,nm1378916,\N
tt15662636,\N,\N
tt15663290,nm11673288,nm11673288
tt15663618,nm0679925,nm0679925
tt1568153,nm0605583,nm0605583
tt15684798,nm6072599,nm13030541;nm10936405
tt15686992,\N,nm12863749
tt1570409,nm3413477,nm3413477
tt15707246,nm13038514,\N
tt15711402,nm0630112,nm13043857
tt15716784,nm13043278,nm10553354
tt15717226,nm3631835,nm3631835
tt15717242,nm0961391,nm6111886;nm0961391;nm13674557
tt15719874,\N,nm7560620;nm6458723
tt15720814,nm13045223,nm13045223
tt15727598,nm13045223,nm13045223
tt15727792,nm11757248,\N
tt1574610,nm0736711,\N
tt1575705,nm3742995,\N
tt1576702,nm2653712,nm2653712
tt15767726,nm13064377,nm13064377
tt1577064,nm0694137,nm0694137
tt15799564,nm1732981,nm1732981
tt1580021,nm2788645,nm2788645
tt1580391,nm3749876;nm1122497,nm1122497;nm3749876
tt15807024,nm0557776,nm0008691;nm0273082
tt1580798,nm0334710,nm3722859;nm3855728
tt15809210,nm4372927,nm4372927
tt15831226,nm0885864,nm0278181;nm1044477;nm0360253;nm0053484
tt15834104,nm12945225,\N
tt15838536,\N,nm6008541;nm6008540
tt15850292,nm13094651,nm13094651
tt15858100,nm1121635,nm1121635
tt1587107,nm1963808,nm3398645
tt1587285,nm2823512,nm2823512
tt15873982,nm11779539,nm11779539
tt1587738,nm3772670,nm3772670;nm4817052;nm4526583
tt1587863,nm3779676,\N
tt1587890,nm0006856;nm0554532,nm0349614;nm0554532;nm3278716
tt15880220,\N,nm9496779
tt1590026,nm0036932;nm0511404,\N
tt1592530,nm2705657,nm2705657
tt15939748,\N,\N
tt15944872,nm3203438,nm3203438;nm2590575
tt15979716,nm1399618,nm1399618
tt1598432,nm1846347,\N
tt1601817,nm1846347,\N
tt16024470,nm13116936,nm13116937
tt1606839,nm0095299;nm0316295,\N
tt16073660,\N,nm13123399
tt16078266,nm6853440,nm6853440
tt16124388,nm11655580,nm11655580;nm13133141
tt1613045,nm0679395,nm0679395
tt1613060,nm3844158;nm3833652;nm1647627,nm2731228;nm3844158;nm3832502;nm3833355;nm3832286;nm2909370;nm3833038;nm3830052;nm3829595
tt1613791,nm1846347,\N
tt16142000,nm6043774,nm13135077
tt16151968,nm0149988,nm0149988;nm13136676
tt1616169,\N,nm0936436
tt16226392,\N,nm13150529
tt16227608,nm9249900,nm9249900;nm13186108
tt1622981,nm3103464,\N
tt1623651,nm0955270,\N
tt16243818,nm0050287,nm0050287
tt16250242,nm1914480,nm13159664
tt16265420,nm5694630,nm13165567
tt16270504,\N,nm7231734
tt1627065,nm0840594,nm1129278;nm0840594
tt1627124,nm3857359,nm3302515;nm2600491;nm2147104
tt16278434,nm10129372,nm10129372
tt1627892,nm2015950,nm3858957
tt1628039,nm2244239,nm2244239
tt16280816,nm10985045;nm12736491,nm5101650;nm13170331
tt16281758,nm9232888,nm9232888
tt16288228,nm2659876,nm9805462
tt16298782,nm13161706,nm13161706
tt16303830,nm9282974,nm9282974
tt16305150,\N,\N
tt1634007,nm1902283,\N
tt1634127,nm3876228,nm3876228
tt1634288,nm0803499,\N
tt1634557,nm0752056;nm0934038,nm3862565;nm0752056;nm0934038
tt16346544,nm0806631,nm0806631
tt16347498,\N,\N
tt16349772,nm1266276,nm1266276
tt16354426,nm3234354,nm3234354
tt16358260,nm13191747,nm13191743
tt16369412,nm9263593,nm9263593
tt16374466,nm1636976,nm1636976
tt16377980,nm13199924,nm13199924
tt16384960,nm6425087,nm6473065
tt1639081,nm1933472,nm1933472
tt1640401,nm3879666,nm0592670
tt16424542,\N,nm2965015;nm3848299
tt16432094,\N,nm11410141
tt1648050,nm3897226,nm3897226
tt16481022,nm7622240,nm7622240
tt1648214,nm2843479,nm2843479
tt16492910,nm7036765,nm8158383;nm4305663
tt1650524,nm3906060,nm3906060
tt16531964,nm7541333,nm9805462
tt1653850,nm2083241,nm2083241
tt1654054,nm0690532,nm0600398;nm0690532
tt1660529,nm0653250,\N
tt16608516,nm4179342,nm4179342
tt16611924,nm9073819,nm9073819;nm10092823
tt1661862,nm0881762,nm0311132;nm0881762
tt16636178,nm0872535,nm0306042
tt1663659,\N,nm0197855;nm0326246
tt1669228,nm3946023,\N
tt1669648,nm3937503,nm3937503
tt1672847,nm2679874,nm0032928;nm14304367
tt16758012,nm2747021,nm13062846
tt16790672,nm6736361,\N
tt1680051,nm0999415,nm0999415
tt1680101,nm0162889,nm3252121;nm2239228
tt1680121,\N,\N
tt1682978,nm0120384,\N
tt1683944,nm3974170;nm1122481,\N
tt1684552,nm3976679,nm3976679
tt1686099,nm3973078,nm3972944
tt16868486,nm2352606,\N
tt1686862,nm0777144,nm0777144
tt1687856,nm1786164,nm1786164;nm2760646
tt1688421,nm3982859,nm3982859
tt16897764,nm5243569,nm11186346
tt16900304,nm2263683,nm2085593;nm2263683
tt1690197,nm2758967,nm3040029
tt16913072,nm13274267,nm13274269;nm13274268;nm2481005
tt1691439,\N,nm1731154
tt1694524,nm7470314,nm7470314
tt1695804,\N,nm1901173
tt1696208,nm0300880,nm0300880
tt16978294,nm4328572;nm9677239,nm4328572;nm9677239
tt16982950,nm1355277,nm0605641;nm1143207
tt17008100,nm1152250,\N
tt17044536,nm13300577,\N
tt1705877,nm2346369;nm2549243,nm0015339
tt1706591,nm0873608,nm1639986;nm0625846;nm0873608
tt1707238,nm1141512,nm1141512;nm4024438
tt17079116,nm10190350,nm10190350
tt17080412,nm0671210,nm0007758;nm7983475;nm3451359
tt1711507,nm4041044,nm4211007;nm4041044
tt1712088,nm3394026,nm4132912;nm3394026
tt1712215,nm3651422,nm3730883;nm3746872;nm2656330;nm3651422
tt17145106,nm0051572,nm0051572
tt1714721,nm0689286,\N
tt1714850,nm1950988,nm4045126;nm0368048
tt1714872,nm4044720;nm3616670,nm4044720;nm3616670
tt1718766,nm1802196,nm2672655
tt1719581,nm3323841,nm3335808;nm3323841
tt17196124,nm1413218,nm1413218
tt1720081,nm2009862,nm2009862;nm4061886;nm4062864;nm2453072
tt1721051,nm4065294,nm0018073
tt1721495,\N,nm0070456;nm0949558
tt17220950,\N,nm11207110
tt1723738,nm4077995,\N
tt1728218,nm1098726,nm1098726
tt1728971,nm1475830,nm1475830
tt1729204,nm1320032,nm2719206;nm1277520
tt1730764,nm0233288,nm0233288
tt1731706,nm0001565,nm0189232;nm0943909
tt1732602,nm3138443,nm3138443
tt17342614,nm2552349,nm2552349;nm2476263
tt1737110,nm1297149,nm1297149;nm3744217
tt17372192,nm6981184,nm6981184
tt1737268,nm0451669;nm0598355,\N
tt1740007,nm3016028,nm2614481
tt1740790,nm1392965,\N
tt1740799,nm2060706,\N
tt1740812,nm3998180,nm3998180
tt1740813,\N,nm4118072
tt17423814,nm5667765,nm13285944
tt1747993,nm2172472,\N
tt17489070,nm12583435,nm12583435
tt17490838,nm1818500,\N
tt17491834,nm8056868,nm9141540
tt17512182,nm0463543,nm13346579;nm2305000
tt17519334,nm0538632,nm0946672
tt1753546,nm4140731;nm1391752,nm3390982
tt1753880,nm0945974,nm2648584
tt17543482,nm8939846,\N
tt17544562,nm0722720,\N
tt1754648,nm3272319,nm0404125;nm3555678;nm1197919;nm2052061;nm3272319
tt1756426,nm1334259,nm1334259
tt1758576,nm2776774,\N
tt1758741,nm3558945;nm1720122,nm3558945;nm1720122
tt1759674,nm4152382;nm0813085,nm4152382;nm2664353;nm0813085;nm4084027
tt1763211,nm0092583,\N
tt1764667,nm1541028,nm3796099
tt17676518,nm13362802,nm13362802;nm9410594
tt1770670,nm3193307,nm3193307
tt1772958,nm1229124;nm1186589,nm1229124;nm1186589
tt1773578,nm3162559,nm3162559
tt1773594,nm4160981,nm4160173
tt17736454,\N,nm0784805
tt1776325,nm1387582,\N
tt1781922,nm0235719,nm0235719;nm1803105
tt1785386,nm1644518,nm1644518
tt1785669,nm1126474,nm0185429
tt1786756,nm4204194;nm3826102,nm4204194
tt17889522,nm6515371,\N
tt17889892,nm11793331;nm11726108,\N
tt17902464,nm9021442,nm13367398;nm11165415
tt1792797,nm0459585,\N
tt1793217,\N,\N
tt1793229,\N,nm2309430;nm3134774
tt1800325,\N,\N
tt1801061,nm0000934,nm0025052;nm0176197;nm0545690;nm0000934
tt1805318,nm0085985,\N
tt1805471,nm0370839,\N
tt1805506,nm3893568,nm4242857;nm4243285
tt18069474,nm2148479,\N
tt1807954,nm1130932;nm0834924,nm4935638
tt18114570,\N,\N
tt1813140,nm4257797;nm4255472,nm4257797;nm4255472
tt1813361,nm1482378,\N
tt1813458,nm2474028,nm2474028
tt1816068,nm0216398,\N
tt18161052,\N,\N
tt1817092,nm0272658,nm0272658
tt1817779,nm1073847,nm4266320
tt1818388,nm4268072,nm4268072
tt18184298,nm9102163,nm9102163
tt1819601,nm0825738,nm0825738
tt1820611,nm4270579,nm4275201;nm4270579
tt1821663,nm4272564,nm4272950
tt18224832,nm6334560,nm13391759
tt18244208,nm0555421,nm1662802;nm0297687
tt18245480,nm1191483,nm1191483
tt18254562,\N,\N
tt18255028,nm5874825,\N
tt1825646,nm2226412,\N
tt18256970,nm5540787,nm2994859;nm13403026
tt18263516,\N,\N
tt18263854,nm4576501,nm4440900
tt1826577,nm0085985;nm4285848,\N
tt18286640,nm8435875,nm8435875
tt18302002,nm5403267,nm13566964;nm13566963;nm5788645;nm1798181
tt18306296,\N,nm1408749
tt18310176,nm7874721,nm7874721;nm13428697
tt18312964,nm8224828,nm8224828
tt18313002,nm12874326,nm12874326
tt18314066,nm13430893,nm13430893
tt1832420,nm0464012,nm4298558;nm0464012;nm3264555
tt18327822,nm9794541,nm13352436
tt18334770,nm13842801,nm9409141
tt18336384,nm0471538,nm13436460;nm0471538
tt1836016,nm2739519,nm2739519
tt1836220,nm3932811,nm3932811
tt1837701,\N,nm0215130;nm0750809
tt1839684,\N,nm3123612
tt1840930,nm1324959,nm1324959
tt1841513,nm2398093;nm2401073,\N
tt1841781,nm1078506,nm2450312
tt1842477,nm2121112,nm2121112
tt1843107,nm0189437,nm0189437
tt1844205,nm2062571,nm15006579
tt1844735,nm0917405,nm0917405
tt1845789,nm0698228,nm0417873;nm3466085
tt1846733,nm3255587,nm3255587
tt1846803,nm3206815,nm0753423
tt18469754,nm12408704,nm12408704
tt1847641,nm0085985,nm0306701;nm4285848;nm1729207
tt1847651,nm2200919,\N
tt1848999,nm4341072,nm4339997
tt1849884,nm1235188,nm1235188
tt1853550,nm1700426,\N
tt1853614,nm0645657,nm0645657
tt1854279,nm4351611,\N
tt18547228,nm13464222,nm13464222;nm13464223
tt1855161,nm4353834;nm4354316,nm4354316;nm4353834
tt18561466,nm8922686,nm8922686
tt1860371,nm2966273,nm0793753
tt1863157,nm0040220,nm0277168
tt1864428,nm3080032,nm3080032
tt1866079,nm3111297,nm3111297;nm3090120
tt18690318,nm5068210;nm7414555,nm7414555
tt18693144,\N,nm13244127
tt1870484,nm0027733,nm1076710
tt1871434,nm0136660,nm0136660
tt1874820,nm4314383,nm4314383
tt1874821,\N,\N
tt1876415,nm1268540,nm0506309
tt1880204,nm4399212,nm7372762;nm4399212
tt1881015,nm3734337,nm3734337
tt18810706,nm10873219,nm10873219
tt1884414,nm0744715,\N
tt1887919,nm4411325;nm0622150,nm4411325;nm0622149;nm0622150
tt1894537,nm2868833,nm2868833;nm1847857;nm2869022;nm4696054
tt18950346,nm8867677,nm12322636
tt18952116,nm12048290;nm12048291,nm12048290;nm12048291
tt1895562,nm0295031,nm0295031;nm0715164
tt18974288,nm0272472,nm11920815
tt1899100,nm3241286,nm3256283
tt19045420,\N,\N
tt19063724,nm3527962,nm3527962
tt1908455,nm4429908,nm4429908
tt1908471,nm0316795,nm0316795
tt1913178,nm1237224,nm1237224;nm1344786;nm1656923
tt1918750,nm3083752,nm3083752
tt1918892,nm3939486;nm1680261,nm3939486;nm1680261
tt1920816,nm1306834,nm1306834
tt1920870,nm4443942;nm3369621,nm3369621
tt1920996,nm2623790,nm2623790;nm1892711
tt1921143,nm3555152,nm3555152
tt19243810,nm1819864;nm1732973,nm1819864;nm2090115
tt19246224,\N,nm4541715
tt19265480,nm1862815,nm13543587;nm1862815
tt19269042,nm3979435,nm3979435
tt1927012,nm3115925,nm4452644;nm0926075
tt1927025,nm0683597,nm0683597;nm1907743
tt1927055,nm4171068,nm4193022;nm4171068
tt1928172,nm3401991,\N
tt1931386,nm0454291,nm0454291;nm4458617
tt1935254,nm1397717,nm1397717
tt19353638,nm13538157;nm2622009,nm13538157;nm2622009
tt19355752,nm2779434;nm4898158,\N
tt19365512,nm13543072;nm2639019;nm2921328;nm2451089,\N
tt19370932,nm0758657;nm13565077,nm0758657;nm0652059
tt19371340,nm8314010,nm1974961;nm8314010
tt19371532,nm1773773,nm13544998
tt1937326,nm0046337,nm0004089
tt1937386,\N,nm0304830;nm0332184;nm0502073;nm1615610;nm0587692
tt19380758,nm11515946,nm11515946;nm9557301;nm13546848
tt19392202,nm13552022,nm13552024
tt19397296,nm10625747,nm8713933;nm4534039
tt19409960,nm13559624;nm0331001,nm13559632;nm0331001
tt1941585,nm0862312,nm1181224;nm3403026;nm3404686
tt1941686,\N,\N
tt19429498,\N,nm5701972
tt1945228,nm0000517,nm0000517
tt1948198,nm4484986;nm4485653,nm4485653;nm4484986
tt1948629,nm0014160,nm0014160;nm4484666
tt1949605,nm1428204,nm3032969;nm1626406
tt1950178,nm11077342,\N
tt19512418,nm3103101,nm3103101
tt1954433,nm2156759,nm2156759
tt1954714,nm0050466,nm0944381
tt1956603,nm0179018,\N
tt1956648,nm0725733;nm4497131;nm2307059,\N
tt1957896,\N,\N
tt1959528,nm2657608,\N
tt19637712,\N,nm1561229;nm1561244
tt1964495,\N,nm0448006
tt1964850,nm1628082,nm1628082
tt1965250,nm1714788,nm3047339
tt19662422,nm6609600,\N
tt1966368,nm4512390,nm4512390
tt1969062,nm0285379,nm0285379
tt19719162,nm6794869,nm6794869
tt19721964,nm4391618,nm4391618
tt19753920,\N,nm8537229
tt1975987,nm4523927,nm4523927
tt19796546,\N,\N
tt19798294,nm9542207,nm9542207
tt1980056,nm0642811,\N
tt1981129,nm0000867,nm0281366;nm0441671;nm2280850;nm0004675;nm2267086
tt19830276,\N,\N
tt19845648,nm7119198,\N
tt19847338,nm5975638;nm2050348,\N
tt19848774,nm2090825,nm7483553
tt19850564,nm2408461,nm2408461;nm12832061
tt19852570,nm8765856,nm8765856
tt19859820,nm13564927,nm13616541;nm13564927;nm13613998
tt19872762,nm9227528,nm13619818;nm13619819
tt19882472,nm7249446,nm6408301
tt1990235,nm3009133,nm3009133
tt1995385,nm4547703,\N
tt1995445,nm2857439,nm4548103;nm2857439
tt1995458,nm1663638,nm1663638
tt1996398,nm0794230,\N
tt1999998,nm0867259,nm3568893
tt2002759,nm4553096,nm4553096
tt2006056,nm0807979,nm0579240;nm0807979
tt2007403,nm0238283,nm0238283;nm3868439
tt2007954,nm5232343,\N
tt2009419,nm0668613,nm0668613
tt20118266,nm3033057,nm16584218;nm16584219;nm0803568;nm2976232
tt2014191,nm1639050,nm1639050
tt20149536,nm3770838,nm3770838
tt2016221,nm0807979,\N
tt2016282,nm1195718,nm1918657;nm1035815;nm1195718
tt20204588,nm0203567,\N
tt20214260,nm0003826,nm0003826
tt20215968,nm0000500,nm0000500;nm1412974;nm0390912
tt20222484,\N,nm1153493
tt20223758,nm12228479,nm12228479;nm15111646
tt2022497,nm4647793,nm4591751
tt20237930,nm5481432;nm4763599,nm4763599
tt20239280,nm0840573,nm1125967;nm0559674
tt2024463,nm0675786,nm4630746;nm0675786
tt20255394,nm2391575,nm0249291;nm2391575
tt2025702,nm2167110,nm3121861
tt20318392,\N,nm2145501
tt2033965,nm3690717;nm0994483,nm0994483
tt2035462,nm2314067,nm0088546
tt2040553,nm4589250,\N
tt2041463,nm3999867,nm3999867;nm0878597
tt2043938,nm1853556,nm1853556
tt2044014,nm1989436,\N
tt20447894,nm5145133,nm5145133
tt2046116,nm4596519;nm0705544,nm4596519;nm0705544;nm0855672
tt2048778,nm5402490,nm2425209;nm1644621
tt2048929,nm0794048,\N
tt20517442,nm13695409,\N
tt2055767,nm0887814,nm0463325;nm7104466
tt20563492,nm13263582,nm13263582
tt2057956,nm4671816,\N
tt2058092,nm0629440,nm0520188;nm0005295;nm0001778
tt20600384,nm2133264,nm9793468
tt20600404,nm11186337,nm13701259
tt2062606,nm4529157,nm1438153
tt20628954,nm0031492,nm0031492
tt2063013,nm4679912,nm0910841
tt2064761,nm4684349,nm0863620
tt2064960,nm0994484,nm0994484
tt20673400,\N,nm5845142;nm12365190;nm10015165
tt2072983,nm1710614,nm1710614;nm4979188
tt20765824,nm0463581,nm0463581;nm1743449
tt20766126,nm13715629;nm7917674,nm13715629;nm13715630;nm13360567
tt20766136,nm1216567,\N
tt20770330,nm13320767,\N
tt2077772,nm0477637,nm3110354
tt2077908,nm1462495;nm1358030,nm0008499;nm1462495
tt20781372,nm2339396,nm7700434
tt20783246,nm13690106,nm13690106
tt2081361,nm1892196,nm1326821
tt2082463,nm1839981,nm1839981
tt2084832,\N,\N
tt20868642,nm1231912,nm4709151
tt20880118,nm13738743,nm13738743
tt20880676,nm3410550,nm2563057
tt2093044,nm2431227,nm2431227
tt2094921,nm4661057;nm0502796;nm4592512,\N
tt2099649,\N,\N
tt2100686,nm0150840,nm3639744;nm1639988
tt2101424,nm0844603,nm1045138;nm0796221
tt2102353,nm4646355,nm1882920
tt2102360,nm1494686,nm17449366;nm0754934
tt2103281,nm0716257,nm0093560;nm0415425;nm0798646;nm0099541
tt21040632,nm0588850,\N
tt21046632,nm1127420,nm1127420
tt2105018,nm3670495,nm3705831;nm3670495
tt21051906,nm0481418,nm8630458
tt21055152,nm13761599,\N
tt21056360,\N,nm3666399
tt21058548,\N,nm1975558
tt21059520,nm1341941,nm6808942
tt21066478,nm14276021,nm2029372
tt2108510,\N,nm0947343
tt21087360,nm0563773,nm0563773
tt21088430,\N,\N
tt21104132,nm2560942,nm2560942;nm7585072
tt21110648,\N,\N
tt2112303,nm2267623,nm2268740;nm2267623
tt2113021,nm1690961,nm4775732
tt21137264,nm1108282,nm13790405
tt2113753,nm1385330,nm1008497
tt2113817,nm1288698,\N
tt21141632,\N,\N
tt21141904,\N,\N
tt2114410,nm4777579;nm3762244,nm4777579;nm3762244
tt2115426,nm6119117,nm6119117
tt21159214,nm1988881;nm1302165,\N
tt2117840,nm1958014,nm1958014
tt21190500,nm12296736,\N
tt21201256,nm5629736,nm9805462
tt21204904,\N,\N
tt21210354,nm13817147,nm13817148
tt21214474,nm8858879,\N
tt21217722,nm6107278,nm6107278
tt21222534,nm0361675,nm1802651;nm0945868
tt2124881,nm0874093,\N
tt2125430,nm1961863,nm1961863
tt2125467,nm1564757,\N
tt21255232,nm10204829,nm10204829
tt21263500,nm13840475,nm16369946;nm13840475
tt21264854,nm0880354,nm0880354
tt21278536,nm13846521,\N
tt21281018,\N,nm3623456
tt21294164,\N,nm3844354
tt21295236,nm13261839,nm13261844
tt21300748,nm1075619,nm0556106;nm0883570
tt2130127,nm2537380,nm2890211
tt21308094,nm0788908,\N
tt21319196,nm1339196;nm0554219,nm1339196;nm0554219
tt21331844,nm7406954,nm13863957;nm13863958
tt21337988,nm13866362,\N
tt2134077,nm2569672,\N
tt21367028,nm5150818,nm13169028
tt2136728,nm4811580,nm4811580
tt2137184,nm3032813,nm3032813
tt21373190,nm2645255,nm2645255
tt2137406,nm4812789,nm4812789
tt21374990,\N,\N
tt21377362,\N,nm4968161
tt21382750,nm5008669,nm5008669
tt21387888,\N,nm0114999
tt2139725,nm1536627,nm1536627
tt2140087,\N,nm1646177;nm2692147
tt21405534,nm5144337,nm5144337
tt21419188,nm2311203,nm2300111;nm2098346
tt2142055,nm0357463,nm0811709;nm1155957;nm0357463
tt21423510,nm4070527,nm13899778
tt2142711,nm1699659,nm1616534
tt21427598,nm0953468,nm0953468
tt2142815,nm0919339,\N
tt2142889,nm0356867,nm2833835;nm0356867;nm5297712
tt2142921,nm0760830,nm0760830
tt2144110,\N,\N
tt21444536,nm1345515,nm1345515;nm3015321
tt21446550,nm0412017;nm0451999,nm0096834
tt2144820,nm0565822,nm0565822;nm5038620
tt2145788,nm4471936,\N
tt2146550,nm1997222,nm1997222
tt21479726,nm3628461,\N
tt2148320,nm1027882,nm5048859
tt2148821,nm3473342,nm3473342
tt2151764,nm1077029,nm1068865
tt2155310,nm5055889,nm5055889
tt2156791,nm0003930,nm2707397;nm2769171
tt21599566,nm11345028,\N
tt21600328,nm11786490,\N
tt21600782,nm0306723,nm0306723;nm13913657
tt21603304,nm11237219;nm12665534,nm11237219;nm13825925;nm13836414
tt21603806,nm13911117,nm0794119
tt21607880,nm1748947,nm1748947
tt21609046,nm2247263,nm2247263
tt21615422,nm2557044,nm1621428
tt21627390,nm1963808,nm1782959
tt21630100,nm0850432,nm13925754;nm13925755
tt2163594,nm1386952,nm1386952
tt21637810,nm4859767,nm6612259;nm11895853
tt21639500,\N,\N
tt2164468,nm3450267,nm3450267;nm5066147
tt21651358,nm7763084,nm7763084
tt21653102,nm12589774,nm12589774
tt2167715,nm0007066,nm2838970;nm0007066
tt2170004,nm1413936,nm5069862
tt2170626,nm0997109,nm1888116
tt2171761,nm1320860,nm4984747;nm0686529;nm1320860
tt2174027,\N,\N
tt2175685,nm3127702,nm4847169
tt2177884,nm1481156,nm1481156;nm1839659
tt21807858,nm0000301,nm12676918;nm0001465
tt21812016,\N,nm11884021
tt21818548,nm9978220,nm9978220
tt2182259,nm3440221;nm4853406,nm4853406
tt21830540,nm10861484,\N
tt21839348,\N,nm11906644
tt21843880,nm7604020,nm7604020;nm12071215
tt21853564,nm7574195,nm7735770;nm6839368
tt2185427,nm3318899,\N
tt21861984,nm3069762,nm3069762;nm2018173
tt2186858,nm2177061,nm2177061
tt2187071,nm0941708,nm0941708
tt2187149,nm0904192,nm0904192
tt21871754,nm7396569,\N
tt2188741,nm0249189,nm0037238
tt2190364,nm4303734,nm4303734
tt21905942,nm0292365,\N
tt21923314,nm13545436,\N
tt2193183,nm1622110;nm0689369,\N
tt21938272,nm10369147,nm10749905
tt21939168,nm13995873;nm5760668,\N
tt21941472,\N,\N
tt21945108,nm2479375,nm10147294;nm2479375
tt21953824,\N,nm7349347
tt21960166,nm2912550,\N
tt2197068,nm5094272,nm5094272
tt21981936,nm1710317,nm12019816
tt21983552,nm13609931,nm13520513
tt21986454,\N,nm14007528
tt21988264,\N,nm9885800
tt21989280,nm8467847;nm14016138,nm8467847;nm14016138
tt21994376,\N,\N
tt21997718,nm0812380,nm0493594;nm0812380
tt22012962,nm6332285,nm13970473
tt2201976,nm5100789,nm5100789
tt2202296,nm5100824;nm1734950,nm5100620
tt22030582,nm12043111,\N
tt2203298,nm5130484,nm0221613;nm5130484
tt22033776,nm14033828;nm14759188,nm14033734
tt22035932,nm14028887,\N
tt2203855,nm1163341,\N
tt22053038,nm9777462,nm11324587
tt2206188,nm4378516,nm4378516;nm4502489
tt22075030,nm17260624;nm14046992,nm14046991
tt22084900,nm13682070,nm13682070
tt2209706,nm0831321,\N
tt2210524,nm0004124,nm2127341;nm0004124;nm1700201;nm7535490
tt22120686,nm4590300,nm4590300
tt2215163,nm3578603,nm2767023;nm4882484;nm3578603
tt22163436,nm14058661;nm12756903,nm14058661;nm12756903
tt22174572,nm5403874;nm5178416;nm9286744;nm6157140;nm9320821,nm6230181;nm5403874;nm5178416;nm11912954;nm9286744
tt2224349,nm2462022,nm2462022
tt22258844,nm0591472,\N
tt22261200,\N,nm7021188
tt22267880,nm0129143,nm14079022
tt22297382,\N,nm8691875;nm3915825;nm11866808
tt2231413,nm0393212,nm0393212
tt22334258,nm7623887,nm0455481;nm7623887
tt22353198,nm1446151,\N
tt2235809,nm2837143,nm2837143
tt2238893,nm6260691,\N
tt2239654,nm1567037,\N
tt2239756,nm0882736,\N
tt22409444,nm14093436,nm14093436
tt2241240,nm0064283,nm0802053;nm1043744;nm0064283
tt2242176,nm3373941,nm3373941;nm3940352
tt22441574,\N,nm13511207
tt2245023,nm4904051,\N
tt2246236,\N,\N
tt2248897,nm1067862,nm1067862
tt2249786,nm4951230;nm5877926;nm5405101;nm0427732;nm2853432;nm3863962;nm5407631;nm4698010;nm3571876;nm2747918;nm3555625;nm3240563;nm1286455;nm4630460;nm3634925;nm5163011;nm5810181;nm3192604;nm5678799;nm5889104;nm5151569;nm1286055;nm4542885;nm3911770;nm0628492;nm3248116;nm1667641;nm3373974;nm2094974;nm0711652;nm3952326;nm0962374;nm4712424;nm2450688;nm2363681;nm2583932;nm5882724;nm4738938;nm6229224;nm6255606;nm0006766;nm5134400;nm5997140;nm5878323;nm3748837;nm1476078,nm4270156;nm4380489;nm5443971;nm5443955;nm2478973;nm4618749;nm5398174;nm5495347;nm5292300;nm4197775;nm1789833;nm4209682;nm1548921;nm3821913;nm6216547;nm5267356;nm5443911;nm6216564;nm1828389;nm3918489;nm5443950;nm5443945;nm3476820;nm5443959;nm0002950;nm3687975;nm1373853;nm0439270;nm5443919;nm5443956;nm3221066;nm5398031;nm3490865;nm2924053;nm1568353;nm3356730;nm2794387;nm4811928;nm5398244;nm0397389;nm5433485;nm4582478;nm1162815;nm4619408;nm3445297;nm3530955;nm3343810;nm5437847;nm5627274;nm3768922;nm4099548
tt22503050,nm14112808,\N
tt22522126,nm10288120,nm14115234;nm10288120
tt22524958,nm14000423,nm14000423
tt2252574,nm10374914;nm10240434,nm3453086;nm11866637;nm5149015;nm5148541;nm5147764
tt2258591,nm1275507,nm1275507;nm4916942
tt2259732,nm5153004,\N
tt2261615,nm4918546,\N
tt2263470,nm1770763,nm1770763
tt22640518,\N,nm13188177
tt22641672,nm0537550,nm2095752;nm2095010
tt22644162,nm0305812,\N
tt22694792,nm9615103,\N
tt2272350,nm1693690,nm1693690
tt22751670,nm0765225,\N
tt22752352,nm11602234,nm11602234
tt22756692,nm2256873,\N
tt22780118,nm1187019,nm0209865
tt2279105,nm4030618;nm2751807,nm0374274;nm2751807
tt22794548,nm2800845,nm7150280;nm2800845
tt22802098,nm3651034,nm3651034
tt22817270,nm14052646,\N
tt22852804,nm14148520,nm0451351
tt2285629,nm4132935,nm3314620
tt2288794,nm5174607,nm5174607;nm0000636
tt2290755,nm0426754,nm10869290
tt2293080,nm4010106,nm4010106
tt22946264,\N,nm11036654
tt2297418,nm3041114,nm3041114
tt2298255,nm4371536,nm4371536
tt2298416,nm1580395,nm1768265;nm1580395
tt22986716,nm12488752,nm12488752;nm14170857
tt2300911,nm4949680,nm4949680;nm3391595
tt2301059,nm1491595,nm1491595
tt2301438,nm3594105,nm3594105
tt23037582,nm12323125,nm14179346
tt2304656,\N,\N
tt23054582,\N,nm0926073
tt2306743,\N,\N
tt2308414,nm2977417,nm2977417
tt2308764,nm0794181,nm5191939
tt23128938,nm3250747,nm3250747
tt23137904,nm0811583,nm0811583;nm0426500;nm8748334
tt23146384,\N,nm2405454
tt2315558,nm0469273,nm3275086;nm0257981;nm0469273;nm2105585
tt2318579,nm0316841;nm1823590,\N
tt2319682,nm1633084,nm1633084
tt2319813,nm3575376,nm3575376
tt2321383,nm4968102,nm4968102;nm4967513;nm4967604
tt2325766,nm1600829,nm5203184;nm1600829;nm8334229
tt2326626,nm5211088,nm1802130;nm5211088
tt2328773,nm4976719;nm2809929,\N
tt2330865,nm4977310,nm4976980
tt2331199,nm3421375,nm3421375
tt2331584,nm4156250,nm4156250
tt23327316,nm3741605,\N
tt23329010,nm14168209,nm14168209
tt2334114,nm2785946,nm2785946;nm0409942
tt2335116,\N,nm5214819;nm3927770
tt2338163,nm3402249;nm2772961,nm3402249;nm2772961;nm4236762
tt2339423,nm0844603,\N
tt2340444,nm4282704,nm4282704
tt2344698,nm0457543,nm5220499
tt2345653,nm2020009,nm2020009;nm1648662
tt23468564,nm9485860,\N
tt2349098,nm3267608;nm3268806;nm3084772,nm2293972;nm5224850
tt2353826,nm0028227,nm0028227
tt2353862,nm2945284,\N
tt2354498,nm0085084,nm0085084;nm0927558
tt2354575,nm1283324,nm0411866
tt2354583,nm4997079,nm4997253
tt2354646,nm5231137;nm1956769,nm5231137;nm1956769
tt2356058,nm5135409,nm5231282;nm5135409
tt2357221,nm1892220,nm2590019
tt23576328,nm13276179,nm13276179
tt2359067,nm2660104,\N
tt2361595,nm0497706,nm5004421
tt23622450,nm2168688,nm14230031;nm2168688
tt23626170,nm13248887,nm8096148
tt2363474,nm3644221;nm3825935,\N
tt2364200,nm1381175,nm1381175
tt23649908,nm5080358,nm5080358
tt2365948,nm0203200,nm0255822
tt2369571,nm0863927,nm0863927
tt23709882,nm14246479;nm9188414,nm14246479;nm9188414
tt23712068,nm14247313,nm14247313
tt2371275,nm1037505,nm1037505
tt2371306,nm1178111,nm1178111;nm1925774
tt2372319,nm0661883,\N
tt2374268,nm0634016,nm2530247
tt2374869,nm5020492,nm5020492
tt2375791,nm0007052,nm2275514;nm0024887
tt2375872,nm5250731,nm0204236;nm5250731;nm0724756;nm5251450
tt2378094,nm2107791,nm3766268;nm5331043;nm2107791;nm5003078
tt2378268,\N,\N
tt2380390,nm1324090,nm5275929;nm1466935
tt23809952,nm5449084,nm5449084
tt2381161,nm5024638,nm4047930;nm5024638
tt23830206,\N,nm14114249
tt23849704,nm4895698,nm4895698
tt2385185,nm0994308,nm0205805
tt2385904,nm5261693,\N
tt23869166,nm1934513,nm1934513
tt2387554,nm1557922,nm4989041;nm5263858
tt2388643,nm0994308,nm2523473
tt2388655,nm1294036,nm2225652
tt2388715,nm1093039,nm1093039;nm3670452;nm1529699
tt2391037,nm5038586,nm5038586
tt2392128,nm3021114;nm3405829,nm3021114
tt2392636,nm5269244,\N
tt2393761,nm5041308,nm5041308
tt2393763,nm2107705,\N
tt23950740,\N,\N
tt23951066,\N,nm8368621
tt23951394,\N,\N
tt2395457,nm1589796,nm1589796
tt2395970,nm5275138,\N
tt2396736,\N,nm3089982;nm3919602
tt2397790,nm0375839,\N
tt2399569,nm1461346;nm0414201,\N
tt24018082,nm2277906,nm13276609
tt2401819,nm2475997,nm0835905;nm2475997;nm1732299
tt2404203,nm3139767,nm3139767;nm5067692
tt24049298,nm6080194,\N
tt24055990,nm4654609,nm4654609
tt24057060,nm14309068,\N
tt24059280,nm5212516,nm5212516
tt2406506,nm5282153;nm4560332,nm5282153;nm4560332
tt2408922,nm2624499,nm4824645
tt2411024,nm0051907,nm5601965;nm5601996;nm2541369;nm0383258
tt24132988,nm10961397,nm10961397
tt2413958,nm3571471,nm3571471;nm2441670
tt24176910,nm6356309,nm4692000;nm2205653
tt24177956,nm3279665,nm3279665;nm14310507
tt24250838,nm7644955,\N
tt2429958,nm1626382;nm3742047,nm3742047;nm5303926;nm5303752
tt2430044,nm0643130,nm0643130;nm1142065;nm4717265
tt2431918,nm0408392,nm0035067;nm0408392
tt2436040,nm3278628,\N
tt2436058,nm0148173,nm0078567;nm0148173;nm5186633;nm1119723
tt2438338,nm1963808,nm1963808
tt2444632,nm5317019,\N
tt2446390,nm0156476,nm3568893
tt2449922,nm3418756,nm3418756
tt2451012,nm5326010,\N
tt24514112,nm0824882,nm2779018;nm1665796;nm4089981
tt2451894,nm0438465,nm0999225
tt24578916,nm4150494,\N
tt24628436,\N,nm6687927
tt2463010,nm1626353,nm1728301
tt24640106,nm8622262,nm8622262
tt24640674,nm11237219;nm13956621,nm11237219;nm12665534;nm13836414
tt2464642,\N,\N
tt24669792,nm5579954,nm14358188;nm10487992
tt2473510,nm0687427,nm3091255;nm2065670;nm0733263;nm1134130;nm3500903;nm2305431
tt24776738,\N,nm6679670
tt24803454,nm11964780,nm14362436
tt2482734,nm5411064,nm5411064
tt2492524,nm0376429,nm0376429;nm2815187
tt24973142,nm3542598,nm3542598
tt2499376,nm0858525,\N
tt2509052,nm3906617,nm5323237
tt2510050,nm4537744,nm4464391
tt2519428,nm0757084,nm0411127;nm0620040;nm0881576
tt2519856,nm3501787,\N
tt2527368,nm0873298,nm5187899;nm0800779;nm0873298
tt2532124,nm0128540,nm6785532
tt2536426,nm4272657,nm4273152;nm4272657;nm1649798
tt25382788,nm14412899,nm14412899
tt25383462,nm0634016,nm0847244;nm13750619
tt25384594,nm9093666,nm9093666
tt25393090,nm9229438,nm9229438
tt25435954,nm14250838,\N
tt25445982,\N,nm7734128
tt2545064,\N,nm2451445;nm4301758;nm0918299
tt2545510,nm2383185,nm2383185
tt2546808,nm3111769;nm4140194,nm3111769
tt2548398,nm3347121,nm5415467
tt2551354,nm3303119,nm3303119
tt2556228,nm3649696,nm5396854;nm3649696
tt25582396,nm3061130,nm1064632;nm1639992
tt2558616,nm2429658,nm2429658
tt2559122,nm0509504,nm0509504;nm0711512
tt2561752,nm0615555,nm3574235;nm4690383
tt2569782,nm0419495,nm5824772
tt2570920,nm0424645,nm0424645
tt2571044,nm5403727,nm5381438
tt25722552,nm2273232,\N
tt2575662,nm5422948,nm5422948
tt2577138,nm3542035,nm2992403;nm3542035
tt2579552,nm0457554,nm5376531
tt25809718,nm0718254,nm0718254
tt2582064,nm4090207;nm4442140,nm4090207;nm4442140
tt2585654,nm5443224,nm5443224
tt25894644,nm14110573,\N
tt2590214,nm1212770,nm2752054;nm4211566;nm1212770;nm2109307
tt2592304,nm5441970,nm5441970
tt2593616,nm4702942,\N
tt25941904,nm14450797;nm14361125,nm12016559;nm14361125;nm14450797
tt2595734,nm2778969,nm5445042
tt25964590,nm0756872,nm2278146
tt2606456,nm5452291,nm5452291
tt2615396,nm4830044,nm4830044
tt2619902,nm0757398,\N
tt2622834,nm1722532,nm1722532
tt26230974,nm12480542,nm13385530
tt26231170,nm0297984,nm0409467;nm0793753;nm7537545
tt26232044,nm0052505,nm0044709;nm1213121
tt26240922,nm12129645,nm12129645
tt2624732,nm17080373,\N
tt2625416,\N,\N
tt26260278,nm8779854,nm14473372
tt2630660,nm5395567,\N
tt2630854,nm1269444,nm1519027;nm13868333
tt26315110,nm3572939,nm3967416
tt26343503,\N,nm10609936;nm12116625
tt26351494,nm3206815,\N
tt26358908,nm2201607,nm13015866
tt2636480,nm2585078,nm2585078
tt2637460,\N,nm4686489
tt2637918,nm8698667,nm8013213
tt26424375,\N,nm1776420
tt26443769,nm7042519,nm7042519
tt26445625,nm2644596;nm3932700,nm3968463
tt2644950,nm1494435,\N
tt26450717,nm1936397,\N
tt26451663,nm10150545,nm13856016
tt26457210,nm14493592,nm14493592
tt26493408,\N,nm13033912
tt26494215,nm0014160,nm0014160
tt2653262,nm3614132,nm1104118
tt26541660,nm4572608;nm7875846,nm16314261;nm7875846
tt26548496,nm9863083,nm6679063
tt26570494,nm1714788,nm1720703;nm2584654
tt2658322,nm1939774,\N
tt26594945,nm1454979,nm14525686;nm1454979
tt26598785,nm5827954,nm0455836;nm0634607
tt26627101,nm7376208,nm14532530
tt26629343,\N,nm3051599
tt26656535,nm5129981;nm10857369,nm13781049;nm8035584
tt2666234,nm0073489,nm0506506;nm0514439;nm0583037
tt2667326,nm0180818,nm0180818
tt26675192,nm5128390,\N
tt26688020,nm3796170,nm1165065;nm5779750
tt26688393,nm15527370,nm9592365
tt26689248,\N,nm14503248
tt26690129,nm14006909,nm14006909
tt2670578,nm0002396,\N
tt2671682,nm4271478,nm4271478
tt2672034,nm5069060,nm4683293;nm5069060
tt2672330,nm0314399,nm0314399
tt2672902,nm5503207,nm5503207
tt26739402,nm7256575,nm7256575
tt26745426,nm9396279,nm9396279;nm11487210
tt26754325,nm6520460,\N
tt2675914,nm0596407,nm0007344;nm0321521
tt26761043,\N,nm0510947
tt26763353,nm1001040,nm6402046;nm1001040
tt26772023,nm0885613,\N
tt26772096,nm1762016,nm1654476
tt2679990,nm0090524,nm0090524;nm0480207
tt26894375,nm6235717,nm6235717
tt2690552,nm0848396,nm0848396
tt2692690,nm0997109,nm0441162
tt26933732,nm4524663;nm10520127,nm8486368
tt26933797,nm14063547;nm6935209,nm14063547;nm6935209
tt26937328,nm8734870,nm9202318
tt26938450,nm9540273,nm9540273
tt26991232,nm12504280,\N
tt26997082,nm12248758,nm12248758
tt27003509,nm11859183,nm13099103;nm13509279
tt27006950,nm8481449,nm8481449
tt27010447,nm9794541,nm10573613
tt27011486,nm5322992,nm15172779
tt27040807,nm0684248,nm10028170
tt27044322,nm13273189,nm13273189;nm13273191
tt2705126,nm4793152,nm5518157;nm4793152
tt27054675,nm0399729,nm2077061;nm0399729
tt27057614,nm14496635,nm14496635
tt2706352,nm2461431,nm4162211
tt27072866,nm14635295;nm15877591,nm15877591;nm14635295
tt2708028,nm1554266,nm1554266
tt2710816,nm5522090,nm5522090
tt27110516,nm2071556,nm2071556;nm6057934
tt27116652,\N,nm6139277
tt27123988,nm9034918,\N
tt27126305,nm7388685,nm14700470;nm7038166;nm13611313;nm7388685
tt27126801,nm9494796;nm14426795,nm9494796
tt27127520,nm14633451;nm9397806,nm14633451
tt27128258,nm14648818,nm14648818
tt27129041,nm14649282;nm14649281,nm14649282;nm2524869
tt27129064,nm10958228;nm10958237,\N
tt27133215,nm0649862,nm0649862
tt27141500,nm4118745,nm6489803
tt27169201,\N,nm2851389
tt27179834,nm0901403,nm0901403
tt27190240,nm9195402,nm9195402
tt27191611,nm10764932,nm10764932
tt27193203,nm1389293,\N
tt27197387,nm1889990,nm1889990;nm1839955
tt27204901,nm11296148,nm11296148
tt2720968,nm5532440,nm5546197
tt27218212,nm0261579,nm8951697
tt27219727,nm0053678,nm13098943;nm0053678;nm9644130;nm7957781
tt2723138,nm1373326,nm1373326;nm2602795
tt2723876,nm2789267,nm2789267
tt27252441,nm4379904,nm14688449;nm14688452
tt27291387,nm11450142,nm14690406;nm11450142
tt27304819,nm4789419,nm4789419
tt27331219,nm14701432,\N
tt27349747,nm9197154,nm9197154
tt27351954,nm0759620,\N
tt27371268,nm14708233,\N
tt27373062,nm3248232,nm3248232
tt2740562,\N,\N
tt2741500,nm1413332,nm4094171;nm1413332
tt27418974,nm7295030,\N
tt27440937,nm6328287,nm6328287
tt27451262,nm14732446,nm14732446
tt27458360,nm14733658,nm14733659
tt2746556,nm5551704,nm5551704
tt2748180,nm3727391;nm3893924,nm3727391
tt27487494,nm4658310;nm3318396,nm3318396;nm3593486
tt27490340,nm2837490,nm14644429
tt27499027,nm5150818,nm13679330
tt27512191,nm0584748,nm0584748
tt27513905,nm3277736,nm3277736
tt27530030,nm5632387;nm7570462;nm14762385;nm2967619,nm5632387;nm6996841;nm7570462
tt27531494,nm11560229;nm5274835,nm11560229
tt27531514,nm4374439,nm4374439
tt27538000,\N,nm0180970
tt27547570,nm7760158,nm7859138
tt27550368,\N,nm4116015
tt27564488,nm5193018;nm4249300,\N
tt2757424,\N,\N
tt27575680,nm1582846,nm1582846
tt27575706,nm5426690,nm5427808
tt27599680,nm14196263;nm14787969,nm5260540;nm5181659
tt27613403,nm14538325,nm0026782;nm7906622
tt27618733,nm9227843,\N
tt2762900,\N,\N
tt27629379,nm0350215,\N
tt27630808,nm14723514,\N
tt27634417,nm11908762,nm11908762
tt27640967,\N,nm0741872
tt27648656,nm11068652,nm14810117
tt27650082,\N,\N
tt2765194,nm3099160,nm3099160;nm0465000
tt27655123,nm12475770,nm12475770
tt27666136,nm6553661,\N
tt27673370,nm11869503,\N
tt27678489,nm3278627,nm3278627
tt2768052,nm3237113,nm4669808
tt27687576,nm1753496,nm1753496
tt27689569,nm3192252,\N
tt2769896,nm1302411,nm0042013;nm1058356;nm5569947
tt27705108,nm12450072,\N
tt2771082,nm2728001,nm2728001
tt27715342,nm10902792,nm5092165
tt27717204,nm2264272,nm2264272;nm4589418
tt27717212,nm2264272,nm6231384;nm2264272;nm5334939
tt2771800,nm1474034,nm3491515;nm4183613;nm1474034
tt27719901,nm12450072,\N
tt27720930,nm2795120,\N
tt27722534,nm2358632;nm8217048;nm1203138;nm0994603;nm16509975;nm14843930;nm9721725;nm7881140;nm16495171,nm16530707;nm14843933;nm14843931;nm14843930;nm9721725;nm16530708;nm14843932
tt27723563,nm14844512;nm4297139,\N
tt27730896,nm4920552,\N
tt27732635,nm14848060;nm14848059;nm14848061,nm14848060;nm14848059;nm14848061
tt2773782,nm0476174,nm0476174
tt27751350,nm5725219,nm5725219
tt27757235,nm11018722;nm7189868,nm14856838;nm11018722;nm14127337
tt27775137,nm0442324;nm0530981,nm0530981;nm0349654;nm2360012
tt27792173,\N,\N
tt27806330,nm9413206,nm10053280;nm9413206
tt27829133,nm1287556,\N
tt27834335,\N,\N
tt27854103,\N,\N
tt27868504,\N,\N
tt27880434,nm14899576,\N
tt27882544,nm1163774,nm1163774
tt2789508,nm4645122,\N
tt27902224,\N,nm0055863;nm1103773;nm3751983
tt27907852,nm2695462,nm12693240
tt2792396,nm3668275,nm4460545;nm3668275
tt27924346,nm14912806,nm1499635;nm14912806
tt27936906,nm0708214,\N
tt27943318,nm2747021,nm13701276
tt27951385,nm4347845,nm4347845
tt27957570,nm13370463,nm13370463
tt27985874,nm11453838;nm13741953,\N
tt27991363,nm0787159,\N
tt28061485,nm1802168,nm1802168
tt2806484,nm3762714,nm3762714
tt28069978,\N,nm14893081
tt2808030,nm0941829,nm0941829
tt28083228,nm6294475;nm10510832,nm2436139
tt28098271,nm3829779,nm3829779
tt28116291,nm10182900,nm3213985
tt28118760,nm7190244,nm7190244
tt2814874,nm4326072,nm4326072
tt2815294,nm0341151,nm0341151
tt28156881,nm1970018,nm5600592
tt2815848,nm5606608,nm5606608
tt28199816,nm2133264;nm10183231,nm13084923
tt28212358,nm12479193,nm14977755;nm14977756
tt28275565,nm15005352;nm8600542,nm7861818
tt28278268,\N,nm13253458
tt28279551,nm0315706,nm0315706
tt28282040,nm15008020;nm3196255,nm15008020;nm3196255
tt28288940,nm15011176,nm15011176
tt28298504,nm3849181,nm3849181;nm15201111
tt2830368,nm4876433,nm5616467
tt28315773,nm3821269,nm3821269
tt28322115,\N,nm9585272;nm15024810
tt28328696,nm6519415,nm6519415
tt28346132,nm1434457,nm1434457
tt28352287,nm1769418,\N
tt28352988,\N,\N
tt28353176,nm15035842,nm15035842
tt28353978,nm4427413,nm0576154
tt28356390,nm12789081,nm12789081
tt28368145,nm5838715,nm5838715
tt28377904,nm15035842,nm15035842
tt2842938,nm2624736,nm2624736;nm0005171;nm5591566
tt28459713,nm0029550,\N
tt2846108,nm5627738,\N
tt28475875,nm6825441,\N
tt28483876,nm7476552,nm15204572;nm8112740;nm15204570;nm15204571;nm7476552
tt28487207,nm3725675,nm3725675;nm3230639
tt28492146,nm15083785,\N
tt28500180,nm5578641,nm5578641
tt28501473,nm4046828;nm10943432,nm4046828;nm6111866;nm10943432;nm12537503
tt28501583,nm15089463,\N
tt28501585,\N,\N
tt28503964,nm0287123;nm1709541,nm6913654
tt28509958,nm0958159,nm0958159
tt28530099,nm15106026,\N
tt28534192,nm8296048,nm8296048
tt28537936,nm4078209,nm13286930
tt28550111,nm8217048,\N
tt28561427,nm15115467,\N
tt28576307,nm0069642;nm5264971,nm0069642;nm13054180
tt28602793,nm0258845,nm0408366
tt28608346,nm2265115,nm2265115
tt28614211,nm15127529,nm15127529
tt28619226,nm15129362;nm15129363,nm15129362;nm15129363
tt28622944,nm12198909,\N
tt28641326,nm0722822,nm0722822
tt28654369,nm6134590,nm6134590;nm6160290
tt28656545,nm1674203,nm10090420
tt2866060,nm4209905;nm16599165,nm4209905
tt28661245,nm2743125,nm2743125
tt28668969,nm2692021;nm15156275,nm2692021
tt28669327,nm2346380,\N
tt28681764,nm2132883,nm4713889;nm8286928;nm7326524;nm4517057
tt28682323,nm0001317,nm0169180;nm0293139;nm1052162
tt28685911,nm10205537,nm10205537
tt28690468,nm7292576,nm5289351;nm7292576
tt28691404,nm1172227,nm15165915;nm2542268
tt28698109,nm13164117,nm13164117
tt2870808,nm2573005,nm2573005;nm1706261
tt2872456,\N,nm3861639
tt28743726,\N,nm8040197
tt28760844,nm2582855,nm2582855
tt28769924,nm15191394,nm15191394
tt28771993,nm15191802,nm15191802
tt28772399,nm3599174;nm3143875,nm3599174;nm3143875;nm1966423
tt28788198,\N,nm12942711;nm0858663;nm0920073
tt28800753,nm2204745,nm6847993;nm7246115
tt28816054,nm1788212;nm15211081,\N
tt28819055,nm3877467;nm4829793,nm5795801;nm15212508;nm4829793
tt28857451,\N,nm14219675
tt28865980,nm1292648,\N
tt2888072,\N,\N
tt2889112,nm0573084,nm0573084
tt2890340,nm5655414,nm0058494;nm5655414
tt28911648,nm0009498,nm7504661
tt2892200,nm4486604;nm4487445,nm4486604;nm4487445
tt28959618,nm15224739,nm15224739
tt29001319,nm12684193,nm10573613
tt29001732,nm0528963,nm2090292;nm3055344
tt29005651,nm2383114,nm2383114;nm7891189
tt29010326,\N,\N
tt29011055,nm10910926,\N
tt29028562,nm15236267,nm15236267;nm15236269
tt2902890,nm5667119,\N
tt29033983,\N,nm3592278
tt2903538,nm3756711,nm3756711;nm7804975
tt29045633,nm1118245,nm1118245
tt29079096,nm8516351,nm8993872
tt2908594,nm6023637;nm1422243,nm4677308;nm3389058;nm1422243
tt2911366,nm1563455,nm1563455;nm5670411;nm5670267
tt29115373,nm15085494,nm15085494
tt29116975,nm5324757,nm3270641;nm0411127
tt2920086,nm2416762;nm2981413,nm2391468;nm0686098;nm2381524;nm1036204
tt29232462,nm2194834,nm2194834
tt2924742,\N,\N
tt29256576,nm15281717,nm15281719
tt29256804,nm2461431,nm2461431
tt29259250,nm5774826,\N
tt29262075,nm3156925,nm3156925
tt29266871,nm4383633,nm0508070;nm1182311
tt29298257,nm3999941,nm15296636;nm15296637
tt2931968,nm0725011,nm4367143
tt29363667,nm5122646,nm15313834
tt2937356,nm0840594,nm0840594
tt29377511,nm2803141,nm2803141
tt29417665,nm15311696,\N
tt29426123,nm11869613,\N
tt2943060,nm0602333,\N
tt29456346,nm14909382,nm14909382
tt29468116,nm2424149,\N
tt2947830,nm1620119,nm1620119
tt2948308,\N,nm0346841;nm1750590;nm0906508
tt29486304,nm13528382,\N
tt29494306,nm10907252;nm10219614,nm10907252
tt29495432,nm2772598,nm0038522;nm2772598;nm15358961;nm7392943
tt29497194,nm9700812,nm15359324;nm14464167;nm9700812
tt29511694,nm15362528;nm15362527,\N
tt29513489,\N,nm3481995;nm3507885
tt29538259,nm0645199,nm0645199
tt29566160,nm8050681,\N
tt29567854,nm15383317,\N
tt29568696,nm5775964,nm5775964;nm6626945
tt2957774,nm0150802,nm2781586;nm0150802;nm2597130;nm8458426;nm5241376;nm0939236
tt29580988,nm14462784,nm14462784
tt2960470,nm0140754,nm0140754;nm1634380;nm3792880
tt29621803,\N,\N
tt2964532,nm1162036,nm5714562
tt2966446,\N,\N
tt29673449,nm13188424,nm9803169
tt29686701,nm8097781,nm8097781
tt29702056,nm0350351,nm0350351
tt29704582,nm0757031,nm4779443;nm5671015
tt29710547,nm6323917,nm3756180;nm6323917
tt29711009,nm1092087,nm1638756;nm14712095
tt29714222,nm4209649,nm4209649
tt29719542,nm6152160,\N
tt29722301,nm4691392,nm4691392
tt29793213,nm2061884,\N
tt29794965,nm3008388,nm3008388
tt29808010,nm2056673,nm2056673
tt2986768,nm2254150,nm2254150
tt29871442,nm15444603,nm15444603;nm7765645
tt29893970,nm0871779,\N
tt29899777,nm13276179,\N
tt2991472,nm3237165;nm5739931,nm3237165;nm5739931
tt29929004,nm4297037,\N
tt29931567,nm5269067,nm5269067
tt2993658,nm5742692,nm5742693;nm5742692
tt29949263,nm15475710,\N
tt29963829,\N,\N
tt30013822,nm11602234,\N
tt30050540,nm9085723,nm9729211
tt3005530,\N,\N
tt30056914,nm0252751,\N
tt30074039,\N,nm8571772
tt30129711,nm2114534,nm2114534;nm5809566
tt30135613,nm1302609,\N
tt30138912,nm0521628,\N
tt30150907,nm5208146,nm0471172;nm0938379;nm1303925
tt30177375,nm15522738,nm15522738
tt30178917,nm0944529;nm1311779,nm0134881;nm0944522;nm0944529
tt30188981,nm5248148,nm5248148
tt3019160,nm2828404,nm2828404
tt30211582,nm15529419,nm5981431;nm15562692
tt30216712,nm15530721,\N
tt30225593,nm4305663,nm17883665
tt30252677,nm3876160,nm15541805;nm1989732
tt30253497,nm15542298,nm15542298
tt30268450,nm3057599,nm12553814;nm3057599
tt30290356,nm0079848,nm0079848
tt30317141,nm13966151,\N
tt30318536,nm2721036,nm15561326;nm2721036
tt30320149,nm0623392,nm0623392
tt30329279,nm15185183,nm15185183
tt30331998,nm0000868,nm0000868
tt30335412,nm15570600,\N
tt3035612,nm1949273,nm1949273
tt30382621,nm0677915,\N
tt30386112,nm2719312,nm2719312
tt30415116,nm5301180,\N
tt30420187,\N,\N
tt30427310,nm5457739;nm0819522;nm0306452,nm0819522
tt30428636,nm15506493,nm15506493;nm15504122
tt30451078,nm15601769,\N
tt30459485,nm8264602,nm4955186
tt30474882,\N,nm8705450
tt30486282,nm15520236,\N
tt30497082,nm1928500;nm9504909,nm10409889;nm11201835
tt30523212,nm9478963,\N
tt3053514,nm5798286,nm5798286
tt3056200,\N,\N
tt30576871,nm15634587,nm15634587
tt30581779,nm5721132,nm5721132;nm2379476
tt30608802,nm15640596,nm15640596
tt3061686,nm5807785,nm5807785
tt30624233,nm15642382,\N
tt3063364,nm0483747,nm4390897
tt3067102,nm3230557,\N
tt30691851,nm0766211,nm0950885
tt3073490,nm3957989,nm3957989
tt30743567,nm2682682,nm2682682
tt3076988,\N,nm0000186
tt30782539,nm1857470,nm3308430;nm11371960;nm15680011
tt30789718,\N,nm2831867;nm3886382
tt30798256,nm4804124;nm6726958,nm6726958
tt30808249,\N,\N
tt30808782,nm6720082,\N
tt30819137,nm0006538,nm0006538
tt30820492,nm4387064,nm4387064
tt30824924,nm15703589,nm10109892
tt3084222,nm1029587,nm0301602
tt3085970,nm1145319,nm0789426;nm12469360
tt3088204,nm0621866,\N
tt30899575,nm11645854,nm11645854
tt3094980,nm4829428,nm4829428
tt3095214,nm2407887,nm2407887
tt3095256,nm4358567,nm4358567
tt30953875,nm6131031,\N
tt30957512,nm5542275,\N
tt30968922,nm3831825,nm3831825
tt30970527,\N,nm0885575
tt30971046,nm14645770,\N
tt3101360,nm11014433,nm11014433
tt3102926,nm5855967;nm3667661,nm5855967;nm3667661
tt3103802,nm2967039,nm2961179
tt31092090,nm9141764,nm3134179;nm9141764
tt31114619,nm15782026,nm15782032;nm15782026;nm15782031
tt31156793,nm8114162,nm8114162
tt31156945,nm7679595,nm7679595
tt3115910,nm1820341,nm1820341
tt3118290,nm0003807,\N
tt31186115,nm8100350,nm8100350
tt31186533,nm15568282,nm0783585
tt3121472,nm5877791;nm5877789,nm5877791
tt3121618,nm1260845,nm1260845;nm9780995
tt3123860,\N,\N
tt3125734,nm0775512,nm0569587;nm1985255
tt3131342,nm5686182,nm5686182
tt31317401,nm2075313,nm5160999;nm2532480
tt31322501,\N,nm4101241
tt31340478,\N,\N
tt3135044,nm5892180,\N
tt31358235,nm0432078,nm15652984
tt31386997,nm15840451,\N
tt31407200,nm0673318,nm0673318
tt31414884,nm4499124,nm4499124;nm10411054
tt31415429,nm0048818;nm15551996,nm15551996
tt31416518,nm8398618,nm12748138;nm1954555
tt3142330,nm1846347,nm1987900
tt31450052,nm15855678,\N
tt31471734,nm0138326;nm16044708,nm16044708;nm1102012
tt31491348,\N,nm10303168
tt31491368,\N,nm10303168
tt31491839,nm0874824,nm5445120;nm0874824
tt31499886,nm4546109,nm15870720
tt31502769,nm7698601,nm12102388
tt31503893,nm10670275,\N
tt31510477,nm15858090,nm15858090
tt31510913,nm8467499,\N
tt31513532,nm4759802,nm7528493;nm0236279;nm3374598
tt31514012,nm12838316;nm16508019,nm16508019
tt31557253,\N,nm9653877
tt31560776,nm15889441,nm15889441
tt31567630,nm5827811,\N
tt31579306,nm1494307,nm1494307
tt31579706,nm15887915,\N
tt3158558,nm5684202,nm5684202
tt3158992,nm5918148;nm5955692,nm5955692;nm5918148
tt31599144,nm0099424,nm0099424
tt31612655,nm1047697,nm6583157
tt3161382,nm3642491,nm3385323
tt3162056,\N,\N
tt31631852,nm8303792,nm0657532
tt31639539,nm8706608;nm9656853,\N
tt31645056,nm15911279,nm15911279
tt31647756,nm2648463,nm0639908;nm17755574;nm10050431
tt31670558,nm5486153,\N
tt3170972,nm0175730,nm10025164;nm2730092;nm0175730
tt31722804,nm0002752;nm1427379,nm4597920
tt3175568,\N,nm5926155;nm5934782
tt3177032,nm1080688,nm1080688
tt3177768,nm5937732,nm5937732
tt3178174,nm0632716;nm2342722,nm0837521;nm8796167;nm1371924;nm0283253
tt31794434,nm15933182,nm15933182
tt31807233,nm5425877,nm5425877
tt31829472,\N,\N
tt3183146,\N,\N
tt31844150,nm7648951,nm7648951
tt3184832,nm0004709,\N
tt31849608,\N,\N
tt31896545,nm1031798,\N
tt31898525,nm12171775,nm12171775
tt31899295,\N,nm2078025
tt31926095,\N,\N
tt3194388,nm3877889,nm5321309;nm3877889;nm4114032
tt31945345,\N,\N
tt31955114,nm15577760;nm15577757,nm15577760
tt31963200,\N,\N
tt31965432,nm8682602,\N
tt31968919,nm0091336,nm0688745
tt31971660,nm0127330,nm0127330
tt3198266,nm3195060,\N
tt32011920,nm8927691,nm12327261;nm8927691
tt32017183,nm12669819,nm12669819
tt32059446,nm9682901,nm9682901
tt32083665,\N,\N
tt32090526,nm10518988;nm13456095,nm10518988;nm10422218
tt32096616,nm0605779,nm0605779
tt32103981,nm8514319,nm8514319
tt32112570,nm13200602,nm9600380;nm8475739;nm16172556;nm13200602
tt32125104,\N,nm1720119
tt32134954,nm16045843,\N
tt32135863,nm15694895,nm15694895
tt32139357,nm1984559,\N
tt3214794,nm1164861,nm0792148
tt32160554,nm7581862,nm7581862
tt32161669,\N,\N
tt32185995,\N,\N
tt32190582,nm15941109,\N
tt32197313,\N,\N
tt32205009,nm2339396,nm14511239
tt3220550,nm5551339,nm5551339
tt32214121,nm3544578,nm3544578;nm3880903
tt3221878,nm0034820,nm0034820;nm5394224
tt32222992,nm16080578,nm16080580
tt32236432,nm0007129,nm0007129
tt32238677,nm3656063,nm3656063
tt32242290,nm16297619,nm16506847;nm16506849;nm16506851
tt32249940,nm0892000,nm0892000
tt32269955,nm4878260,nm4878260;nm4687994;nm3859803
tt32275348,nm1347776,nm0157442
tt32276400,nm1099970,nm1099970
tt32277918,nm3148568,nm3148568
tt32281063,\N,\N
tt32288538,\N,\N
tt3229378,nm5987375,nm5987375
tt32313670,nm6952254,nm6952254
tt32323256,\N,\N
tt32325170,nm16120899,\N
tt32328582,nm1789563,nm1789563
tt32329575,nm0103265,nm0103265
tt32345139,nm4145498;nm3606160,\N
tt32351600,\N,\N
tt32358942,nm1268012;nm1425885,nm1268012;nm1425885
tt32361417,nm14634811,\N
tt32367182,nm8339476,nm11994905;nm8339476
tt32368538,nm2275745,nm0187538;nm7032202;nm0465736
tt32369012,nm0698489,nm0698489
tt32377278,nm0330140,nm0330140
tt3239154,nm3440937,nm5271981;nm5715181
tt32394937,\N,nm0249781;nm0565581
tt32404372,nm0271402;nm0467307;nm0520485;nm0661910,nm0271402;nm0295419;nm0467307;nm0520485
tt32429292,nm0067457,\N
tt32430072,nm4146692,nm4146692;nm13955337
tt32430193,nm3689197,\N
tt32436727,\N,nm10099353
tt32437841,nm6909818,\N
tt32452631,nm11387125;nm9048749,nm11387125
tt32453902,nm1519258,nm1519258
tt3246692,nm6003277,nm6003277
tt32468166,\N,nm1050277
tt32477026,nm16189355;nm0651622,nm0651622
tt32478725,nm0619851,\N
tt3248118,nm3107903;nm4632782,nm3107903;nm4632782
tt32482151,nm9524305,nm9524305
tt32484156,nm10288658,nm10288658
tt32488662,nm12901321,nm12901321
tt32523130,\N,nm0007110
tt3252950,\N,nm0218914
tt3254780,nm0528304;nm0572385,nm0572385
tt32561048,nm1823684,\N
tt3258298,nm0443411,nm0443411;nm0898848
tt32591856,\N,\N
tt32596055,nm15102722,nm15102722
tt32610145,nm9619425,nm6872667
tt32628690,nm10728971,\N
tt32628966,nm1280169,\N
tt32639595,nm14986527;nm7384368,nm7384368;nm14986527
tt3265502,nm0538532,\N
tt32667618,\N,nm3688484
tt3269566,nm6015198,\N
tt3274392,nm4512535,nm4512535
tt3274794,nm0909026,nm5066948;nm0909026
tt32765869,nm16297932,nm16297932
tt32777398,nm6848183,nm16301527;nm11045918;nm6848183
tt32793430,nm11203844,nm11203844
tt3279468,nm1223386,nm6033146
tt32796647,\N,\N
tt32801387,nm0425364,nm3524360;nm10840777
tt3282312,nm6037022,nm6037022
tt32844020,nm0745377,nm0745377
tt32844238,nm0361409,\N
tt32872855,nm0240485,nm0240485
tt32874791,nm16330038,\N
tt32875452,\N,nm4338665
tt32881217,nm16333863,nm16333863
tt32889677,nm3403118;nm3204449,nm2157916
tt32893073,nm8396558,nm3763050
tt32897721,nm2447012,nm6529670
tt3290340,\N,\N
tt32915030,\N,nm6683857
tt3291670,nm6023975,nm6023975
tt32919847,nm12352603,nm12773282
tt32938930,\N,\N
tt32981966,\N,nm14722164
tt32982133,nm2147919,nm2147919
tt32984944,nm3250790,nm3250790
tt32985542,nm3538058,nm3538058
tt32990776,nm0300508,nm8998677
tt3300932,nm1486721,nm4596977
tt33022710,nm10617510;nm5587234;nm0774582,\N
tt33029992,nm2051572,nm2051572
tt33034699,nm13138817,nm13138817;nm3848190;nm14080063
tt33035397,\N,nm1411236
tt33038467,\N,nm1191340
tt33039027,\N,\N
tt33043148,nm7502356,nm4726754;nm7502356
tt3305060,nm4340223,nm4340223
tt33055450,nm16395990;nm16395991,\N
tt33055954,nm2010463,\N
tt33056611,\N,\N
tt33058029,nm10085992,nm10085992
tt33058344,nm0812373,nm0812373
tt33070600,nm13732467,nm10353341
tt33070827,nm14595586,nm14595586
tt33087600,nm5974746,\N
tt33088125,nm0661910,nm0661910
tt33089511,\N,nm16603291;nm6063385
tt33090262,nm16421900,nm16421900
tt3309136,nm4921517,nm5653263;nm4921517
tt33091608,nm7466437,nm7466437
tt33093098,nm0188173,nm13788441
tt33096978,nm11140320,nm11140320
tt3309816,nm4153241,\N
tt33130648,nm3895913,nm6004375;nm3895913
tt3314028,nm0545099,\N
tt3314120,nm4378729,nm4378729
tt3314610,\N,nm0176721
tt3314696,nm1762022,nm1762022;nm6067750
tt3315992,nm6084711,nm6084711
tt33164475,nm6414598,\N
tt33184369,nm1182564,\N
tt3319144,\N,\N
tt3319398,nm4133223,nm4133223
tt3319810,\N,\N
tt3320120,nm0187119,nm3850429;nm3691806
tt33204059,nm16451064,\N
tt33266101,nm9845146,nm15776641;nm11167422
tt33270214,\N,nm16459228
tt3328082,nm9719030,nm9719030
tt33292813,nm0572562,nm0572562
tt33295741,nm2830283;nm2830317,nm2830283;nm2830317
tt33297578,\N,nm0825356
tt33301063,\N,\N
tt33305882,nm7530291,nm10352120;nm7085459;nm7530291
tt33306066,nm6369463,nm6369463;nm3815030
tt33306408,nm2821427,nm2821427;nm2203123;nm1413452
tt33310998,nm16486612,nm16486612;nm16486613
tt3331458,nm0093610;nm0995034,nm0093610;nm0995034
tt33317152,\N,\N
tt33318127,nm0282020,\N
tt3332690,nm6087992,nm6087992;nm6087993
tt33334435,nm6852371;nm15570782,nm16495797;nm6852371
tt33336298,\N,nm5843777
tt33339931,nm4148153,nm4148153
tt33341757,\N,\N
tt33365540,\N,nm0745032
tt3336718,nm1204164,\N
tt33372806,nm11389848,nm11389848
tt33373345,nm8497264,nm8497264
tt33381977,nm9918355,nm9918355;nm13431453
tt33384091,nm2820122,nm3449168;nm17215116;nm17213518
tt33384356,nm8447737,nm17715733
tt33384359,\N,\N
tt33390076,nm13632986,nm13632986
tt3339534,nm1836315,nm1836315
tt33397245,\N,nm0614436;nm0625621
tt33398039,nm3725828,nm3725828
tt33398433,\N,nm0179132;nm0614436;nm0625621
tt33398465,nm4141185,\N
tt33400569,nm4424418,\N
tt33436943,\N,nm0179132;nm0614436;nm0625621
tt3344400,nm3477735,nm3477735
tt3344492,nm1402286;nm1141831,nm1141831;nm1493723
tt3344658,nm4182414,nm4182414
tt33454426,nm0794177,\N
tt3345622,nm4593817,nm4593817
tt33460023,\N,nm0349785
tt3346976,nm2699079,nm2699079
tt33473204,nm1434457,nm1434457
tt33478580,nm12467889,nm15473761
tt3347996,nm6102523,\N
tt33481541,nm0087525,nm0087525
tt33482803,nm13751274;nm16550752,nm13751274;nm16550752
tt3348450,\N,nm0133907
tt3350198,nm2851166,nm1911359
tt33502411,nm1114811,\N
tt33504899,\N,nm9926418;nm3831098
tt33511701,nm1729175,nm8024234
tt3351660,nm0329411,nm0329411;nm1971346
tt3352218,nm1943563,nm1943563
tt3352294,nm6106533,nm3346712;nm6106533;nm3689151
tt33565089,nm11315420;nm5784988,nm5784988
tt3357084,nm1240779,nm6111062
tt33578667,nm4694008,nm3856316;nm2933477;nm4925405;nm5555747;nm4694008
tt33588950,nm2096447,nm2096447
tt33630570,nm1004604,nm5958525
tt33728713,nm11176090,nm11176090;nm3553169;nm16595444;nm6067981
tt33751273,nm2307949,nm0298794
tt3375416,nm2145697,nm6124582;nm2145697
tt33772384,nm4209268,nm4209268;nm2681915
tt3378222,nm4242010,nm4242010
tt33828717,nm6913708,\N
tt33830770,nm12945031,nm0302889
tt3385980,nm0644943,nm1158253
tt3387582,nm5236429,nm5236429
tt3390728,nm1044696,nm1672140
tt33948006,nm6044360,nm6044360
tt3395316,nm0008331,nm0008331
tt3395708,nm0002988,nm0002988;nm1509697
tt33983743,nm4139784;nm3575990,nm3575990
tt33993478,nm2685177,nm2685177
tt3399830,nm6148874,nm6148874
tt33999391,nm0025784,nm0025784
tt34001425,nm0038560,nm9294683;nm0038560;nm4977181
tt3400522,nm6149821;nm5729762,nm6149821;nm5729762
tt3401392,nm1451398,nm0383258;nm6229818;nm6156093
tt34038187,nm2593121,nm2593121;nm3553853
tt3405714,nm1237224,nm1237224;nm1131306;nm1344786
tt34095148,nm5238381,\N
tt3411788,\N,nm0549386
tt34144206,nm12612894;nm8136452,nm12612894;nm18329194
tt34146567,nm9780610,nm10439948;nm9780610
tt3418454,nm0595896,\N
tt3420504,nm0764601,nm2357110;nm0694138
tt34322115,\N,\N
tt34326363,nm5039025,\N
tt3433328,nm3629254,nm3629254
tt3436456,nm6186039,nm6186043;nm6186042
tt3437872,nm3336102,nm3336102
tt34379463,nm0474747,nm6837981;nm4749554
tt34380971,nm16680338,\N
tt34382612,\N,nm16682753
tt34385689,nm0336695,nm0336695
tt34388102,nm16690425,nm14684590
tt3439424,nm3326533;nm2794420,nm6189203;nm3956168;nm3326533;nm2794420;nm3182301;nm3360202
tt3440670,nm6190049,nm6190049
tt34423366,\N,nm0179132;nm4571467;nm15433561;nm0625621;nm12238107;nm4571481
tt34424743,nm1410110,\N
tt34438439,nm0804909,nm0804909
tt34438556,nm2023622,\N
tt3444730,nm3127702,nm2771337
tt3446750,nm4373064,nm4373064;nm2436055
tt34480352,nm5062441,nm5062441;nm2840119
tt34497454,nm16708462,nm0022261;nm14961651;nm16708462
tt34532479,nm15515958,nm15515958
tt34541061,nm4448578,nm4448578
tt3457004,nm6184616,\N
tt34570040,nm12284088;nm15359629,nm12284088
tt3457974,nm5654599,nm6208792;nm5654599
tt3458944,nm3830598,\N
tt34599713,\N,\N
tt34615536,nm3057599,nm10755210;nm16457290;nm13867347;nm17412462;nm17389635;nm17356682
tt34618706,nm7638868,nm7638868;nm14926704
tt34622084,nm0945724,nm0945724
tt34652656,nm3084787,\N
tt34654519,nm0370459,nm0370459
tt34657164,nm10791481,nm10791481;nm16740196
tt3466636,nm0665354,\N
tt34677615,\N,nm2384772
tt34720674,nm13700075,nm13700075
tt34728729,nm7758641,nm6101046;nm16747443
tt34744070,nm3784295,nm3784295;nm3934651
tt34748747,\N,nm9673061
tt3477350,nm0701782,nm0701782;nm0733997
tt34793703,nm0150929,nm14833070;nm6730630
tt3479624,nm0098291,nm0098291;nm1181671
tt34799461,\N,nm16779294
tt34804296,\N,\N
tt34812323,nm16782054,nm16782054
tt34812450,nm16782217,nm16782217
tt34865331,nm0563760,nm2890857;nm1181040;nm0563760
tt34883545,nm16796996,\N
tt34904266,nm0306224,nm2991775
tt34914739,nm0938301,nm0938301
tt34930428,nm2118912,nm2118912
tt34930737,nm16810603,\N
tt34938727,nm5154768,nm5154768
tt34966006,nm16181511,nm16181511
tt34967046,\N,nm0541141
tt34981210,nm4818968,nm8779477;nm13211353;nm0000175;nm2041053;nm4818968
tt3498620,nm5190270,nm4961830;nm6250628;nm5190270
tt3499358,nm6146593;nm6146940,nm6146593;nm0079880;nm6146594;nm6146940
tt35002410,nm3404442,nm3404442
tt35008063,nm0945731,nm2300301
tt35012219,nm1343100,nm1343100
tt3503734,nm6255137,nm6255137;nm6257433
tt3503856,nm5285158,nm5285158
tt35044988,nm14804360,nm14804370
tt35052298,\N,\N
tt35060333,nm1989193,nm1989193
tt35060353,nm3231710,nm3231710
tt35081031,nm16848463,\N
tt35091739,nm0900251,nm6244374;nm0748337;nm0900251;nm8578811
tt35098358,nm12464821,nm13538902;nm13538901;nm12464821
tt35109110,nm1399618,nm1399618
tt3511420,nm1202186;nm3090508,nm1202186;nm6275943
tt3514858,\N,\N
tt3515388,nm13336696,nm13336696;nm6270831
tt35195182,nm3235616,nm3235616
tt35197863,\N,\N
tt35253783,nm9523351,\N
tt35255392,nm16877924,\N
tt3525900,nm2752783;nm3247614,nm2752783;nm3247614
tt35300809,nm10735827,nm10735827;nm4779843
tt35301740,nm8739413,\N
tt35303026,\N,\N
tt35313040,nm14899452,nm14899452
tt35315829,nm7685490,nm7685490;nm1210214
tt35327642,nm14604365,nm14604365
tt35381158,nm2849435,nm2849435
tt35394544,nm1083663,nm1083663;nm1851511;nm10359316
tt35400418,nm12228473,\N
tt35452827,nm16924607,\N
tt35453007,nm1936574,nm1936574;nm16924625
tt35457378,nm14794753;nm14794754,\N
tt35463971,nm16161768,nm16161768
tt35486831,nm0034171;nm3458507,\N
tt35487690,nm5387015,\N
tt35500324,nm14346104,nm14346104
tt3550452,\N,nm6051754;nm0448777;nm1053838
tt35509393,nm11923265,nm11923265;nm17966561;nm16940300;nm16940299
tt35516949,nm8811453,\N
tt35537740,\N,nm3814525
tt3555218,nm5593766,nm5593766
tt3555568,nm3145521,nm3145521
tt35555975,nm16951484,nm16951482
tt35557659,nm16954018,nm16954018
tt35624677,nm16366368,\N
tt35627312,nm7148098,nm7148098
tt3562880,nm6319842,\N
tt35628832,nm16265188,\N
tt35628849,nm7096945,nm7096945
tt35629500,nm0946638,nm16874310;nm10161180
tt35636079,nm2892201,nm4260482;nm2892201;nm4032057
tt3565434,nm3892772,nm3892946
tt35655951,nm16976904,nm16976903
tt35655963,nm0634016,nm2300301;nm1351332;nm0620970
tt35657342,nm6481916,nm6481916
tt35657679,\N,nm16977942
tt35665283,nm13033447,nm13033447
tt35671628,nm16988778,nm16988778
tt35677931,nm10148107,nm10148107
tt35678408,nm16999050,\N
tt35691226,nm0406752,nm0975309
tt3569732,nm3218790,nm3218790;nm5463358
tt3569788,nm3595665,nm3595665
tt3570530,nm6328287,nm6328287
tt3571114,nm0490324,\N
tt35725501,nm5088154,\N
tt35737321,\N,\N
tt35747052,nm0188315,nm0430261
tt35747188,\N,\N
tt35767858,nm17024540,nm17024541
tt35780065,nm0826041,\N
tt3580692,nm2060434,nm2060434
tt35810165,nm2119697,nm2119697
tt3582502,nm6048344;nm6342401,nm6342401
tt3583638,nm0916591,nm6343401;nm0916591
tt35856123,nm0715371,\N
tt35868778,nm1503142;nm0941257,\N
tt35891060,nm16167155,nm17051405
tt35899357,\N,nm4004720
tt3591578,nm6385312,\N
tt35916200,nm1645156,\N
tt35931463,nm13856883,nm14337697
tt35932411,nm3808305,nm3808305
tt35932417,nm11987678,\N
tt35939783,nm4155251,\N
tt35945037,nm1250748,nm0179069;nm1525106
tt3595088,nm5374866,nm5374866
tt35955052,nm1964169,nm1964169
tt35961891,nm3336701;nm2656333,\N
tt36009916,\N,nm4977000;nm0726638
tt36042674,nm1182732,nm1182732
tt36055952,nm7977941,nm7977941
tt3606074,nm3194409,nm3194409
tt36120831,\N,nm2068629;nm1759728
tt36123574,\N,\N
tt36156216,nm8615424,nm4885749
tt36160657,nm2923048,nm0155009
tt3619226,\N,\N
tt3621926,nm0958159,nm0958159
tt36242456,nm0538306,\N
tt3624496,nm6385191,nm6385191
tt36259743,nm1818030,nm1818030
tt3626076,nm1458108,nm2421809;nm2588793
tt36262473,nm3793763,nm6045267;nm1309752;nm2508411
tt3626512,nm0632382,\N
tt36283691,nm0146166,nm18468004;nm0146166;nm0610832
tt36284551,nm14826659;nm4485138,\N
tt3628714,nm6389512,\N
tt36298863,nm2323069,\N
tt36305256,nm17147678,nm0716159
tt36315349,nm3859398,\N
tt3632594,nm6392290;nm6392288,nm6392290;nm6392288
tt36333569,nm14551886,\N
tt36337933,nm0595955,\N
tt36350075,\N,nm2238797
tt36360374,nm1581354,nm1581354;nm0250834
tt36364202,nm14847345,\N
tt36376254,nm17170467,nm17170467
tt3637782,nm5256606,nm3457543
tt36415829,nm3715496;nm7251915,nm3715496
tt3643694,nm3847299;nm4204194,nm3847299
tt36448011,nm15796647,nm17186391;nm7490838;nm1160154
tt36454928,nm1287835,\N
tt36455965,nm9495273,nm9495273
tt36467571,nm0634016,nm4484894;nm8710839;nm16341951
tt36470575,\N,nm12988353
tt3647616,nm2830785,\N
tt36489121,nm12921660,nm12921660
tt36489431,nm3084816,\N
tt36496741,nm2194834,nm2194834
tt36499968,nm1031398,nm17204675;nm1031398
tt36537998,nm17212049,nm17212049
tt3654422,nm1665646,nm6413427
tt3654796,nm2674307,nm0243233;nm2674307
tt3656768,nm0910561,nm0910561
tt3657472,nm1589516,\N
tt36577296,nm5163030,\N
tt3658260,nm0374656,nm0374656
tt36589966,nm0863387,nm4532532
tt36591422,nm17223184,\N
tt36595892,nm16027490,nm16027490
tt36598766,nm16094579,nm17233427;nm16094579
tt36607937,nm5602884,\N
tt36621664,nm17238930,nm17238930
tt36623093,nm9164270,nm17239113
tt36625638,nm11961545,\N
tt3663476,\N,nm5957226
tt36687939,nm2616353,\N
tt3669208,nm1200237,\N
tt3671398,\N,\N
tt36732890,nm5193196,nm5193196
tt36735682,nm1355731,nm1355731;nm2050348;nm2833230
tt3673904,nm2160573,nm2160573
tt3675190,nm3060204,nm3060204
tt36753031,nm13102190,nm13102190
tt3675412,nm2491507,nm2491507
tt36793656,nm17269264,nm17285493;nm17285502;nm17269264
tt36831263,nm17277749;nm17277748,nm17277749
tt36831612,\N,\N
tt36842203,nm15067737,nm15067737
tt36854134,nm0936345,nm0936345
tt3685580,nm4657877,nm12036070
tt36859451,nm4058531,\N
tt36870739,nm7096483,\N
tt36877344,nm7646486,\N
tt3687904,nm0313875,nm0313875
tt3688622,nm0285779,\N
tt3693218,nm6454918,nm6454918
tt36934619,nm0132120,nm8014306;nm8425311
tt36939901,nm14038612,\N
tt36948077,nm0023753,nm0023753
tt36949548,nm16599694,nm16599694;nm16598969
tt3696764,nm0147661,nm6458881
tt36967816,nm17311917,nm14441540;nm2055481;nm16608326
tt36985221,nm6687270,\N
tt36986014,nm9478598;nm5153336;nm6919747,nm5153336
tt36987619,nm0476123,nm0476123;nm0605409;nm0989502
tt3699572,nm3136866,nm6461877
tt36997618,nm17323132,nm17323132
tt36998501,nm14253257,nm14253257
tt37000751,nm12763513;nm17329252;nm17329251,nm12763513
tt3700336,\N,\N
tt37038719,nm1339604,nm1339604;nm17342714
tt37041335,nm2380044,\N
tt3705514,nm3125212,nm3125212
tt37059840,\N,nm7572998
tt3707082,nm0462051,nm6699168
tt37093385,nm3558297,nm2767023
tt3713644,nm6477426,\N
tt37141511,\N,nm16578104
tt37146848,nm6724747,nm6724747;nm17152833
tt3714720,nm1024677,nm1475479
tt37154045,\N,\N
tt37156753,nm4896274,nm17367631;nm4896274
tt37163509,nm0759270,nm0133028;nm2224444;nm0333818;nm0759270;nm2294243
tt3716942,nm0750093,nm6480434;nm0750093
tt37174485,nm3740021,\N
tt37174538,nm10176613,\N
tt37180720,nm11476930,\N
tt37180870,nm17375237,nm17375237
tt37189676,nm5140080,nm12964428;nm5140080
tt37205079,nm0946523,nm18682426;nm0946523
tt37208475,nm9721161,nm17380919;nm9721161
tt37212084,nm5554671,nm6458167
tt37215429,nm13639165,nm13639165
tt3721712,nm2752764,nm2752764
tt37217143,nm6550805,nm2145551
tt37232377,nm13364780,nm13364780;nm13364781
tt37246261,nm14641609,nm17318393;nm0140902;nm17389731;nm17389730
tt37247413,nm1474250,nm1474250
tt3725488,nm0936600,nm6489288;nm0936600
tt37265057,nm0762659,nm6290772
tt3730010,nm6494798,\N
tt37320134,\N,nm1378875;nm9985723
tt37331877,nm0155292,\N
tt37332499,nm17406677,\N
tt37370137,nm17180239,nm17180239
tt37382770,nm0905861,nm0905861;nm4943598
tt3740004,\N,nm6505007
tt37404532,nm17424156,nm17424156
tt3740524,nm6505555,nm6505555
tt3740668,nm6505774,nm6505774
tt3740916,nm1748951,nm1748951
tt37439599,nm16909734,nm16909734
tt3744150,nm2869957,nm6272308
tt37452754,nm14120267,\N
tt3745772,nm3759119;nm0145580;nm6235533,nm0989666
tt37458298,nm1156199,nm0028761
tt37459101,\N,nm17441836
tt37472801,nm17048918,nm17048918
tt37478525,\N,\N
tt37497983,nm1406965,nm1406965
tt37510081,nm9838782,nm9838782
tt37513682,nm1756186,nm8438367
tt37534384,nm3859710,nm3859710
tt37539003,\N,nm2491685
tt37540490,\N,nm10689101
tt37540953,\N,nm0000464
tt37541221,nm17478565,\N
tt37544063,nm17463377,nm17463377
tt3754986,nm6520694,nm6520694
tt3755914,nm2204003,nm0129287;nm2204003
tt37565383,nm11238984,\N
tt37578661,nm10484822,nm17494745
tt3757986,nm2883919,nm2883919
tt37603990,nm4857288,nm4857288
tt3763814,nm6530885,nm6530885
tt37661636,nm10501536,\N
tt3767094,nm1168400,\N
tt37671960,\N,\N
tt37674625,nm3398391,\N
tt37682350,nm17526572,nm17526572
tt3770254,nm3709910,nm3709910
tt37707875,nm17517168,nm17518514;nm17517168
tt37724900,nm17535554,nm17535554
tt3772836,nm6529499;nm3771624,nm0788876;nm7193746
tt37729417,nm9191079,nm9191079;nm9669780
tt37731857,\N,\N
tt37738683,nm9884210,\N
tt37748149,nm0129842,\N
tt37762784,nm2788015,nm2788015;nm12609687
tt37762998,nm14535085,nm17546271
tt3777508,\N,\N
tt3780226,nm1784217,\N
tt37803849,\N,\N
tt3780390,nm5241681,nm5241681
tt37833102,nm4270143,nm17563895;nm17563896;nm4270143
tt37835536,nm9407453,\N
tt3783974,nm3942458,nm3942458
tt37855187,nm6230142,\N
tt3786530,nm1066739,nm0383258;nm4975188
tt37868721,nm2468656,nm2468656;nm17572687
tt37878823,nm11636084,nm11636084
tt37891442,nm0368693,nm0339517
tt37894980,nm12384311,nm5852449;nm12384312;nm12384311
tt3791746,nm0145169,nm0145169;nm4784564;nm0382614;nm0382655;nm0721787;nm2260826;nm8549650
tt3793746,nm6558596,nm6558596
tt37937541,nm1229455,nm1229455
tt37942271,nm17597184,\N
tt37956866,nm16725731,nm13788441
tt37968382,nm2615851,nm2615851;nm17606212
tt37969646,nm0314995;nm0922848,nm0314995
tt3800848,nm3768141,nm6566742;nm3768141
tt3804350,nm0162376,nm8077276;nm0000636
tt38059540,nm0571152,nm0571152
tt38066430,nm17633150,nm10053505;nm17633150
tt38080078,nm9767585,nm1137289
tt38099097,nm2042555,nm2042555
tt38111911,nm1162544,\N
tt38131064,nm3145860,nm3145860
tt38131581,nm10270257,\N
tt3815986,nm3242924,nm3242924
tt3822388,nm3163794,nm3163794
tt38226575,nm5101650,nm5101650;nm11211440
tt38234728,nm10275155,nm10275155
tt38235587,nm3662473,nm3662473
tt3826534,nm3082803,\N
tt3828220,nm1212770,nm1282374;nm4211566;nm1212770;nm2752054
tt3831922,\N,nm5944184
tt3833486,nm4320125,nm4320125
tt3834494,nm3750790,nm3750790;nm6600583
tt3835106,nm2932970,nm4303057;nm1367560
tt3840652,nm0615922,nm0615922
tt38415996,\N,nm15805031
tt3843182,\N,nm6449398
tt38489689,nm1086150,nm1086150
tt38497646,nm3318447,\N
tt38503649,nm1304308,\N
tt38504369,nm9953333,nm9953333
tt38509171,\N,nm0003208
tt38516984,\N,\N
tt38518590,\N,nm0541507;nm6591870
tt38544135,nm17728451,nm14921975
tt38551384,nm3464186,nm3464186
tt38572187,nm14872702,\N
tt38583336,nm3249103,\N
tt38589656,\N,\N
tt38589753,nm0480147,nm0276814
tt3859018,nm0151822;nm6627171,\N
tt38593352,nm1806081,nm0440383;nm17745147
tt38625570,nm17756392,nm17756392
tt38637119,nm0643885,nm0643885
tt38648588,nm14121931,nm17768883;nm14121931
tt3866822,nm5247081,nm5247081
tt3867518,nm0321325,nm0321325
tt38715165,nm17791145,\N
tt38715506,nm14114034,nm14114034
tt38716425,nm17792748,\N
tt38729461,nm9840943,nm17796829
tt38732453,\N,\N
tt38744270,nm9678427,\N
tt38744398,nm16592085,\N
tt3875936,\N,nm6640493
tt38770411,\N,nm12576118
tt38780617,nm1238126,nm1238126
tt3878902,nm0814325,\N
tt38793015,nm5528484,nm5528484
tt38793681,nm2597220,nm7925052
tt38799054,nm12721991,\N
tt38801695,nm17837789,nm17837789;nm6026899
tt3881784,nm0337773,nm0689708;nm6646080;nm4007817
tt38823876,nm15289904,nm10945198
tt38870952,nm0462094,nm0462094
tt3887318,nm3574246;nm3303514;nm2465833;nm0544967;nm2754122;nm0684953;nm0702997;nm2113581;nm3114621;nm5390763,nm3574246;nm0130902;nm0961023;nm1047692;nm0702997;nm2113581;nm17564749
tt38875510,nm17590263;nm3769799,nm17590263
tt38881327,nm10278732,nm10275065
tt38883907,nm9695426,nm9695426
tt3890278,nm0911075,nm0911075;nm6744074;nm7745954
tt38906627,\N,\N
tt38907668,nm4772283,nm4772283
tt38916220,nm7762966,\N
tt38916470,nm5222253,nm0780214;nm5222253
tt3892682,\N,\N
tt38934333,nm17021660,\N
tt38938166,nm2177308,nm17211881;nm2177308
tt3894502,nm2453952,\N
tt38946358,nm7387170,\N
tt3896428,nm0613124,nm6662342
tt3896934,\N,nm1428356
tt38972094,\N,nm2364703;nm10167909
tt38978672,nm17879273,nm17879273
tt39000000,nm3828643,nm13090748;nm9462453
tt39009399,nm6629870,nm13871651
tt39019219,nm17913231,nm17913231
tt39027150,nm17915174,\N
tt39028767,\N,\N
tt39029705,nm14459723,nm14459723
tt3904176,nm0759848,nm0759848
tt39073031,nm8915095,\N
tt39074501,nm3873857,\N
tt39111326,nm5583590,nm5583590
tt39122547,nm17951353,nm17951353
tt39139645,nm17876421,nm17876421
tt39141091,nm5544023;nm8466327,nm5544023;nm8466327
tt39158710,nm17931533,nm17931533
tt39163015,nm2393385,nm2393385;nm2757504;nm3090950;nm1674617;nm3312530;nm13184399;nm3358782
tt39163579,nm11446297,\N
tt39164230,nm7187346,nm7187346
tt39173733,nm17878629;nm17878635,nm17878634
tt39183886,nm3888862,nm3888862
tt39197461,nm0227576,nm0000339;nm0227576
tt39214737,\N,nm8103124
tt39215336,nm9103074,nm15206624
tt39215343,nm18016531,nm18016531
tt39215355,nm8691825,nm11775574;nm14949867;nm8691825
tt3921664,nm0220838,nm4276236
tt39239695,nm14090798,\N
tt39244767,nm9265605,nm9265605
tt39278953,nm2005815,\N
tt39283093,nm2764905,nm0670266
tt39283401,nm5982851,\N
tt39285260,nm12966995,\N
tt39289154,\N,nm4713912
tt39291787,\N,\N
tt39298308,nm17932692,nm17928360
tt39300485,nm1835052;nm0896030,\N
tt39308490,nm3844044,\N
tt39311136,nm18097072,nm18097072
tt39312521,nm13212757,nm13212757;nm13212777
tt39317881,\N,\N
tt39318498,nm7393392;nm6690436,nm7393392;nm6690436
tt39332403,nm0169032,\N
tt39365752,nm1112250,nm1112250
tt39366637,nm6108282,\N
tt39367106,nm13498383,nm0631346;nm13498383
tt39373594,nm11828950,\N
tt39376693,nm9958121,nm9958121
tt39380638,nm5328664,nm3407619
tt39383485,nm18140404;nm18174710;nm15730135;nm18174709;nm18174711;nm11272357;nm13360788,\N
tt39385101,nm8718960,nm11201832
tt39387657,nm5484821,nm5484821
tt39389592,nm5033597,nm5033597
tt39390089,nm2225652,nm2225652
tt39398939,nm18158704,\N
tt39400229,nm1410336,\N
tt39400628,nm0155295;nm0396284;nm0945981,\N
tt39443906,nm17080833,nm17080833
tt39444570,nm14275096,nm14275096
tt39467659,nm18168789;nm17613609,nm18168789;nm17613609
tt3949274,nm2120719,\N
tt39494460,nm1483777,nm1483777
tt39535445,nm3598102;nm18173009,\N
tt3954648,nm0950226,nm0950226
tt3955140,nm6411072;nm6411070,nm6411072;nm6411070
tt3955642,nm0631273,nm6702448;nm6702447;nm0631273;nm6702446
tt39568448,nm6433122,nm6433122
tt39579311,nm7126035,nm7126035
tt3957992,nm4329952,nm4329952
tt39582671,nm6312719,nm16459495
tt39602205,nm0627393;nm12388115,\N
tt3962574,nm6644878,\N
tt39635710,nm7520664;nm17829786,\N
tt3963816,nm1921345,nm6710963;nm1032754
tt39639304,\N,nm4605939
tt39645240,nm1729202,nm1729202
tt39674854,\N,nm5126987
tt39691620,\N,\N
tt3969514,nm6713873,nm6713873;nm8201687;nm8201686;nm5834509
tt3970482,nm6714903;nm0914166,nm6714903;nm0914166
tt3971214,nm4957985,nm4957985
tt3975020,\N,nm4136881
tt39790617,nm18207200,nm18207199
tt39840397,nm1768266,nm1878269
tt3986532,nm1318972;nm1852285,nm0036496
tt3990100,nm6731111,\N
tt3992200,nm3459490;nm2951727;nm0538632,\N
tt39930013,nm2416074,nm2416074
tt3993886,nm1963288,nm1963288
tt39951734,nm0905003,\N
tt39963888,nm11530069,\N
tt39973224,\N,\N
tt39980503,nm17428239,nm17428239
tt39989156,nm2557565,nm11226168
tt4002006,\N,\N
tt4006206,nm1227942,nm1227942;nm0952432
tt40081278,nm18241425;nm17484379,nm17484379
tt4011830,\N,\N
tt40123458,nm18245199,nm0685789
tt40182278,nm3132105,\N
tt4019666,nm1988881,nm1252328;nm5454868;nm0266045;nm7288036
tt40202571,nm0868404,\N
tt4022132,nm6774495,nm11328672;nm6774495;nm5933791;nm6745568
tt40250044,\N,nm10766305
tt40259886,nm5285732,nm5285732
tt40320675,nm5826917,nm5826917
tt4038014,nm2806942,nm2383556;nm2806942
tt4038248,\N,nm4843019
tt4038736,nm6771357,nm6771358;nm5445201;nm9512980
tt40389755,nm18269437,nm18269437
tt40435390,nm1202716,nm1202716;nm2130831;nm16642416;nm1391663
tt40460440,\N,\N
tt4046592,nm0003670,\N
tt4048964,nm3949900,nm3949900
tt40522438,nm7181064,\N
tt40531853,nm13033494,nm13033494
tt40539716,nm0004541,nm0170828
tt40549826,nm4389293,\N
tt40562693,nm12171775,\N
tt40564592,nm12171775,\N
tt40573912,nm14971172,\N
tt4058358,nm6683504,nm6683504
tt4059018,\N,\N
tt40599454,nm18296762,\N
tt40600613,\N,\N
tt4062604,nm6518944,nm6518944
tt4063166,\N,\N
tt40638342,\N,\N
tt40662429,\N,\N
tt4069316,nm1961741,nm1961741
tt4073894,nm5825498,nm5033911
tt4075494,nm6806880,nm6806881
tt40788735,nm18314728,\N
tt40793143,nm15854396,nm18316517
tt4081766,nm6782109,nm6782109
tt40846817,nm18320824,nm18320824
tt4085130,nm3233027;nm2057382,\N
tt40872855,nm2379505,nm2379505;nm10761947
tt40919798,nm8482554,nm8482554
tt4092588,\N,\N
tt4095404,nm2422236,nm2422236;nm4927310
tt41021188,nm1727762,nm1727762
tt4105514,nm0716182,\N
tt4106186,\N,nm4856046
tt4108872,nm4295244,nm4295244;nm0659040;nm6833296
tt4111608,nm6835883;nm1239653,nm5982715;nm6835885;nm6835884;nm1599904;nm6835886
tt4118056,nm0854098;nm5906364,nm1271154;nm0854098;nm4707481
tt41230818,nm14741647,nm14741647
tt4128378,nm0173916,\N
tt4131214,nm3118789,nm3118789
tt4134856,nm1096550,nm1096550
tt4136860,nm6859318,nm6859318
tt41389717,nm1635713,nm0411127;nm1316290
tt4143186,nm0073828,\N
tt4145332,nm0997109,nm2783746
tt4146426,nm6866840,nm6866840
tt4149092,nm1377673;nm6386886,nm1374780;nm7257903
tt4149732,nm0629152,nm2285189;nm0629152
tt41517398,nm0274842,nm2285938;nm0274842
tt41526122,nm10493380,nm16186154
tt41546984,nm3396016;nm4243459;nm2113056;nm4950786;nm4975719;nm3253224;nm2474213;nm14144280,\N
tt41556345,nm10095620,nm10095620
tt41565608,nm4547736,nm4547736
tt41575832,nm4254202,\N
tt41580608,nm3391458,nm3391458
tt4158516,\N,nm3823501
tt41616442,nm7666032;nm3446495,\N
tt41635473,nm5151965,nm1458763
tt4165650,nm0224545,nm0224545
tt4166112,nm1729191,nm1727535;nm1729191
tt4169824,nm4033556,\N
tt4176556,nm0308039,nm0308039;nm0393394
tt4179352,nm0342099,nm4573290
tt41872176,\N,nm6077040
tt4187466,\N,\N
tt41877711,nm11015535;nm18351217,nm11015535
tt4188452,nm6902731,nm6902731;nm6910076;nm6910088
tt41902186,\N,\N
tt4190862,nm2705834,nm2705834
tt4192716,\N,nm5481872
tt41933896,nm6667436,\N
tt41984718,nm0282526,\N
tt41990005,nm0809040,nm0111793;nm2313927
tt42003685,nm3318887,nm13655347
tt42028900,nm0804353,nm0804353
tt42038379,nm4274041,nm4274041
tt4204126,nm6917836,\N
tt4205132,nm6296019,nm6296019;nm6918222
tt42053250,nm17297158;nm17297162;nm15979129;nm18375636,\N
tt42053368,\N,\N
tt4205688,nm0367556,nm0524995;nm0873568
tt4206066,nm4378729,nm0550285
tt4211766,\N,nm6919809
tt4211792,\N,nm3636453
tt4212818,\N,nm1629500
tt42153711,nm11354835,\N
tt4216788,nm0170337,\N
tt4218580,nm1148812,nm1148812
tt42203875,nm14196224,nm14196224
tt42207548,nm6235677,\N
tt42219552,\N,nm5769870;nm11586340;nm1375354;nm6077040
tt42242465,\N,\N
tt42243180,\N,nm9693011
tt42254052,nm16781689,nm16781689
tt42301248,\N,\N
tt4231718,nm2735740,\N
tt42341655,nm9543545,nm9543545;nm10298601
tt4235432,nm6943209,nm12920989;nm5578706
tt42373598,\N,nm4141884
tt42405018,\N,\N
tt42435344,nm16777172,\N
tt42436447,nm4503684,nm9792982
tt42440534,\N,\N
tt4250438,nm1001103;nm4083350,nm5955396;nm1001103;nm4083350
tt4253322,nm3516131,nm3516131;nm3518744
tt4254562,nm0514879,nm0514879
tt42575548,nm9216413,nm9216413
tt42576337,nm15121964,nm15206624
tt4261008,nm6962519;nm6962521;nm6962520,nm6962521
tt42643672,nm4464122,\N
tt4265184,nm6965687,nm6965697;nm6965687
tt42662284,nm0138502;nm0002711,\N
tt4267118,nm0643882,nm0643882
tt4267358,nm6967922;nm6967923,nm6967922
tt4270046,nm6969571,nm6969571
tt42719486,\N,nm8887340
tt42721310,\N,nm1628965
tt42739367,nm0132499;nm7775578,nm0132499;nm3050218
tt42740260,nm17092318,nm17092318
tt42746853,nm18380159,nm18380159
tt42775952,\N,\N
tt42811444,\N,\N
tt42820635,nm18406190,nm18406190
tt42822597,nm0181588,\N
tt4284282,nm3062127,nm3062127
tt42857501,nm0006960,nm0562687
tt42867715,nm3200809,\N
tt42869112,\N,nm3980369
tt4291436,nm2678073,nm2678073;nm1302043;nm1295189
tt42929873,\N,nm14572625
tt42934057,nm10514720,nm15481280;nm13263816
tt42957412,\N,\N
tt4299026,nm7004611;nm7004610,nm7004611;nm7004610
tt43061332,\N,nm9350665
tt43070432,nm3107950,nm3107950
tt43077570,nm18545955,nm18545955
tt43093859,\N,\N
tt4311602,nm1547991,nm1547991
tt43122943,\N,\N
tt4315160,nm1400801,nm1400801
tt4319820,nm1328135,nm1568760
tt43202898,nm0788908,\N
tt43208647,nm13791791;nm13693038,\N
tt43216891,nm7473293,\N
tt4322790,nm7026484,nm4460021
tt4326556,nm5876747,nm5876747;nm4419546
tt4329544,\N,\N
tt4330124,nm7034270,nm7034270
tt43310348,nm4702508,\N
tt43318813,nm11121070,nm11121070
tt43328724,nm11168315,nm11168315
tt43334502,\N,\N
tt4333672,\N,\N
tt43338369,nm2394115,\N
tt43339322,nm2590547,nm2590547
tt43339353,nm18570804,nm7748428
tt43363795,\N,nm0135184;nm0239635
tt43374450,nm17283415,\N
tt43382970,nm1960087,nm18607192;nm0847176
tt43384345,nm9926286;nm6192966,nm9926286;nm6192966
tt4338904,nm0890864,nm0890864
tt43408259,nm1070100,nm1070100
tt43420431,nm0178530,nm0178530
tt43428288,nm15934439,\N
tt43438644,nm3821223,nm11870209
tt43457079,\N,\N
tt4351624,nm0289576,nm0238489
tt4356128,nm0210880,nm0210880
tt4359394,\N,\N
tt43598309,nm1119445,\N
tt43598544,nm10742757,nm12811636
tt43601467,nm7494505,nm7494505
tt43601619,nm2075583,\N
tt43607499,nm3583561,nm3583561
tt43609983,nm5092866,\N
tt43617067,nm12324251,nm12324251;nm12326224
tt43617086,nm0952569,nm0952569
tt43620289,nm18642220,nm18642220
tt43621884,\N,nm18633424
tt43622885,nm11755312,nm11755312
tt43623416,nm14584059,nm14584059;nm14889540
tt43624865,nm0060634,nm14991413;nm0060634
tt43641818,nm17004863;nm17236073,nm17237216;nm17237215
tt43643833,nm7931173,nm18670353
tt43643900,nm18670470,nm18670470
tt43646636,nm14666709,nm14666709;nm15640704
tt43646811,nm13181419,nm18673942
tt43650089,nm2432218,nm2432218
tt43665937,nm11493117,nm11493117
tt43665968,nm18683270,nm18684393
tt43666068,nm12797615,\N
tt43669158,\N,nm18666013
tt43670673,\N,\N
tt43670968,\N,\N
tt4368758,nm6367286,nm6367286
tt4379520,nm1008445,nm4704269
tt4383688,nm0018956,nm0018956
tt4386326,nm4407318,\N
tt4391962,nm2361543,\N
tt4419736,nm0584690,nm0584690
tt4424080,nm0906744,\N
tt4444446,nm2790548,nm5772332;nm2790548
tt4452086,nm7126095;nm7126094,\N
tt4456270,nm5380202,nm5380202;nm1802222
tt4464310,nm7137334,\N
tt4466578,nm0840616,\N
tt4471444,\N,\N
tt4472078,nm6651030;nm4890972,nm6651030;nm4890972
tt4478324,nm7158184,nm7150882;nm7150879
tt4479520,nm2007363,nm2007363
tt4480234,\N,\N
tt4487294,nm1732845,nm1732845
tt4490112,nm5126866,\N
tt4496808,\N,\N
tt4499186,nm1360895,nm7975245;nm1360895
tt4499544,\N,\N
tt4501838,nm0021112,nm0021112
tt4503084,nm0243563,nm0243563
tt4505118,nm0476123,nm0476123;nm0856500
tt4521944,nm7274029,nm7274029
tt4523928,nm5514857;nm3293881;nm2394794;nm1362059;nm1810414;nm0562071;nm1639750;nm2789162;nm1002494;nm1755493;nm1408696;nm2022847;nm1422237,nm5514857;nm3293881;nm1689712;nm2394794;nm1362059;nm5985458;nm1810414;nm1639750;nm2789162;nm1002494;nm1755493;nm1408696;nm1536172;nm1422237
tt4532416,nm5398231;nm6539454;nm7198573,nm5398231;nm6539454;nm7198573
tt4538650,nm3351558,nm3351558;nm1942959
tt4543674,nm3937763,nm7209192;nm5605482;nm3065653
tt4552984,nm1887791,nm1887791
tt4553016,nm7217588,nm7217588
tt4556648,nm0589298,\N
tt4559202,\N,\N
tt4567320,nm0375362,nm0375362
tt4571282,\N,\N
tt4573498,nm2234611,\N
tt4576054,nm7154277,\N
tt4580842,nm0021112,nm0021112
tt4592022,nm2361543,\N
tt4595114,nm1567037;nm2627611,nm6044026
tt4597436,nm0850813,nm0297687
tt4607132,nm1054094,nm7263927
tt4631312,nm1823246,nm1823246
tt4633708,nm5850606,nm5850606
tt4635152,nm2656792,nm2656792
tt4638196,nm0223528,nm0223528;nm1974992
tt4642420,\N,\N
tt4649694,nm0956507,nm0956507
tt4651578,nm3793763,nm6095480;nm9918692;nm2056697;nm2591104
tt4659710,nm4783919,nm4783919
tt4665360,nm7309635,nm7309635;nm7309636
tt4665482,\N,nm0905291
tt4671628,nm7315272,nm7315278
tt4674916,nm2168869,nm2168869;nm4174962;nm0672251
tt4679030,\N,\N
tt4685428,nm1359410,nm1359410
tt4685626,nm3307224,nm3307224
tt4691796,\N,nm3878241
tt4694966,nm6625490,nm6625490
tt4700538,nm2295147,nm0307718;nm2295147
tt4707940,nm7326029;nm3392871,nm2689756;nm7326029
tt4709038,nm5068793;nm5894109,\N
tt4714710,nm0106068,nm0106068
tt4717402,nm0632722;nm1640505,nm1640505
tt4726540,nm2644509,nm2644509;nm15202019;nm5776055
tt4738196,nm7372058,nm7372058
tt4743416,nm2924229,nm7374765;nm2924229
tt4757634,nm1283414,\N
tt4761082,nm7381813,nm7381814;nm7381813
tt4769258,nm1056179,nm1056179
tt4792240,nm1398568,nm1398568
tt4796754,nm4614298,\N
tt4796878,nm4335588,nm2430372
tt4797160,nm1950018,nm2081228;nm0934698
tt4799708,nm1006647,\N
tt4799794,nm1387060,nm2531379;nm1387060
tt4805316,nm2201016,nm2201016
tt4809344,nm3416646,nm3416646
tt4810964,nm7349096,nm7349096
tt4820180,nm7425393,nm7425393
tt4823236,nm1340163,\N
tt4829166,nm7430931,nm7430931
tt4829912,nm2746713,nm2746713
tt4833050,nm1549797;nm2016451;nm2438654,\N
tt4843344,nm0003529,nm3046538
tt4846490,nm1434000,nm1434000
tt4853318,nm7452116,nm7452116
tt4854500,nm7453340,nm7453341;nm7453342;nm7453340
tt4860100,nm4206987;nm7458226,nm3399916;nm5323201;nm4206987;nm7458226
tt4861404,nm4883718,\N
tt4865728,\N,\N
tt4871736,nm0190967,nm1184289;nm7279947;nm0190967;nm7465699
tt4880830,nm2973277;nm0610988,nm2973277
tt4885016,nm2272814,nm2272814
tt4886392,nm5982842,nm7010336;nm4405152
tt4897380,nm1765026,\N
tt4899006,nm7485331,\N
tt4906814,nm6106796,nm6106796
tt4925298,nm0002716,nm0679326
tt4933776,\N,nm7028100
tt4934360,nm0954673,nm0356818
tt4941818,nm4567849,nm4567849
tt4942400,nm0755788,\N
tt4943366,nm2168656,nm14510731;nm4949262
tt4945086,nm5454043;nm7522305,nm7522305
tt4956160,nm7531752,nm7536497
tt4957716,\N,nm4585487
tt4958770,\N,nm2082549
tt4970804,\N,nm4951717;nm8175340;nm4950667
tt4976478,\N,\N
tt4976510,\N,\N
tt4984670,nm3069812,nm3069812
tt4985504,nm7557621;nm6397300,nm6397300
tt4990024,nm7559796,nm7559801
tt4996442,\N,\N
tt5004930,nm1063093,nm7570392;nm1063093
tt5011026,nm2407401,nm0035305;nm1118354;nm2407401
tt5017008,nm5778605,nm1191296;nm5778605
tt5017430,\N,nm5337663
tt5021236,\N,\N
tt5021840,\N,nm1568589;nm6524649
tt5031156,nm0066464,nm0066464
tt5033438,\N,\N
tt5036134,nm3277314,nm0810792
tt5037684,nm0435958,nm0435958
tt5041372,nm2166733,nm2048769
tt5047334,nm7601902;nm1031603,nm5512948;nm1031603;nm0816766
tt5048390,nm1283408,\N
tt5060306,nm1803793,nm7611623
tt5061064,nm0078117,\N
tt5066676,nm4852369,nm4852369
tt5070270,nm0763572,\N
tt5080312,nm6895247,nm6895247
tt5080780,nm0423329,nm0478579
tt5080992,nm7627278,\N
tt5083110,nm7628871,nm7628871
tt5084536,nm0007855,\N
tt5086444,\N,\N
tt5087042,nm5727935,nm7631467;nm5727935
tt5089150,nm5817525,nm5817525
tt5093026,nm1840064,nm3360706;nm0153508;nm0874308;nm0783913
tt5094584,nm1217050,nm3358663
tt5104422,nm1699883,nm2363844
tt5106690,\N,\N
tt5109302,nm2981340,nm2981340
tt5116946,\N,\N
tt5117152,nm7662286;nm10370143,nm7666917
tt5125582,nm0160963,nm0160963;nm7662642
tt5127226,\N,\N
tt5127980,nm3190502;nm0894597,nm3190502;nm0894597
tt5132502,nm5413387,\N
tt5133956,nm0313800,nm0313800
tt5134724,nm0485934,nm10498233;nm0485934
tt5144884,nm6222484,nm6222484
tt5147202,nm6657677,nm6657677
tt5158484,\N,\N
tt5168754,nm0307086,\N
tt5180796,nm0865732,nm0465755;nm0865732
tt5187166,nm5432586,nm1046534;nm5374769
tt5187456,nm7717287,\N
tt5199600,\N,nm2704296
tt5203594,nm6908205,nm6908205;nm6908207
tt5204388,nm7123984;nm7123983,nm7123984;nm7123983
tt5226378,nm0721351,nm3771227;nm1240647;nm2461907;nm0721351;nm0874181
tt5226650,\N,nm3432427;nm2685939
tt5236530,nm0475593,nm0475593
tt5239086,nm2615937,\N
tt5241598,nm2405758,nm7764008
tt5248690,nm0873266,nm0873266
tt5249022,nm7770754,\N
tt5254006,nm1577365,\N
tt5254212,nm0856802,nm1674929;nm0856802;nm0449177
tt5257730,nm7778462,nm7778462
tt5263888,nm2925947,nm2925947;nm2638656
tt5265070,nm3425519,nm7785111
tt5267872,nm7788035;nm8426467,\N
tt5268004,nm7788144,nm7788144
tt5274138,nm2594718,\N
tt5280554,nm0558341,nm7284852
tt5286520,nm3903033,nm7803439;nm3903033;nm7803438
tt5286556,nm0864217,nm0864217
tt5293604,nm0619073,nm2234240;nm0948967
tt5294732,nm3431151,nm3431151
tt5294770,nm4356119,nm4356119
tt5295412,nm2826608;nm2769782,nm2826608
tt5296590,nm0391497,nm7812950
tt5312422,nm5965181,nm7306266;nm5965181
tt5313136,\N,\N
tt5313578,\N,nm4367588
tt5314690,nm3686136,nm3686136
tt5315588,\N,nm4499719
tt5317286,nm2577841,\N
tt5319410,\N,\N
tt5320954,nm4678197,nm4678197;nm4717188
tt5329898,nm1441448;nm3234050,\N
tt5333022,nm2701446,nm2701446
tt5333956,nm1268982;nm2873275,nm1268982;nm2873275
tt5338172,nm1283414,\N
tt5342530,nm3023453,nm3023453
tt5352024,nm1287556,nm2160491
tt5358570,nm3016523,nm5587369;nm3016523;nm8356897
tt5361488,nm3930458,nm0047921;nm3930458
tt5363648,nm5643041,nm3203806
tt5368690,nm0235702,nm0235702
tt5372640,nm1629105,nm6025463
tt5373240,nm6670010,nm7271121;nm5163896
tt5375078,nm6511002,nm6511002
tt5375516,nm5796513,nm5796513
tt5376228,nm0178757,nm0178757;nm7248814
tt5376438,nm7882355,nm7882356
tt5378292,nm7477100;nm7884722,nm7884722;nm7477100
tt5389834,nm6511002,nm7925862;nm6511002
tt5390246,nm0003458,nm3519794;nm3380532
tt5420650,nm7889648;nm7889649,\N
tt5425144,nm0939147,nm0939147
tt5425194,nm6537841,nm6537841
tt5430276,\N,nm3242689
tt5438396,nm5353837,\N
tt5439736,\N,\N
tt5441966,nm7905545,nm7905545
tt5445664,nm0467557,nm0406815;nm7908281
tt5449088,nm4060924,nm2148630;nm7911206
tt5451118,nm0918326,nm0918326;nm6876571;nm1159827
tt5456400,nm0260181,nm0260181
tt5457722,nm2639966,nm2639966;nm3954257
tt5461632,nm7921046,nm7921050;nm7921047
tt5462846,nm2249110,\N
tt5463510,nm2934166,nm2934166
tt5465562,nm2819617,nm2819617
tt5467140,nm5594052,nm5594052
tt5468022,nm1011775,nm0393289;nm2405043
tt5469480,nm4948755,nm5887882;nm4948755
tt5477002,nm7301504,nm11631871
tt5477378,nm0659670,\N
tt5479682,nm7936590;nm3874034,\N
tt5482242,nm0947388,nm0498605;nm2194108;nm0947388
tt5487426,nm1047107,nm1545985
tt5488452,nm0506370,\N
tt5498618,nm7951946,nm3189843
tt5501006,nm3400562,\N
tt5501370,nm5851545;nm5644499,nm5851545;nm7954188;nm5644499
tt5502918,nm1163341,\N
tt5504782,nm0538632;nm7956992,nm1142609;nm7956991
tt5509328,nm5683691,\N
tt5514798,nm7472149,\N
tt5522964,nm1516290,nm1516290
tt5524114,nm0433657,nm0433657
tt5524510,nm0649535,nm2589284;nm2823514
tt5526706,nm6434740,\N
tt5530016,nm7943548,nm7943548
tt5530824,\N,nm2948360
tt5530986,nm3286404;nm4343151,\N
tt5534382,nm5182031,nm5182031
tt5544224,nm0784805,nm2584654;nm0784805
tt5545470,nm7995628,nm7995628
tt5553782,nm2411867;nm0798354,\N
tt5558520,\N,nm1225921
tt5562804,nm3044254,nm3044254
tt5563698,nm8007013,\N
tt5569010,nm3481274,\N
tt5569410,\N,\N
tt5570438,nm2929106,nm2929106
tt5571534,nm0775067,nm0775067
tt5578772,nm0671834,nm0473325;nm0482722
tt5580300,nm0347890,nm0876561
tt5581706,nm0427805,nm0427805
tt5584300,nm0718987,nm0718987
tt5588618,nm4127003;nm8423304;nm0811560,nm6284883
tt5593076,nm2828879,\N
tt5595744,nm3665780,\N
tt5596030,nm0347890,nm0347890
tt5598138,nm0816100,nm0024887;nm0816100
tt5598264,nm0549838,nm0549838
tt5599446,nm3529305,nm3529305
tt5606596,nm4242412,\N
tt5610910,nm2075092,nm1154793;nm0435932;nm0509512;nm1157074;nm8050852;nm1187873;nm1156726
tt5622442,nm2934176,nm6170459;nm2934176
tt5622604,nm3375208,\N
tt5630214,nm2887834,\N
tt5632164,nm0890060,nm8167645;nm3125553
tt5635814,nm2036500,nm6177805
tt5640118,nm6347772,\N
tt5640504,nm2551981,\N
tt5653426,nm3145447,nm2253765
tt5657370,nm7924848,nm7924848
tt5661172,nm8091880,\N
tt5666750,nm8100618,nm8100618;nm4370356
tt5667370,\N,nm5118979
tt5670382,nm4904460,nm4904460
tt5674650,nm0257646,nm0257646
tt5684606,nm2308781,nm2308781
tt5689156,nm2557279;nm1928412,nm8118445;nm8118444
tt5697952,nm5645420,nm5645420
tt5700676,nm8126647;nm8126646,nm8126647;nm10549333;nm8126646
tt5705922,nm0781964,nm0781964;nm0793084;nm0793723
tt5708184,\N,nm4412876
tt5716166,\N,nm5232802
tt5723682,nm0380292,nm0380292;nm0003407
tt5728908,\N,nm0579671
tt5732590,nm7732818,nm7711535
tt5733490,\N,\N
tt5737840,nm1823712,nm1823712
tt5740820,\N,\N
tt5741898,nm5832792,nm5832792;nm8160210
tt5745460,nm5001688,nm0294438;nm4446286
tt5745998,nm3182212,\N
tt5747112,nm4940349,nm4940349
tt5749930,nm8167017,\N
tt5754050,nm4870080,nm4870080
tt5759244,nm7435455,nm8163840
tt5763662,nm8171454,nm8171454
tt5766274,nm2612251,nm1260317;nm2612251
tt5767628,nm0525782,nm2272591;nm3202669;nm8180547
tt5776358,nm0345129,nm0345129
tt5776736,nm2560748,nm3142090;nm5327711
tt5777082,nm3266654,\N
tt5780594,nm6408860,nm6408860
tt5802260,nm3138118,nm3138118;nm6638399
tt5803184,nm6779114,\N
tt5804768,nm8181287;nm5440720,nm8181287;nm8212727
tt5805350,nm3482798,nm0708835
tt5806914,nm0061792,nm0061792;nm9215681
tt5807560,nm2022196,nm10684911;nm2022196
tt5810124,nm1915050,\N
tt5811490,nm2010101;nm1920796,nm9342836;nm2010101;nm1920796
tt5812530,nm8220817,\N
tt5813252,nm8152606,nm2635725
tt5818946,nm2391110,nm2391110
tt5821246,nm0576901,nm0938334
tt5825052,nm1126428,nm0029762;nm1126428
tt5831732,nm8239090,\N
tt5839220,nm5098467,nm5098467
tt5841190,\N,nm7383219;nm7383218
tt5842802,nm2790534,nm2790534
tt5848626,nm8256304,nm11203987
tt5852114,nm8191584,nm8191584
tt5867282,nm8139487,\N
tt5871422,nm6768188,nm6768188
tt5873216,nm4354445,nm4354445
tt5876202,nm0481663,nm0155587;nm3768350
tt5878644,nm0997109,nm8283960
tt5886724,nm5497614,nm6270524
tt5892616,nm3716104,nm3716104
tt5894410,nm1720551;nm0278606;nm1433999,nm5464901;nm0278606;nm0700133;nm7355913;nm0893286
tt5902732,nm8306664,nm6008042;nm4587232
tt5903674,nm3107070,nm3107070
tt5907734,nm3416655,nm3416655
tt5908826,\N,nm7531107;nm7823431
tt5917398,nm0778420,nm9934065;nm0778420
tt5920686,nm1347535,nm1030207
tt5922940,nm1068809,nm1068809;nm2238283
tt5927530,nm8329194,nm8329194
tt5930094,nm4347209,nm4347209;nm5339805
tt5931880,nm4284497,nm4284497
tt5932296,nm8333250,\N
tt5934300,nm8334844,\N
tt5935682,nm0729764,nm2679404;nm2680416;nm0729764
tt5937410,nm6130752,nm6130752
tt5939770,nm0429181,nm0429181
tt5943352,nm2659876,nm8342383
tt5952364,nm0347909;nm8350175,\N
tt5962436,nm4065189;nm2795950,nm4065189
tt5965436,nm7607617,\N
tt5974624,nm0955434,nm0955550;nm0955434
tt5977986,nm0018080,nm0018080;nm3878734
tt5988116,\N,\N
tt5990444,nm1336172,nm1393214;nm1479775;nm1537777;nm2434433
tt5992746,nm0890953,\N
tt6011562,nm8390426,nm8390426
tt6016148,nm2706124,nm2706124
tt6029394,nm2600888,nm2600888
tt6029678,nm2905618,nm2905618;nm6314382;nm8142465;nm6598851
tt6039300,nm3109741,nm3109741
tt6041042,nm5162826,nm7806142;nm5162826
tt6043826,nm8489661,\N
tt6045680,nm0047971,nm0654807
tt6049232,\N,\N
tt6050008,nm8426655,nm7446281;nm8426656;nm8426657
tt6057186,\N,\N
tt6058084,nm1454795,nm1626985
tt6059570,nm1882907,\N
tt6076440,\N,\N
tt6083972,\N,nm2457862;nm0498278
tt6084798,nm2079191,nm9622611
tt6084898,nm7357845,nm8485574;nm7357845
tt6091936,nm2800789,nm7301912;nm8853432;nm8330595
tt6094326,nm0559451,\N
tt6106822,nm1051286,nm1051286
tt6110098,nm2541420,nm2541420
tt6114510,nm2013258,nm2013258
tt6123116,nm7954849,\N
tt6134540,nm3202478,\N
tt6141132,nm5780724,nm5780724
tt6143026,nm5074399,\N
tt6166304,\N,nm0715788
tt6167072,\N,\N
tt6167894,nm3859342,nm5584853
tt6167996,nm4472398,\N
tt6168758,nm0075650,nm0075650
tt6170048,nm6740995;nm0054659;nm1327113;nm2341926;nm8359857;nm8526494;nm7788845;nm2204470;nm7697314;nm5400067,\N
tt6170830,\N,\N
tt6172466,nm8528303;nm8528304,nm8528303
tt6177952,nm3449102,nm6194241;nm3455057
tt6183326,nm8535664,nm8535664
tt6183334,nm7251474,nm8452958
tt6187714,nm9839151;nm8020613,\N
tt6189736,\N,nm6582764
tt6199848,nm5753937,\N
tt6203944,nm0494104,nm0494104;nm3294948
tt6209154,\N,nm8091858
tt6213822,nm5971240,nm5971240
tt6214598,nm8558310,\N
tt6219544,nm1221483,nm8562504
tt6226114,\N,nm8570511;nm8533441
tt6249794,nm8493908,nm8493908
tt6264928,nm3653820,nm9979530
tt6274596,nm4201549,nm4201549
tt6278064,nm1210031,\N
tt6279568,nm0954673,nm0137829
tt6279654,nm0954673,\N
tt6287794,nm8614935,\N
tt6295808,nm0879697,nm0879697;nm1021099
tt6301036,nm1437188,nm1032046
tt6313164,nm3563965,nm3563965
tt6316372,nm8632038,\N
tt6317706,\N,nm8633012
tt6319750,nm8633327,\N
tt6327570,nm1718446,nm9262137;nm2394527
tt6327824,nm0443988,\N
tt6340564,nm0773630,nm1703684
tt6342858,nm6762812,nm6762812
tt6343314,nm4023702,nm3541432;nm0000230;nm0672011;nm1854539;nm4023702
tt6355566,nm8661712,nm8661713
tt6359360,\N,\N
tt6363228,nm11226596,nm11226596
tt6371832,nm2235397;nm2234057,nm2235397;nm2234057
tt6374826,nm2660859,nm2660859
tt6384722,nm8681499,\N
tt6388082,nm2363449,nm5587369
tt6388664,nm1523072,\N
tt6389594,nm8334496,\N
tt6390126,nm8221983,nm8221983
tt6391134,nm0030514,\N
tt6413350,\N,nm8573686;nm8701107;nm13509586
tt6413778,nm8701539,\N
tt6414890,nm0415245,nm0851522;nm0415245;nm0153777
tt6419482,\N,\N
tt6419522,nm1278058,nm1138670;nm0437498
tt6419542,\N,\N
tt6423708,\N,\N
tt6430372,nm7551179,\N
tt6430384,nm4458756,\N
tt6433624,nm2594938,nm2594938;nm8734880;nm5726584
tt6437936,nm2419277,nm2419277;nm3958237
tt6443832,\N,nm0796928
tt6444786,nm7625156,nm7625156
tt6445394,nm5394027;nm8894535,nm5394027
tt6446230,nm0028333,\N
tt6447354,\N,\N
tt6447450,nm8552197,\N
tt6447656,\N,\N
tt6447970,\N,\N
tt6448114,\N,\N
tt6448258,\N,\N
tt6448390,nm10183171,\N
tt6448400,\N,\N
tt6448514,\N,\N
tt6448576,nm1253768,nm8740435;nm8986967
tt6448964,\N,\N
tt6449348,\N,\N
tt6450032,nm8033390,nm8033390
tt6450124,nm1189921,\N
tt6450576,\N,nm0182871
tt6463320,nm4138958,nm4112021;nm4138958
tt6468080,nm3845473;nm6903400,nm8737648
tt6486630,nm0423167,nm0423167
tt6487156,\N,nm5643170
tt6501526,nm2349756,nm2349756
tt6505552,nm6745572,nm6745572
tt6513216,nm2406808,nm2406808
tt6517264,nm5257113,nm5257113
tt6521714,nm2399602,nm2399602
tt6521802,nm5018728,nm5018728
tt6522426,nm8773455,nm8773470;nm8773455;nm8773456;nm8773465
tt6525234,nm0375532,nm0375532
tt6533290,nm8748203,nm8748203
tt6541398,nm0954483,nm0954483
tt6543038,nm5034778;nm6733016,nm5034778;nm6733016
tt6543208,nm5592581,\N
tt6544850,nm1283069,nm4353173;nm8320289;nm1283069
tt6551462,\N,nm8756153
tt6555772,nm0258784,nm0258784
tt6557244,nm5650612,nm5650612;nm0564559
tt6571050,nm1909401;nm7690502;nm6529615;nm5753282;nm5056754,nm7754725;nm8805960;nm7690502
tt6571258,nm5778075,\N
tt6577026,\N,\N
tt6583038,nm8810542,\N
tt6586114,nm1289628,\N
tt6588700,nm0720547,nm0953554
tt6593242,nm2732097,nm2732097
tt6594022,nm8818215,nm8818215
tt6602292,nm1213376,\N
tt6606998,nm6013735,nm6013735;nm8972259
tt6615784,nm0004354,nm0004354
tt6623826,nm6638852,nm6638852
tt6630656,nm8838176,nm8838184;nm8838185
tt6634900,nm0619815,nm8840648;nm0846623
tt6654090,nm3310186;nm3310135,nm3317730;nm3310186;nm3310135
tt6667630,nm0913902,nm0913902
tt6672152,nm2756304,\N
tt6673304,nm0527261,nm0285337
tt6682366,nm8867830,nm8867830
tt6694104,nm3002798,nm3002798
tt6708008,nm10072673,\N
tt6710194,nm8883558,nm8883558
tt6710544,\N,nm2366012;nm2419470;nm8883822;nm2318753
tt6710922,\N,nm9559601
tt6719900,nm5947492,nm0006593;nm0280428
tt6731594,nm0751664,nm2367134;nm0751664
tt6735670,nm1714788,nm1797032
tt6746870,nm1553342,\N
tt6749908,nm1311779,nm6786286;nm1311779
tt6751468,nm1104113,nm1104113
tt6757822,nm0837208,nm4575396
tt6761454,nm8912827,nm8912827
tt6766650,nm1740015,nm3552665
tt6774356,nm1316266,nm8920156;nm1316266
tt6794504,nm4531256,nm4531256
tt6798798,nm0745230,nm0745230
tt6817108,nm6322733,nm6322733;nm3506564
tt6835500,nm4193003;nm4348533,nm4193003;nm4348533
tt6842288,nm7174623,nm5321056;nm7174623
tt6848932,nm8965912,nm8965912;nm15075128
tt6851430,nm2060498,nm9755963;nm1235047
tt6851884,nm8775008,\N
tt6857988,nm0693844,nm1856891;nm0693844
tt6859762,nm1049433,nm0185309;nm1258797
tt6862864,nm1162241,nm1162241;nm4582478;nm3037403
tt6864496,nm8976735;nm8976734,\N
tt6865218,nm8240727,nm8240727
tt6865478,nm0501387,nm0501387
tt6866360,nm7126064,\N
tt6870846,nm8981081;nm2534343,nm8981081
tt6874254,nm1345246,nm0025007;nm1345246
tt6880018,nm8987587,nm8987588;nm8987587
tt6881230,\N,nm1140275;nm0501947;nm7206640
tt6890840,nm2838560,nm3035713;nm2838560
tt6897698,nm1110912,\N
tt6904272,nm5173203,nm7187927;nm5371819
tt6904902,nm9002012,nm9002013;nm9002016;nm9002012;nm9002019;nm9002018
tt6905442,nm1090212,nm1090212
tt6905776,nm1973967,\N
tt6912670,nm1975137;nm1289628,nm1971390;nm8844646
tt6913592,nm0250075,\N
tt6914226,\N,\N
tt6914894,nm0664084,\N
tt6925232,nm14597767,nm0620970;nm2763845
tt6928632,nm5242925,nm5242925
tt6929288,nm2371235;nm0645840,nm9016631
tt6929600,\N,nm3142227
tt6944152,nm1216230,nm1216230
tt6948130,nm2313701,nm2313701
tt6957366,nm1934562,nm3535043
tt6958208,nm0061792,nm0007554;nm9032779;nm0061792
tt6982730,nm0257068;nm0557840,nm0404487
tt6984542,nm8830233;nm8830237,nm8830233
tt6988058,\N,nm2387923
tt6993856,nm4286335,nm4286335
tt7006426,nm0009636,nm0753954
tt7017694,nm1789889,\N
tt7027410,nm3049055,\N
tt7035228,nm0903065,nm0903065
tt7041458,nm9078761,nm9078761
tt7043568,nm0782703,nm0782703
tt7049978,nm0032205,\N
tt7058696,nm4644604,nm9076116;nm0607909
tt7064690,nm8180793,nm8180793;nm9090423
tt7085240,nm0216214,nm1501992;nm9101340
tt7087840,nm2084321,nm2084321
tt7097352,nm2074778,nm4095698;nm2074778
tt7104924,nm2348940,\N
tt7105482,nm0613600,nm0348138;nm0462034
tt7112214,nm3744231,nm0263543;nm0486778
tt7121198,nm0825596,nm4535299
tt7121922,\N,\N
tt7129374,\N,\N
tt7134690,nm4644677,nm6996144;nm4644677;nm0128499
tt7144874,nm9135176,nm9135176
tt7150512,nm0303902,nm0303902
tt7158806,\N,\N
tt7166466,\N,\N
tt7174714,nm5379276,nm5379276
tt7176886,nm5053538,nm5053538
tt7184956,nm9161583,nm9161588
tt7187350,\N,\N
tt7196880,nm1937128,nm5859856
tt7212426,nm0995567,nm1764481
tt7221772,nm0282708,nm0523363
tt7222936,nm3667272,nm3667272
tt7231518,\N,\N
tt7236120,nm0945487,\N
tt7238912,nm1181571,\N
tt7256940,nm2203415,\N
tt7260856,\N,nm7745316
tt7260950,\N,\N
tt7262606,nm1324334,nm1324334
tt7268604,nm9211502,\N
tt7270396,nm2572890,nm2572890
tt7272574,nm9213422,nm9213422
tt7274518,nm0075010;nm1595272;nm1461501;nm0418242;nm0643978,nm9212373;nm1595272;nm1461501;nm0938456
tt7285216,nm4248516,\N
tt7297962,nm1274302,\N
tt7298108,nm2394114,nm3758420;nm9232189;nm2394114
tt7320324,nm2203317;nm9243395,\N
tt7321988,nm4903429,nm4903429
tt7326798,nm9247927,nm9247927
tt7328422,nm0407778,nm1984999
tt7332988,nm1933368,nm0511321
tt7340824,nm1322791,\N
tt7349910,nm1486025;nm0001102;nm0308376;nm0457565;nm1720541,nm0308376;nm1486025;nm1075295;nm5067597;nm1720541;nm9295542
tt7350810,nm6755585,nm6755585
tt7356752,nm12643983,nm12643983
tt7361968,nm4407014,nm9538732
tt7363342,nm3273436,\N
tt7363412,nm0221741,nm0221741;nm1330620
tt7366356,nm9328838,\N
tt7373632,nm0302785,nm0081226;nm0302785
tt7391362,\N,nm6848086;nm2685317
tt7396340,nm2031078,nm2031078
tt7398934,nm1250076;nm0531056,nm1250076;nm0531056
tt7423410,nm0383255,\N
tt7424824,nm0444328,nm0444328
tt7435168,nm0541909;nm1012760,nm3745083;nm4578296
tt7441876,nm3347804,nm10326769;nm1012511
tt7442284,\N,\N
tt7447100,nm3528553,nm3528553
tt7449594,nm3554943,nm3554943;nm4564017
tt7454030,nm8723905,nm8723905
tt7454474,nm9315495,nm9315495
tt7458942,nm9310925,nm9310923;nm9310925
tt7471530,nm2426471,nm2426471
tt7472398,nm9324748,\N
tt7483934,nm9331323,nm9331323
tt7486562,nm3416937,nm3416937;nm10432311
tt7488208,nm0443855;nm0434969,nm0920108;nm2364904;nm1226108
tt7488520,nm1547848,nm1547848
tt7517518,nm3207746,nm3207746;nm2255513
tt7520148,nm1127850,\N
tt7520568,nm4698553,nm4698553;nm0863632
tt7525402,nm3722808,nm9131799
tt7527876,nm6823991,nm6823991
tt7528182,nm1098261,\N
tt7529606,nm9355041,nm9355041
tt7532690,\N,nm1571044
tt7550270,nm1024715,\N
tt7558384,\N,\N
tt7564428,nm1866065,nm1866065
tt7569826,nm8183632,nm8169378;nm8183632
tt7573266,nm5216803;nm7603700,nm7603700
tt7579100,nm0759264,nm0759264
tt7580276,nm9385638,\N
tt7583096,nm9386950,nm9386950
tt7585172,nm8857965,\N
tt7587882,nm0952657,nm6416859
tt7596336,nm0420517,\N
tt7598840,nm1283336,\N
tt7604174,nm2100778,nm0000636
tt7610024,nm0052338,\N
tt7611836,nm5353971,nm5353971
tt7614716,nm2902654,\N
tt7620556,nm9410419,nm9410420
tt7624126,nm1981784,nm1981784
tt7626340,nm1668931,nm1668931
tt7632610,nm0201912,nm0201912
tt7638060,nm5001804,nm5001804
tt7639582,nm5723131,\N
tt7639988,nm0563848,nm0563848
tt7653094,nm0828141,\N
tt7665408,\N,nm7150467
tt7679754,nm3773806,nm3773806;nm3845602
tt7682292,nm7478287,nm5906227;nm3631929;nm7478287
tt7683724,nm4936110;nm4936011,\N
tt7709312,\N,nm8461721
tt7725008,nm2741285;nm2328199,\N
tt7731866,nm3459490,\N
tt7736606,\N,\N
tt7738450,nm3526993,nm3526993
tt7751320,nm0815132,nm9488076
tt7765850,nm0548957,nm0575865
tt7778366,nm3203478,nm3203478
tt7779728,nm9505271,nm9505271
tt7782630,\N,\N
tt7789472,nm9510089;nm8237429,nm8237429
tt7795344,nm9488207;nm9513260,nm9488207;nm9513260
tt7799536,nm2488818,\N
tt7807214,nm2882119,\N
tt7814758,\N,\N
tt7827058,nm9529840,\N
tt7829490,nm1067862,\N
tt7830806,nm2270017,nm0483520;nm1884371
tt7843600,nm3117334;nm3749397,nm8746991;nm3117334;nm9941535;nm3749397
tt7848980,nm7115127,nm7115127;nm9541778
tt7850980,nm9103190,nm5039798
tt7870578,nm1205568,nm5079673;nm1205568;nm7902012;nm5079682
tt7872280,\N,nm3690965
tt7874276,nm5544988;nm9046627,nm5544988;nm9046627
tt7884596,nm1784007,nm1784007
tt7889930,nm9520865,\N
tt7929832,nm2119258,\N
tt7931422,nm0475905,nm5772332;nm0475905
tt7935784,nm6656719,nm6656719;nm5770552;nm6375198
tt7944380,nm9593623,\N
tt7946640,\N,nm5641064
tt7950510,nm6575021,\N
tt7951634,nm9543519,\N
tt7954266,nm9600526,\N
tt7954562,nm3323155,nm2796958
tt7959898,nm1852117,\N
tt7967834,nm2042695,nm2042695
tt7974152,\N,nm6958995
tt7986222,nm12135964,nm12135964
tt7996692,\N,nm9543843
tt7999754,nm1136140,nm1136140
tt8011324,nm5409154,nm5253704;nm5409154
tt8017226,nm0175652;nm0786717,nm0786717
tt8022784,nm9637447,nm9637447
tt8038674,nm0183849,\N
tt8042468,nm4446286,nm4446286
tt8043354,nm9648302,nm9648302
tt8045396,nm5899857,nm2855084
tt8047440,nm2982688,\N
tt8051172,nm7240469,nm7240469
tt8060326,nm0637838;nm6544965,nm0637838;nm6544965
tt8080262,nm9666613,nm9666613
tt8080960,nm9667000,nm1154422
tt8101298,nm0882746,nm4719438;nm0880127
tt8101772,nm0679031,nm9677719;nm1221634
tt8102046,nm9677813,nm9677814;nm9677813
tt8107316,nm7928981,nm7928982
tt8116368,nm7991714,\N
tt8119680,nm7916579,nm0477041;nm7916579
tt8125084,nm8398203,nm8398203
tt8129968,nm3008388,nm6217477;nm3641538
tt8136908,nm4244515;nm15415893,nm2587508;nm6873618;nm4244515;nm10289198
tt8140564,nm1283069,nm8927410;nm2268581;nm1283069
tt8150778,nm7023018,nm7023018;nm7023020
tt8161092,\N,nm2976102
tt8161404,nm1367441,nm1367441
tt8177262,nm1273060,nm1273060
tt8185412,nm0018840,nm0018840;nm14255504
tt8195664,nm9727798,\N
tt8197150,\N,nm0375532
tt8197248,\N,\N
tt8200998,nm1980552,nm0949698
tt8209150,nm4246273,nm4246273;nm0000636
tt8235120,nm8265385,nm1865974;nm8977430
tt8245126,nm5712669,\N
tt8245334,nm0217516,nm0217516
tt8260150,nm3961234,\N
tt8286728,nm2630498;nm2631796,nm2630498;nm2631796
tt8297300,nm4335588,nm5211649;nm4335588
tt8311286,nm2309406,nm2309406
tt8327630,nm5257743,nm5257743;nm4731768;nm8625019
tt8330176,nm4626946,nm4626946
tt8332364,nm4683076,nm9949118;nm4683936;nm4683076
tt8333386,nm9798209,\N
tt8333800,nm1794338,nm7936420;nm1794338
tt8334282,nm9788278,nm9788288
tt8337248,nm2107881,nm2107881
tt8344344,nm2683519,\N
tt8348188,nm2173189,nm2173189
tt8355062,nm3524799,nm3524799
tt8357116,nm1885983;nm7739699,nm7739699
tt8359154,nm0456693,nm0661514;nm3003049
tt8365002,nm2989742,nm2989742
tt8365390,nm1819074,nm4420574;nm9814038
tt8395096,\N,nm0268616;nm9831028
tt8407614,nm1921620,\N
tt8409472,\N,nm5934339
tt8417162,nm2035886,nm1726378;nm3384330
tt8421814,nm2757523,nm1383995
tt8427854,nm1715464,nm1547945;nm1295151
tt8431170,nm9846837,nm9846838;nm9846837;nm9846839
tt8433786,nm4305452,nm4305452;nm3731776
tt8451400,nm8892166,nm8892166
tt8451954,nm5064936,nm5064936;nm9909183
tt8452558,nm9297933,nm9297933
tt8462202,\N,nm10570791
tt8463628,nm0667911,nm0744980;nm0667911
tt8466030,\N,nm6139277
tt8474782,nm7891349,nm7891349
tt8493810,\N,\N
tt8499638,nm0521601,nm2192743;nm7938460;nm1273449
tt8501500,nm3390194,nm3390880;nm3390194
tt8505104,nm7182750;nm7119198,nm7504803;nm7182750;nm7119198
tt8506652,nm5674961,nm9883784;nm9883783
tt8507350,nm0408392,nm0408392
tt8510070,nm4811901;nm6237114;nm9885611,nm4410370;nm4812045;nm7479268;nm4811901;nm6237114;nm12747671
tt8510274,\N,nm1955614
tt8513320,\N,nm9887407;nm2562461
tt8515090,nm8924786;nm2368882,nm8924786;nm2368882
tt8526506,nm1440144,nm1440144
tt8528490,nm0618528,\N
tt8550208,nm1473010,nm1473010;nm17824258;nm8311749;nm4938328
tt8552834,nm6136445,nm6441592
tt8560754,nm9610998,nm1802130
tt8573992,nm6971036,\N
tt8574170,nm9636367;nm1626978;nm3244166;nm9913957,nm9636367;nm1626978;nm9945836;nm9913957
tt8581622,nm1316323,nm6157870;nm5696705
tt8582056,nm1435762,nm2191054
tt8590318,nm0334787,nm3179694
tt8594834,nm1288653,nm0310219
tt8614076,\N,nm9932313;nm6767020;nm9458895;nm9932312
tt8619856,nm9935465,nm9935465;nm7832398
tt8663774,nm0780414,nm1048917;nm0780414
tt8669132,nm11872255,nm4936610;nm11872255
tt8676838,nm0707952,nm0665982
tt8682626,nm6184458,nm9963404
tt8686178,nm9965338,\N
tt8686460,nm8202720,nm8519557;nm8202720
tt8690180,nm4717746,\N
tt8691764,\N,nm9037370;nm13992869
tt8698766,nm1784701,\N
tt8701430,nm5064472;nm5722475,nm5064472;nm5722475
tt8702848,nm9973350,\N
tt8715206,nm1188538,nm1188538;nm9980969
tt8719418,\N,\N
tt8725086,nm2934341,\N
tt8727380,nm6489540,nm6489540
tt8749000,nm0000774;nm0717025;nm0719756,nm0000774;nm0147599;nm0264420;nm0890480;nm0717025;nm0560943;nm0060145;nm0719756
tt8757818,nm0201897,\N
tt8765728,nm1597609,\N
tt8773662,nm5130815;nm6206978,nm4589390;nm9947024
tt8777780,nm10017624,nm10017624
tt8784736,nm10020812,\N
tt8785018,nm10021042,\N
tt8792898,nm0001960;nm0714235,nm0001960;nm0714235
tt8793678,nm4511871;nm7386553,nm4511871
tt8796438,nm0515715;nm0650726,nm0378046;nm0515715;nm0650726
tt8799960,nm8090569,nm8090569
tt8802350,\N,\N
tt8826496,nm5099330,nm2361701;nm5099330;nm5506336;nm11172639
tt8831150,nm10059489,nm10059489
tt8832030,nm4975801,nm4975801
tt8835200,nm3528130,nm3528130;nm3507069;nm1259832
tt8839192,nm4694607,nm4694607
tt8846862,nm0158857,\N
tt8848706,nm2029862,nm2029862
tt8851796,nm10052432,nm12517040
tt8865066,nm5548921,nm5548921
tt8888460,\N,nm0395425
tt8889856,nm10069807,nm10069807;nm10069809
tt8894018,nm8884430,nm8884430
tt8896918,nm0817400,nm0817400;nm1709382
tt8897790,nm0454095,nm0849068
tt8902422,nm0782831,\N
tt8903096,nm10076800,\N
tt8906370,nm0195321,\N
tt8906976,nm2693511;nm2695332,nm2693511;nm2695332
tt8907988,nm7598753,\N
tt8931714,nm10086175,nm10086175
tt8938916,\N,\N
tt8943272,nm2467453,nm10095584;nm2467453
tt8943650,nm9584674,\N
tt8948408,\N,\N
tt8957458,nm5268094;nm7204936,nm5268094;nm7204936
tt8960190,nm7502356,\N
tt8976682,nm5725773;nm10111094,\N
tt8978190,nm5176932,nm5176932
tt8982672,nm0278087,nm0278087;nm7339695;nm2004715
tt8997078,nm1701269,nm10121200
tt8999494,nm10122033,nm10122033
tt9001572,nm3740886,nm3740886
tt9006568,\N,\N
tt9008292,nm2534343,nm2534343
tt9021494,nm3275674,nm3275674
tt9037032,nm7190442,nm10139826
tt9054222,nm0613600,\N
tt9055262,nm10154142,\N
tt9061042,nm0636171,nm0636171
tt9067644,nm3046758,nm3046758
tt9075432,nm1324710,nm0745343
tt9076118,\N,nm2828408;nm3083260
tt9079080,nm0382327,nm0382327;nm0126898;nm7798603
tt9085038,nm0782831,\N
tt9093328,nm0913835,\N
tt9098488,nm10177707;nm10177708;nm10177709,nm10177707;nm10177708;nm10177709
tt9098938,nm8486428,nm8486428;nm1805418
tt9117814,nm10186131,\N
tt9124378,nm8061655,nm10188253
tt9128190,nm2616970,nm2616970;nm1823401
tt9149328,nm10198436,nm10200084
tt9151040,nm0463862,\N
tt9152914,\N,\N
tt9159824,nm10203797;nm9123698,\N
tt9168712,nm0951055,nm3621170
tt9169222,nm0957024,nm0957024
tt9169552,nm10207500;nm0579189,\N
tt9170528,nm0477108,nm0477108;nm8678725
tt9173566,\N,nm9883392
tt9179096,nm0506165,nm2005691;nm1634253;nm0506165;nm1321300;nm3215816;nm1432473
tt9190048,nm10218387,nm10218387
tt9206516,nm3969062,nm3969062
tt9212662,nm0605779,nm3865867;nm0605779
tt9219868,nm4069286,\N
tt9221026,nm1287593,nm1287593
tt9231092,\N,nm4693058
tt9233838,nm8103723,nm8103723
tt9265566,nm5021317,\N
tt9269308,nm10140554,\N
tt9270546,nm2370148,nm10255504;nm4877472
tt9270566,\N,nm1517076
tt9284216,nm10260963,nm10260963
tt9284254,nm2348940,\N
tt9284760,nm2348940,\N
tt9296828,nm8830118,\N
tt9298074,nm0741208,nm0741208
tt9301312,nm0468175,nm10269273
tt9307740,\N,nm0289218;nm0949723
tt9313070,\N,nm0183836;nm0511321
tt9333208,nm10197789,nm10197789
tt9335946,\N,\N
tt9337128,\N,nm1959553
tt9340882,\N,nm0500020;nm11753586
tt9347120,nm5755477,nm5755477;nm1945951
tt9363208,nm5048826,nm8491151
tt9363366,nm6613106,nm6613106
tt9371850,nm10297891,\N
tt9373484,nm2101710,\N
tt9374378,nm1214875,nm3859894;nm1210910
tt9384150,nm2331413;nm2327785;nm5940104;nm2324637;nm3621052,\N
tt9395724,\N,nm1678925
tt9408446,nm0462051,\N
tt9409638,\N,\N
tt9435472,\N,nm1417242
tt9449904,nm4140495,nm1220194;nm4140495
tt9454916,nm10333770,\N
tt9461490,nm10337622,\N
tt9466032,nm1505921,nm1505921
tt9470060,nm1899608,nm0315065;nm1899608
tt9471428,nm0782831,\N
tt9500248,nm10319649;nm10353617,nm10353618;nm10319649
tt9521894,nm0045622,nm0045622
tt9529756,nm8726604,nm9322071;nm8726604
tt9530732,nm7644126,nm7644126
tt9533162,nm10048148,nm11300526
tt9534442,nm10294894,\N
tt9536990,nm7424138;nm10524997,nm7424138
tt9548040,nm2021766,nm2865829
tt9548124,\N,nm5589174;nm5558328;nm1186269
tt9558170,nm8984036,nm8984036
tt9572420,nm10385765;nm13117531,nm10270373;nm10385765
tt9575206,nm4428749,nm4428749;nm5200516
tt9575330,nm5366556,nm5366556
tt9595360,nm1448814,nm8105906;nm3317187;nm1448814;nm8141326
tt9618660,\N,nm10408095;nm4307852
tt9619832,nm4899892,nm8271580
tt9623288,nm0004250,nm7940382
tt9625264,nm0187558,nm0187558;nm1328777
tt9625632,nm5738822,nm2668884;nm5738822
tt9630910,nm0383255,\N
tt9640622,nm5927288,nm5927288
tt9642216,\N,\N
tt9656994,nm4045069;nm4045211;nm4045289,nm10425329
tt9657556,nm1485969;nm4843872,nm10425528;nm4843872
tt9672302,nm0765794;nm0765832,\N
tt9676274,nm1802793,nm1144893;nm1374355;nm1802793
tt9678460,nm1330827,nm1330827
tt9680204,nm7637662,\N
tt9689866,nm0955804,\N
tt9690790,nm0346841,nm1260000
tt9695686,\N,nm2493726
tt9708284,nm2203315,nm2628394;nm3200080;nm17906600;nm2203315
tt9718974,nm7686014;nm0820113,nm1998709
tt9721830,nm0462051,\N
tt9733060,nm1858211,nm1858211
tt9741882,nm0412824,\N
tt9759046,\N,nm10465793
tt9765780,nm0972780,nm0972780
tt9777742,\N,nm8231103
tt9778030,nm7316338,\N
tt9783534,\N,nm4238059;nm3768688
tt9784952,nm10477501,nm10477501
tt9793114,\N,nm9370790;nm10669895
tt9811798,nm10148813,nm10148813
tt9815554,nm2621950,nm2621950
tt9827784,nm0794048,nm0794048
tt9843292,nm2155676,nm2155676;nm2380731
tt9854664,\N,nm0004911
tt9858432,nm0252617;nm0760142,\N
tt9860282,nm9656078,\N
tt9865032,\N,nm4270172
tt9882378,nm0767971,\N
tt9885098,nm7498596,nm7498596
tt9904096,nm8120086,\N
tt9904250,nm7296944;nm7296943,nm7296944;nm7296943
tt9909714,nm0462051,\N
